Donor_ID,Donation_Count,Total_Quantity_KG,Average_Quantity_KG,Donor_Name,Donor_Type,City
DNR506613,9,164.59,18.29,Donor 6614,Household,Remote
DNR510563,8,259.13,32.39,Donor 10564,Restaurant,Ahmedabad
DNR503578,7,178.72,25.53,Donor 3579,Event,Chennai
DNR509159,7,174.31,24.9,Donor 9160,Restaurant,Delhi NCR
DNR510198,7,165.56,23.65,Donor 10199,Restaurant,Kolkata
DNR508294,7,184.36,26.34,Donor 8295,Restaurant,Bengaluru
DNR509826,7,171.33,24.48,Donor 9827,Restaurant,Chennai
DNR504426,7,116.64,16.66,Donor 4427,Household,Kolkata
DNR507794,7,262.61,37.52,Donor 7795,Event,Pune
DNR502759,7,160.54,22.93,Donor 2760,Household,Chennai
DNR501987,7,156.72,22.39,Donor 1988,Event,Delhi NCR
DNR501928,7,162.65,23.24,Donor 1929,Household,Mumbai
DNR500209,7,159.87,22.84,Donor 210,Restaurant,Jaipur
DNR500992,7,160.87,22.98,Donor 993,Household,Remote
DNR505163,7,287.97,41.14,Donor 5164,Household,Chennai
DNR510093,7,143.12,20.45,Donor 10094,Restaurant,Kolkata
DNR504853,7,182.03,26.0,Donor 4854,Hotel,Bengaluru
DNR503119,7,186.4,26.63,Donor 3120,Restaurant,Remote
DNR506064,7,236.37,33.77,Donor 6065,Restaurant,Chennai
DNR500128,7,211.68,30.24,Donor 129,Cafeteria,Jaipur
DNR505956,7,178.96,25.57,Donor 5957,Restaurant,Hyderabad
DNR502744,7,234.34,33.48,Donor 2745,Restaurant,Delhi NCR
DNR504329,7,138.77,19.82,Donor 4330,Household,Remote
DNR508282,7,214.13,30.59,Donor 8283,Restaurant,Jaipur
DNR508408,7,156.16,22.31,Donor 8409,Event,Chennai
DNR507567,7,222.92,31.85,Donor 7568,Event,Mumbai
DNR511272,7,241.28,34.47,Donor 11273,Hotel,Mumbai
DNR506264,7,141.74,20.25,Donor 6265,Household,Hyderabad
DNR509143,6,172.59,28.76,Donor 9144,Hotel,Ahmedabad
DNR504419,6,161.98,27.0,Donor 4420,Household,Chennai
DNR510181,6,110.98,18.5,Donor 10182,Cafeteria,Chennai
DNR501578,6,144.9,24.15,Donor 1579,Cafeteria,Remote
DNR505492,6,128.67,21.45,Donor 5493,Household,Hyderabad
DNR503390,6,106.08,17.68,Donor 3391,Household,Ahmedabad
DNR502538,6,134.78,22.46,Donor 2539,Cafeteria,Delhi NCR
DNR501401,6,193.32,32.22,Donor 1402,Restaurant,Bengaluru
DNR505965,6,162.38,27.06,Donor 5966,Bakery,Pune
DNR506763,6,142.64,23.77,Donor 6764,Event,Bengaluru
DNR500527,6,206.94,34.49,Donor 528,Hotel,Pune
DNR506594,6,237.08,39.51,Donor 6595,Restaurant,Kolkata
DNR506641,6,134.85,22.48,Donor 6642,Cafeteria,Mumbai
DNR501113,6,148.7,24.78,Donor 1114,Event,Delhi NCR
DNR510463,6,188.64,31.44,Donor 10464,Cafeteria,Delhi NCR
DNR510072,6,103.71,17.28,Donor 10073,Cafeteria,Pune
DNR501610,6,207.05,34.51,Donor 1611,Grocery Store,Ahmedabad
DNR504600,6,169.03,28.17,Donor 4601,Restaurant,Mumbai
DNR505996,6,133.54,22.26,Donor 5997,Bakery,Kolkata
DNR504070,6,133.1,22.18,Donor 4071,Household,Chennai
DNR506551,6,150.95,25.16,Donor 6552,Household,Bengaluru
DNR506513,6,186.36,31.06,Donor 6514,Event,Hyderabad
DNR500732,6,121.28,20.21,Donor 733,Bakery,Pune
DNR500709,6,187.01,31.17,Donor 710,Hotel,Jaipur
DNR500670,6,137.56,22.93,Donor 671,Hotel,Mumbai
DNR511185,6,186.36,31.06,Donor 11186,Cafeteria,Delhi NCR
DNR504105,6,171.43,28.57,Donor 4106,Restaurant,Remote
DNR505363,6,134.58,22.43,Donor 5364,Bakery,Kolkata
DNR503721,6,186.47,31.08,Donor 3722,Bakery,Remote
DNR500185,6,139.34,23.22,Donor 186,Household,Bengaluru
DNR510620,6,139.58,23.26,Donor 10621,Hotel,Pune
DNR504781,6,110.76,18.46,Donor 4782,Household,Ahmedabad
DNR510487,6,116.15,19.36,Donor 10488,Restaurant,Delhi NCR
DNR504804,6,188.64,31.44,Donor 4805,Restaurant,Mumbai
DNR503963,6,129.7,21.62,Donor 3964,Hotel,Chennai
DNR505445,6,123.82,20.64,Donor 5446,Cafeteria,Jaipur
DNR502193,6,130.43,21.74,Donor 2194,Restaurant,Ahmedabad
DNR501978,6,125.01,20.83,Donor 1979,Grocery Store,Pune
DNR501968,6,137.04,22.84,Donor 1969,Hotel,Chennai
DNR509516,6,175.06,29.18,Donor 9517,Restaurant,Jaipur
DNR509604,6,207.95,34.66,Donor 9605,Hotel,Kolkata
DNR505023,6,134.16,22.36,Donor 5024,Household,Jaipur
DNR511275,6,141.92,23.65,Donor 11276,Event,Pune
DNR508112,6,161.55,26.92,Donor 8113,Grocery Store,Bengaluru
DNR505296,6,127.13,21.19,Donor 5297,Hotel,Ahmedabad
DNR501723,6,141.16,23.53,Donor 1724,Cafeteria,Chennai
DNR510804,6,195.84,32.64,Donor 10805,Restaurant,Bengaluru
DNR501870,6,182.32,30.39,Donor 1871,Hotel,Chennai
DNR505259,6,119.92,19.99,Donor 5260,Household,Pune
DNR506146,6,84.3,14.05,Donor 6147,Event,Chennai
DNR509501,6,139.31,23.22,Donor 9502,Household,Remote
DNR507142,6,172.74,28.79,Donor 7143,Restaurant,Bengaluru
DNR500219,6,143.68,23.95,Donor 220,Grocery Store,Pune
DNR510236,6,86.72,14.45,Donor 10237,Grocery Store,Chennai
DNR508409,6,121.06,20.18,Donor 8410,Cafeteria,Pune
DNR511670,6,124.23,20.7,Donor 11671,Household,Jaipur
DNR507274,6,172.25,28.71,Donor 7275,Cafeteria,Remote
DNR500104,6,191.82,31.97,Donor 105,Restaurant,Chennai
DNR501335,6,185.18,30.86,Donor 1336,Cafeteria,Hyderabad
DNR505733,5,116.49,23.3,Donor 5734,Cafeteria,Remote
DNR508339,5,138.26,27.65,Donor 8340,Event,Remote
DNR505698,5,85.78,17.16,Donor 5699,Restaurant,Jaipur
DNR503309,5,119.91,23.98,Donor 3310,Household,Bengaluru
DNR507379,5,123.87,24.77,Donor 7380,Bakery,Kolkata
DNR504260,5,188.19,37.64,Donor 4261,Household,Ahmedabad
DNR510241,5,151.24,30.25,Donor 10242,Household,Jaipur
DNR507710,5,106.28,21.26,Donor 7711,Event,Pune
DNR504296,5,114.29,22.86,Donor 4297,Restaurant,Kolkata
DNR511688,5,119.52,23.9,Donor 11689,Event,Delhi NCR
DNR506772,5,132.41,26.48,Donor 6773,Bakery,Bengaluru
DNR507303,5,138.78,27.76,Donor 7304,Cafeteria,Delhi NCR
DNR507301,5,104.79,20.96,Donor 7302,Household,Jaipur
DNR507341,5,121.06,24.21,Donor 7342,Cafeteria,Remote
DNR510209,5,144.75,28.95,Donor 10210,Household,Chennai
DNR507693,5,140.59,28.12,Donor 7694,Restaurant,Bengaluru
DNR507690,5,176.74,35.35,Donor 7691,Household,Pune
DNR500461,5,146.63,29.33,Donor 462,Hotel,Delhi NCR
DNR510223,5,172.8,34.56,Donor 10224,Bakery,Bengaluru
DNR505903,5,94.16,18.83,Donor 5904,Restaurant,Remote
DNR505901,5,105.85,21.17,Donor 5902,Restaurant,Chennai
DNR501454,5,92.01,18.4,Donor 1455,Household,Kolkata
DNR505886,5,157.34,31.47,Donor 5887,Household,Delhi NCR
DNR501270,5,155.12,31.02,Donor 1271,Bakery,Ahmedabad
DNR507162,5,104.4,20.88,Donor 7163,Grocery Store,Ahmedabad
DNR508647,5,107.22,21.44,Donor 8648,Restaurant,Kolkata
DNR508644,5,108.84,21.77,Donor 8645,Cafeteria,Bengaluru
DNR508642,5,160.9,32.18,Donor 8643,Grocery Store,Ahmedabad
DNR501800,5,178.59,35.72,Donor 1801,Household,Jaipur
DNR501821,5,141.13,28.23,Donor 1822,Event,Chennai
DNR507101,5,118.27,23.65,Donor 7102,Household,Remote
DNR506159,5,125.95,25.19,Donor 6160,Restaurant,Hyderabad
DNR508061,5,109.71,21.94,Donor 8062,Grocery Store,Ahmedabad
DNR508058,5,160.44,32.09,Donor 8059,Restaurant,Remote
DNR501014,5,109.71,21.94,Donor 1015,Household,Mumbai
DNR506139,5,148.35,29.67,Donor 6140,Bakery,Kolkata
DNR510779,5,123.87,24.77,Donor 10780,Restaurant,Remote
DNR505133,5,105.85,21.17,Donor 5134,Cafeteria,Kolkata
DNR501851,5,144.22,28.84,Donor 1852,Bakery,Mumbai
DNR508080,5,100.51,20.1,Donor 8081,Restaurant,Hyderabad
DNR501830,5,92.18,18.44,Donor 1831,Household,Mumbai
DNR510805,5,108.94,21.79,Donor 10806,Hotel,Delhi NCR
DNR510001,5,108.3,21.66,Donor 10002,Grocery Store,Bengaluru
DNR500258,5,192.09,38.42,Donor 259,Hotel,Kolkata
DNR500247,5,131.72,26.34,Donor 248,Grocery Store,Hyderabad
DNR505099,5,137.11,27.42,Donor 5100,Household,Remote
DNR508735,5,121.78,24.36,Donor 8736,Grocery Store,Pune
DNR508730,5,104.41,20.88,Donor 8731,Restaurant,Kolkata
DNR500196,5,123.46,24.69,Donor 197,Household,Kolkata
DNR505273,5,106.32,21.26,Donor 5274,Hotel,Ahmedabad
DNR508599,5,142.93,28.59,Donor 8600,Restaurant,Pune
DNR506083,5,120.55,24.11,Donor 6084,Household,Hyderabad
DNR505308,5,123.08,24.62,Donor 5309,Bakery,Ahmedabad
DNR501715,5,132.19,26.44,Donor 1716,Bakery,Chennai
DNR510837,5,155.05,31.01,Donor 10838,Household,Remote
DNR506109,5,107.8,21.56,Donor 6110,Household,Hyderabad
DNR506105,5,128.52,25.7,Donor 6106,Grocery Store,Pune
DNR506135,5,144.42,28.88,Donor 6136,Event,Jaipur
DNR501025,5,132.25,26.45,Donor 1026,Restaurant,Mumbai
DNR508650,5,172.42,34.48,Donor 8651,Hotel,Bengaluru
DNR505147,5,86.46,17.29,Donor 5148,Household,Hyderabad
DNR501900,5,138.71,27.74,Donor 1901,Restaurant,Mumbai
DNR510781,5,97.23,19.45,Donor 10782,Restaurant,Delhi NCR
DNR500978,5,71.24,14.25,Donor 979,Cafeteria,Delhi NCR
DNR503766,5,106.34,21.27,Donor 3767,Restaurant,Jaipur
DNR503082,5,133.13,26.63,Donor 3083,Cafeteria,Jaipur
DNR509973,5,131.87,26.37,Donor 9974,Restaurant,Ahmedabad
DNR507492,5,142.19,28.44,Donor 7493,Restaurant,Remote
DNR510690,5,90.36,18.07,Donor 10691,Restaurant,Mumbai
DNR502010,5,148.32,29.66,Donor 2011,Cafeteria,Delhi NCR
DNR508774,5,108.02,21.6,Donor 8775,Hotel,Mumbai
DNR511376,5,90.31,18.06,Donor 11377,Hotel,Kolkata
DNR501932,5,139.47,27.89,Donor 1933,Household,Chennai
DNR503873,5,160.17,32.03,Donor 3874,Restaurant,Chennai
DNR511837,5,218.55,43.71,Donor 11838,Hotel,Delhi NCR
DNR505071,5,161.43,32.29,Donor 5072,Household,Jaipur
DNR508763,5,167.07,33.41,Donor 8764,Hotel,Pune
DNR508757,5,105.64,21.13,Donor 8758,Grocery Store,Delhi NCR
DNR506183,5,125.16,25.03,Donor 6184,Restaurant,Jaipur
DNR501916,5,139.52,27.9,Donor 1917,Restaurant,Chennai
DNR506293,5,153.09,30.62,Donor 6294,Event,Kolkata
DNR500868,5,113.28,22.66,Donor 869,Restaurant,Remote
DNR511422,5,93.8,18.76,Donor 11423,Event,Delhi NCR
DNR503007,5,139.81,27.96,Donor 3008,Restaurant,Remote
DNR503882,5,183.67,36.73,Donor 3883,Event,Ahmedabad
DNR500289,5,110.25,22.05,Donor 290,Event,Kolkata
DNR509476,5,131.07,26.21,Donor 9477,Restaurant,Jaipur
DNR503935,5,96.16,19.23,Donor 3936,Grocery Store,Pune
DNR504958,5,122.72,24.54,Donor 4959,Cafeteria,Kolkata
DNR508818,5,75.12,15.02,Donor 8819,Grocery Store,Hyderabad
DNR506267,5,75.51,15.1,Donor 6268,Cafeteria,Mumbai
DNR502059,5,132.01,26.4,Donor 2060,Grocery Store,Delhi NCR
DNR501979,5,117.35,23.47,Donor 1980,Household,Hyderabad
DNR507978,5,68.5,13.7,Donor 7979,Event,Remote
DNR507961,5,110.58,22.12,Donor 7962,Restaurant,Kolkata
DNR506353,5,93.72,18.74,Donor 6354,Household,Ahmedabad
DNR510063,5,195.59,39.12,Donor 10064,Cafeteria,Ahmedabad
DNR510057,5,125.89,25.18,Donor 10058,Hotel,Ahmedabad
DNR503946,5,173.15,34.63,Donor 3947,Grocery Store,Pune
DNR509582,5,114.87,22.97,Donor 9583,Household,Kolkata
DNR505330,5,101.95,20.39,Donor 5331,Grocery Store,Hyderabad
DNR506046,5,205.0,41.0,Donor 6047,Cafeteria,Mumbai
DNR510920,5,138.62,27.72,Donor 10921,Restaurant,Jaipur
DNR510910,5,122.67,24.53,Donor 10911,Cafeteria,Remote
DNR509574,5,113.11,22.62,Donor 9575,Hotel,Kolkata
DNR509564,5,122.64,24.53,Donor 9565,Cafeteria,Ahmedabad
DNR503752,5,147.91,29.58,Donor 3753,Cafeteria,Bengaluru
DNR500203,5,92.5,18.5,Donor 204,Restaurant,Chennai
DNR507008,5,88.5,17.7,Donor 7009,Restaurant,Mumbai
DNR507000,5,123.46,24.69,Donor 7001,Hotel,Bengaluru
DNR504904,5,130.85,26.17,Donor 4905,Cafeteria,Chennai
DNR502150,5,139.6,27.92,Donor 2151,Cafeteria,Mumbai
DNR500839,5,113.68,22.74,Donor 840,Grocery Store,Bengaluru
DNR502129,5,142.64,28.53,Donor 2130,Cafeteria,Delhi NCR
DNR504913,5,114.38,22.88,Donor 4914,Event,Mumbai
DNR502095,5,133.29,26.66,Donor 2096,Event,Remote
DNR510507,5,103.31,20.66,Donor 10508,Bakery,Jaipur
DNR504761,5,234.15,46.83,Donor 4762,Cafeteria,Bengaluru
DNR507936,5,136.34,27.27,Donor 7937,Restaurant,Hyderabad
DNR502936,5,71.96,14.39,Donor 2937,Grocery Store,Ahmedabad
DNR502955,5,166.78,33.36,Donor 2956,Restaurant,Ahmedabad
DNR506947,5,86.13,17.23,Donor 6948,Household,Delhi NCR
DNR504810,5,143.67,28.73,Donor 4811,Event,Kolkata
DNR506348,5,117.65,23.53,Donor 6349,Event,Remote
DNR508886,5,90.97,18.19,Donor 8887,Restaurant,Bengaluru
DNR510069,5,92.74,18.55,Donor 10070,Grocery Store,Remote
DNR500329,5,199.2,39.84,Donor 330,Event,Remote
DNR500360,5,177.81,35.56,Donor 361,Hotel,Kolkata
DNR500359,5,129.27,25.85,Donor 360,Hotel,Delhi NCR
DNR500358,5,111.42,22.28,Donor 359,Hotel,Chennai
DNR506937,5,114.42,22.88,Donor 6938,Grocery Store,Ahmedabad
DNR511901,5,169.64,33.93,Donor 11902,Household,Pune
DNR505459,5,169.79,33.96,Donor 5460,Event,Pune
DNR505455,5,139.79,27.96,Donor 5456,Cafeteria,Chennai
DNR505990,5,125.33,25.07,Donor 5991,Cafeteria,Hyderabad
DNR511234,5,145.09,29.02,Donor 11235,Bakery,Kolkata
DNR501612,5,162.24,32.45,Donor 1613,Household,Ahmedabad
DNR501730,5,130.37,26.07,Donor 1731,Hotel,Bengaluru
DNR506075,5,114.34,22.87,Donor 6076,Cafeteria,Pune
DNR501083,5,113.6,22.72,Donor 1084,Restaurant,Delhi NCR
DNR501082,5,129.8,25.96,Donor 1083,Restaurant,Remote
DNR506067,5,129.02,25.8,Donor 6068,Hotel,Bengaluru
DNR504627,5,163.36,32.67,Donor 4628,Restaurant,Bengaluru
DNR502294,5,124.85,24.97,Donor 2295,Restaurant,Kolkata
DNR507895,5,118.76,23.75,Donor 7896,Household,Ahmedabad
DNR502310,5,128.48,25.7,Donor 2311,Household,Hyderabad
DNR504718,5,93.55,18.71,Donor 4719,Cafeteria,Kolkata
DNR502238,5,117.49,23.5,Donor 2239,Cafeteria,Pune
DNR511519,5,76.98,15.4,Donor 11520,Event,Kolkata
DNR500770,5,128.94,25.79,Donor 771,Hotel,Delhi NCR
DNR500664,5,214.81,42.96,Donor 665,Hotel,Mumbai
DNR502350,5,116.62,23.32,Donor 2351,Event,Jaipur
DNR509391,5,120.3,24.06,Donor 9392,Bakery,Chennai
DNR502869,5,136.43,27.29,Donor 2870,Restaurant,Kolkata
DNR502381,5,96.65,19.33,Donor 2382,Household,Bengaluru
DNR507877,5,143.49,28.7,Donor 7878,Hotel,Remote
DNR507870,5,117.31,23.46,Donor 7871,Cafeteria,Ahmedabad
DNR506517,5,95.16,19.03,Donor 6518,Hotel,Mumbai
DNR509026,5,91.13,18.23,Donor 9027,Restaurant,Mumbai
DNR504628,5,130.99,26.2,Donor 4629,Grocery Store,Remote
DNR509440,5,108.47,21.69,Donor 9441,Bakery,Ahmedabad
DNR506586,5,120.0,24.0,Donor 6587,Hotel,Bengaluru
DNR509092,5,78.88,15.78,Donor 9093,Household,Kolkata
DNR509088,5,134.35,26.87,Donor 9089,Cafeteria,Ahmedabad
DNR500653,5,160.0,32.0,Donor 654,Restaurant,Delhi NCR
DNR510113,5,132.49,26.5,Donor 10114,Restaurant,Chennai
DNR506905,5,197.96,39.59,Donor 6906,Cafeteria,Pune
DNR502846,5,96.75,19.35,Donor 2847,Event,Ahmedabad
DNR507803,5,121.98,24.4,Donor 7804,Event,Kolkata
DNR510401,5,77.17,15.43,Donor 10402,Grocery Store,Pune
DNR510391,5,110.53,22.11,Donor 10392,Event,Chennai
DNR510378,5,117.99,23.6,Donor 10379,Hotel,Mumbai
DNR509074,5,147.38,29.48,Donor 9075,Cafeteria,Pune
DNR502832,5,134.96,26.99,Donor 2833,Restaurant,Ahmedabad
DNR509336,5,143.01,28.6,Donor 9337,Household,Pune
DNR504114,5,184.18,36.84,Donor 4115,Cafeteria,Bengaluru
DNR507626,5,76.79,15.36,Donor 7627,Event,Hyderabad
DNR506879,5,92.77,18.55,Donor 6880,Cafeteria,Pune
DNR500383,5,93.38,18.68,Donor 384,Grocery Store,Hyderabad
DNR511720,5,98.95,19.79,Donor 11721,Cafeteria,Jaipur
DNR503220,5,122.96,24.59,Donor 3221,Restaurant,Kolkata
DNR501556,5,140.69,28.14,Donor 1557,Grocery Store,Bengaluru
DNR501236,5,87.71,17.54,Donor 1237,Restaurant,Kolkata
DNR505920,5,190.02,38.0,Donor 5921,Cafeteria,Remote
DNR508211,5,142.07,28.41,Donor 8212,Event,Bengaluru
DNR505550,5,118.11,23.62,Donor 5551,Event,Remote
DNR505570,5,97.59,19.52,Donor 5571,Bakery,Kolkata
DNR501133,5,157.6,31.52,Donor 1134,Household,Chennai
DNR501171,5,165.72,33.14,Donor 1172,Bakery,Mumbai
DNR501619,5,96.72,19.34,Donor 1620,Cafeteria,Kolkata
DNR510951,5,106.58,21.32,Donor 10952,Hotel,Remote
DNR509913,5,111.34,22.27,Donor 9914,Event,Mumbai
DNR503189,5,146.43,29.29,Donor 3190,Household,Remote
DNR504132,5,86.92,17.38,Donor 4133,Cafeteria,Chennai
DNR502443,5,165.75,33.15,Donor 2444,Restaurant,Hyderabad
DNR510371,5,100.42,20.08,Donor 10372,Hotel,Chennai
DNR510368,5,135.61,27.12,Donor 10369,Hotel,Delhi NCR
DNR510366,5,123.89,24.78,Donor 10367,Restaurant,Bengaluru
DNR506592,5,188.47,37.69,Donor 6593,Household,Pune
DNR504410,5,120.58,24.12,Donor 4411,Restaurant,Ahmedabad
DNR506647,5,147.13,29.43,Donor 6648,Hotel,Kolkata
DNR506676,5,117.39,23.48,Donor 6677,Hotel,Chennai
DNR504128,5,144.85,28.97,Donor 4129,Cafeteria,Jaipur
DNR506847,5,122.03,24.41,Donor 6848,Household,Ahmedabad
DNR511708,5,103.08,20.62,Donor 11709,Bakery,Hyderabad
DNR504461,5,95.45,19.09,Donor 4462,Hotel,Chennai
DNR504488,5,141.14,28.23,Donor 4489,Cafeteria,Bengaluru
DNR509353,5,142.89,28.58,Donor 9354,Restaurant,Jaipur
DNR509337,5,104.71,20.94,Donor 9338,Household,Pune
DNR510288,5,225.09,45.02,Donor 10289,Grocery Store,Delhi NCR
DNR509298,5,134.04,26.81,Donor 9299,Restaurant,Jaipur
DNR504194,5,167.84,33.57,Donor 4195,Event,Mumbai
DNR511694,5,86.22,17.24,Donor 11695,Hotel,Pune
DNR510219,5,148.85,29.77,Donor 10220,Hotel,Chennai
DNR502626,5,151.26,30.25,Donor 2627,Grocery Store,Pune
DNR509250,5,79.79,15.96,Donor 9251,Restaurant,Ahmedabad
DNR506733,5,91.05,18.21,Donor 6734,Cafeteria,Ahmedabad
DNR504319,5,125.67,25.13,Donor 4320,Event,Hyderabad
DNR504345,5,166.12,33.22,Donor 4346,Hotel,Mumbai
DNR511641,5,125.16,25.03,Donor 11642,Grocery Store,Jaipur
DNR505973,5,153.92,30.78,Donor 5974,Household,Bengaluru
DNR501566,5,163.55,32.71,Donor 1567,Household,Jaipur
DNR505524,5,130.55,26.11,Donor 5525,Event,Bengaluru
DNR510993,5,109.41,21.88,Donor 10994,Hotel,Hyderabad
DNR504348,5,112.2,22.44,Donor 4349,Household,Delhi NCR
DNR509191,5,88.02,17.6,Donor 9192,Household,Bengaluru
DNR500559,5,138.45,27.69,Donor 560,Restaurant,Hyderabad
DNR506655,5,138.22,27.64,Donor 6656,Restaurant,Ahmedabad
DNR507756,5,116.38,23.28,Donor 7757,Event,Ahmedabad
DNR509175,5,175.34,35.07,Donor 9176,Household,Chennai
DNR510309,5,153.72,30.74,Donor 10310,Restaurant,Remote
DNR509789,5,78.73,15.75,Donor 9790,Hotel,Chennai
DNR509786,5,95.83,19.17,Donor 9787,Grocery Store,Mumbai
DNR503433,5,139.72,27.94,Donor 3434,Restaurant,Delhi NCR
DNR500047,5,138.94,27.79,Donor 48,Household,Delhi NCR
DNR503289,5,134.41,26.88,Donor 3290,Hotel,Mumbai
DNR505818,5,128.21,25.64,Donor 5819,Restaurant,Pune
DNR511052,5,118.96,23.79,Donor 11053,Restaurant,Pune
DNR501406,5,97.45,19.49,Donor 1407,Grocery Store,Kolkata
DNR508344,5,130.96,26.19,Donor 8345,Household,Kolkata
DNR505679,5,140.13,28.03,Donor 5680,Household,Bengaluru
DNR505674,5,129.96,25.99,Donor 5675,Grocery Store,Chennai
DNR511158,5,139.96,27.99,Donor 11159,Event,Kolkata
DNR511150,5,106.29,21.26,Donor 11151,Hotel,Ahmedabad
DNR500005,4,103.69,25.92,Donor 6,Hotel,Pune
DNR507339,4,81.86,20.46,Donor 7340,Event,Hyderabad
DNR511976,4,145.23,36.31,Donor 11977,Restaurant,Pune
DNR509755,4,135.75,33.94,Donor 9756,Restaurant,Remote
DNR503454,4,107.16,26.79,Donor 3455,Grocery Store,Ahmedabad
DNR503405,4,110.61,27.65,Donor 3406,Hotel,Pune
DNR507385,4,95.2,23.8,Donor 7386,Grocery Store,Mumbai
DNR509821,4,88.32,22.08,Donor 9822,Restaurant,Hyderabad
DNR509823,4,144.12,36.03,Donor 9824,Restaurant,Jaipur
DNR509824,4,79.71,19.93,Donor 9825,Hotel,Chennai
DNR503327,4,128.34,32.08,Donor 3328,Cafeteria,Bengaluru
DNR505789,4,117.81,29.45,Donor 5790,Restaurant,Remote
DNR505671,4,58.43,14.61,Donor 5672,Restaurant,Ahmedabad
DNR508273,4,135.19,33.8,Donor 8274,Event,Delhi NCR
DNR511155,4,96.83,24.21,Donor 11156,Restaurant,Hyderabad
DNR505836,4,85.24,21.31,Donor 5837,Cafeteria,Mumbai
DNR511073,4,147.72,36.93,Donor 11074,Bakery,Ahmedabad
DNR511077,4,67.18,16.8,Donor 11078,Cafeteria,Kolkata
DNR511088,4,94.84,23.71,Donor 11089,Event,Delhi NCR
DNR505685,4,105.62,26.4,Donor 5686,Event,Mumbai
DNR508358,4,139.08,34.77,Donor 8359,Restaurant,Jaipur
DNR503608,4,144.74,36.18,Donor 3609,Restaurant,Ahmedabad
DNR509263,4,101.12,25.28,Donor 9264,Restaurant,Remote
DNR509265,4,81.38,20.34,Donor 9266,Event,Hyderabad
DNR507705,4,97.49,24.37,Donor 7706,Restaurant,Mumbai
DNR509271,4,103.05,25.76,Donor 9272,Cafeteria,Kolkata
DNR502653,4,114.26,28.56,Donor 2654,Bakery,Kolkata
DNR504254,4,79.67,19.92,Donor 4255,Cafeteria,Mumbai
DNR504261,4,85.51,21.38,Donor 4262,Household,Remote
DNR504240,4,75.08,18.77,Donor 4241,Cafeteria,Jaipur
DNR510228,4,196.59,49.15,Donor 10229,Event,Pune
DNR509284,4,119.47,29.87,Donor 9285,Event,Chennai
DNR509287,4,110.58,27.64,Donor 9288,Household,Mumbai
DNR507692,4,91.4,22.85,Donor 7693,Restaurant,Hyderabad
DNR506749,4,117.41,29.35,Donor 6750,Bakery,Mumbai
DNR509289,4,65.73,16.43,Donor 9290,Cafeteria,Chennai
DNR504215,4,96.01,24.0,Donor 4216,Bakery,Delhi NCR
DNR510207,4,76.19,19.05,Donor 10208,Hotel,Jaipur
DNR502702,4,97.21,24.3,Donor 2703,Cafeteria,Kolkata
DNR506786,4,87.19,21.8,Donor 6787,Cafeteria,Pune
DNR500444,4,106.24,26.56,Donor 445,Hotel,Mumbai
DNR500451,4,91.8,22.95,Donor 452,Restaurant,Jaipur
DNR500460,4,75.47,18.87,Donor 461,Household,Jaipur
DNR506795,4,106.46,26.62,Donor 6796,Cafeteria,Bengaluru
DNR506800,4,119.34,29.83,Donor 6801,Restaurant,Hyderabad
DNR506771,4,79.56,19.89,Donor 6772,Hotel,Remote
DNR506837,4,158.05,39.51,Donor 6838,Cafeteria,Remote
DNR507654,4,63.91,15.98,Donor 7655,Event,Kolkata
DNR506803,4,147.51,36.88,Donor 6804,Cafeteria,Ahmedabad
DNR504269,4,67.89,16.97,Donor 4270,Cafeteria,Chennai
DNR504274,4,76.69,19.17,Donor 4275,Hotel,Kolkata
DNR504276,4,73.3,18.32,Donor 4277,Restaurant,Kolkata
DNR502645,4,78.78,19.7,Donor 2646,Hotel,Bengaluru
DNR509258,4,142.01,35.5,Donor 9259,Household,Chennai
DNR509236,4,90.47,22.62,Donor 9237,Household,Chennai
DNR502602,4,147.34,36.84,Donor 2603,Cafeteria,Delhi NCR
DNR500484,4,102.59,25.65,Donor 485,Restaurant,Hyderabad
DNR511644,4,65.43,16.36,Donor 11645,Restaurant,Chennai
DNR511649,4,89.44,22.36,Donor 11650,Restaurant,Hyderabad
DNR500499,4,114.89,28.72,Donor 500,Restaurant,Bengaluru
DNR500500,4,87.68,21.92,Donor 501,Restaurant,Ahmedabad
DNR500502,4,86.92,21.73,Donor 503,Hotel,Bengaluru
DNR506731,4,92.17,23.04,Donor 6732,Restaurant,Kolkata
DNR507726,4,81.83,20.46,Donor 7727,Household,Mumbai
DNR507728,4,102.08,25.52,Donor 7729,Restaurant,Pune
DNR502623,4,82.89,20.72,Donor 2624,Grocery Store,Chennai
DNR502628,4,113.61,28.4,Donor 2629,Grocery Store,Kolkata
DNR510257,4,89.73,22.43,Donor 10258,Restaurant,Jaipur
DNR504294,4,110.9,27.72,Donor 4295,Household,Chennai
DNR510214,4,115.75,28.94,Donor 10215,Restaurant,Remote
DNR507673,4,103.0,25.75,Donor 7674,Restaurant,Kolkata
DNR504208,4,105.85,26.46,Donor 4209,Hotel,Bengaluru
DNR502749,4,58.11,14.53,Donor 2750,Cafeteria,Remote
DNR502715,4,147.88,36.97,Donor 2716,Grocery Store,Pune
DNR502731,4,88.32,22.08,Donor 2732,Cafeteria,Pune
DNR509305,4,88.28,22.07,Donor 9306,Bakery,Remote
DNR504181,4,92.92,23.23,Donor 4182,Grocery Store,Chennai
DNR511700,4,136.32,34.08,Donor 11701,Restaurant,Pune
DNR502611,4,93.05,23.26,Donor 2612,Hotel,Kolkata
DNR510290,4,84.3,21.08,Donor 10291,Hotel,Kolkata
DNR510294,4,160.82,40.2,Donor 10295,Household,Delhi NCR
DNR502576,4,89.54,22.38,Donor 2577,Hotel,Delhi NCR
DNR502579,4,143.76,35.94,Donor 2580,Hotel,Remote
DNR506717,4,81.52,20.38,Donor 6718,Hotel,Mumbai
DNR500519,4,90.04,22.51,Donor 520,Cafeteria,Hyderabad
DNR500534,4,95.36,23.84,Donor 535,Cafeteria,Pune
DNR509158,4,112.98,28.24,Donor 9159,Restaurant,Hyderabad
DNR509171,4,56.86,14.22,Donor 9172,Household,Pune
DNR507741,4,99.66,24.92,Donor 7742,Cafeteria,Remote
DNR507752,4,102.57,25.64,Donor 7753,Restaurant,Delhi NCR
DNR506658,4,115.42,28.86,Donor 6659,Event,Ahmedabad
DNR500539,4,91.6,22.9,Donor 540,Restaurant,Chennai
DNR500545,4,111.18,27.8,Donor 546,Restaurant,Hyderabad
DNR500551,4,111.59,27.9,Donor 552,Restaurant,Remote
DNR502559,4,103.52,25.88,Donor 2560,Grocery Store,Kolkata
DNR502562,4,125.84,31.46,Donor 2563,Hotel,Kolkata
DNR502574,4,84.8,21.2,Donor 2575,Cafeteria,Delhi NCR
DNR504380,4,78.38,19.6,Donor 4381,Bakery,Bengaluru
DNR509199,4,102.92,25.73,Donor 9200,Hotel,Jaipur
DNR506815,4,59.9,14.98,Donor 6816,Hotel,Ahmedabad
DNR506818,4,158.33,39.58,Donor 6819,Restaurant,Pune
DNR507670,4,52.18,13.04,Donor 7671,Household,Kolkata
DNR511710,4,102.65,25.66,Donor 11711,Household,Ahmedabad
DNR511713,4,111.43,27.86,Donor 11714,Grocery Store,Jaipur
DNR506849,4,72.97,18.24,Donor 6850,Restaurant,Bengaluru
DNR506850,4,129.63,32.41,Donor 6851,Event,Chennai
DNR506855,4,98.33,24.58,Donor 6856,Event,Jaipur
DNR506827,4,134.67,33.67,Donor 6828,Event,Jaipur
DNR504169,4,103.58,25.9,Donor 4170,Bakery,Remote
DNR504170,4,90.23,22.56,Donor 4171,Restaurant,Chennai
DNR502790,4,134.85,33.71,Donor 2791,Hotel,Remote
DNR509321,4,68.12,17.03,Donor 9322,Hotel,Remote
DNR504117,4,94.3,23.58,Donor 4118,Event,Chennai
DNR510318,4,94.47,23.62,Donor 10319,Cafeteria,Mumbai
DNR510319,4,82.31,20.58,Donor 10320,Event,Remote
DNR504435,4,88.21,22.05,Donor 4436,Restaurant,Remote
DNR506673,4,112.02,28.0,Donor 6674,Cafeteria,Kolkata
DNR507769,4,57.07,14.27,Donor 7770,Restaurant,Ahmedabad
DNR504107,4,153.42,38.36,Donor 4108,Grocery Store,Remote
DNR506875,4,50.34,12.58,Donor 6876,Event,Kolkata
DNR500408,4,102.8,25.7,Donor 409,Bakery,Bengaluru
DNR511730,4,132.95,33.24,Donor 11731,Household,Bengaluru
DNR509112,4,88.13,22.03,Donor 9113,Household,Mumbai
DNR504492,4,106.0,26.5,Donor 4493,Restaurant,Remote
DNR504493,4,101.73,25.43,Donor 4494,Hotel,Mumbai
DNR504498,4,142.9,35.72,Donor 4499,Restaurant,Remote
DNR510352,4,98.95,24.74,Donor 10353,Household,Chennai
DNR506629,4,95.52,23.88,Donor 6630,Household,Kolkata
DNR507786,4,102.1,25.52,Donor 7787,Household,Hyderabad
DNR504480,4,123.7,30.92,Donor 4481,Bakery,Jaipur
DNR502514,4,105.86,26.46,Donor 2515,Household,Hyderabad
DNR502497,4,105.26,26.32,Donor 2498,Event,Hyderabad
DNR502510,4,116.63,29.16,Donor 2511,Grocery Store,Chennai
DNR509144,4,95.89,23.97,Donor 9145,Restaurant,Hyderabad
DNR509089,4,75.05,18.76,Donor 9090,Household,Mumbai
DNR504526,4,104.76,26.19,Donor 4527,Cafeteria,Ahmedabad
DNR502451,4,78.89,19.72,Donor 2452,Hotel,Pune
DNR502416,4,105.79,26.45,Donor 2417,Cafeteria,Pune
DNR502419,4,83.93,20.98,Donor 2420,Restaurant,Hyderabad
DNR502421,4,112.97,28.24,Donor 2422,Restaurant,Chennai
DNR502427,4,89.6,22.4,Donor 2428,Restaurant,Remote
DNR506599,4,111.02,27.76,Donor 6600,Restaurant,Delhi NCR
DNR511606,4,89.69,22.42,Donor 11607,Household,Jaipur
DNR500596,4,73.51,18.38,Donor 597,Household,Jaipur
DNR504538,4,97.06,24.26,Donor 4539,Restaurant,Chennai
DNR504504,4,112.66,28.17,Donor 4505,Hotel,Jaipur
DNR504513,4,112.55,28.14,Donor 4514,Restaurant,Hyderabad
DNR502491,4,65.94,16.48,Donor 2492,Hotel,Kolkata
DNR510359,4,93.22,23.3,Donor 10360,Household,Bengaluru
DNR504130,4,108.52,27.13,Donor 4131,Grocery Store,Bengaluru
DNR504068,4,75.07,18.77,Donor 4069,Cafeteria,Jaipur
DNR511747,4,94.06,23.52,Donor 11748,Restaurant,Mumbai
DNR507609,4,109.47,27.37,Donor 7610,Hotel,Hyderabad
DNR507611,4,73.06,18.26,Donor 7612,Bakery,Delhi NCR
DNR509368,4,121.68,30.42,Donor 9369,Restaurant,Jaipur
DNR509377,4,97.26,24.32,Donor 9378,Cafeteria,Jaipur
DNR509380,4,68.97,17.24,Donor 9381,Restaurant,Kolkata
DNR509389,4,190.61,47.65,Donor 9390,Grocery Store,Pune
DNR504040,4,83.82,20.96,Donor 4041,Household,Remote
DNR510114,4,106.52,26.63,Donor 10115,Restaurant,Jaipur
DNR502837,4,141.0,35.25,Donor 2838,Restaurant,Remote
DNR507807,4,63.31,15.83,Donor 7808,Event,Mumbai
DNR511590,4,73.3,18.32,Donor 11591,Cafeteria,Bengaluru
DNR500612,4,76.72,19.18,Donor 613,Cafeteria,Jaipur
DNR500614,4,88.1,22.02,Donor 615,Household,Pune
DNR504558,4,81.2,20.3,Donor 4559,Event,Delhi NCR
DNR506538,4,89.59,22.4,Donor 6539,Event,Bengaluru
DNR500669,4,89.92,22.48,Donor 670,Event,Mumbai
DNR500672,4,59.18,14.8,Donor 673,Cafeteria,Delhi NCR
DNR500633,4,200.27,50.07,Donor 634,Cafeteria,Remote
DNR500638,4,65.79,16.45,Donor 639,Household,Bengaluru
DNR500644,4,85.56,21.39,Donor 645,Restaurant,Jaipur
DNR500650,4,92.21,23.05,Donor 651,Hotel,Bengaluru
DNR507846,4,144.89,36.22,Donor 7847,Restaurant,Delhi NCR
DNR507854,4,88.11,22.03,Donor 7855,Household,Kolkata
DNR509060,4,114.84,28.71,Donor 9061,Grocery Store,Ahmedabad
DNR504542,4,88.5,22.12,Donor 4543,Grocery Store,Kolkata
DNR504550,4,127.36,31.84,Donor 4551,Grocery Store,Delhi NCR
DNR510383,4,79.53,19.88,Donor 10384,Cafeteria,Bengaluru
DNR510398,4,112.3,28.08,Donor 10399,Hotel,Bengaluru
DNR502401,4,128.28,32.07,Donor 2402,Cafeteria,Mumbai
DNR509366,4,157.67,39.42,Donor 9367,Grocery Store,Hyderabad
DNR504059,4,120.01,30.0,Donor 4060,Event,Pune
DNR509400,4,53.2,13.3,Donor 9401,Restaurant,Kolkata
DNR500376,4,158.77,39.69,Donor 377,Restaurant,Kolkata
DNR506919,4,115.34,28.84,Donor 6920,Household,Jaipur
DNR506885,4,86.57,21.64,Donor 6886,Restaurant,Jaipur
DNR504024,4,83.1,20.78,Donor 4025,Cafeteria,Kolkata
DNR510106,4,119.24,29.81,Donor 10107,Restaurant,Remote
DNR502880,4,138.98,34.74,Donor 2881,Household,Ahmedabad
DNR509409,4,91.43,22.86,Donor 9410,Household,Chennai
DNR510409,4,99.13,24.78,Donor 10410,Restaurant,Mumbai
DNR510414,4,104.0,26.0,Donor 10415,Event,Hyderabad
DNR510417,4,64.32,16.08,Donor 10418,Bakery,Remote
DNR504563,4,90.94,22.74,Donor 4564,Household,Kolkata
DNR511570,4,132.63,33.16,Donor 11571,Restaurant,Bengaluru
DNR500655,4,128.87,32.22,Donor 656,Household,Mumbai
DNR500658,4,114.24,28.56,Donor 659,Restaurant,Chennai
DNR510422,4,124.85,31.21,Donor 10423,Household,Bengaluru
DNR510434,4,89.72,22.43,Donor 10435,Cafeteria,Kolkata
DNR500710,4,61.71,15.43,Donor 711,Restaurant,Jaipur
DNR500688,4,107.0,26.75,Donor 689,Event,Remote
DNR507873,4,54.66,13.66,Donor 7874,Hotel,Jaipur
DNR506478,4,93.38,23.34,Donor 6479,Restaurant,Chennai
DNR506480,4,139.71,34.93,Donor 6481,Restaurant,Hyderabad
DNR504613,4,123.49,30.87,Donor 4614,Household,Mumbai
DNR504617,4,112.5,28.12,Donor 4618,Hotel,Mumbai
DNR509055,4,90.89,22.72,Donor 9056,Hotel,Pune
DNR504586,4,123.99,31.0,Donor 4587,Household,Delhi NCR
DNR504588,4,76.23,19.06,Donor 4589,Restaurant,Remote
DNR502892,4,97.92,24.48,Donor 2893,Restaurant,Mumbai
DNR502855,4,132.03,33.01,Donor 2856,Grocery Store,Pune
DNR502866,4,105.78,26.44,Donor 2867,Event,Jaipur
DNR504054,4,166.85,41.71,Donor 4055,Hotel,Hyderabad
DNR506932,4,99.9,24.98,Donor 6933,Restaurant,Bengaluru
DNR507584,4,155.84,38.96,Donor 7585,Household,Pune
DNR502947,4,110.31,27.58,Donor 2948,Cafeteria,Delhi NCR
DNR502915,4,72.27,18.07,Donor 2916,Hotel,Hyderabad
DNR509434,4,142.71,35.68,Donor 9435,Bakery,Pune
DNR502344,4,92.07,23.02,Donor 2345,Event,Bengaluru
DNR502329,4,125.06,31.26,Donor 2330,Hotel,Chennai
DNR506485,4,134.43,33.61,Donor 6486,Event,Remote
DNR500733,4,101.13,25.28,Donor 734,Household,Mumbai
DNR511547,4,106.35,26.59,Donor 11548,Restaurant,Mumbai
DNR511550,4,87.41,21.85,Donor 11551,Household,Mumbai
DNR511558,4,86.61,21.65,Donor 11559,Hotel,Delhi NCR
DNR506496,4,117.46,29.36,Donor 6497,Restaurant,Kolkata
DNR509034,4,52.82,13.2,Donor 9035,Restaurant,Bengaluru
DNR504603,4,121.77,30.44,Donor 4604,Hotel,Delhi NCR
DNR504609,4,116.8,29.2,Donor 4610,Household,Delhi NCR
DNR502303,4,184.19,46.05,Donor 2304,Grocery Store,Pune
DNR502308,4,104.79,26.2,Donor 2309,Household,Delhi NCR
DNR504686,4,146.21,36.55,Donor 4687,Restaurant,Bengaluru
DNR504657,4,120.91,30.23,Donor 4658,Household,Hyderabad
DNR507885,4,84.19,21.05,Donor 7886,Grocery Store,Pune
DNR511536,4,97.43,24.36,Donor 11537,Grocery Store,Chennai
DNR511539,4,140.67,35.17,Donor 11540,Bakery,Hyderabad
DNR500722,4,73.76,18.44,Donor 723,Hotel,Hyderabad
DNR510455,4,65.32,16.33,Donor 10456,Household,Bengaluru
DNR502298,4,79.45,19.86,Donor 2299,Restaurant,Kolkata
DNR509004,4,122.13,30.53,Donor 9005,Household,Ahmedabad
DNR509011,4,81.96,20.49,Donor 9012,Hotel,Bengaluru
DNR509014,4,117.45,29.36,Donor 9015,Restaurant,Pune
DNR502901,4,110.34,27.58,Donor 2902,Restaurant,Kolkata
DNR502910,4,167.67,41.92,Donor 2911,Household,Remote
DNR502914,4,92.64,23.16,Donor 2915,Cafeteria,Hyderabad
DNR504767,4,88.68,22.17,Donor 4768,Grocery Store,Chennai
DNR502252,4,127.45,31.86,Donor 2253,Event,Pune
DNR510516,4,82.17,20.54,Donor 10517,Restaurant,Bengaluru
DNR508964,4,150.9,37.72,Donor 8965,Restaurant,Kolkata
DNR504754,4,109.5,27.38,Donor 4755,Cafeteria,Mumbai
DNR504755,4,125.49,31.37,Donor 4756,Hotel,Bengaluru
DNR510483,4,70.96,17.74,Donor 10484,Household,Remote
DNR506457,4,70.38,17.6,Donor 6458,Hotel,Mumbai
DNR500773,4,144.38,36.1,Donor 774,Household,Hyderabad
DNR500774,4,115.03,28.76,Donor 775,Cafeteria,Kolkata
DNR506459,4,96.98,24.24,Donor 6460,Hotel,Delhi NCR
DNR502249,4,135.48,33.87,Donor 2250,Restaurant,Bengaluru
DNR502251,4,129.36,32.34,Donor 2252,Restaurant,Chennai
DNR502259,4,165.99,41.5,Donor 2260,Hotel,Mumbai
DNR502265,4,61.24,15.31,Donor 2266,Cafeteria,Hyderabad
DNR502274,4,98.71,24.68,Donor 2275,Restaurant,Bengaluru
DNR506386,4,86.19,21.55,Donor 6387,Restaurant,Pune
DNR511478,4,76.4,19.1,Donor 11479,Household,Delhi NCR
DNR511490,4,124.47,31.12,Donor 11491,Cafeteria,Hyderabad
DNR500775,4,87.26,21.82,Donor 776,Grocery Store,Ahmedabad
DNR506361,4,138.15,34.54,Donor 6362,Grocery Store,Kolkata
DNR506371,4,129.43,32.36,Donor 6372,Household,Mumbai
DNR504795,4,86.45,21.61,Donor 4796,Household,Remote
DNR504798,4,92.63,23.16,Donor 4799,Household,Chennai
DNR504777,4,96.46,24.12,Donor 4778,Hotel,Pune
DNR504785,4,103.42,25.86,Donor 4786,Restaurant,Pune
DNR502199,4,59.21,14.8,Donor 2200,Cafeteria,Mumbai
DNR502202,4,143.61,35.9,Donor 2203,Hotel,Kolkata
DNR508936,4,173.65,43.41,Donor 8937,Grocery Store,Jaipur
DNR506423,4,114.07,28.52,Donor 6424,Hotel,Chennai
DNR500783,4,117.67,29.42,Donor 784,Cafeteria,Remote
DNR507928,4,104.53,26.13,Donor 7929,Restaurant,Delhi NCR
DNR511758,4,81.09,20.27,Donor 11759,Bakery,Remote
DNR511759,4,133.94,33.48,Donor 11760,Restaurant,Delhi NCR
DNR511764,4,109.02,27.26,Donor 11765,Grocery Store,Pune
DNR511768,4,69.23,17.31,Donor 11769,Restaurant,Mumbai
DNR500311,4,109.22,27.3,Donor 312,Hotel,Remote
DNR506981,4,89.27,22.32,Donor 6982,Restaurant,Chennai
DNR509442,4,103.02,25.76,Donor 9443,Grocery Store,Ahmedabad
DNR502966,4,83.9,20.98,Donor 2967,Event,Chennai
DNR502940,4,85.73,21.43,Donor 2941,Hotel,Jaipur
DNR502942,4,108.08,27.02,Donor 2943,Event,Pune
DNR502944,4,150.86,37.72,Donor 2945,Hotel,Chennai
DNR503967,4,75.66,18.92,Donor 3968,Restaurant,Kolkata
DNR508923,4,55.64,13.91,Donor 8924,Event,Remote
DNR508925,4,88.29,22.07,Donor 8926,Restaurant,Jaipur
DNR504792,4,168.35,42.09,Donor 4793,Hotel,Pune
DNR507939,4,108.5,27.12,Donor 7940,Hotel,Chennai
DNR504834,4,53.09,13.27,Donor 4835,Restaurant,Delhi NCR
DNR504840,4,113.61,28.4,Donor 4841,Restaurant,Mumbai
DNR506379,4,104.36,26.09,Donor 6380,Household,Jaipur
DNR511468,4,97.02,24.26,Donor 11469,Restaurant,Kolkata
DNR500796,4,47.96,11.99,Donor 797,Household,Pune
DNR506381,4,108.02,27.0,Donor 6382,Cafeteria,Pune
DNR507945,4,118.26,29.56,Donor 7946,Restaurant,Mumbai
DNR507954,4,126.43,31.61,Donor 7955,Hotel,Ahmedabad
DNR510538,4,101.2,25.3,Donor 10539,Restaurant,Ahmedabad
DNR510554,4,83.63,20.91,Donor 10555,Cafeteria,Delhi NCR
DNR502157,4,67.61,16.9,Donor 2158,Household,Bengaluru
DNR510556,4,65.78,16.44,Donor 10557,Restaurant,Jaipur
DNR504813,4,116.53,29.13,Donor 4814,Restaurant,Bengaluru
DNR504816,4,109.71,27.43,Donor 4817,Grocery Store,Kolkata
DNR504823,4,115.32,28.83,Donor 4824,Cafeteria,Pune
DNR510536,4,102.18,25.54,Donor 10537,Event,Jaipur
DNR503954,4,108.87,27.22,Donor 3955,Grocery Store,Delhi NCR
DNR503956,4,129.72,32.43,Donor 3957,Cafeteria,Delhi NCR
DNR503957,4,127.99,32.0,Donor 3958,Cafeteria,Delhi NCR
DNR502987,4,140.77,35.19,Donor 2988,Restaurant,Hyderabad
DNR510053,4,127.49,31.87,Donor 10054,Event,Delhi NCR
DNR510056,4,140.7,35.17,Donor 10057,Hotel,Jaipur
DNR509457,4,125.65,31.41,Donor 9458,Bakery,Delhi NCR
DNR502991,4,96.79,24.2,Donor 2992,Hotel,Jaipur
DNR503003,4,90.43,22.61,Donor 3004,Grocery Store,Ahmedabad
DNR506355,4,99.84,24.96,Donor 6356,Household,Chennai
DNR507973,4,139.44,34.86,Donor 7974,Grocery Store,Hyderabad
DNR508873,4,78.31,19.58,Donor 8874,Grocery Store,Hyderabad
DNR510561,4,118.36,29.59,Donor 10562,Restaurant,Kolkata
DNR508874,4,97.67,24.42,Donor 8875,Restaurant,Kolkata
DNR508877,4,90.01,22.5,Donor 8878,Cafeteria,Pune
DNR508879,4,158.06,39.52,Donor 8880,Cafeteria,Mumbai
DNR502087,4,124.09,31.02,Donor 2088,Restaurant,Ahmedabad
DNR502091,4,95.59,23.9,Donor 2092,Restaurant,Jaipur
DNR504941,4,115.99,29.0,Donor 4942,Hotel,Delhi NCR
DNR504915,4,121.6,30.4,Donor 4916,Restaurant,Ahmedabad
DNR504920,4,129.47,32.37,Donor 4921,Bakery,Remote
DNR502125,4,134.45,33.61,Donor 2126,Grocery Store,Mumbai
DNR510618,4,135.03,33.76,Donor 10619,Event,Mumbai
DNR508853,4,99.05,24.76,Donor 8854,Household,Remote
DNR506323,4,93.31,23.33,Donor 6324,Hotel,Bengaluru
DNR511441,4,106.33,26.58,Donor 11442,Household,Delhi NCR
DNR506338,4,141.77,35.44,Donor 6339,Household,Kolkata
DNR506303,4,179.41,44.85,Donor 6304,Cafeteria,Kolkata
DNR504902,4,93.94,23.48,Donor 4903,Household,Chennai
DNR510589,4,115.27,28.82,Donor 10590,Restaurant,Hyderabad
DNR504908,4,67.01,16.75,Donor 4909,Event,Chennai
DNR507565,4,146.85,36.71,Donor 7566,Household,Remote
DNR503913,4,151.12,37.78,Donor 3914,Cafeteria,Ahmedabad
DNR503019,4,90.78,22.7,Donor 3020,Household,Chennai
DNR509484,4,35.65,8.91,Donor 9485,Restaurant,Bengaluru
DNR507553,4,100.95,25.24,Donor 7554,Cafeteria,Delhi NCR
DNR500293,4,104.49,26.12,Donor 294,Cafeteria,Delhi NCR
DNR503883,4,155.34,38.84,Donor 3884,Event,Kolkata
DNR503026,4,85.57,21.39,Donor 3027,Bakery,Mumbai
DNR503009,4,85.38,21.34,Donor 3010,Restaurant,Hyderabad
DNR503012,4,141.02,35.26,Donor 3013,Hotel,Hyderabad
DNR508830,4,162.4,40.6,Donor 8831,Cafeteria,Kolkata
DNR507984,4,72.58,18.14,Donor 7985,Restaurant,Jaipur
DNR507987,4,39.13,9.78,Donor 7988,Restaurant,Hyderabad
DNR507997,4,85.4,21.35,Donor 7998,Event,Bengaluru
DNR506294,4,82.93,20.73,Donor 6295,Grocery Store,Ahmedabad
DNR506295,4,101.46,25.36,Donor 6296,Household,Kolkata
DNR502079,4,123.45,30.86,Donor 2080,Cafeteria,Delhi NCR
DNR510696,4,146.32,36.58,Donor 10697,Cafeteria,Delhi NCR
DNR510697,4,87.17,21.79,Donor 10698,Hotel,Chennai
DNR505042,4,106.32,26.58,Donor 5043,Household,Pune
DNR505017,4,52.32,13.08,Donor 5018,Household,Mumbai
DNR504993,4,94.63,23.66,Donor 4994,Restaurant,Remote
DNR504998,4,61.39,15.35,Donor 4999,Hotel,Mumbai
DNR502025,4,106.01,26.5,Donor 2026,Restaurant,Hyderabad
DNR502029,4,173.76,43.44,Donor 2030,Hotel,Delhi NCR
DNR502030,4,82.01,20.5,Donor 2031,Cafeteria,Hyderabad
DNR505002,4,146.72,36.68,Donor 5003,Hotel,Bengaluru
DNR506302,4,122.25,30.56,Donor 6303,Hotel,Pune
DNR502076,4,92.1,23.02,Donor 2077,Restaurant,Jaipur
DNR504951,4,99.33,24.83,Donor 4952,Cafeteria,Chennai
DNR502062,4,61.83,15.46,Donor 2063,Restaurant,Kolkata
DNR502979,4,121.09,30.27,Donor 2980,Cafeteria,Mumbai
DNR503933,4,138.4,34.6,Donor 3934,Cafeteria,Jaipur
DNR506235,4,65.58,16.4,Donor 6236,Hotel,Ahmedabad
DNR508019,4,88.2,22.05,Donor 8020,Hotel,Remote
DNR508033,4,56.79,14.2,Donor 8034,Hotel,Kolkata
DNR508034,4,103.66,25.92,Donor 8035,Household,Mumbai
DNR506244,4,133.41,33.35,Donor 6245,Restaurant,Jaipur
DNR506260,4,166.26,41.56,Donor 6261,Hotel,Jaipur
DNR500902,4,54.3,13.58,Donor 903,Grocery Store,Hyderabad
DNR508007,4,183.44,45.86,Donor 8008,Event,Chennai
DNR508014,4,101.95,25.49,Donor 8015,Restaurant,Remote
DNR505062,4,106.49,26.62,Donor 5063,Restaurant,Kolkata
DNR505036,4,148.25,37.06,Donor 5037,Restaurant,Pune
DNR505037,4,94.01,23.5,Donor 5038,Restaurant,Mumbai
DNR502013,4,88.44,22.11,Donor 2014,Hotel,Pune
DNR510687,4,87.91,21.98,Donor 10688,Cafeteria,Mumbai
DNR510693,4,70.85,17.71,Donor 10694,Grocery Store,Remote
DNR510695,4,89.5,22.38,Donor 10696,Household,Jaipur
DNR511366,4,165.45,41.36,Donor 11367,Event,Kolkata
DNR500935,4,185.34,46.34,Donor 936,Cafeteria,Jaipur
DNR506207,4,101.26,25.32,Donor 6208,Restaurant,Bengaluru
DNR506214,4,112.06,28.02,Donor 6215,Restaurant,Pune
DNR506215,4,70.66,17.66,Donor 6216,Restaurant,Chennai
DNR505075,4,92.92,23.23,Donor 5076,Restaurant,Chennai
DNR508767,4,72.08,18.02,Donor 8768,Restaurant,Jaipur
DNR510718,4,79.82,19.95,Donor 10719,Restaurant,Kolkata
DNR501946,4,167.89,41.97,Donor 1947,Restaurant,Pune
DNR501952,4,84.05,21.01,Donor 1953,Household,Kolkata
DNR501957,4,83.57,20.89,Donor 1958,Restaurant,Jaipur
DNR501993,4,120.37,30.09,Donor 1994,Restaurant,Bengaluru
DNR501963,4,95.13,23.78,Donor 1964,Household,Chennai
DNR508782,4,109.17,27.29,Donor 8783,Bakery,Kolkata
DNR500914,4,94.88,23.72,Donor 915,Hotel,Delhi NCR
DNR500928,4,139.15,34.79,Donor 929,Event,Chennai
DNR503896,4,113.64,28.41,Donor 3897,Restaurant,Hyderabad
DNR503856,4,128.32,32.08,Donor 3857,Hotel,Jaipur
DNR503857,4,109.42,27.36,Donor 3858,Grocery Store,Pune
DNR503858,4,112.37,28.09,Donor 3859,Hotel,Jaipur
DNR507532,4,109.29,27.32,Donor 7533,Restaurant,Kolkata
DNR507534,4,108.64,27.16,Donor 7535,Cafeteria,Chennai
DNR507545,4,109.56,27.39,Donor 7546,Restaurant,Kolkata
DNR507035,4,108.12,27.03,Donor 7036,Cafeteria,Ahmedabad
DNR507038,4,120.59,30.15,Donor 7039,Cafeteria,Pune
DNR503056,4,157.18,39.3,Donor 3057,Restaurant,Mumbai
DNR510025,4,117.91,29.48,Donor 10026,Restaurant,Hyderabad
DNR503872,4,63.59,15.9,Donor 3873,Restaurant,Mumbai
DNR509489,4,116.6,29.15,Donor 9490,Household,Ahmedabad
DNR509491,4,88.44,22.11,Donor 9492,Event,Hyderabad
DNR501930,4,81.66,20.42,Donor 1931,Grocery Store,Jaipur
DNR506195,4,99.51,24.88,Donor 6196,Hotel,Delhi NCR
DNR503844,4,88.52,22.13,Donor 3845,Hotel,Bengaluru
DNR510004,4,133.71,33.43,Donor 10005,Cafeteria,Chennai
DNR510009,4,56.14,14.04,Donor 10010,Hotel,Bengaluru
DNR509507,4,108.6,27.15,Donor 9508,Restaurant,Bengaluru
DNR509509,4,143.4,35.85,Donor 9510,Restaurant,Jaipur
DNR501905,4,102.62,25.66,Donor 1906,Restaurant,Delhi NCR
DNR501922,4,101.59,25.4,Donor 1923,Cafeteria,Ahmedabad
DNR506178,4,61.78,15.44,Donor 6179,Cafeteria,Delhi NCR
DNR511353,4,121.04,30.26,Donor 11354,Bakery,Chennai
DNR511364,4,97.9,24.48,Donor 11365,Grocery Store,Remote
DNR500948,4,107.3,26.82,Donor 949,Event,Jaipur
DNR508041,4,166.17,41.54,Donor 8042,Restaurant,Delhi NCR
DNR508056,4,104.32,26.08,Donor 8057,Household,Ahmedabad
DNR501958,4,72.68,18.17,Donor 1959,Hotel,Remote
DNR510738,4,164.98,41.24,Donor 10739,Bakery,Jaipur
DNR501923,4,158.1,39.52,Donor 1924,Restaurant,Remote
DNR509550,4,132.72,33.18,Donor 9551,Cafeteria,Jaipur
DNR503758,4,81.37,20.34,Donor 3759,Household,Bengaluru
DNR500980,4,127.48,31.87,Donor 981,Cafeteria,Hyderabad
DNR506167,4,125.72,31.43,Donor 6168,Restaurant,Ahmedabad
DNR501869,4,132.6,33.15,Donor 1870,Household,Bengaluru
DNR501897,4,120.73,30.18,Donor 1898,Restaurant,Kolkata
DNR505143,4,99.23,24.81,Donor 5144,Grocery Store,Kolkata
DNR508746,4,66.83,16.71,Donor 8747,Restaurant,Kolkata
DNR505118,4,78.21,19.55,Donor 5119,Event,Hyderabad
DNR505085,4,80.75,20.19,Donor 5086,Restaurant,Mumbai
DNR503836,4,81.16,20.29,Donor 3837,Cafeteria,Chennai
DNR503839,4,110.41,27.6,Donor 3840,Household,Jaipur
DNR500242,4,109.28,27.32,Donor 243,Household,Mumbai
DNR500250,4,99.38,24.84,Donor 251,Household,Hyderabad
DNR511852,4,81.68,20.42,Donor 11853,Cafeteria,Bengaluru
DNR507090,4,156.51,39.13,Donor 7091,Cafeteria,Remote
DNR505132,4,141.08,35.27,Donor 5133,Household,Kolkata
DNR505139,4,144.41,36.1,Donor 5140,Cafeteria,Delhi NCR
DNR505140,4,109.1,27.28,Donor 5141,Household,Hyderabad
DNR510770,4,93.39,23.35,Donor 10771,Household,Delhi NCR
DNR510777,4,140.96,35.24,Donor 10778,Restaurant,Ahmedabad
DNR500995,4,80.67,20.17,Donor 996,Household,Remote
DNR501001,4,83.03,20.76,Donor 1002,Restaurant,Remote
DNR500968,4,64.42,16.1,Donor 969,Cafeteria,Delhi NCR
DNR509993,4,87.75,21.94,Donor 9994,Event,Ahmedabad
DNR509527,4,76.26,19.07,Donor 9528,Event,Delhi NCR
DNR503798,4,119.35,29.84,Donor 3799,Restaurant,Mumbai
DNR503799,4,115.02,28.76,Donor 3800,Restaurant,Chennai
DNR500210,4,87.67,21.92,Donor 211,Cafeteria,Hyderabad
DNR507113,4,82.32,20.58,Donor 7114,Restaurant,Bengaluru
DNR503782,4,132.86,33.22,Donor 3783,Cafeteria,Kolkata
DNR503117,4,106.73,26.68,Donor 3118,Event,Delhi NCR
DNR506110,4,120.43,30.11,Donor 6111,Hotel,Hyderabad
DNR506114,4,64.31,16.08,Donor 6115,Restaurant,Delhi NCR
DNR508084,4,154.31,38.58,Donor 8085,Cafeteria,Jaipur
DNR505226,4,67.02,16.76,Donor 5227,Household,Remote
DNR505207,4,128.64,32.16,Donor 5208,Cafeteria,Chennai
DNR505209,4,143.01,35.75,Donor 5210,Hotel,Mumbai
DNR505193,4,118.88,29.72,Donor 5194,Restaurant,Ahmedabad
DNR505174,4,73.12,18.28,Donor 5175,Hotel,Remote
DNR505182,4,115.63,28.91,Donor 5183,Grocery Store,Jaipur
DNR501825,4,110.76,27.69,Donor 1826,Cafeteria,Delhi NCR
DNR508072,4,125.07,31.27,Donor 8073,Hotel,Mumbai
DNR511330,4,160.45,40.11,Donor 11331,Restaurant,Mumbai
DNR501845,4,98.89,24.72,Donor 1846,Hotel,Remote
DNR508705,4,98.03,24.51,Donor 8706,Bakery,Hyderabad
DNR508710,4,81.11,20.28,Donor 8711,Cafeteria,Bengaluru
DNR508718,4,115.4,28.85,Donor 8719,Restaurant,Hyderabad
DNR507485,4,118.75,29.69,Donor 7486,Event,Kolkata
DNR500220,4,74.34,18.58,Donor 221,Restaurant,Delhi NCR
DNR511865,4,151.18,37.8,Donor 11866,Household,Pune
DNR500191,4,138.37,34.59,Donor 192,Bakery,Kolkata
DNR507124,4,113.44,28.36,Donor 7125,Hotel,Pune
DNR507131,4,85.57,21.39,Donor 7132,Cafeteria,Jaipur
DNR503775,4,105.42,26.36,Donor 3776,Bakery,Mumbai
DNR503740,4,75.47,18.87,Donor 3741,Restaurant,Delhi NCR
DNR503747,4,97.44,24.36,Donor 3748,Household,Pune
DNR509963,4,111.95,27.99,Donor 9964,Cafeteria,Delhi NCR
DNR509965,4,134.99,33.75,Donor 9966,Cafeteria,Kolkata
DNR509966,4,76.28,19.07,Donor 9967,Cafeteria,Pune
DNR509971,4,79.68,19.92,Donor 9972,Restaurant,Ahmedabad
DNR508653,4,114.61,28.65,Donor 8654,Household,Kolkata
DNR501049,4,109.16,27.29,Donor 1050,Cafeteria,Ahmedabad
DNR506134,4,108.49,27.12,Donor 6135,Restaurant,Mumbai
DNR500169,4,155.84,38.96,Donor 170,Event,Pune
DNR500170,4,70.14,17.54,Donor 171,Restaurant,Bengaluru
DNR500171,4,82.89,20.72,Donor 172,Household,Delhi NCR
DNR503127,4,105.39,26.35,Donor 3128,Event,Bengaluru
DNR503132,4,94.28,23.57,Donor 3133,Bakery,Remote
DNR509571,4,113.73,28.43,Donor 9572,Hotel,Chennai
DNR508636,4,89.3,22.32,Donor 8637,Cafeteria,Kolkata
DNR505262,4,100.73,25.18,Donor 5263,Cafeteria,Kolkata
DNR510859,4,98.73,24.68,Donor 10860,Hotel,Kolkata
DNR510863,4,78.14,19.54,Donor 10864,Restaurant,Chennai
DNR511316,4,150.32,37.58,Donor 11317,Restaurant,Hyderabad
DNR508088,4,118.73,29.68,Donor 8089,Hotel,Hyderabad
DNR501818,4,134.31,33.58,Donor 1819,Restaurant,Remote
DNR501782,4,138.84,34.71,Donor 1783,Restaurant,Mumbai
DNR501798,4,104.39,26.1,Donor 1799,Cafeteria,Jaipur
DNR508641,4,57.97,14.49,Donor 8642,Restaurant,Ahmedabad
DNR508580,4,90.1,22.52,Donor 8581,Hotel,Hyderabad
DNR505310,4,77.43,19.36,Donor 5311,Hotel,Delhi NCR
DNR501729,4,97.29,24.32,Donor 1730,Restaurant,Pune
DNR501736,4,145.69,36.42,Donor 1737,Restaurant,Delhi NCR
DNR505325,4,96.67,24.17,Donor 5326,Household,Hyderabad
DNR501757,4,131.6,32.9,Donor 1758,Cafeteria,Bengaluru
DNR510888,4,84.55,21.14,Donor 10889,Household,Jaipur
DNR506087,4,75.59,18.9,Donor 6088,Cafeteria,Remote
DNR506095,4,71.95,17.99,Donor 6096,Hotel,Hyderabad
DNR508107,4,117.11,29.28,Donor 8108,Bakery,Chennai
DNR508113,4,99.39,24.85,Donor 8114,Restaurant,Chennai
DNR501778,4,108.96,27.24,Donor 1779,Restaurant,Pune
DNR508597,4,96.85,24.21,Donor 8598,Event,Mumbai
DNR508627,4,75.69,18.92,Donor 8628,Hotel,Chennai
DNR500195,4,80.04,20.01,Donor 196,Household,Kolkata
DNR500166,4,101.2,25.3,Donor 167,Household,Mumbai
DNR509590,4,112.91,28.23,Donor 9591,Restaurant,Hyderabad
DNR509592,4,129.09,32.27,Donor 9593,Hotel,Jaipur
DNR503171,4,51.36,12.84,Donor 3172,Cafeteria,Remote
DNR503145,4,81.95,20.49,Donor 3146,Household,Ahmedabad
DNR503695,4,96.46,24.12,Donor 3696,Event,Bengaluru
DNR509916,4,79.56,19.89,Donor 9917,Cafeteria,Pune
DNR503155,4,188.04,47.01,Donor 3156,Cafeteria,Chennai
DNR507444,4,91.72,22.93,Donor 7445,Household,Pune
DNR511887,4,154.9,38.72,Donor 11888,Hotel,Delhi NCR
DNR507159,4,88.59,22.15,Donor 7160,Household,Jaipur
DNR503668,4,92.87,23.22,Donor 3669,Restaurant,Hyderabad
DNR503675,4,45.26,11.32,Donor 3676,Restaurant,Jaipur
DNR509616,4,80.62,20.16,Donor 9617,Hotel,Pune
DNR501095,4,105.13,26.28,Donor 1096,Cafeteria,Remote
DNR501096,4,69.36,17.34,Donor 1097,Grocery Store,Hyderabad
DNR501098,4,53.09,13.27,Donor 1099,Grocery Store,Jaipur
DNR505377,4,127.86,31.96,Donor 5378,Household,Jaipur
DNR508574,4,138.89,34.72,Donor 8575,Grocery Store,Jaipur
DNR505349,4,116.04,29.01,Donor 5350,Restaurant,Kolkata
DNR505353,4,100.67,25.17,Donor 5354,Cafeteria,Chennai
DNR506078,4,55.87,13.97,Donor 6079,Cafeteria,Kolkata
DNR506080,4,119.43,29.86,Donor 6081,Household,Kolkata
DNR506051,4,86.03,21.51,Donor 6052,Restaurant,Kolkata
DNR506053,4,61.07,15.27,Donor 6054,Restaurant,Pune
DNR508121,4,134.33,33.58,Donor 8122,Restaurant,Kolkata
DNR511267,4,88.16,22.04,Donor 11268,Grocery Store,Mumbai
DNR501106,4,97.9,24.48,Donor 1107,Cafeteria,Delhi NCR
DNR501706,4,94.29,23.57,Donor 1707,Hotel,Mumbai
DNR505342,4,124.63,31.16,Donor 5343,Restaurant,Pune
DNR508114,4,147.3,36.83,Donor 8115,Restaurant,Delhi NCR
DNR508116,4,60.95,15.24,Donor 8117,Household,Mumbai
DNR503701,4,60.68,15.17,Donor 3702,Hotel,Jaipur
DNR506010,4,114.27,28.57,Donor 6011,Event,Chennai
DNR501165,4,106.17,26.54,Donor 1166,Restaurant,Delhi NCR
DNR508520,4,102.9,25.72,Donor 8521,Restaurant,Mumbai
DNR501668,4,84.8,21.2,Donor 1669,Cafeteria,Remote
DNR501636,4,142.37,35.59,Donor 1637,Household,Ahmedabad
DNR508538,4,117.66,29.42,Donor 8539,Event,Bengaluru
DNR510924,4,137.55,34.39,Donor 10925,Grocery Store,Bengaluru
DNR510933,4,114.89,28.72,Donor 10934,Bakery,Jaipur
DNR510934,4,95.78,23.94,Donor 10935,Household,Bengaluru
DNR505388,4,155.17,38.79,Donor 5389,Restaurant,Hyderabad
DNR508126,4,78.17,19.54,Donor 8127,Event,Hyderabad
DNR506029,4,98.37,24.59,Donor 6030,Cafeteria,Remote
DNR501150,4,114.39,28.6,Donor 1151,Cafeteria,Delhi NCR
DNR501130,4,101.77,25.44,Donor 1131,Restaurant,Mumbai
DNR510912,4,109.71,27.43,Donor 10913,Restaurant,Kolkata
DNR510916,4,103.23,25.81,Donor 10917,Bakery,Ahmedabad
DNR503211,4,117.78,29.44,Donor 3212,Hotel,Remote
DNR503180,4,141.7,35.42,Donor 3181,Household,Hyderabad
DNR507229,4,132.82,33.2,Donor 7230,Bakery,Delhi NCR
DNR507235,4,58.55,14.64,Donor 7236,Cafeteria,Ahmedabad
DNR503235,4,146.5,36.62,Donor 3236,Restaurant,Delhi NCR
DNR509910,4,97.76,24.44,Donor 9911,Household,Hyderabad
DNR503635,4,88.18,22.04,Donor 3636,Bakery,Pune
DNR503616,4,104.83,26.21,Donor 3617,Grocery Store,Chennai
DNR503617,4,116.68,29.17,Donor 3618,Household,Mumbai
DNR509642,4,96.87,24.22,Donor 9643,Cafeteria,Ahmedabad
DNR505417,4,93.2,23.3,Donor 5418,Grocery Store,Ahmedabad
DNR505434,4,71.06,17.76,Donor 5435,Restaurant,Hyderabad
DNR510945,4,113.83,28.46,Donor 10946,Hotel,Remote
DNR501618,4,150.49,37.62,Donor 1619,Restaurant,Chennai
DNR506036,4,101.87,25.47,Donor 6037,Household,Jaipur
DNR508152,4,105.02,26.26,Donor 8153,Hotel,Hyderabad
DNR505945,4,105.31,26.33,Donor 5946,Restaurant,Kolkata
DNR501614,4,89.52,22.38,Donor 1615,Event,Mumbai
DNR510966,4,160.71,40.18,Donor 10967,Grocery Store,Ahmedabad
DNR510971,4,48.75,12.19,Donor 10972,Cafeteria,Kolkata
DNR501138,4,95.41,23.85,Donor 1139,Household,Remote
DNR511229,4,90.55,22.64,Donor 11230,Hotel,Kolkata
DNR511252,4,66.22,16.56,Donor 11253,Household,Jaipur
DNR506018,4,109.97,27.49,Donor 6019,Household,Delhi NCR
DNR508164,4,65.41,16.35,Donor 8165,Cafeteria,Bengaluru
DNR508508,4,82.31,20.58,Donor 8509,Cafeteria,Kolkata
DNR505441,4,125.4,31.35,Donor 5442,Hotel,Pune
DNR505446,4,108.27,27.07,Donor 5447,Restaurant,Hyderabad
DNR501603,4,125.74,31.44,Donor 1604,Event,Hyderabad
DNR501607,4,92.99,23.25,Donor 1608,Cafeteria,Bengaluru
DNR503202,4,96.99,24.25,Donor 3203,Grocery Store,Mumbai
DNR503205,4,158.21,39.55,Donor 3206,Hotel,Kolkata
DNR511187,4,92.92,23.23,Donor 11188,Grocery Store,Delhi NCR
DNR505951,4,91.45,22.86,Donor 5952,Household,Kolkata
DNR505953,4,55.95,13.99,Donor 5954,Event,Pune
DNR508198,4,114.18,28.54,Donor 8199,Household,Bengaluru
DNR501533,4,138.7,34.67,Donor 1534,Restaurant,Delhi NCR
DNR510981,4,124.0,31.0,Donor 10982,Hotel,Bengaluru
DNR510984,4,94.72,23.68,Donor 10985,Event,Kolkata
DNR510986,4,142.24,35.56,Donor 10987,Restaurant,Remote
DNR510988,4,172.79,43.2,Donor 10989,Household,Mumbai
DNR505517,4,150.05,37.51,Donor 5518,Cafeteria,Hyderabad
DNR505531,4,87.29,21.82,Donor 5532,Grocery Store,Remote
DNR505532,4,90.57,22.64,Donor 5533,Cafeteria,Bengaluru
DNR501574,4,92.48,23.12,Donor 1575,Restaurant,Hyderabad
DNR505486,4,94.29,23.57,Donor 5487,Event,Jaipur
DNR505969,4,70.95,17.74,Donor 5970,Restaurant,Jaipur
DNR505979,4,63.67,15.92,Donor 5980,Cafeteria,Bengaluru
DNR509644,4,105.51,26.38,Donor 9645,Restaurant,Ahmedabad
DNR509645,4,76.51,19.13,Donor 9646,Bakery,Hyderabad
DNR509646,4,50.93,12.73,Donor 9647,Household,Mumbai
DNR503597,4,106.13,26.53,Donor 3598,Cafeteria,Remote
DNR503254,4,66.98,16.74,Donor 3255,Event,Ahmedabad
DNR507416,4,118.4,29.6,Donor 7417,Cafeteria,Hyderabad
DNR500140,4,131.05,32.76,Donor 141,Cafeteria,Hyderabad
DNR500112,4,103.1,25.78,Donor 113,Restaurant,Delhi NCR
DNR500114,4,100.76,25.19,Donor 115,Household,Jaipur
DNR500121,4,72.26,18.07,Donor 122,Event,Jaipur
DNR500123,4,145.13,36.28,Donor 124,Hotel,Kolkata
DNR503233,4,87.92,21.98,Donor 3234,Household,Bengaluru
DNR503275,4,87.69,21.92,Donor 3276,Event,Remote
DNR509880,4,110.62,27.66,Donor 9881,Bakery,Chennai
DNR509893,4,97.57,24.39,Donor 9894,Event,Remote
DNR501562,4,102.44,25.61,Donor 1563,Hotel,Delhi NCR
DNR505563,4,128.94,32.24,Donor 5564,Hotel,Ahmedabad
DNR501504,4,130.76,32.69,Donor 1505,Grocery Store,Bengaluru
DNR508441,4,122.56,30.64,Donor 8442,Grocery Store,Jaipur
DNR508445,4,116.62,29.16,Donor 8446,Grocery Store,Mumbai
DNR505538,4,103.23,25.81,Donor 5539,Restaurant,Kolkata
DNR505551,4,75.59,18.9,Donor 5552,Restaurant,Ahmedabad
DNR508212,4,83.9,20.98,Donor 8213,Restaurant,Ahmedabad
DNR501223,4,74.95,18.74,Donor 1224,Restaurant,Chennai
DNR501227,4,134.49,33.62,Donor 1228,Hotel,Mumbai
DNR501230,4,81.79,20.45,Donor 1231,Restaurant,Remote
DNR501231,4,145.35,36.34,Donor 1232,Restaurant,Mumbai
DNR508218,4,85.86,21.46,Donor 8219,Cafeteria,Delhi NCR
DNR508229,4,74.47,18.62,Donor 8230,Restaurant,Jaipur
DNR508462,4,106.81,26.7,Donor 8463,Restaurant,Chennai
DNR508465,4,77.89,19.47,Donor 8466,Restaurant,Bengaluru
DNR508467,4,111.35,27.84,Donor 8468,Hotel,Delhi NCR
DNR505644,4,159.76,39.94,Donor 5645,Household,Bengaluru
DNR505871,4,101.31,25.33,Donor 5872,Restaurant,Pune
DNR501282,4,108.35,27.09,Donor 1283,Restaurant,Pune
DNR505850,4,98.4,24.6,Donor 5851,Restaurant,Ahmedabad
DNR505865,4,151.82,37.96,Donor 5866,Hotel,Mumbai
DNR508386,4,127.19,31.8,Donor 8387,Grocery Store,Ahmedabad
DNR501445,4,85.89,21.47,Donor 1446,Grocery Store,Mumbai
DNR505616,4,68.71,17.18,Donor 5617,Restaurant,Mumbai
DNR508395,4,139.73,34.93,Donor 8396,Event,Remote
DNR511051,4,97.56,24.39,Donor 11052,Grocery Store,Hyderabad
DNR505587,4,58.41,14.6,Donor 5588,Hotel,Hyderabad
DNR511016,4,98.54,24.64,Donor 11017,Hotel,Chennai
DNR511167,4,81.31,20.33,Donor 11168,Cafeteria,Jaipur
DNR501242,4,82.59,20.65,Donor 1243,Cafeteria,Hyderabad
DNR501248,4,83.51,20.88,Donor 1249,Cafeteria,Kolkata
DNR505899,4,147.04,36.76,Donor 5900,Household,Kolkata
DNR503586,4,82.4,20.6,Donor 3587,Restaurant,Bengaluru
DNR503589,4,125.4,31.35,Donor 3590,Household,Remote
DNR503591,4,128.34,32.08,Donor 3592,Hotel,Bengaluru
DNR509866,4,60.62,15.16,Donor 9867,Grocery Store,Pune
DNR509667,4,59.62,14.9,Donor 9668,Cafeteria,Pune
DNR509670,4,97.15,24.29,Donor 9671,Hotel,Kolkata
DNR511916,4,75.34,18.84,Donor 11917,Cafeteria,Remote
DNR511921,4,61.62,15.4,Donor 11922,Hotel,Ahmedabad
DNR511923,4,52.2,13.05,Donor 11924,Restaurant,Bengaluru
DNR507258,4,82.43,20.61,Donor 7259,Cafeteria,Hyderabad
DNR503542,4,110.62,27.66,Donor 3543,Restaurant,Hyderabad
DNR509841,4,74.19,18.55,Donor 9842,Event,Chennai
DNR503548,4,99.8,24.95,Donor 3549,Cafeteria,Kolkata
DNR511068,4,85.78,21.44,Donor 11069,Cafeteria,Mumbai
DNR501422,4,89.75,22.44,Donor 1423,Cafeteria,Chennai
DNR501427,4,138.66,34.66,Donor 1428,Cafeteria,Remote
DNR503442,4,87.06,21.76,Donor 3443,Event,Remote
DNR501357,4,98.18,24.54,Donor 1358,Bakery,Delhi NCR
DNR505811,4,114.69,28.67,Donor 5812,Household,Remote
DNR501339,4,86.33,21.58,Donor 1340,Household,Remote
DNR501320,4,163.91,40.98,Donor 1321,Event,Bengaluru
DNR501321,4,119.67,29.92,Donor 1322,Cafeteria,Pune
DNR505730,4,133.11,33.28,Donor 5731,Hotel,Pune
DNR501369,4,82.99,20.75,Donor 1370,Hotel,Jaipur
DNR508323,4,105.96,26.49,Donor 8324,Cafeteria,Hyderabad
DNR508332,4,91.83,22.96,Donor 8333,Restaurant,Delhi NCR
DNR503506,4,122.86,30.72,Donor 3507,Restaurant,Pune
DNR503518,4,62.47,15.62,Donor 3519,Event,Kolkata
DNR503525,4,88.23,22.06,Donor 3526,Hotel,Ahmedabad
DNR503537,4,81.67,20.42,Donor 3538,Household,Hyderabad
DNR503330,4,150.97,37.74,Donor 3331,Cafeteria,Mumbai
DNR511946,4,99.86,24.96,Donor 11947,Household,Hyderabad
DNR507305,4,112.22,28.06,Donor 7306,Household,Kolkata
DNR507308,4,133.29,33.32,Donor 7309,Event,Ahmedabad
DNR509785,4,99.3,24.82,Donor 9786,Restaurant,Pune
DNR503399,4,101.72,25.43,Donor 3400,Grocery Store,Ahmedabad
DNR508287,4,136.05,34.01,Donor 8288,Bakery,Kolkata
DNR505799,4,123.38,30.84,Donor 5800,Household,Mumbai
DNR505770,4,169.39,42.35,Donor 5771,Restaurant,Ahmedabad
DNR508299,4,121.02,30.26,Donor 8300,Hotel,Bengaluru
DNR500023,4,106.45,26.61,Donor 24,Event,Kolkata
DNR503347,4,75.24,18.81,Donor 3348,Restaurant,Pune
DNR503349,4,92.38,23.1,Donor 3350,Restaurant,Bengaluru
DNR509791,4,119.89,29.97,Donor 9792,Restaurant,Jaipur
DNR511961,4,118.43,29.61,Donor 11962,Event,Pune
DNR500088,4,76.97,19.24,Donor 89,Restaurant,Jaipur
DNR500061,4,135.15,33.79,Donor 62,Restaurant,Mumbai
DNR500064,4,146.69,36.67,Donor 65,Event,Remote
DNR500027,3,89.27,29.76,Donor 28,Cafeteria,Kolkata
DNR507340,3,54.3,18.1,Donor 7341,Event,Delhi NCR
DNR507299,3,61.93,20.64,Donor 7300,Restaurant,Hyderabad
DNR507300,3,52.36,17.45,Donor 7301,Event,Jaipur
DNR507310,3,111.31,37.1,Donor 7311,Grocery Store,Kolkata
DNR507311,3,46.96,15.65,Donor 7312,Cafeteria,Remote
DNR507315,3,89.41,29.8,Donor 7316,Bakery,Chennai
DNR507375,3,44.67,14.89,Donor 7376,Household,Remote
DNR507373,3,32.37,10.79,Donor 7374,Hotel,Kolkata
DNR507292,3,52.23,17.41,Donor 7293,Restaurant,Bengaluru
DNR507288,3,50.82,16.94,Donor 7289,Bakery,Remote
DNR507278,3,57.07,19.02,Donor 7279,Household,Pune
DNR507348,3,47.03,15.68,Donor 7349,Cafeteria,Kolkata
DNR507346,3,115.93,38.64,Donor 7347,Cafeteria,Hyderabad
DNR500037,3,203.96,67.99,Donor 38,Bakery,Kolkata
DNR500070,3,61.81,20.6,Donor 71,Restaurant,Kolkata
DNR500055,3,91.19,30.4,Donor 56,Restaurant,Jaipur
DNR500086,3,94.12,31.37,Donor 87,Restaurant,Delhi NCR
DNR500050,3,48.37,16.12,Donor 51,Restaurant,Remote
DNR509744,3,49.9,16.63,Donor 9745,Cafeteria,Kolkata
DNR509742,3,62.78,20.93,Donor 9743,Household,Chennai
DNR503476,3,108.81,36.27,Donor 3477,Restaurant,Bengaluru
DNR503365,3,57.87,19.29,Donor 3366,Hotel,Kolkata
DNR501347,3,94.76,31.59,Donor 1348,Household,Delhi NCR
DNR501379,3,73.41,24.47,Donor 1380,Event,Jaipur
DNR501373,3,71.92,23.97,Donor 1374,Household,Delhi NCR
DNR508313,3,61.73,20.58,Donor 8314,Household,Pune
DNR508311,3,93.51,31.17,Donor 8312,Household,Ahmedabad
DNR508306,3,75.65,25.22,Donor 8307,Grocery Store,Jaipur
DNR508295,3,54.29,18.1,Donor 8296,Household,Chennai
DNR505788,3,77.53,25.84,Donor 5789,Restaurant,Ahmedabad
DNR505787,3,137.46,45.82,Donor 5788,Restaurant,Remote
DNR505773,3,75.47,25.16,Donor 5774,Grocery Store,Bengaluru
DNR505807,3,116.54,38.85,Donor 5808,Household,Ahmedabad
DNR505806,3,82.01,27.34,Donor 5807,Restaurant,Mumbai
DNR505797,3,93.87,31.29,Donor 5798,Cafeteria,Bengaluru
DNR505795,3,66.02,22.01,Donor 5796,Cafeteria,Chennai
DNR511136,3,53.51,17.84,Donor 11137,Cafeteria,Chennai
DNR511127,3,45.86,15.29,Donor 11128,Restaurant,Kolkata
DNR508279,3,81.36,27.12,Donor 8280,Cafeteria,Bengaluru
DNR508278,3,105.44,35.15,Donor 8279,Cafeteria,Hyderabad
DNR505827,3,67.15,22.38,Donor 5828,Restaurant,Jaipur
DNR505824,3,58.64,19.55,Donor 5825,Restaurant,Delhi NCR
DNR501322,3,84.97,28.32,Donor 1323,Cafeteria,Hyderabad
DNR501302,3,52.52,17.51,Donor 1303,Cafeteria,Hyderabad
DNR501332,3,59.52,19.84,Donor 1333,Grocery Store,Delhi NCR
DNR505817,3,47.65,15.88,Donor 5818,Grocery Store,Bengaluru
DNR505843,3,71.58,23.86,Donor 5844,Restaurant,Chennai
DNR505768,3,115.06,38.35,Donor 5769,Event,Kolkata
DNR505762,3,107.26,35.75,Donor 5763,Restaurant,Delhi NCR
DNR501358,3,65.92,21.97,Donor 1359,Hotel,Delhi NCR
DNR501355,3,115.42,38.47,Donor 1356,Restaurant,Chennai
DNR501353,3,79.17,26.39,Donor 1354,Restaurant,Kolkata
DNR501352,3,72.07,24.02,Donor 1353,Hotel,Mumbai
DNR501351,3,71.99,24.0,Donor 1352,Restaurant,Bengaluru
DNR511090,3,44.21,14.74,Donor 11091,Household,Mumbai
DNR501416,3,82.46,27.49,Donor 1417,Grocery Store,Mumbai
DNR501412,3,68.29,22.76,Donor 1413,Event,Kolkata
DNR501408,3,48.16,16.05,Donor 1409,Cafeteria,Jaipur
DNR505714,3,63.43,21.14,Donor 5715,Cafeteria,Chennai
DNR508331,3,102.06,34.02,Donor 8332,Cafeteria,Delhi NCR
DNR508329,3,91.0,30.33,Donor 8330,Event,Mumbai
DNR508315,3,57.85,19.28,Donor 8316,Household,Jaipur
DNR505746,3,135.14,45.05,Donor 5747,Bakery,Kolkata
DNR505745,3,112.08,37.36,Donor 5746,Bakery,Remote
DNR501367,3,78.74,26.25,Donor 1368,Cafeteria,Remote
DNR501364,3,71.26,23.75,Donor 1365,Event,Remote
DNR501361,3,123.42,41.14,Donor 1362,Cafeteria,Bengaluru
DNR501388,3,80.95,26.98,Donor 1389,Grocery Store,Delhi NCR
DNR505735,3,57.92,19.31,Donor 5736,Restaurant,Kolkata
DNR505734,3,106.57,35.52,Donor 5735,Grocery Store,Pune
DNR501294,3,70.59,23.53,Donor 1295,Restaurant,Ahmedabad
DNR501287,3,46.3,15.43,Donor 1288,Restaurant,Bengaluru
DNR511147,3,105.97,35.32,Donor 11148,Hotel,Ahmedabad
DNR501326,3,35.55,11.85,Donor 1327,Hotel,Delhi NCR
DNR505833,3,56.75,18.92,Donor 5834,Restaurant,Remote
DNR505832,3,96.27,32.09,Donor 5833,Grocery Store,Remote
DNR508276,3,67.49,22.5,Donor 8277,Restaurant,Jaipur
DNR508269,3,83.5,27.83,Donor 8270,Restaurant,Jaipur
DNR508268,3,95.53,31.84,Donor 8269,Hotel,Remote
DNR505670,3,58.6,19.53,Donor 5671,Event,Ahmedabad
DNR505704,3,78.27,26.09,Donor 5705,Hotel,Bengaluru
DNR505702,3,67.24,22.41,Donor 5703,Restaurant,Delhi NCR
DNR505694,3,76.66,25.55,Donor 5695,Cafeteria,Ahmedabad
DNR508346,3,61.89,20.63,Donor 8347,Cafeteria,Delhi NCR
DNR505725,3,31.56,10.52,Donor 5726,Hotel,Chennai
DNR505720,3,49.64,16.55,Donor 5721,Cafeteria,Mumbai
DNR501436,3,50.16,16.72,Donor 1437,Event,Mumbai
DNR501425,3,96.84,32.28,Donor 1426,Cafeteria,Remote
DNR511060,3,70.06,23.35,Donor 11061,Event,Jaipur
DNR505658,3,56.59,18.86,Donor 5659,Cafeteria,Chennai
DNR508374,3,59.68,19.89,Donor 8375,Hotel,Mumbai
DNR505687,3,74.88,24.96,Donor 5688,Hotel,Pune
DNR501402,3,71.39,23.8,Donor 1403,Cafeteria,Hyderabad
DNR511086,3,47.07,15.69,Donor 11087,Cafeteria,Remote
DNR511078,3,59.86,19.95,Donor 11079,Grocery Store,Remote
DNR511072,3,137.87,45.96,Donor 11073,Grocery Store,Mumbai
DNR505682,3,93.87,31.29,Donor 5683,Cafeteria,Delhi NCR
DNR505681,3,69.44,23.15,Donor 5682,Household,Pune
DNR505677,3,33.93,11.31,Donor 5678,Cafeteria,Hyderabad
DNR505673,3,82.05,27.35,Donor 5674,Event,Pune
DNR505837,3,97.53,32.51,Donor 5838,Hotel,Jaipur
DNR501298,3,78.77,26.26,Donor 1299,Restaurant,Delhi NCR
DNR508389,3,59.28,19.76,Donor 8390,Household,Kolkata
DNR508381,3,84.98,28.33,Donor 8382,Grocery Store,Kolkata
DNR508267,3,62.96,20.99,Donor 8268,Cafeteria,Remote
DNR508258,3,48.57,16.19,Donor 8259,Restaurant,Delhi NCR
DNR505866,3,75.76,25.25,Donor 5867,Event,Jaipur
DNR505856,3,53.47,17.82,Donor 5857,Cafeteria,Jaipur
DNR505888,3,56.33,18.78,Donor 5889,Household,Kolkata
DNR505887,3,66.4,22.13,Donor 5888,Restaurant,Pune
DNR501271,3,88.3,29.43,Donor 1272,Hotel,Jaipur
DNR501268,3,124.83,41.61,Donor 1269,Restaurant,Mumbai
DNR501300,3,77.66,25.89,Donor 1301,Hotel,Chennai
DNR508252,3,45.61,15.2,Donor 8253,Restaurant,Delhi NCR
DNR505649,3,59.58,19.86,Donor 5650,Event,Chennai
DNR505648,3,71.72,23.91,Donor 5649,Event,Remote
DNR505637,3,103.45,34.48,Donor 5638,Cafeteria,Kolkata
DNR505663,3,93.59,31.2,Donor 5664,Restaurant,Bengaluru
DNR511037,3,68.28,22.76,Donor 11038,Restaurant,Delhi NCR
DNR511035,3,121.45,40.48,Donor 11036,Hotel,Bengaluru
DNR511034,3,83.82,27.94,Donor 11035,Grocery Store,Remote
DNR501493,3,93.56,31.19,Donor 1494,Cafeteria,Ahmedabad
DNR501490,3,34.0,11.33,Donor 1491,Cafeteria,Bengaluru
DNR508396,3,63.29,21.1,Donor 8397,Restaurant,Kolkata
DNR505610,3,47.1,15.7,Donor 5611,Household,Ahmedabad
DNR505606,3,52.21,17.4,Donor 5607,Hotel,Chennai
DNR505605,3,53.55,17.85,Donor 5606,Grocery Store,Ahmedabad
DNR505599,3,69.74,23.25,Donor 5600,Grocery Store,Bengaluru
DNR505598,3,64.76,21.59,Donor 5599,Restaurant,Kolkata
DNR501444,3,51.59,17.2,Donor 1445,Restaurant,Chennai
DNR501472,3,112.63,37.54,Donor 1473,Grocery Store,Kolkata
DNR505624,3,106.05,35.35,Donor 5625,Restaurant,Pune
DNR508392,3,48.71,16.24,Donor 8393,Household,Pune
DNR508390,3,94.84,31.61,Donor 8391,Restaurant,Jaipur
DNR508420,3,76.72,25.57,Donor 8421,Restaurant,Hyderabad
DNR501486,3,98.19,32.73,Donor 1487,Cafeteria,Hyderabad
DNR511021,3,69.91,23.3,Donor 11022,Restaurant,Pune
DNR511019,3,101.32,33.77,Donor 11020,Event,Bengaluru
DNR511018,3,60.4,20.13,Donor 11019,Restaurant,Remote
DNR511014,3,84.7,28.23,Donor 11015,Restaurant,Hyderabad
DNR501519,3,61.52,20.51,Donor 1520,Restaurant,Remote
DNR508414,3,53.49,17.83,Donor 8415,Household,Kolkata
DNR505574,3,87.05,29.02,Donor 5575,Restaurant,Ahmedabad
DNR508405,3,42.29,14.1,Donor 8406,Bakery,Ahmedabad
DNR508404,3,60.18,20.06,Donor 8405,Restaurant,Jaipur
DNR508402,3,51.48,17.16,Donor 8403,Restaurant,Jaipur
DNR511047,3,65.98,21.99,Donor 11048,Event,Remote
DNR511045,3,118.19,39.4,Donor 11046,Bakery,Chennai
DNR511041,3,74.01,24.67,Donor 11042,Household,Chennai
DNR511040,3,48.62,16.21,Donor 11041,Restaurant,Chennai
DNR501538,3,83.52,27.84,Donor 1539,Household,Ahmedabad
DNR505565,3,69.44,23.15,Donor 5566,Household,Hyderabad
DNR508246,3,46.19,15.4,Donor 8247,Restaurant,Remote
DNR508242,3,62.1,20.7,Donor 8243,Restaurant,Bengaluru
DNR505904,3,124.54,41.51,Donor 5905,Household,Remote
DNR501246,3,62.79,20.93,Donor 1247,Household,Kolkata
DNR511177,3,70.27,23.42,Donor 11178,Restaurant,Remote
DNR511176,3,124.49,41.5,Donor 11177,Household,Delhi NCR
DNR511175,3,115.56,38.52,Donor 11176,Household,Pune
DNR511174,3,89.3,29.77,Donor 11175,Event,Remote
DNR511171,3,51.85,17.28,Donor 11172,Grocery Store,Hyderabad
DNR505889,3,82.13,27.38,Donor 5890,Cafeteria,Pune
DNR505561,3,82.78,27.59,Donor 5562,Grocery Store,Ahmedabad
DNR508433,3,52.24,17.41,Donor 8434,Household,Mumbai
DNR508431,3,105.92,35.31,Donor 8432,Cafeteria,Delhi NCR
DNR508422,3,112.8,37.6,Donor 8423,Restaurant,Chennai
DNR501552,3,83.97,27.99,Donor 1553,Household,Jaipur
DNR501544,3,65.19,21.73,Donor 1545,Restaurant,Ahmedabad
DNR508469,3,48.62,16.21,Donor 8470,Cafeteria,Delhi NCR
DNR508459,3,77.9,25.97,Donor 8460,Household,Mumbai
DNR508236,3,80.37,26.79,Donor 8237,Bakery,Remote
DNR501237,3,78.24,26.08,Donor 1238,Cafeteria,Bengaluru
DNR501256,3,50.66,16.89,Donor 1257,Restaurant,Pune
DNR501251,3,80.7,26.9,Donor 1252,Household,Ahmedabad
DNR505925,3,66.52,22.17,Donor 5926,Grocery Store,Delhi NCR
DNR505910,3,71.0,23.67,Donor 5911,Restaurant,Pune
DNR508450,3,62.35,20.78,Donor 8451,Household,Delhi NCR
DNR508447,3,89.84,29.95,Donor 8448,Household,Chennai
DNR508438,3,92.47,30.82,Donor 8439,Restaurant,Chennai
DNR508437,3,77.2,25.73,Donor 8438,Restaurant,Delhi NCR
DNR501505,3,48.18,16.06,Donor 1506,Restaurant,Bengaluru
DNR511011,3,67.98,22.66,Donor 11012,Event,Chennai
DNR505938,3,125.54,41.85,Donor 5939,Cafeteria,Delhi NCR
DNR505935,3,56.37,18.79,Donor 5936,Event,Hyderabad
DNR505931,3,74.29,24.76,Donor 5932,Cafeteria,Mumbai
DNR505928,3,52.89,17.63,Donor 5929,Hotel,Hyderabad
DNR505927,3,113.61,37.87,Donor 5928,Household,Kolkata
DNR505955,3,92.42,30.81,Donor 5956,Restaurant,Jaipur
DNR501196,3,102.54,34.18,Donor 1197,Household,Ahmedabad
DNR511197,3,62.65,20.88,Donor 11198,Household,Hyderabad
DNR505949,3,84.31,28.1,Donor 5950,Bakery,Chennai
DNR501531,3,95.68,31.89,Donor 1532,Cafeteria,Kolkata
DNR501527,3,86.22,28.74,Donor 1528,Event,Pune
DNR501524,3,91.54,30.51,Donor 1525,Event,Kolkata
DNR501523,3,55.34,18.45,Donor 1524,Restaurant,Hyderabad
DNR501522,3,130.89,43.63,Donor 1523,Restaurant,Ahmedabad
DNR501554,3,66.01,22.0,Donor 1555,Cafeteria,Delhi NCR
DNR501553,3,56.18,18.73,Donor 1554,Restaurant,Hyderabad
DNR508489,3,57.99,19.33,Donor 8490,Cafeteria,Chennai
DNR508486,3,100.55,33.52,Donor 8487,Restaurant,Mumbai
DNR508485,3,57.35,19.12,Donor 8486,Bakery,Delhi NCR
DNR508479,3,69.12,23.04,Donor 8480,Event,Mumbai
DNR501577,3,74.68,24.89,Donor 1578,Event,Chennai
DNR501564,3,56.98,18.99,Donor 1565,Grocery Store,Kolkata
DNR501597,3,59.14,19.71,Donor 1598,Household,Hyderabad
DNR501595,3,40.96,13.65,Donor 1596,Household,Jaipur
DNR505534,3,79.37,26.46,Donor 5535,Cafeteria,Jaipur
DNR505530,3,81.96,27.32,Donor 5531,Event,Hyderabad
DNR505527,3,28.44,9.48,Donor 5528,Bakery,Bengaluru
DNR501543,3,108.96,36.32,Donor 1544,Hotel,Chennai
DNR501541,3,93.0,31.0,Donor 1542,Household,Delhi NCR
DNR501540,3,46.75,15.58,Donor 1541,Grocery Store,Ahmedabad
DNR510979,3,87.14,29.05,Donor 10980,Restaurant,Pune
DNR505940,3,114.44,38.15,Donor 5941,Restaurant,Chennai
DNR505494,3,73.38,24.46,Donor 5495,Restaurant,Bengaluru
DNR505490,3,128.32,42.77,Donor 5491,Bakery,Kolkata
DNR508197,3,113.46,37.82,Donor 8198,Cafeteria,Pune
DNR508191,3,96.25,32.08,Donor 8192,Hotel,Mumbai
DNR508182,3,72.66,24.22,Donor 8183,Household,Bengaluru
DNR505974,3,80.0,26.67,Donor 5975,Household,Bengaluru
DNR501173,3,89.6,29.87,Donor 1174,Hotel,Delhi NCR
DNR501209,3,33.76,11.25,Donor 1210,Hotel,Jaipur
DNR501205,3,109.63,36.54,Donor 1206,Household,Kolkata
DNR508177,3,84.91,28.3,Donor 8178,Household,Jaipur
DNR508172,3,58.13,19.38,Donor 8173,Hotel,Bengaluru
DNR508170,3,50.65,16.88,Donor 8171,Household,Ahmedabad
DNR508167,3,82.78,27.59,Donor 8168,Restaurant,Remote
DNR505478,3,39.49,13.16,Donor 5479,Hotel,Jaipur
DNR508494,3,85.14,28.38,Donor 8495,Household,Jaipur
DNR508493,3,63.86,21.29,Donor 8494,Hotel,Mumbai
DNR505987,3,50.35,16.78,Donor 5988,Event,Jaipur
DNR505985,3,53.08,17.69,Donor 5986,Household,Chennai
DNR506020,3,101.41,33.8,Donor 6021,Hotel,Pune
DNR506014,3,73.86,24.62,Donor 6015,Household,Hyderabad
DNR501153,3,78.5,26.17,Donor 1154,Household,Bengaluru
DNR511253,3,69.36,23.12,Donor 11254,Restaurant,Bengaluru
DNR511226,3,51.47,17.16,Donor 11227,Restaurant,Remote
DNR501590,3,61.79,20.6,Donor 1591,Restaurant,Chennai
DNR501582,3,72.05,24.02,Donor 1583,Bakery,Jaipur
DNR510974,3,100.28,33.43,Donor 10975,Household,Kolkata
DNR510972,3,73.19,24.4,Donor 10973,Restaurant,Kolkata
DNR510969,3,68.45,22.82,Donor 10970,Restaurant,Pune
DNR510958,3,61.55,20.52,Donor 10959,Household,Jaipur
DNR501613,3,67.29,22.43,Donor 1614,Household,Remote
DNR505471,3,93.66,31.22,Donor 5472,Hotel,Kolkata
DNR505463,3,49.24,16.41,Donor 5464,Hotel,Hyderabad
DNR501621,3,103.62,34.54,Donor 1622,Cafeteria,Delhi NCR
DNR501620,3,45.9,15.3,Donor 1621,Restaurant,Kolkata
DNR510948,3,68.16,22.72,Donor 10949,Event,Delhi NCR
DNR510942,3,82.23,27.41,Donor 10943,Restaurant,Mumbai
DNR510941,3,71.88,23.96,Donor 10942,Cafeteria,Pune
DNR505435,3,49.3,16.43,Donor 5436,Cafeteria,Hyderabad
DNR505433,3,101.99,34.0,Donor 5434,Cafeteria,Kolkata
DNR505429,3,84.69,28.23,Donor 5430,Hotel,Delhi NCR
DNR505458,3,114.79,38.26,Donor 5459,Restaurant,Jaipur
DNR505457,3,55.87,18.62,Donor 5458,Event,Hyderabad
DNR505452,3,25.11,8.37,Donor 5453,Household,Mumbai
DNR501605,3,79.59,26.53,Donor 1606,Restaurant,Bengaluru
DNR501627,3,78.13,26.04,Donor 1628,Grocery Store,Hyderabad
DNR508506,3,44.2,14.73,Donor 8507,Hotel,Hyderabad
DNR508505,3,78.42,26.14,Donor 8506,Household,Bengaluru
DNR506000,3,137.08,45.69,Donor 6001,Hotel,Ahmedabad
DNR505404,3,98.75,32.92,Donor 5405,Grocery Store,Chennai
DNR505401,3,75.24,25.08,Donor 5402,Event,Chennai
DNR508533,3,87.23,29.08,Donor 8534,Household,Chennai
DNR508532,3,59.05,19.68,Donor 8533,Hotel,Chennai
DNR501137,3,106.5,35.5,Donor 1138,Grocery Store,Bengaluru
DNR501135,3,110.78,36.93,Donor 1136,Hotel,Bengaluru
DNR501134,3,68.44,22.81,Donor 1135,Cafeteria,Bengaluru
DNR501132,3,38.6,12.87,Donor 1133,Restaurant,Hyderabad
DNR501158,3,120.45,40.15,Donor 1159,Grocery Store,Pune
DNR506009,3,89.15,29.72,Donor 6010,Restaurant,Mumbai
DNR508159,3,54.06,18.02,Donor 8160,Event,Mumbai
DNR508154,3,116.31,38.77,Donor 8155,Hotel,Kolkata
DNR508149,3,152.43,50.81,Donor 8150,Event,Remote
DNR508147,3,59.93,19.98,Donor 8148,Restaurant,Mumbai
DNR508518,3,64.17,21.39,Donor 8519,Restaurant,Chennai
DNR505439,3,125.59,41.86,Donor 5440,Event,Jaipur
DNR505386,3,101.32,33.77,Donor 5387,Household,Kolkata
DNR501658,3,74.71,24.9,Donor 1659,Household,Hyderabad
DNR510931,3,75.99,25.33,Donor 10932,Event,Bengaluru
DNR510925,3,39.03,13.01,Donor 10926,Restaurant,Delhi NCR
DNR510923,3,43.11,14.37,Donor 10924,Grocery Store,Delhi NCR
DNR501691,3,88.9,29.63,Donor 1692,Hotel,Bengaluru
DNR501685,3,81.71,27.24,Donor 1686,Household,Jaipur
DNR505379,3,69.72,23.24,Donor 5380,Restaurant,Bengaluru
DNR508549,3,102.81,34.27,Donor 8550,Restaurant,Bengaluru
DNR505408,3,139.03,46.34,Donor 5409,Restaurant,Remote
DNR505405,3,68.31,22.77,Donor 5406,Hotel,Kolkata
DNR510939,3,102.8,34.27,Donor 10940,Restaurant,Bengaluru
DNR501655,3,50.07,16.69,Donor 1656,Cafeteria,Ahmedabad
DNR501647,3,62.1,20.7,Donor 1648,Household,Ahmedabad
DNR501640,3,81.3,27.1,Donor 1641,Hotel,Kolkata
DNR501673,3,87.73,29.24,Donor 1674,Cafeteria,Remote
DNR505374,3,29.49,9.83,Donor 5375,Restaurant,Chennai
DNR511264,3,127.71,42.57,Donor 11265,Hotel,Remote
DNR501121,3,65.2,21.73,Donor 1122,Household,Pune
DNR501120,3,28.42,9.47,Donor 1121,Hotel,Hyderabad
DNR501119,3,47.51,15.84,Donor 1120,Grocery Store,Chennai
DNR501118,3,94.68,31.56,Donor 1119,Grocery Store,Ahmedabad
DNR501117,3,112.05,37.35,Donor 1118,Restaurant,Kolkata
DNR501116,3,56.29,18.76,Donor 1117,Household,Remote
DNR501142,3,102.01,34.0,Donor 1143,Restaurant,Bengaluru
DNR506028,3,79.14,26.38,Donor 6029,Hotel,Bengaluru
DNR506026,3,104.64,34.88,Donor 6027,Household,Hyderabad
DNR508134,3,48.71,16.24,Donor 8135,Bakery,Hyderabad
DNR508133,3,52.98,17.66,Donor 8134,Household,Chennai
DNR505373,3,67.85,22.62,Donor 5374,Bakery,Remote
DNR505396,3,72.12,24.04,Donor 5397,Household,Pune
DNR505393,3,15.17,5.06,Donor 5394,Household,Ahmedabad
DNR501709,3,73.78,24.59,Donor 1710,Restaurant,Bengaluru
DNR501698,3,86.17,28.72,Donor 1699,Event,Bengaluru
DNR505354,3,87.45,29.15,Donor 5355,Household,Ahmedabad
DNR501103,3,83.04,27.68,Donor 1104,Restaurant,Remote
DNR501102,3,135.03,45.01,Donor 1103,Bakery,Hyderabad
DNR501101,3,94.41,31.47,Donor 1102,Restaurant,Chennai
DNR511274,3,54.42,18.14,Donor 11275,Cafeteria,Remote
DNR511270,3,76.92,25.64,Donor 11271,Household,Chennai
DNR511268,3,88.02,29.34,Donor 11269,Event,Kolkata
DNR508563,3,146.36,48.79,Donor 8564,Restaurant,Hyderabad
DNR501684,3,48.54,16.18,Donor 1685,Cafeteria,Chennai
DNR501683,3,83.48,27.83,Donor 1684,Restaurant,Pune
DNR501677,3,79.22,26.41,Donor 1678,Cafeteria,Bengaluru
DNR501676,3,89.13,29.71,Donor 1677,Household,Jaipur
DNR510919,3,44.29,14.76,Donor 10920,Restaurant,Pune
DNR510911,3,100.85,33.62,Donor 10912,Hotel,Bengaluru
DNR508591,3,58.53,19.51,Donor 8592,Restaurant,Pune
DNR506073,3,72.13,24.04,Donor 6074,Restaurant,Ahmedabad
DNR506071,3,72.16,24.05,Donor 6072,Event,Remote
DNR501084,3,92.9,30.97,Donor 1085,Event,Remote
DNR501079,3,62.06,20.69,Donor 1080,Restaurant,Ahmedabad
DNR508117,3,38.49,12.83,Donor 8118,Hotel,Ahmedabad
DNR508579,3,88.48,29.49,Donor 8580,Restaurant,Remote
DNR505345,3,48.95,16.32,Donor 5346,Restaurant,Pune
DNR505340,3,105.69,35.23,Donor 5341,Restaurant,Mumbai
DNR505334,3,80.57,26.86,Donor 5335,Cafeteria,Remote
DNR505332,3,174.79,58.26,Donor 5333,Cafeteria,Hyderabad
DNR505329,3,83.15,27.72,Donor 5330,Household,Jaipur
DNR505361,3,80.28,26.76,Donor 5362,Restaurant,Chennai
DNR505359,3,115.43,38.48,Donor 5360,Cafeteria,Pune
DNR505357,3,77.74,25.91,Donor 5358,Restaurant,Chennai
DNR505355,3,50.66,16.89,Donor 5356,Hotel,Bengaluru
DNR510893,3,84.02,28.01,Donor 10894,Household,Jaipur
DNR510892,3,92.17,30.72,Donor 10893,Restaurant,Hyderabad
DNR510886,3,100.04,33.35,Donor 10887,Event,Mumbai
DNR501763,3,89.6,29.87,Donor 1764,Event,Chennai
DNR505307,3,101.92,33.97,Donor 5308,Restaurant,Delhi NCR
DNR505306,3,98.65,32.88,Donor 5307,Restaurant,Kolkata
DNR505305,3,90.71,30.24,Donor 5306,Bakery,Remote
DNR505303,3,99.15,33.05,Donor 5304,Grocery Store,Hyderabad
DNR505299,3,115.09,38.36,Donor 5300,Hotel,Bengaluru
DNR505327,3,52.86,17.62,Donor 5328,Restaurant,Chennai
DNR501720,3,104.64,34.88,Donor 1721,Restaurant,Mumbai
DNR501719,3,55.96,18.65,Donor 1720,Hotel,Chennai
DNR501716,3,85.39,28.46,Donor 1717,Cafeteria,Bengaluru
DNR505321,3,65.46,21.82,Donor 5322,Event,Chennai
DNR505313,3,79.6,26.53,Donor 5314,Restaurant,Ahmedabad
DNR505312,3,102.74,34.25,Donor 5313,Cafeteria,Pune
DNR510882,3,98.48,32.83,Donor 10883,Restaurant,Remote
DNR510867,3,39.68,13.23,Donor 10868,Cafeteria,Chennai
DNR501728,3,68.71,22.9,Donor 1729,Grocery Store,Delhi NCR
DNR508109,3,89.03,29.68,Donor 8110,Restaurant,Remote
DNR501071,3,51.44,17.15,Donor 1072,Cafeteria,Kolkata
DNR501068,3,48.64,16.21,Donor 1069,Event,Chennai
DNR501062,3,68.11,22.7,Donor 1063,Household,Kolkata
DNR501058,3,86.14,28.71,Donor 1059,Bakery,Kolkata
DNR511305,3,85.46,28.49,Donor 11306,Household,Jaipur
DNR511298,3,123.01,41.0,Donor 11299,Cafeteria,Bengaluru
DNR506082,3,65.82,21.94,Donor 6083,Hotel,Delhi NCR
DNR508098,3,74.7,24.9,Donor 8099,Household,Pune
DNR508097,3,90.79,30.26,Donor 8098,Restaurant,Jaipur
DNR510902,3,74.24,24.75,Donor 10903,Event,Hyderabad
DNR510897,3,112.52,37.51,Donor 10898,Restaurant,Remote
DNR510896,3,40.77,13.59,Donor 10897,Hotel,Pune
DNR505236,3,57.54,19.18,Donor 5237,Hotel,Remote
DNR501773,3,74.2,24.73,Donor 1774,Grocery Store,Bengaluru
DNR501767,3,67.24,22.41,Donor 1768,Restaurant,Remote
DNR510861,3,75.23,25.08,Donor 10862,Restaurant,Ahmedabad
DNR510860,3,48.67,16.22,Donor 10861,Hotel,Chennai
DNR510849,3,52.96,17.65,Donor 10850,Restaurant,Bengaluru
DNR505260,3,98.54,32.85,Donor 5261,Restaurant,Remote
DNR508631,3,101.31,33.77,Donor 8632,Grocery Store,Pune
DNR508620,3,89.85,29.95,Donor 8621,Hotel,Ahmedabad
DNR508617,3,69.96,23.32,Donor 8618,Bakery,Hyderabad
DNR505290,3,60.42,20.14,Donor 5291,Restaurant,Kolkata
DNR505286,3,85.48,28.49,Donor 5287,Bakery,Delhi NCR
DNR505283,3,54.23,18.08,Donor 5284,Bakery,Bengaluru
DNR508613,3,26.72,8.91,Donor 8614,Cafeteria,Delhi NCR
DNR508611,3,56.46,18.82,Donor 8612,Event,Mumbai
DNR508608,3,84.29,28.1,Donor 8609,Hotel,Chennai
DNR508095,3,90.21,30.07,Donor 8096,Cafeteria,Bengaluru
DNR508090,3,97.77,32.59,Donor 8091,Household,Jaipur
DNR501043,3,55.13,18.38,Donor 1044,Bakery,Bengaluru
DNR501040,3,63.96,21.32,Donor 1041,Grocery Store,Chennai
DNR511321,3,55.05,18.35,Donor 11322,Household,Remote
DNR511320,3,83.66,27.89,Donor 11321,Cafeteria,Delhi NCR
DNR511317,3,75.99,25.33,Donor 11318,Cafeteria,Kolkata
DNR511314,3,82.99,27.66,Donor 11315,Hotel,Remote
DNR511311,3,59.31,19.77,Donor 11312,Hotel,Jaipur
DNR501078,3,42.84,14.28,Donor 1079,Restaurant,Bengaluru
DNR501076,3,61.69,20.56,Donor 1077,Restaurant,Mumbai
DNR501074,3,58.34,19.45,Donor 1075,Cafeteria,Chennai
DNR508086,3,96.37,32.12,Donor 8087,Hotel,Chennai
DNR505248,3,118.57,39.52,Donor 5249,Cafeteria,Remote
DNR505246,3,118.09,39.36,Donor 5247,Restaurant,Jaipur
DNR505245,3,83.13,27.71,Donor 5246,Restaurant,Jaipur
DNR510809,3,49.22,16.41,Donor 10810,Grocery Store,Jaipur
DNR501843,3,53.64,17.88,Donor 1844,Restaurant,Ahmedabad
DNR501841,3,93.17,31.06,Donor 1842,Restaurant,Bengaluru
DNR506117,3,61.73,20.58,Donor 6118,Hotel,Jaipur
DNR506106,3,88.54,29.51,Donor 6107,Restaurant,Ahmedabad
DNR501036,3,39.9,13.3,Donor 1037,Household,Kolkata
DNR501031,3,72.87,24.29,Donor 1032,Household,Chennai
DNR501055,3,111.67,37.22,Donor 1056,Bakery,Delhi NCR
DNR501002,3,32.33,10.78,Donor 1003,Cafeteria,Pune
DNR511341,3,113.72,37.91,Donor 11342,Restaurant,Jaipur
DNR505220,3,42.64,14.21,Donor 5221,Household,Bengaluru
DNR505219,3,40.0,13.33,Donor 5220,Household,Kolkata
DNR501803,3,71.79,23.93,Donor 1804,Restaurant,Ahmedabad
DNR501794,3,99.74,33.25,Donor 1795,Hotel,Delhi NCR
DNR505253,3,71.06,23.69,Donor 5254,Household,Mumbai
DNR508096,3,100.91,33.64,Donor 8097,Household,Bengaluru
DNR501828,3,143.31,47.77,Donor 1829,Event,Bengaluru
DNR501827,3,38.74,12.91,Donor 1828,Event,Hyderabad
DNR510803,3,74.24,24.75,Donor 10804,Household,Jaipur
DNR510801,3,60.36,20.12,Donor 10802,Household,Chennai
DNR510800,3,90.39,30.13,Donor 10801,Hotel,Hyderabad
DNR510799,3,84.56,28.19,Donor 10800,Grocery Store,Delhi NCR
DNR505169,3,114.32,38.11,Donor 5170,Restaurant,Jaipur
DNR505167,3,59.13,19.71,Donor 5168,Cafeteria,Mumbai
DNR505194,3,80.96,26.99,Donor 5195,Event,Remote
DNR505187,3,79.48,26.49,Donor 5188,Hotel,Ahmedabad
DNR505186,3,68.6,22.87,Donor 5187,Grocery Store,Bengaluru
DNR505204,3,54.08,18.03,Donor 5205,Bakery,Hyderabad
DNR508682,3,69.21,23.07,Donor 8683,Restaurant,Mumbai
DNR508675,3,80.5,26.83,Donor 8676,Grocery Store,Chennai
DNR510831,3,71.4,23.8,Donor 10832,Cafeteria,Mumbai
DNR510829,3,63.11,21.04,Donor 10830,Bakery,Ahmedabad
DNR508692,3,84.81,28.27,Donor 8693,Cafeteria,Chennai
DNR511339,3,98.35,32.78,Donor 11340,Cafeteria,Remote
DNR511337,3,74.12,24.71,Donor 11338,Hotel,Delhi NCR
DNR511331,3,127.93,42.64,Donor 11332,Restaurant,Kolkata
DNR511328,3,61.42,20.47,Donor 11329,Grocery Store,Remote
DNR501038,3,80.06,26.69,Donor 1039,Cafeteria,Delhi NCR
DNR501037,3,79.92,26.64,Donor 1038,Restaurant,Jaipur
DNR506131,3,81.81,27.27,Donor 6132,Hotel,Mumbai
DNR506129,3,74.23,24.74,Donor 6130,Event,Jaipur
DNR506124,3,102.36,34.12,Donor 6125,Grocery Store,Remote
DNR508083,3,89.79,29.93,Donor 8084,Event,Delhi NCR
DNR508081,3,55.39,18.46,Donor 8082,Bakery,Mumbai
DNR508079,3,51.07,17.02,Donor 8080,Household,Kolkata
DNR508068,3,124.64,41.55,Donor 8069,Household,Chennai
DNR501838,3,71.67,23.89,Donor 1839,Household,Jaipur
DNR501832,3,95.27,31.76,Donor 1833,Restaurant,Chennai
DNR505128,3,94.7,31.57,Donor 5129,Restaurant,Chennai
DNR505126,3,111.97,37.32,Donor 5127,Hotel,Mumbai
DNR508716,3,44.03,14.68,Donor 8717,Household,Kolkata
DNR508711,3,44.0,14.67,Donor 8712,Cafeteria,Delhi NCR
DNR508706,3,89.51,29.84,Donor 8707,Household,Bengaluru
DNR508704,3,78.15,26.05,Donor 8705,Hotel,Delhi NCR
DNR510786,3,44.02,14.67,Donor 10787,Event,Ahmedabad
DNR501864,3,47.14,15.71,Donor 1865,Restaurant,Delhi NCR
DNR501863,3,86.45,28.82,Donor 1864,Household,Bengaluru
DNR501854,3,95.81,31.94,Donor 1855,Restaurant,Delhi NCR
DNR501853,3,64.88,21.63,Donor 1854,Restaurant,Pune
DNR501850,3,75.73,25.24,Donor 1851,Household,Bengaluru
DNR505164,3,60.74,20.25,Donor 5165,Household,Remote
DNR505153,3,95.7,31.9,Donor 5154,Cafeteria,Chennai
DNR508702,3,60.58,20.19,Donor 8703,Household,Pune
DNR508700,3,138.96,46.32,Donor 8701,Restaurant,Ahmedabad
DNR500965,3,63.86,21.29,Donor 966,Event,Hyderabad
DNR500964,3,114.64,38.21,Donor 965,Cafeteria,Ahmedabad
DNR500993,3,57.02,19.01,Donor 994,Household,Remote
DNR500986,3,69.49,23.16,Donor 987,Grocery Store,Kolkata
DNR500982,3,90.13,30.04,Donor 983,Household,Kolkata
DNR501019,3,88.96,29.65,Donor 1020,Hotel,Chennai
DNR501012,3,112.24,37.41,Donor 1013,Restaurant,Hyderabad
DNR501010,3,62.48,20.83,Donor 1011,Household,Delhi NCR
DNR501009,3,88.26,29.42,Donor 1010,Restaurant,Pune
DNR508063,3,46.8,15.6,Donor 8064,Restaurant,Chennai
DNR506153,3,66.07,22.02,Donor 6154,Cafeteria,Ahmedabad
DNR506149,3,91.38,30.46,Donor 6150,Restaurant,Kolkata
DNR506147,3,64.93,21.64,Donor 6148,Hotel,Bengaluru
DNR506173,3,105.98,35.33,Donor 6174,Cafeteria,Jaipur
DNR510773,3,23.66,7.89,Donor 10774,Hotel,Ahmedabad
DNR501902,3,158.12,52.71,Donor 1903,Cafeteria,Delhi NCR
DNR501940,3,103.92,34.64,Donor 1941,Household,Jaipur
DNR501936,3,71.31,23.77,Donor 1937,Household,Jaipur
DNR501935,3,37.28,12.43,Donor 1936,Cafeteria,Pune
DNR505094,3,88.92,29.64,Donor 5095,Hotel,Hyderabad
DNR505117,3,84.21,28.07,Donor 5118,Hotel,Remote
DNR505116,3,152.63,50.88,Donor 5117,Hotel,Chennai
DNR505115,3,66.05,22.02,Donor 5116,Hotel,Delhi NCR
DNR505111,3,56.34,18.78,Donor 5112,Restaurant,Kolkata
DNR508728,3,86.32,28.77,Donor 8729,Bakery,Bengaluru
DNR501899,3,101.19,33.73,Donor 1900,Grocery Store,Jaipur
DNR510754,3,72.93,24.31,Donor 10755,Restaurant,Hyderabad
DNR506169,3,86.14,28.71,Donor 6170,Cafeteria,Bengaluru
DNR511345,3,86.77,28.92,Donor 11346,Event,Jaipur
DNR500975,3,84.68,28.23,Donor 976,Event,Delhi NCR
DNR500970,3,54.83,18.28,Donor 971,Cafeteria,Delhi NCR
DNR500967,3,34.69,11.56,Donor 968,Grocery Store,Jaipur
DNR508760,3,36.37,12.12,Donor 8761,Restaurant,Remote
DNR508759,3,52.69,17.56,Donor 8760,Restaurant,Delhi NCR
DNR508051,3,62.81,20.94,Donor 8052,Hotel,Kolkata
DNR508042,3,73.49,24.5,Donor 8043,Cafeteria,Hyderabad
DNR500950,3,86.0,28.67,Donor 951,Hotel,Ahmedabad
DNR511361,3,33.01,11.0,Donor 11362,Event,Delhi NCR
DNR511359,3,58.88,19.63,Donor 11360,Grocery Store,Mumbai
DNR506188,3,90.41,30.14,Donor 6189,Grocery Store,Pune
DNR506186,3,79.5,26.5,Donor 6187,Household,Pune
DNR506180,3,78.01,26.0,Donor 6181,Restaurant,Pune
DNR506179,3,50.51,16.84,Donor 6180,Restaurant,Chennai
DNR501920,3,91.88,30.63,Donor 1921,Household,Hyderabad
DNR501918,3,84.21,28.07,Donor 1919,Household,Delhi NCR
DNR501917,3,59.82,19.94,Donor 1918,Event,Chennai
DNR501911,3,39.05,13.02,Donor 1912,Cafeteria,Bengaluru
DNR501909,3,177.94,59.31,Donor 1910,Grocery Store,Kolkata
DNR505077,3,111.35,37.12,Donor 5078,Cafeteria,Hyderabad
DNR505074,3,64.9,21.63,Donor 5075,Bakery,Delhi NCR
DNR506219,3,56.86,18.95,Donor 6220,Restaurant,Jaipur
DNR506216,3,76.0,25.33,Donor 6217,Cafeteria,Hyderabad
DNR506205,3,97.37,32.46,Donor 6206,Restaurant,Remote
DNR500933,3,113.54,37.85,Donor 934,Event,Chennai
DNR500930,3,82.03,27.34,Donor 931,Event,Pune
DNR511387,3,86.32,28.77,Donor 11388,Restaurant,Kolkata
DNR511374,3,32.87,10.96,Donor 11375,Restaurant,Remote
DNR511370,3,85.27,28.42,Donor 11371,Restaurant,Kolkata
DNR500960,3,120.7,40.23,Donor 961,Hotel,Mumbai
DNR510742,3,111.22,37.07,Donor 10743,Event,Ahmedabad
DNR510733,3,97.8,32.6,Donor 10734,Event,Pune
DNR510730,3,117.96,39.32,Donor 10731,Restaurant,Delhi NCR
DNR505069,3,95.41,31.8,Donor 5070,Grocery Store,Jaipur
DNR505064,3,40.16,13.39,Donor 5065,Hotel,Pune
DNR501972,3,72.42,24.14,Donor 1973,Household,Chennai
DNR501967,3,75.02,25.01,Donor 1968,Event,Delhi NCR
DNR501989,3,100.13,33.38,Donor 1990,Cafeteria,Chennai
DNR501950,3,54.3,18.1,Donor 1951,Hotel,Delhi NCR
DNR501947,3,39.05,13.02,Donor 1948,Restaurant,Ahmedabad
DNR501941,3,81.68,27.23,Donor 1942,Household,Pune
DNR510726,3,103.1,34.37,Donor 10727,Hotel,Chennai
DNR510714,3,88.17,29.39,Donor 10715,Restaurant,Mumbai
DNR510712,3,88.37,29.46,Donor 10713,Household,Delhi NCR
DNR510710,3,70.99,23.66,Donor 10711,Restaurant,Pune
DNR510708,3,40.38,13.46,Donor 10709,Cafeteria,Pune
DNR510707,3,71.12,23.71,Donor 10708,Cafeteria,Bengaluru
DNR508779,3,69.03,23.01,Donor 8780,Hotel,Kolkata
DNR508775,3,51.22,17.07,Donor 8776,Restaurant,Delhi NCR
DNR508773,3,89.26,29.75,Donor 8774,Cafeteria,Mumbai
DNR505078,3,107.83,35.94,Donor 5079,Cafeteria,Jaipur
DNR506249,3,67.28,22.43,Donor 6250,Hotel,Chennai
DNR506248,3,74.11,24.7,Donor 6249,Restaurant,Mumbai
DNR506283,3,83.57,27.86,Donor 6284,Restaurant,Mumbai
DNR508026,3,159.28,53.09,Donor 8027,Event,Remote
DNR508021,3,51.77,17.26,Donor 8022,Cafeteria,Remote
DNR508020,3,64.05,21.35,Donor 8021,Grocery Store,Chennai
DNR506237,3,40.89,13.63,Donor 6238,Cafeteria,Bengaluru
DNR500919,3,58.37,19.46,Donor 920,Cafeteria,Hyderabad
DNR500916,3,64.96,21.65,Donor 917,Event,Bengaluru
DNR500944,3,66.39,22.13,Donor 945,Household,Mumbai
DNR500941,3,47.84,15.95,Donor 942,Hotel,Ahmedabad
DNR500939,3,62.13,20.71,Donor 940,Event,Bengaluru
DNR506222,3,67.79,22.6,Donor 6223,Grocery Store,Jaipur
DNR505061,3,130.39,43.46,Donor 5062,Grocery Store,Pune
DNR505054,3,111.0,37.0,Donor 5055,Cafeteria,Kolkata
DNR505049,3,83.64,27.88,Donor 5050,Hotel,Remote
DNR510679,3,45.34,15.11,Donor 10680,Hotel,Remote
DNR505021,3,90.21,30.07,Donor 5022,Bakery,Chennai
DNR505016,3,59.52,19.84,Donor 5017,Cafeteria,Kolkata
DNR505014,3,131.92,43.97,Donor 5015,Grocery Store,Remote
DNR505012,3,89.17,29.72,Donor 5013,Cafeteria,Pune
DNR505008,3,44.8,14.93,Donor 5009,Household,Mumbai
DNR505045,3,74.39,24.8,Donor 5046,Cafeteria,Pune
DNR505033,3,60.79,20.26,Donor 5034,Restaurant,Delhi NCR
DNR508011,3,43.28,14.43,Donor 8012,Household,Hyderabad
DNR508009,3,62.77,20.92,Donor 8010,Bakery,Delhi NCR
DNR508002,3,97.64,32.55,Donor 8003,Hotel,Jaipur
DNR508001,3,70.06,23.35,Donor 8002,Household,Mumbai
DNR500901,3,90.25,30.08,Donor 902,Household,Ahmedabad
DNR511405,3,67.12,22.37,Donor 11406,Hotel,Kolkata
DNR511403,3,79.42,26.47,Donor 11404,Hotel,Hyderabad
DNR506254,3,83.2,27.73,Donor 6255,Cafeteria,Pune
DNR508813,3,72.6,24.2,Donor 8814,Restaurant,Chennai
DNR508812,3,77.48,25.83,Donor 8813,Bakery,Remote
DNR508811,3,53.18,17.73,Donor 8812,Household,Delhi NCR
DNR508809,3,52.3,17.43,Donor 8810,Household,Chennai
DNR502033,3,51.21,17.07,Donor 2034,Restaurant,Jaipur
DNR502022,3,88.73,29.58,Donor 2023,Event,Pune
DNR502053,3,102.77,34.26,Donor 2054,Cafeteria,Remote
DNR504995,3,73.49,24.5,Donor 4996,Cafeteria,Jaipur
DNR504992,3,114.66,38.22,Donor 4993,Restaurant,Hyderabad
DNR504991,3,96.89,32.3,Donor 4992,Household,Ahmedabad
DNR504990,3,91.78,30.59,Donor 4991,Household,Pune
DNR508795,3,73.77,24.59,Donor 8796,Hotel,Mumbai
DNR508791,3,70.65,23.55,Donor 8792,Hotel,Hyderabad
DNR502003,3,82.45,27.48,Donor 2004,Hotel,Pune
DNR510683,3,97.78,32.59,Donor 10684,Restaurant,Chennai
DNR510682,3,142.16,47.39,Donor 10683,Restaurant,Chennai
DNR504968,3,94.65,31.55,Donor 4969,Cafeteria,Ahmedabad
DNR508821,3,74.72,24.91,Donor 8822,Restaurant,Chennai
DNR508814,3,50.61,16.87,Donor 8815,Cafeteria,Hyderabad
DNR506280,3,73.4,24.47,Donor 6281,Restaurant,Remote
DNR500894,3,84.52,28.17,Donor 895,Cafeteria,Kolkata
DNR500885,3,82.21,27.4,Donor 886,Household,Remote
DNR500883,3,71.49,23.83,Donor 884,Household,Kolkata
DNR500882,3,40.34,13.45,Donor 883,Restaurant,Pune
DNR500878,3,78.82,26.27,Donor 879,Hotel,Pune
DNR500908,3,94.34,31.45,Donor 909,Grocery Store,Jaipur
DNR506276,3,45.73,15.24,Donor 6277,Cafeteria,Pune
DNR506273,3,97.46,32.49,Donor 6274,Restaurant,Ahmedabad
DNR506269,3,75.15,25.05,Donor 6270,Hotel,Kolkata
DNR506266,3,85.7,28.57,Donor 6267,Event,Chennai
DNR506265,3,78.34,26.11,Donor 6266,Cafeteria,Remote
DNR506300,3,54.83,18.28,Donor 6301,Grocery Store,Pune
DNR502066,3,72.06,24.02,Donor 2067,Event,Mumbai
DNR510629,3,35.62,11.87,Donor 10630,Cafeteria,Mumbai
DNR510628,3,126.58,42.19,Donor 10629,Hotel,Delhi NCR
DNR510626,3,46.15,15.38,Donor 10627,Bakery,Kolkata
DNR510623,3,75.89,25.3,Donor 10624,Restaurant,Delhi NCR
DNR510621,3,93.44,31.15,Donor 10622,Restaurant,Chennai
DNR504956,3,56.27,18.76,Donor 4957,Event,Chennai
DNR504955,3,72.45,24.15,Donor 4956,Hotel,Chennai
DNR504954,3,49.97,16.66,Donor 4955,Restaurant,Bengaluru
DNR504987,3,79.66,26.55,Donor 4988,Restaurant,Hyderabad
DNR504972,3,26.61,8.87,Donor 4973,Grocery Store,Kolkata
DNR510661,3,113.96,37.99,Donor 10662,Hotel,Remote
DNR510660,3,98.36,32.79,Donor 10661,Event,Jaipur
DNR510650,3,68.94,22.98,Donor 10651,Grocery Store,Pune
DNR502075,3,78.78,26.26,Donor 2076,Hotel,Hyderabad
DNR502074,3,82.02,27.34,Donor 2075,Restaurant,Pune
DNR508838,3,70.35,23.45,Donor 8839,Bakery,Remote
DNR506296,3,99.36,33.12,Donor 6297,Household,Hyderabad
DNR500867,3,58.75,19.58,Donor 868,Household,Pune
DNR500861,3,64.2,21.4,Donor 862,Restaurant,Hyderabad
DNR500859,3,105.87,35.29,Donor 860,Restaurant,Chennai
DNR511421,3,85.88,28.63,Donor 11422,Event,Delhi NCR
DNR511416,3,104.21,34.74,Donor 11417,Bakery,Bengaluru
DNR511412,3,113.61,37.87,Donor 11413,Household,Kolkata
DNR506290,3,88.14,29.38,Donor 6291,Event,Mumbai
DNR508829,3,65.24,21.75,Donor 8830,Hotel,Bengaluru
DNR504966,3,105.03,35.01,Donor 4967,Restaurant,Bengaluru
DNR504965,3,84.04,28.01,Donor 4966,Hotel,Hyderabad
DNR504963,3,129.98,43.33,Donor 4964,Household,Chennai
DNR504962,3,72.16,24.05,Donor 4963,Event,Kolkata
DNR502073,3,116.31,38.77,Donor 2074,Bakery,Chennai
DNR502068,3,72.92,24.31,Donor 2069,Restaurant,Jaipur
DNR508857,3,83.89,27.96,Donor 8858,Cafeteria,Remote
DNR502101,3,82.86,27.62,Donor 2102,Household,Kolkata
DNR510608,3,33.67,11.22,Donor 10609,Household,Delhi NCR
DNR510605,3,134.1,44.7,Donor 10606,Household,Bengaluru
DNR502130,3,109.81,36.6,Donor 2131,Household,Remote
DNR504916,3,101.68,33.89,Donor 4917,Household,Remote
DNR504914,3,125.92,41.97,Donor 4915,Cafeteria,Delhi NCR
DNR504949,3,67.39,22.46,Donor 4950,Grocery Store,Mumbai
DNR504948,3,56.33,18.78,Donor 4949,Hotel,Chennai
DNR504946,3,134.26,44.75,Donor 4947,Hotel,Jaipur
DNR504940,3,51.08,17.03,Donor 4941,Hotel,Ahmedabad
DNR502081,3,57.31,19.1,Donor 2082,Grocery Store,Kolkata
DNR502077,3,70.28,23.43,Donor 2078,Cafeteria,Jaipur
DNR502112,3,55.46,18.49,Donor 2113,Restaurant,Mumbai
DNR508841,3,59.07,19.69,Donor 8842,Household,Jaipur
DNR508839,3,52.46,17.49,Donor 8840,Household,Remote
DNR502145,3,114.46,38.15,Donor 2146,Household,Kolkata
DNR504903,3,81.51,27.17,Donor 4904,Event,Pune
DNR508867,3,86.96,28.99,Donor 8868,Household,Chennai
DNR506315,3,58.26,19.42,Donor 6316,Event,Ahmedabad
DNR506311,3,88.66,29.55,Donor 6312,Household,Mumbai
DNR506307,3,71.25,23.75,Donor 6308,Event,Delhi NCR
DNR506342,3,36.25,12.08,Donor 6343,Restaurant,Chennai
DNR506330,3,59.52,19.84,Donor 6331,Cafeteria,Pune
DNR511439,3,65.74,21.91,Donor 11440,Event,Kolkata
DNR511438,3,63.58,21.19,Donor 11439,Restaurant,Ahmedabad
DNR511436,3,76.09,25.36,Donor 11437,Event,Ahmedabad
DNR511435,3,74.7,24.9,Donor 11436,Grocery Store,Kolkata
DNR500876,3,112.39,37.46,Donor 877,Restaurant,Remote
DNR500873,3,79.91,26.64,Donor 874,Cafeteria,Pune
DNR508866,3,137.62,45.87,Donor 8867,Cafeteria,Ahmedabad
DNR508865,3,98.79,32.93,Donor 8866,Restaurant,Pune
DNR507960,3,61.44,20.48,Donor 7961,Event,Bengaluru
DNR506358,3,51.01,17.0,Donor 6359,Household,Pune
DNR506357,3,95.04,31.68,Donor 6358,Hotel,Chennai
DNR500827,3,82.13,27.38,Donor 828,Restaurant,Bengaluru
DNR500823,3,114.74,38.25,Donor 824,Cafeteria,Ahmedabad
DNR500817,3,67.39,22.46,Donor 818,Grocery Store,Remote
DNR500858,3,109.6,36.53,Donor 859,Household,Hyderabad
DNR500855,3,95.61,31.87,Donor 856,Household,Chennai
DNR504887,3,122.12,40.71,Donor 4888,Grocery Store,Kolkata
DNR502124,3,60.96,20.32,Donor 2125,Household,Bengaluru
DNR502121,3,99.02,33.01,Donor 2122,Bakery,Remote
DNR502119,3,102.81,34.27,Donor 2120,Restaurant,Jaipur
DNR502116,3,83.37,27.79,Donor 2117,Cafeteria,Ahmedabad
DNR510596,3,44.67,14.89,Donor 10597,Household,Mumbai
DNR510591,3,33.87,11.29,Donor 10592,Restaurant,Hyderabad
DNR502152,3,72.72,24.24,Donor 2153,Restaurant,Jaipur
DNR500797,3,132.12,44.04,Donor 798,Cafeteria,Mumbai
DNR511469,3,68.18,22.73,Donor 11470,Grocery Store,Bengaluru
DNR511466,3,67.84,22.61,Donor 11467,Restaurant,Kolkata
DNR511462,3,78.42,26.14,Donor 11463,Grocery Store,Remote
DNR511459,3,98.43,32.81,Donor 11460,Grocery Store,Kolkata
DNR511458,3,63.26,21.09,Donor 11459,Cafeteria,Ahmedabad
DNR506375,3,84.74,28.25,Donor 6376,Bakery,Mumbai
DNR504868,3,89.89,29.96,Donor 4869,Household,Bengaluru
DNR504854,3,61.48,20.49,Donor 4855,Restaurant,Bengaluru
DNR508885,3,98.27,32.76,Donor 8886,Cafeteria,Bengaluru
DNR502136,3,53.46,17.82,Donor 2137,Event,Pune
DNR510579,3,98.95,32.98,Donor 10580,Household,Remote
DNR510573,3,86.12,28.71,Donor 10574,Household,Mumbai
DNR507971,3,84.06,28.02,Donor 7972,Grocery Store,Mumbai
DNR507967,3,63.69,21.23,Donor 7968,Cafeteria,Chennai
DNR507962,3,111.59,37.2,Donor 7963,Hotel,Kolkata
DNR504827,3,88.17,29.39,Donor 4828,Restaurant,Kolkata
DNR502184,3,70.73,23.58,Donor 2185,Household,Remote
DNR510526,3,75.45,25.15,Donor 10527,Cafeteria,Pune
DNR510524,3,66.93,22.31,Donor 10525,Restaurant,Ahmedabad
DNR510518,3,55.38,18.46,Donor 10519,Household,Jaipur
DNR508898,3,122.14,40.71,Donor 8899,Restaurant,Ahmedabad
DNR508896,3,90.14,30.05,Donor 8897,Household,Ahmedabad
DNR508893,3,64.38,21.46,Donor 8894,Cafeteria,Kolkata
DNR510558,3,47.27,15.76,Donor 10559,Bakery,Hyderabad
DNR510546,3,72.06,24.02,Donor 10547,Cafeteria,Jaipur
DNR510539,3,61.44,20.48,Donor 10540,Cafeteria,Mumbai
DNR504849,3,89.27,29.76,Donor 4850,Grocery Store,Ahmedabad
DNR504846,3,105.33,35.11,Donor 4847,Restaurant,Delhi NCR
DNR504842,3,78.54,26.18,Donor 4843,Cafeteria,Mumbai
DNR506351,3,77.06,25.69,Donor 6352,Grocery Store,Delhi NCR
DNR507948,3,46.25,15.42,Donor 7949,Cafeteria,Chennai
DNR502235,3,36.45,12.15,Donor 2236,Hotel,Mumbai
DNR502232,3,76.61,25.54,Donor 2233,Restaurant,Remote
DNR504800,3,107.01,35.67,Donor 4801,Household,Jaipur
DNR506373,3,96.86,32.29,Donor 6374,Grocery Store,Ahmedabad
DNR506369,3,101.28,33.76,Donor 6370,Restaurant,Pune
DNR506394,3,70.94,23.65,Donor 6395,Bakery,Kolkata
DNR511483,3,90.08,30.03,Donor 11484,Household,Kolkata
DNR511481,3,99.53,33.18,Donor 11482,Cafeteria,Bengaluru
DNR506387,3,47.61,15.87,Donor 6388,Bakery,Ahmedabad
DNR507934,3,81.97,27.32,Donor 7935,Hotel,Hyderabad
DNR507933,3,83.6,27.87,Donor 7934,Restaurant,Pune
DNR508913,3,49.92,16.64,Donor 8914,Household,Mumbai
DNR508912,3,78.04,26.01,Donor 8913,Hotel,Pune
DNR508911,3,45.78,15.26,Donor 8912,Restaurant,Mumbai
DNR504830,3,115.22,38.41,Donor 4831,Restaurant,Bengaluru
DNR504828,3,85.81,28.6,Donor 4829,Restaurant,Remote
DNR507922,3,105.46,35.15,Donor 7923,Cafeteria,Chennai
DNR506420,3,80.52,26.84,Donor 6421,Restaurant,Remote
DNR506412,3,113.72,37.91,Donor 6413,Restaurant,Kolkata
DNR506403,3,112.77,37.59,Donor 6404,Cafeteria,Bengaluru
DNR506433,3,72.53,24.18,Donor 6434,Restaurant,Chennai
DNR500766,3,69.89,23.3,Donor 767,Restaurant,Hyderabad
DNR500761,3,74.09,24.7,Donor 762,Household,Mumbai
DNR511518,3,87.94,29.31,Donor 11519,Cafeteria,Ahmedabad
DNR511502,3,61.9,20.63,Donor 11503,Restaurant,Delhi NCR
DNR511495,3,62.98,20.99,Donor 11496,Household,Ahmedabad
DNR500788,3,56.74,18.91,Donor 789,Household,Mumbai
DNR506426,3,98.7,32.9,Donor 6427,Hotel,Mumbai
DNR508933,3,79.47,26.49,Donor 8934,Restaurant,Jaipur
DNR508927,3,54.01,18.0,Donor 8928,Bakery,Pune
DNR502206,3,115.98,38.66,Donor 2207,Cafeteria,Remote
DNR502203,3,86.95,28.98,Donor 2204,Cafeteria,Ahmedabad
DNR508976,3,84.58,28.19,Donor 8977,Restaurant,Delhi NCR
DNR508975,3,55.25,18.42,Donor 8976,Restaurant,Jaipur
DNR508971,3,110.46,36.82,Donor 8972,Restaurant,Delhi NCR
DNR504753,3,71.09,23.7,Donor 4754,Household,Kolkata
DNR504750,3,152.9,50.97,Donor 4751,Hotel,Mumbai
DNR504747,3,30.58,10.19,Donor 4748,Bakery,Delhi NCR
DNR508965,3,89.36,29.79,Donor 8966,Cafeteria,Hyderabad
DNR508954,3,73.52,24.51,Donor 8955,Cafeteria,Mumbai
DNR504769,3,43.35,14.45,Donor 4770,Event,Hyderabad
DNR502228,3,60.06,20.02,Donor 2229,Restaurant,Delhi NCR
DNR502223,3,74.08,24.69,Donor 2224,Household,Mumbai
DNR502215,3,62.6,20.87,Donor 2216,Restaurant,Mumbai
DNR510500,3,102.77,34.26,Donor 10501,Event,Bengaluru
DNR504759,3,57.71,19.24,Donor 4760,Household,Kolkata
DNR508942,3,43.26,14.42,Donor 8943,Household,Jaipur
DNR507932,3,70.19,23.4,Donor 7933,Restaurant,Bengaluru
DNR507913,3,79.23,26.41,Donor 7914,Restaurant,Ahmedabad
DNR507912,3,48.76,16.25,Donor 7913,Household,Chennai
DNR500755,3,67.87,22.62,Donor 756,Household,Jaipur
DNR500740,3,103.49,34.5,Donor 741,Restaurant,Chennai
DNR500738,3,80.67,26.89,Donor 739,Hotel,Delhi NCR
DNR506455,3,58.22,19.41,Donor 6456,Restaurant,Chennai
DNR506454,3,64.3,21.43,Donor 6455,Restaurant,Ahmedabad
DNR506447,3,76.76,25.59,Donor 6448,Restaurant,Delhi NCR
DNR506443,3,112.54,37.51,Donor 6444,Cafeteria,Jaipur
DNR510498,3,60.36,20.12,Donor 10499,Restaurant,Bengaluru
DNR510496,3,94.34,31.45,Donor 10497,Restaurant,Bengaluru
DNR510488,3,49.95,16.65,Donor 10489,Restaurant,Remote
DNR510484,3,80.72,26.91,Donor 10485,Restaurant,Remote
DNR508981,3,67.39,22.46,Donor 8982,Hotel,Delhi NCR
DNR508979,3,94.88,31.63,Donor 8980,Hotel,Pune
DNR508978,3,51.07,17.02,Donor 8979,Grocery Store,Hyderabad
DNR510462,3,55.41,18.47,Donor 10463,Event,Mumbai
DNR508998,3,50.08,16.69,Donor 8999,Grocery Store,Delhi NCR
DNR508994,3,32.64,10.88,Donor 8995,Household,Pune
DNR508993,3,61.1,20.37,Donor 8994,Restaurant,Bengaluru
DNR508986,3,58.31,19.44,Donor 8987,Event,Ahmedabad
DNR508983,3,113.13,37.71,Donor 8984,Event,Chennai
DNR504704,3,72.57,24.19,Donor 4705,Restaurant,Remote
DNR504696,3,65.37,21.79,Donor 4697,Hotel,Pune
DNR504724,3,109.97,36.66,Donor 4725,Hotel,Pune
DNR508982,3,57.02,19.01,Donor 8983,Household,Ahmedabad
DNR510481,3,105.86,35.29,Donor 10482,Grocery Store,Pune
DNR502273,3,55.21,18.4,Donor 2274,Restaurant,Remote
DNR502293,3,59.97,19.99,Donor 2294,Restaurant,Ahmedabad
DNR502285,3,43.08,14.36,Donor 2286,Household,Hyderabad
DNR502241,3,121.48,40.49,Donor 2242,Restaurant,Jaipur
DNR507919,3,54.68,18.23,Donor 7920,Household,Hyderabad
DNR504658,3,89.27,29.76,Donor 4659,Household,Chennai
DNR506473,3,63.28,21.09,Donor 6474,Grocery Store,Hyderabad
DNR500724,3,75.83,25.28,Donor 725,Event,Remote
DNR500718,3,104.61,34.87,Donor 719,Restaurant,Chennai
DNR511541,3,98.72,32.91,Donor 11542,Cafeteria,Delhi NCR
DNR511540,3,59.28,19.76,Donor 11541,Cafeteria,Delhi NCR
DNR511537,3,88.1,29.37,Donor 11538,Household,Jaipur
DNR511527,3,76.11,25.37,Donor 11528,Restaurant,Chennai
DNR511522,3,105.13,35.04,Donor 11523,Cafeteria,Hyderabad
DNR506461,3,91.03,30.34,Donor 6462,Event,Delhi NCR
DNR507898,3,91.48,30.49,Donor 7899,Bakery,Kolkata
DNR506498,3,65.94,21.98,Donor 6499,Restaurant,Kolkata
DNR504691,3,63.83,21.28,Donor 4692,Event,Bengaluru
DNR504683,3,97.57,32.52,Donor 4684,Cafeteria,Hyderabad
DNR504681,3,113.49,37.83,Donor 4682,Cafeteria,Ahmedabad
DNR510471,3,59.98,19.99,Donor 10472,Hotel,Pune
DNR502316,3,109.04,36.35,Donor 2317,Cafeteria,Kolkata
DNR502314,3,29.59,9.86,Donor 2315,Restaurant,Delhi NCR
DNR502313,3,80.06,26.69,Donor 2314,Restaurant,Remote
DNR502341,3,134.49,44.83,Donor 2342,Event,Chennai
DNR502340,3,108.06,36.02,Donor 2341,Restaurant,Remote
DNR504636,3,86.05,28.68,Donor 4637,Hotel,Pune
DNR504648,3,83.55,27.85,Donor 4649,Hotel,Remote
DNR509010,3,40.66,13.55,Donor 9011,Restaurant,Kolkata
DNR504673,3,52.89,17.63,Donor 4674,Cafeteria,Pune
DNR502299,3,81.68,27.23,Donor 2300,Cafeteria,Ahmedabad
DNR510459,3,117.69,39.23,Donor 10460,Event,Kolkata
DNR510454,3,84.71,28.24,Donor 10455,Event,Hyderabad
DNR510449,3,74.35,24.78,Donor 10450,Hotel,Remote
DNR510444,3,116.51,38.84,Donor 10445,Restaurant,Chennai
DNR504663,3,73.55,24.52,Donor 4664,Household,Chennai
DNR504660,3,59.81,19.94,Donor 4661,Bakery,Kolkata
DNR504605,3,42.84,14.28,Donor 4606,Event,Mumbai
DNR509030,3,81.92,27.31,Donor 9031,Cafeteria,Bengaluru
DNR509028,3,74.9,24.97,Donor 9029,Grocery Store,Pune
DNR500702,3,157.21,52.4,Donor 703,Restaurant,Delhi NCR
DNR511557,3,71.43,23.81,Donor 11558,Restaurant,Hyderabad
DNR511555,3,93.8,31.27,Donor 11556,Event,Ahmedabad
DNR511554,3,58.19,19.4,Donor 11555,Cafeteria,Chennai
DNR511546,3,62.41,20.8,Donor 11547,Household,Hyderabad
DNR511545,3,92.68,30.89,Donor 11546,Household,Ahmedabad
DNR511543,3,77.18,25.73,Donor 11544,Household,Delhi NCR
DNR506493,3,70.54,23.51,Donor 6494,Event,Ahmedabad
DNR506487,3,68.1,22.7,Donor 6488,Event,Mumbai
DNR509025,3,78.84,26.28,Donor 9026,Household,Jaipur
DNR502327,3,66.41,22.14,Donor 2328,Event,Ahmedabad
DNR502318,3,100.64,33.55,Donor 2319,Restaurant,Pune
DNR502317,3,85.9,28.63,Donor 2318,Cafeteria,Kolkata
DNR504616,3,52.98,17.66,Donor 4617,Cafeteria,Jaipur
DNR504614,3,91.89,30.63,Donor 4615,Hotel,Ahmedabad
DNR507861,3,119.58,39.86,Donor 7862,Household,Jaipur
DNR511563,3,74.16,24.72,Donor 11564,Cafeteria,Jaipur
DNR500694,3,93.59,31.2,Donor 695,Event,Pune
DNR500687,3,94.51,31.5,Donor 688,Restaurant,Remote
DNR500685,3,69.52,23.17,Donor 686,Grocery Store,Kolkata
DNR500703,3,50.91,16.97,Donor 704,Restaurant,Remote
DNR502339,3,81.33,27.11,Donor 2340,Restaurant,Chennai
DNR502338,3,61.11,20.37,Donor 2339,Bakery,Ahmedabad
DNR502333,3,127.38,42.46,Donor 2334,Restaurant,Pune
DNR510441,3,37.48,12.49,Donor 10442,Household,Delhi NCR
DNR510439,3,104.75,34.92,Donor 10440,Bakery,Pune
DNR510424,3,77.35,25.78,Donor 10425,Event,Hyderabad
DNR510420,3,74.08,24.69,Donor 10421,Hotel,Ahmedabad
DNR504612,3,39.75,13.25,Donor 4613,Grocery Store,Chennai
DNR504593,3,84.86,28.29,Donor 4594,Restaurant,Remote
DNR502372,3,131.24,43.75,Donor 2373,Restaurant,Remote
DNR510415,3,63.68,21.23,Donor 10416,Grocery Store,Pune
DNR510412,3,109.69,36.56,Donor 10413,Bakery,Jaipur
DNR510411,3,93.95,31.32,Donor 10412,Cafeteria,Remote
DNR510402,3,155.66,51.89,Donor 10403,Cafeteria,Kolkata
DNR502413,3,37.85,12.62,Donor 2414,Hotel,Jaipur
DNR502364,3,57.8,19.27,Donor 2365,Bakery,Hyderabad
DNR502363,3,56.32,18.77,Donor 2364,Restaurant,Remote
DNR502355,3,114.17,38.06,Donor 2356,Grocery Store,Chennai
DNR502388,3,74.53,24.84,Donor 2389,Hotel,Kolkata
DNR502382,3,68.18,22.73,Donor 2383,Cafeteria,Hyderabad
DNR504589,3,72.14,24.05,Donor 4590,Cafeteria,Pune
DNR504582,3,58.32,19.44,Donor 4583,Hotel,Chennai
DNR509056,3,59.23,19.74,Donor 9057,Hotel,Jaipur
DNR509049,3,65.02,21.67,Donor 9050,Event,Bengaluru
DNR500637,3,36.39,12.13,Donor 638,Cafeteria,Remote
DNR500665,3,80.15,26.72,Donor 666,Restaurant,Remote
DNR506512,3,55.79,18.6,Donor 6513,Restaurant,Bengaluru
DNR506508,3,106.86,35.62,Donor 6509,Grocery Store,Kolkata
DNR506505,3,35.57,11.86,Donor 6506,Grocery Store,Mumbai
DNR506501,3,85.45,28.48,Donor 6502,Bakery,Mumbai
DNR506533,3,107.55,35.85,Donor 6534,Hotel,Mumbai
DNR506530,3,80.4,26.8,Donor 6531,Restaurant,Chennai
DNR506526,3,54.24,18.08,Donor 6527,Hotel,Hyderabad
DNR500660,3,63.38,21.13,Donor 661,Cafeteria,Bengaluru
DNR511577,3,79.94,26.65,Donor 11578,Household,Remote
DNR511568,3,114.0,38.0,Donor 11569,Grocery Store,Hyderabad
DNR506522,3,98.11,32.7,Donor 6523,Household,Ahmedabad
DNR506520,3,131.63,43.88,Donor 6521,Cafeteria,Pune
DNR504566,3,93.07,31.02,Donor 4567,Grocery Store,Jaipur
DNR504598,3,47.06,15.69,Donor 4599,Cafeteria,Chennai
DNR507820,3,45.34,15.11,Donor 7821,Restaurant,Delhi NCR
DNR506571,3,90.82,30.27,Donor 6572,Restaurant,Delhi NCR
DNR511594,3,93.39,31.13,Donor 11595,Household,Hyderabad
DNR511588,3,74.92,24.97,Donor 11589,Grocery Store,Ahmedabad
DNR511584,3,94.86,31.62,Donor 11585,Restaurant,Kolkata
DNR506567,3,81.62,27.21,Donor 6568,Restaurant,Ahmedabad
DNR506557,3,38.59,12.86,Donor 6558,Household,Kolkata
DNR502403,3,74.89,24.96,Donor 2404,Household,Hyderabad
DNR510392,3,62.71,20.9,Donor 10393,Restaurant,Kolkata
DNR510380,3,77.48,25.83,Donor 10381,Cafeteria,Pune
DNR504552,3,69.7,23.23,Donor 4553,Hotel,Chennai
DNR509066,3,77.47,25.82,Donor 9067,Hotel,Jaipur
DNR509064,3,74.96,24.99,Donor 9065,Household,Remote
DNR507840,3,63.21,21.07,Donor 7841,Household,Pune
DNR506550,3,80.42,26.81,Donor 6551,Cafeteria,Hyderabad
DNR500652,3,68.3,22.77,Donor 653,Household,Hyderabad
DNR506591,3,83.73,27.91,Donor 6592,Event,Kolkata
DNR506614,3,85.97,28.66,Donor 6615,Restaurant,Chennai
DNR500629,3,48.88,16.29,Donor 630,Event,Chennai
DNR500628,3,51.91,17.3,Donor 629,Grocery Store,Kolkata
DNR500626,3,55.89,18.63,Donor 627,Bakery,Ahmedabad
DNR506598,3,70.63,23.54,Donor 6599,Household,Remote
DNR507792,3,64.76,21.59,Donor 7793,Hotel,Bengaluru
DNR502424,3,78.53,26.18,Donor 2425,Household,Ahmedabad
DNR502423,3,54.29,18.1,Donor 2424,Hotel,Jaipur
DNR502446,3,50.03,16.68,Donor 2447,Restaurant,Hyderabad
DNR502445,3,89.76,29.92,Donor 2446,Restaurant,Bengaluru
DNR504557,3,83.68,27.89,Donor 4558,Hotel,Remote
DNR504555,3,121.91,40.64,Donor 4556,Hotel,Bengaluru
DNR507828,3,104.22,34.74,Donor 7829,Household,Jaipur
DNR507826,3,53.42,17.81,Donor 7827,Hotel,Mumbai
DNR507822,3,70.31,23.44,Donor 7823,Restaurant,Hyderabad
DNR509099,3,72.22,24.07,Donor 9100,Restaurant,Pune
DNR502461,3,76.71,25.57,Donor 2462,Event,Ahmedabad
DNR502458,3,106.4,35.47,Donor 2459,Grocery Store,Hyderabad
DNR502494,3,48.05,16.02,Donor 2495,Event,Chennai
DNR502486,3,30.79,10.26,Donor 2487,Household,Bengaluru
DNR504505,3,67.61,22.54,Donor 4506,Household,Jaipur
DNR504539,3,132.6,44.2,Donor 4540,Household,Pune
DNR504529,3,92.08,30.69,Donor 4530,Household,Pune
DNR502442,3,121.11,40.37,Donor 2443,Household,Bengaluru
DNR502437,3,96.67,32.22,Donor 2438,Hotel,Delhi NCR
DNR502436,3,141.99,47.33,Donor 2437,Cafeteria,Kolkata
DNR510375,3,86.19,28.73,Donor 10376,Hotel,Mumbai
DNR510367,3,32.88,10.96,Donor 10368,Restaurant,Delhi NCR
DNR510365,3,81.02,27.01,Donor 10366,Hotel,Hyderabad
DNR502431,3,91.79,30.6,Donor 2432,Bakery,Chennai
DNR507795,3,82.45,27.48,Donor 7796,Restaurant,Ahmedabad
DNR504462,3,155.27,51.76,Donor 4463,Hotel,Mumbai
DNR502483,3,58.55,19.52,Donor 2484,Hotel,Ahmedabad
DNR502482,3,82.67,27.56,Donor 2483,Restaurant,Remote
DNR502479,3,35.11,11.7,Donor 2480,Household,Ahmedabad
DNR502477,3,66.31,22.1,Donor 2478,Cafeteria,Hyderabad
DNR510345,3,60.44,20.15,Donor 10346,Household,Delhi NCR
DNR510344,3,68.26,22.75,Donor 10345,Household,Jaipur
DNR510339,3,69.56,23.19,Donor 10340,Grocery Store,Pune
DNR510338,3,76.01,25.34,Donor 10339,Restaurant,Kolkata
DNR510336,3,113.66,37.89,Donor 10337,Restaurant,Mumbai
DNR509134,3,95.86,31.95,Donor 9135,Cafeteria,Pune
DNR509129,3,65.06,21.69,Donor 9130,Bakery,Kolkata
DNR504482,3,74.65,24.88,Donor 4483,Household,Mumbai
DNR504481,3,95.02,31.67,Donor 4482,Grocery Store,Chennai
DNR509108,3,56.17,18.72,Donor 9109,Restaurant,Kolkata
DNR509105,3,45.89,15.3,Donor 9106,Restaurant,Kolkata
DNR504447,3,57.79,19.26,Donor 4448,Hotel,Mumbai
DNR507789,3,48.98,16.33,Donor 7790,Restaurant,Kolkata
DNR507784,3,58.05,19.35,Donor 7785,Household,Hyderabad
DNR507781,3,60.66,20.22,Donor 7782,Restaurant,Mumbai
DNR506628,3,76.62,25.54,Donor 6629,Household,Ahmedabad
DNR500588,3,46.53,15.51,Donor 589,Restaurant,Kolkata
DNR500586,3,65.81,21.94,Donor 587,Hotel,Ahmedabad
DNR500583,3,64.7,21.57,Donor 584,Hotel,Kolkata
DNR500582,3,129.54,43.18,Donor 583,Event,Pune
DNR500578,3,56.57,18.86,Donor 579,Restaurant,Mumbai
DNR500611,3,112.74,37.58,Donor 612,Cafeteria,Delhi NCR
DNR500607,3,167.01,55.67,Donor 608,Event,Remote
DNR500600,3,69.7,23.23,Donor 601,Cafeteria,Jaipur
DNR506626,3,56.71,18.9,Donor 6627,Event,Jaipur
DNR506619,3,49.4,16.47,Donor 6620,Cafeteria,Hyderabad
DNR504469,3,51.8,17.27,Donor 4470,Grocery Store,Chennai
DNR510324,3,61.59,20.53,Donor 10325,Cafeteria,Ahmedabad
DNR510323,3,105.46,35.15,Donor 10324,Hotel,Remote
DNR510322,3,63.26,21.09,Donor 10323,Cafeteria,Kolkata
DNR510321,3,66.64,22.21,Donor 10322,Hotel,Mumbai
DNR510320,3,65.69,21.9,Donor 10321,Restaurant,Mumbai
DNR502552,3,97.65,32.55,Donor 2553,Event,Kolkata
DNR504421,3,90.79,30.26,Donor 4422,Restaurant,Kolkata
DNR504420,3,60.91,20.3,Donor 4421,Restaurant,Mumbai
DNR504418,3,146.47,48.82,Donor 4419,Event,Chennai
DNR509145,3,95.5,31.83,Donor 9146,Grocery Store,Ahmedabad
DNR502512,3,173.6,57.87,Donor 2513,Event,Chennai
DNR502509,3,75.29,25.1,Donor 2510,Hotel,Kolkata
DNR502508,3,61.84,20.61,Donor 2509,Household,Remote
DNR502501,3,69.47,23.16,Donor 2502,Restaurant,Chennai
DNR502518,3,51.74,17.25,Donor 2519,Grocery Store,Mumbai
DNR504456,3,62.77,20.92,Donor 4457,Cafeteria,Remote
DNR504404,3,45.45,15.15,Donor 4405,Cafeteria,Delhi NCR
DNR507775,3,46.72,15.57,Donor 7776,Cafeteria,Jaipur
DNR507763,3,110.95,36.98,Donor 7764,Restaurant,Remote
DNR507760,3,47.4,15.8,Donor 7761,Event,Ahmedabad
DNR511633,3,51.83,17.28,Donor 11634,Grocery Store,Kolkata
DNR511630,3,71.38,23.79,Donor 11631,Household,Jaipur
DNR500593,3,65.37,21.79,Donor 594,Cafeteria,Bengaluru
DNR506652,3,58.14,19.38,Donor 6653,Grocery Store,Kolkata
DNR506651,3,48.8,16.27,Donor 6652,Grocery Store,Hyderabad
DNR506646,3,73.12,24.37,Donor 6647,Restaurant,Remote
DNR506680,3,67.19,22.4,Donor 6681,Household,Bengaluru
DNR506677,3,96.91,32.3,Donor 6678,Household,Kolkata
DNR504437,3,100.43,33.48,Donor 4438,Hotel,Jaipur
DNR504427,3,113.86,37.95,Donor 4428,Restaurant,Delhi NCR
DNR502513,3,75.25,25.08,Donor 2514,Household,Bengaluru
DNR510327,3,85.13,28.38,Donor 10328,Restaurant,Jaipur
DNR504392,3,64.74,21.58,Donor 4393,Restaurant,Delhi NCR
DNR500540,3,68.56,22.85,Donor 541,Restaurant,Ahmedabad
DNR500572,3,57.62,19.21,Donor 573,Grocery Store,Hyderabad
DNR500571,3,79.85,26.62,Donor 572,Restaurant,Mumbai
DNR500568,3,45.94,15.31,Donor 569,Hotel,Hyderabad
DNR506659,3,80.16,26.72,Donor 6660,Household,Ahmedabad
DNR507744,3,65.59,21.86,Donor 7745,Bakery,Bengaluru
DNR506698,3,63.92,21.31,Donor 6699,Hotel,Remote
DNR504386,3,93.61,31.2,Donor 4387,Cafeteria,Jaipur
DNR509170,3,81.87,27.29,Donor 9171,Restaurant,Kolkata
DNR502540,3,47.38,15.79,Donor 2541,Household,Hyderabad
DNR502537,3,106.83,35.61,Donor 2538,Cafeteria,Pune
DNR510312,3,73.44,24.48,Donor 10313,Cafeteria,Kolkata
DNR510308,3,76.26,25.42,Donor 10309,Restaurant,Hyderabad
DNR510302,3,57.32,19.11,Donor 10303,Restaurant,Delhi NCR
DNR504416,3,84.78,28.26,Donor 4417,Restaurant,Kolkata
DNR509218,3,44.44,14.81,Donor 9219,Household,Mumbai
DNR509214,3,47.3,15.77,Donor 9215,Household,Mumbai
DNR509211,3,134.4,44.8,Donor 9212,Restaurant,Delhi NCR
DNR509205,3,74.97,24.99,Donor 9206,Restaurant,Mumbai
DNR510277,3,65.45,21.82,Donor 10278,Restaurant,Chennai
DNR510275,3,77.58,25.86,Donor 10276,Bakery,Jaipur
DNR504346,3,59.99,20.0,Donor 4347,Hotel,Jaipur
DNR504370,3,72.48,24.16,Donor 4371,Event,Kolkata
DNR502571,3,131.11,43.7,Donor 2572,Hotel,Chennai
DNR502564,3,69.04,23.01,Donor 2565,Cafeteria,Remote
DNR502592,3,63.95,21.32,Donor 2593,Restaurant,Jaipur
DNR502584,3,45.41,15.14,Donor 2585,Restaurant,Chennai
DNR509190,3,56.76,18.92,Donor 9191,Household,Pune
DNR509186,3,29.88,9.96,Donor 9187,Household,Chennai
DNR504399,3,86.4,28.8,Donor 4400,Cafeteria,Pune
DNR504393,3,99.83,33.28,Donor 4394,Cafeteria,Bengaluru
DNR504305,3,55.15,18.38,Donor 4306,Event,Pune
DNR504340,3,35.86,11.95,Donor 4341,Restaurant,Chennai
DNR504339,3,47.14,15.71,Donor 4340,Hotel,Ahmedabad
DNR500520,3,84.52,28.17,Donor 521,Hotel,Hyderabad
DNR500518,3,65.22,21.74,Donor 519,Household,Mumbai
DNR500517,3,94.51,31.5,Donor 518,Restaurant,Chennai
DNR506697,3,61.57,20.52,Donor 6698,Grocery Store,Mumbai
DNR506693,3,99.02,33.01,Donor 6694,Hotel,Delhi NCR
DNR506689,3,59.67,19.89,Donor 6690,Restaurant,Mumbai
DNR506683,3,56.87,18.96,Donor 6684,Hotel,Hyderabad
DNR506711,3,53.47,17.82,Donor 6712,Household,Delhi NCR
DNR506707,3,103.15,34.38,Donor 6708,Grocery Store,Kolkata
DNR506705,3,81.49,27.16,Donor 6706,Bakery,Ahmedabad
DNR506704,3,89.76,29.92,Donor 6705,Restaurant,Kolkata
DNR509226,3,48.89,16.3,Donor 9227,Hotel,Delhi NCR
DNR509222,3,73.7,24.57,Donor 9223,Hotel,Remote
DNR509243,3,79.59,26.53,Donor 9244,Hotel,Hyderabad
DNR509242,3,31.99,10.66,Donor 9243,Restaurant,Chennai
DNR506703,3,75.54,25.18,Donor 6704,Household,Hyderabad
DNR507716,3,94.86,31.62,Donor 7717,Cafeteria,Bengaluru
DNR500504,3,71.48,23.83,Donor 505,Grocery Store,Bengaluru
DNR500501,3,43.84,14.61,Donor 502,Cafeteria,Ahmedabad
DNR511653,3,113.27,37.76,Donor 11654,Cafeteria,Delhi NCR
DNR500481,3,81.99,27.33,Donor 482,Hotel,Pune
DNR502606,3,87.81,29.27,Donor 2607,Event,Mumbai
DNR510272,3,96.95,32.32,Donor 10273,Restaurant,Mumbai
DNR510271,3,60.58,20.19,Donor 10272,Hotel,Remote
DNR510268,3,120.83,40.28,Donor 10269,Restaurant,Mumbai
DNR510264,3,94.76,31.59,Donor 10265,Restaurant,Kolkata
DNR510261,3,81.49,27.16,Donor 10262,Household,Kolkata
DNR504324,3,100.26,33.42,Donor 4325,Restaurant,Pune
DNR504321,3,77.15,25.72,Donor 4322,Grocery Store,Delhi NCR
DNR509269,3,68.76,22.92,Donor 9270,Cafeteria,Chennai
DNR504284,3,69.58,23.19,Donor 4285,Grocery Store,Ahmedabad
DNR504283,3,67.5,22.5,Donor 4284,Household,Mumbai
DNR502639,3,88.82,29.61,Donor 2640,Restaurant,Pune
DNR502635,3,69.68,23.23,Donor 2636,Restaurant,Hyderabad
DNR504272,3,64.47,21.49,Donor 4273,Restaurant,Kolkata
DNR504266,3,67.81,22.6,Donor 4267,Hotel,Kolkata
DNR504304,3,92.28,30.76,Donor 4305,Event,Remote
DNR504303,3,53.73,17.91,Donor 4304,Cafeteria,Pune
DNR510256,3,138.03,46.01,Donor 10257,Grocery Store,Hyderabad
DNR502632,3,94.32,31.44,Donor 2633,Household,Delhi NCR
DNR502631,3,60.01,20.0,Donor 2632,Restaurant,Hyderabad
DNR502621,3,44.7,14.9,Donor 2622,Restaurant,Hyderabad
DNR502648,3,38.77,12.92,Donor 2649,Restaurant,Hyderabad
DNR504287,3,53.69,17.9,Donor 4288,Cafeteria,Mumbai
DNR509256,3,60.31,20.1,Donor 9257,Household,Remote
DNR510244,3,82.55,27.52,Donor 10245,Restaurant,Remote
DNR510242,3,73.96,24.65,Donor 10243,Household,Hyderabad
DNR504251,3,82.68,27.56,Donor 4252,Restaurant,Pune
DNR511673,3,65.04,21.68,Donor 11674,Restaurant,Ahmedabad
DNR511658,3,110.49,36.83,Donor 11659,Grocery Store,Kolkata
DNR500512,3,56.83,18.94,Donor 513,Restaurant,Jaipur
DNR500510,3,82.45,27.48,Donor 511,Restaurant,Jaipur
DNR500509,3,63.92,21.31,Donor 510,Grocery Store,Ahmedabad
DNR506730,3,55.26,18.42,Donor 6731,Event,Chennai
DNR506729,3,61.51,20.5,Donor 6730,Hotel,Mumbai
DNR506726,3,89.48,29.83,Donor 6727,Restaurant,Hyderabad
DNR506724,3,60.58,20.19,Donor 6725,Restaurant,Hyderabad
DNR507712,3,126.85,42.28,Donor 7713,Grocery Store,Kolkata
DNR507704,3,112.23,37.41,Donor 7705,Event,Hyderabad
DNR507702,3,121.13,40.38,Donor 7703,Bakery,Mumbai
DNR507697,3,86.08,28.69,Donor 7698,Cafeteria,Kolkata
DNR509286,3,81.49,27.16,Donor 9287,Event,Ahmedabad
DNR509283,3,72.95,24.32,Donor 9284,Restaurant,Delhi NCR
DNR509282,3,55.18,18.39,Donor 9283,Restaurant,Delhi NCR
DNR509280,3,60.6,20.2,Donor 9281,Cafeteria,Hyderabad
DNR509276,3,105.94,35.31,Donor 9277,Restaurant,Kolkata
DNR502678,3,50.93,16.98,Donor 2679,Restaurant,Bengaluru
DNR502672,3,59.51,19.84,Donor 2673,Hotel,Hyderabad
DNR510237,3,58.09,19.36,Donor 10238,Event,Delhi NCR
DNR502709,3,90.91,30.3,Donor 2710,Cafeteria,Kolkata
DNR504242,3,64.85,21.62,Donor 4243,Event,Hyderabad
DNR502656,3,37.69,12.56,Donor 2657,Restaurant,Remote
DNR502654,3,84.24,28.08,Donor 2655,Bakery,Kolkata
DNR510253,3,88.19,29.4,Donor 10254,Household,Hyderabad
DNR510251,3,68.83,22.94,Donor 10252,Cafeteria,Mumbai
DNR510250,3,47.25,15.75,Donor 10251,Grocery Store,Hyderabad
DNR510249,3,60.52,20.17,Donor 10250,Cafeteria,Remote
DNR510220,3,50.91,16.97,Donor 10221,Household,Pune
DNR510216,3,86.14,28.71,Donor 10217,Event,Pune
DNR510210,3,48.72,16.24,Donor 10211,Cafeteria,Chennai
DNR504220,3,99.65,33.22,Donor 4221,Bakery,Hyderabad
DNR506759,3,125.11,41.7,Donor 6760,Bakery,Remote
DNR506754,3,52.61,17.54,Donor 6755,Restaurant,Hyderabad
DNR506746,3,119.08,39.69,Donor 6747,Cafeteria,Remote
DNR507687,3,82.33,27.44,Donor 7688,Household,Pune
DNR507685,3,70.79,23.6,Donor 7686,Restaurant,Bengaluru
DNR500475,3,76.59,25.53,Donor 476,Household,Hyderabad
DNR500473,3,145.05,48.35,Donor 474,Cafeteria,Kolkata
DNR500471,3,77.9,25.97,Donor 472,Household,Kolkata
DNR500464,3,63.32,21.11,Donor 465,Restaurant,Mumbai
DNR500490,3,37.52,12.51,Donor 491,Household,Hyderabad
DNR506775,3,78.03,26.01,Donor 6776,Hotel,Delhi NCR
DNR509288,3,67.93,22.64,Donor 9289,Household,Bengaluru
DNR507657,3,71.92,23.97,Donor 7658,Grocery Store,Pune
DNR507653,3,103.85,34.62,Donor 7654,Household,Kolkata
DNR507651,3,48.72,16.24,Donor 7652,Event,Chennai
DNR507644,3,77.69,25.9,Donor 7645,Grocery Store,Hyderabad
DNR506790,3,74.27,24.76,Donor 6791,Household,Hyderabad
DNR506788,3,68.56,22.85,Donor 6789,Event,Remote
DNR500448,3,80.4,26.8,Donor 449,Restaurant,Jaipur
DNR500445,3,68.64,22.88,Donor 446,Household,Delhi NCR
DNR500443,3,57.7,19.23,Donor 444,Hotel,Delhi NCR
DNR500478,3,67.75,22.58,Donor 479,Restaurant,Jaipur
DNR507674,3,75.96,25.32,Donor 7675,Cafeteria,Delhi NCR
DNR504227,3,121.19,40.4,Donor 4228,Household,Jaipur
DNR504226,3,61.79,20.6,Donor 4227,Cafeteria,Kolkata
DNR504225,3,67.32,22.44,Donor 4226,Household,Remote
DNR504222,3,58.86,19.62,Donor 4223,Restaurant,Delhi NCR
DNR502697,3,65.83,21.94,Donor 2698,Restaurant,Mumbai
DNR510186,3,99.93,33.31,Donor 10187,Household,Remote
DNR502769,3,68.02,22.67,Donor 2770,Event,Kolkata
DNR502766,3,48.26,16.09,Donor 2767,Household,Delhi NCR
DNR504177,3,50.27,16.76,Donor 4178,Event,Remote
DNR509309,3,36.5,12.17,Donor 9310,Household,Ahmedabad
DNR509306,3,89.77,29.92,Donor 9307,Household,Chennai
DNR509295,3,75.5,25.17,Donor 9296,Restaurant,Pune
DNR504212,3,45.44,15.15,Donor 4213,Household,Kolkata
DNR502725,3,62.82,20.94,Donor 2726,Event,Mumbai
DNR502719,3,103.34,34.45,Donor 2720,Household,Kolkata
DNR502752,3,106.48,35.49,Donor 2753,Bakery,Jaipur
DNR504209,3,69.29,23.1,Donor 4210,Restaurant,Remote
DNR504231,3,60.7,20.23,Donor 4232,Restaurant,Kolkata
DNR507663,3,121.94,40.65,Donor 7664,Household,Ahmedabad
DNR500425,3,66.62,22.21,Donor 426,Restaurant,Jaipur
DNR506809,3,75.47,25.16,Donor 6810,Household,Jaipur
DNR506835,3,59.75,19.92,Donor 6836,Household,Ahmedabad
DNR506826,3,69.32,23.11,Donor 6827,Event,Bengaluru
DNR506825,3,102.2,34.07,Donor 6826,Cafeteria,Pune
DNR506823,3,69.24,23.08,Donor 6824,Restaurant,Pune
DNR511711,3,75.62,25.21,Donor 11712,Grocery Store,Hyderabad
DNR511701,3,76.43,25.48,Donor 11702,Grocery Store,Hyderabad
DNR507643,3,91.53,30.51,Donor 7644,Restaurant,Ahmedabad
DNR504167,3,71.1,23.7,Donor 4168,Cafeteria,Hyderabad
DNR504161,3,163.28,54.43,Donor 4162,Event,Hyderabad
DNR504190,3,91.37,30.46,Donor 4191,Cafeteria,Pune
DNR504186,3,122.78,40.93,Donor 4187,Restaurant,Bengaluru
DNR504184,3,86.88,28.96,Donor 4185,Household,Jaipur
DNR504183,3,93.9,31.3,Donor 4184,Grocery Store,Chennai
DNR502738,3,133.28,44.43,Donor 2739,Restaurant,Ahmedabad
DNR502737,3,74.06,24.69,Donor 2738,Household,Ahmedabad
DNR510189,3,53.22,17.74,Donor 10190,Event,Ahmedabad
DNR504121,3,56.53,18.84,Donor 4122,Bakery,Pune
DNR504151,3,110.7,36.9,Donor 4152,Hotel,Delhi NCR
DNR510156,3,77.15,25.72,Donor 10157,Restaurant,Mumbai
DNR510155,3,95.78,31.93,Donor 10156,Cafeteria,Jaipur
DNR504147,3,40.36,13.45,Donor 4148,Household,Delhi NCR
DNR504140,3,70.11,23.37,Donor 4141,Cafeteria,Hyderabad
DNR509327,3,63.61,21.2,Donor 9328,Household,Jaipur
DNR509325,3,71.41,23.8,Donor 9326,Hotel,Pune
DNR509324,3,78.22,26.07,Donor 9325,Hotel,Chennai
DNR509318,3,58.58,19.53,Donor 9319,Restaurant,Jaipur
DNR509312,3,111.95,37.32,Donor 9313,Grocery Store,Pune
DNR510179,3,72.83,24.28,Donor 10180,Cafeteria,Kolkata
DNR510171,3,45.66,15.22,Donor 10172,Restaurant,Delhi NCR
DNR510169,3,50.38,16.79,Donor 10170,Household,Hyderabad
DNR502789,3,98.01,32.67,Donor 2790,Hotel,Chennai
DNR502788,3,112.95,37.65,Donor 2789,Household,Bengaluru
DNR502822,3,47.32,15.77,Donor 2823,Bakery,Remote
DNR502813,3,88.19,29.4,Donor 2814,Cafeteria,Mumbai
DNR504116,3,78.19,26.06,Donor 4117,Household,Remote
DNR507639,3,70.51,23.5,Donor 7640,Household,Ahmedabad
DNR507633,3,144.22,48.07,Donor 7634,Cafeteria,Pune
DNR506881,3,69.54,23.18,Donor 6882,Restaurant,Kolkata
DNR511731,3,77.17,25.72,Donor 11732,Cafeteria,Kolkata
DNR511725,3,92.03,30.68,Donor 11726,Hotel,Delhi NCR
DNR511722,3,132.16,44.05,Donor 11723,Restaurant,Bengaluru
DNR500416,3,48.93,16.31,Donor 417,Hotel,Jaipur
DNR500405,3,64.98,21.66,Donor 406,Household,Bengaluru
DNR506872,3,83.66,27.89,Donor 6873,Restaurant,Remote
DNR504112,3,69.1,23.03,Donor 4113,Event,Jaipur
DNR504106,3,71.7,23.9,Donor 4107,Event,Hyderabad
DNR504098,3,68.03,22.68,Donor 4099,Restaurant,Hyderabad
DNR504129,3,57.5,19.17,Donor 4130,Hotel,Remote
DNR510127,3,57.2,19.07,Donor 10128,Event,Hyderabad
DNR510126,3,94.56,31.52,Donor 10127,Restaurant,Delhi NCR
DNR502844,3,76.27,25.42,Donor 2845,Grocery Store,Mumbai
DNR504073,3,105.34,35.11,Donor 4074,Event,Mumbai
DNR509367,3,111.71,37.24,Donor 9368,Grocery Store,Hyderabad
DNR509365,3,80.48,26.83,Donor 9366,Hotel,Ahmedabad
DNR509355,3,159.39,53.13,Donor 9356,Restaurant,Jaipur
DNR504088,3,85.91,28.64,Donor 4089,Restaurant,Bengaluru
DNR504083,3,94.58,31.53,Donor 4084,Hotel,Delhi NCR
DNR509346,3,81.32,27.11,Donor 9347,Event,Chennai
DNR509345,3,162.0,54.0,Donor 9346,Cafeteria,Hyderabad
DNR509338,3,83.44,27.81,Donor 9339,Hotel,Bengaluru
DNR502796,3,115.79,38.6,Donor 2797,Hotel,Pune
DNR502792,3,75.78,25.26,Donor 2793,Cafeteria,Jaipur
DNR502833,3,88.5,29.5,Donor 2834,Restaurant,Hyderabad
DNR502827,3,87.98,29.33,Donor 2828,Cafeteria,Ahmedabad
DNR507617,3,37.84,12.61,Donor 7618,Hotel,Remote
DNR507608,3,84.92,28.31,Donor 7609,Household,Mumbai
DNR507607,3,97.0,32.33,Donor 7608,Household,Hyderabad
DNR507604,3,49.13,16.38,Donor 7605,Hotel,Pune
DNR500364,3,38.42,12.81,Donor 365,Household,Jaipur
DNR500363,3,80.92,26.97,Donor 364,Household,Mumbai
DNR511749,3,55.77,18.59,Donor 11750,Restaurant,Jaipur
DNR511748,3,79.81,26.6,Donor 11749,Restaurant,Hyderabad
DNR511741,3,84.69,28.23,Donor 11742,Restaurant,Bengaluru
DNR511736,3,56.06,18.69,Donor 11737,Restaurant,Pune
DNR511735,3,50.76,16.92,Donor 11736,Bakery,Ahmedabad
DNR500390,3,112.82,37.61,Donor 391,Restaurant,Kolkata
DNR502812,3,53.46,17.82,Donor 2813,Restaurant,Delhi NCR
DNR510146,3,41.62,13.87,Donor 10147,Event,Delhi NCR
DNR510139,3,71.39,23.8,Donor 10140,Event,Jaipur
DNR510131,3,109.11,36.37,Donor 10132,Restaurant,Hyderabad
DNR504021,3,54.03,18.01,Donor 4022,Grocery Store,Delhi NCR
DNR509404,3,79.3,26.43,Donor 9405,Restaurant,Remote
DNR502868,3,69.65,23.22,Donor 2869,Cafeteria,Ahmedabad
DNR502867,3,52.88,17.63,Donor 2868,Restaurant,Mumbai
DNR502865,3,80.33,26.78,Donor 2866,Restaurant,Bengaluru
DNR502888,3,76.77,25.59,Donor 2889,Restaurant,Jaipur
DNR502884,3,127.63,42.54,Donor 2885,Household,Chennai
DNR502842,3,87.49,29.16,Donor 2843,Event,Chennai
DNR502835,3,117.99,39.33,Donor 2836,Hotel,Chennai
DNR510111,3,55.3,18.43,Donor 10112,Cafeteria,Delhi NCR
DNR510110,3,42.83,14.28,Donor 10111,Restaurant,Jaipur
DNR504049,3,96.85,32.28,Donor 4050,Hotel,Bengaluru
DNR504046,3,57.71,19.24,Donor 4047,Grocery Store,Hyderabad
DNR509381,3,90.58,30.19,Donor 9382,Restaurant,Mumbai
DNR509373,3,44.51,14.84,Donor 9374,Hotel,Bengaluru
DNR504078,3,81.3,27.1,Donor 4079,Event,Mumbai
DNR510091,3,71.23,23.74,Donor 10092,Restaurant,Ahmedabad
DNR510090,3,77.48,25.83,Donor 10091,Household,Delhi NCR
DNR504023,3,87.63,29.21,Donor 4024,Grocery Store,Kolkata
DNR506897,3,87.39,29.13,Donor 6898,Restaurant,Jaipur
DNR506890,3,117.81,39.27,Donor 6891,Restaurant,Mumbai
DNR506886,3,113.59,37.86,Donor 6887,Restaurant,Jaipur
DNR506920,3,55.58,18.53,Donor 6921,Cafeteria,Ahmedabad
DNR506915,3,63.85,21.28,Donor 6916,Cafeteria,Kolkata
DNR500353,3,60.95,20.32,Donor 354,Restaurant,Mumbai
DNR500352,3,56.66,18.89,Donor 353,Restaurant,Kolkata
DNR500343,3,125.97,41.99,Donor 344,Grocery Store,Pune
DNR500342,3,71.96,23.99,Donor 343,Household,Delhi NCR
DNR500380,3,59.56,19.85,Donor 381,Household,Jaipur
DNR500372,3,56.17,18.72,Donor 373,Event,Hyderabad
DNR507598,3,84.3,28.1,Donor 7599,Restaurant,Remote
DNR507593,3,55.69,18.56,Donor 7594,Event,Kolkata
DNR504012,3,110.01,36.67,Donor 4013,Bakery,Delhi NCR
DNR504011,3,98.31,32.77,Donor 4012,Hotel,Chennai
DNR502897,3,61.37,20.46,Donor 2898,Restaurant,Jaipur
DNR502933,3,27.24,9.08,Donor 2934,Household,Mumbai
DNR502925,3,96.18,32.06,Donor 2926,Grocery Store,Chennai
DNR504008,3,115.76,38.59,Donor 4009,Event,Remote
DNR504004,3,75.25,25.08,Donor 4005,Hotel,Pune
DNR504002,3,41.68,13.89,Donor 4003,Restaurant,Pune
DNR504000,3,134.31,44.77,Donor 4001,Restaurant,Mumbai
DNR509418,3,106.2,35.4,Donor 9419,Restaurant,Pune
DNR509417,3,126.17,42.06,Donor 9418,Household,Chennai
DNR504039,3,93.44,31.15,Donor 4040,Event,Hyderabad
DNR504035,3,69.37,23.12,Donor 4036,Restaurant,Bengaluru
DNR502882,3,113.06,37.69,Donor 2883,Cafeteria,Ahmedabad
DNR510107,3,122.91,40.97,Donor 10108,Hotel,Ahmedabad
DNR510100,3,112.72,37.57,Donor 10101,Household,Mumbai
DNR502949,3,63.77,21.26,Donor 2950,Household,Pune
DNR503986,3,98.29,32.76,Donor 3987,Hotel,Kolkata
DNR507586,3,170.57,56.86,Donor 7587,Cafeteria,Kolkata
DNR506942,3,54.36,18.12,Donor 6943,Restaurant,Chennai
DNR500332,3,66.99,22.33,Donor 333,Bakery,Remote
DNR500330,3,89.27,29.76,Donor 331,Hotel,Hyderabad
DNR500320,3,107.31,35.77,Donor 321,Grocery Store,Delhi NCR
DNR506939,3,55.55,18.52,Donor 6940,Hotel,Delhi NCR
DNR506938,3,49.36,16.45,Donor 6939,Restaurant,Chennai
DNR506933,3,44.01,14.67,Donor 6934,Event,Bengaluru
DNR506930,3,69.08,23.03,Donor 6931,Event,Kolkata
DNR503984,3,57.42,19.14,Donor 3985,Grocery Store,Chennai
DNR503983,3,98.96,32.99,Donor 3984,Hotel,Kolkata
DNR504018,3,106.61,35.54,Donor 4019,Household,Pune
DNR504016,3,96.32,32.11,Donor 4017,Restaurant,Delhi NCR
DNR504014,3,111.65,37.22,Donor 4015,Event,Chennai
DNR506924,3,63.05,21.02,Donor 6925,Grocery Store,Ahmedabad
DNR506963,3,56.08,18.69,Donor 6964,Restaurant,Bengaluru
DNR506959,3,74.14,24.71,Donor 6960,Hotel,Remote
DNR506958,3,66.17,22.06,Donor 6959,Restaurant,Ahmedabad
DNR506991,3,85.58,28.53,Donor 6992,Household,Pune
DNR506978,3,88.7,29.57,Donor 6979,Restaurant,Remote
DNR511763,3,97.65,32.55,Donor 11764,Household,Jaipur
DNR506968,3,56.28,18.76,Donor 6969,Restaurant,Delhi NCR
DNR509441,3,69.16,23.05,Donor 9442,Restaurant,Hyderabad
DNR509439,3,67.55,22.52,Donor 9440,Restaurant,Ahmedabad
DNR509438,3,84.31,28.1,Donor 9439,Restaurant,Hyderabad
DNR509433,3,64.98,21.66,Donor 9434,Restaurant,Ahmedabad
DNR509427,3,71.44,23.81,Donor 9428,Cafeteria,Ahmedabad
DNR503993,3,82.72,27.57,Donor 3994,Restaurant,Bengaluru
DNR510086,3,167.51,55.84,Donor 10087,Grocery Store,Hyderabad
DNR510070,3,63.48,21.16,Donor 10071,Grocery Store,Remote
DNR506998,3,79.88,26.63,Donor 6999,Event,Chennai
DNR506996,3,24.03,8.01,Donor 6997,Hotel,Ahmedabad
DNR500283,3,101.42,33.81,Donor 284,Restaurant,Remote
DNR500280,3,69.78,23.26,Donor 281,Restaurant,Ahmedabad
DNR511784,3,52.24,17.41,Donor 11785,Restaurant,Delhi NCR
DNR511773,3,112.53,37.51,Donor 11774,Event,Chennai
DNR500315,3,58.71,19.57,Donor 316,Cafeteria,Chennai
DNR500262,3,88.48,29.49,Donor 263,Restaurant,Chennai
DNR503940,3,40.25,13.42,Donor 3941,Grocery Store,Bengaluru
DNR503938,3,78.52,26.17,Donor 3939,Cafeteria,Delhi NCR
DNR503937,3,82.14,27.38,Donor 3938,Hotel,Ahmedabad
DNR502946,3,38.65,12.88,Donor 2947,Restaurant,Remote
DNR502938,3,117.82,39.27,Donor 2939,Household,Ahmedabad
DNR502935,3,151.54,50.51,Donor 2936,Household,Bengaluru
DNR509445,3,125.8,41.93,Donor 9446,Hotel,Jaipur
DNR506928,3,71.95,23.98,Donor 6929,Bakery,Ahmedabad
DNR503928,3,56.26,18.75,Donor 3929,Bakery,Delhi NCR
DNR502976,3,142.51,47.5,Donor 2977,Restaurant,Chennai
DNR503002,3,138.98,46.33,Donor 3003,Event,Kolkata
DNR502997,3,75.41,25.14,Donor 2998,Bakery,Kolkata
DNR502994,3,65.77,21.92,Donor 2995,Cafeteria,Jaipur
DNR503926,3,54.34,18.11,Donor 3927,Household,Ahmedabad
DNR509458,3,107.09,35.7,Donor 9459,Restaurant,Remote
DNR509455,3,75.23,25.08,Donor 9456,Restaurant,Chennai
DNR509454,3,118.19,39.4,Donor 9455,Restaurant,Ahmedabad
DNR509450,3,76.24,25.41,Donor 9451,Household,Ahmedabad
DNR509446,3,47.63,15.88,Donor 9447,Event,Jaipur
DNR510055,3,76.07,25.36,Donor 10056,Grocery Store,Kolkata
DNR506967,3,185.68,61.89,Donor 6968,Event,Chennai
DNR507568,3,56.0,18.67,Donor 7569,Bakery,Kolkata
DNR507003,3,103.04,34.35,Donor 7004,Household,Remote
DNR507002,3,49.96,16.65,Donor 7003,Restaurant,Jaipur
DNR503878,3,24.43,8.14,Donor 3879,Grocery Store,Mumbai
DNR509479,3,101.45,33.82,Donor 9480,Grocery Store,Hyderabad
DNR509478,3,77.92,25.97,Donor 9479,Restaurant,Kolkata
DNR502990,3,54.79,18.26,Donor 2991,Bakery,Ahmedabad
DNR502988,3,54.44,18.15,Donor 2989,Restaurant,Delhi NCR
DNR510046,3,80.39,26.8,Donor 10047,Household,Mumbai
DNR510044,3,116.12,38.71,Donor 10045,Restaurant,Bengaluru
DNR510036,3,64.4,21.47,Donor 10037,Cafeteria,Hyderabad
DNR510031,3,76.78,25.59,Donor 10032,Hotel,Pune
DNR503020,3,50.64,16.88,Donor 3021,Restaurant,Jaipur
DNR503915,3,58.47,19.49,Donor 3916,Hotel,Remote
DNR503909,3,67.84,22.61,Donor 3910,Hotel,Mumbai
DNR503904,3,75.84,25.28,Donor 3905,Hotel,Mumbai
DNR503900,3,52.53,17.51,Donor 3901,Restaurant,Chennai
DNR503936,3,66.15,22.05,Donor 3937,Bakery,Jaipur
DNR503934,3,75.37,25.12,Donor 3935,Cafeteria,Pune
DNR503038,3,78.79,26.26,Donor 3039,Event,Remote
DNR503034,3,90.38,30.13,Donor 3035,Bakery,Ahmedabad
DNR511811,3,74.4,24.8,Donor 11812,Cafeteria,Chennai
DNR511795,3,115.03,38.34,Donor 11796,Household,Ahmedabad
DNR511794,3,45.16,15.05,Donor 11795,Restaurant,Jaipur
DNR500295,3,60.6,20.2,Donor 296,Bakery,Pune
DNR500291,3,78.26,26.09,Donor 292,Bakery,Ahmedabad
DNR507020,3,41.54,13.85,Donor 7021,Restaurant,Kolkata
DNR507561,3,87.62,29.21,Donor 7562,Grocery Store,Pune
DNR507560,3,94.63,31.54,Donor 7561,Restaurant,Mumbai
DNR507558,3,109.86,36.62,Donor 7559,Event,Chennai
DNR507556,3,31.09,10.36,Donor 7557,Event,Ahmedabad
DNR507555,3,69.57,23.19,Donor 7556,Cafeteria,Ahmedabad
DNR507550,3,43.97,14.66,Donor 7551,Restaurant,Pune
DNR507050,3,64.26,21.42,Donor 7051,Restaurant,Pune
DNR503880,3,86.94,28.98,Donor 3881,Grocery Store,Jaipur
DNR503861,3,47.75,15.92,Donor 3862,Household,Remote
DNR503859,3,54.09,18.03,Donor 3860,Household,Ahmedabad
DNR507043,3,83.53,27.84,Donor 7044,Cafeteria,Jaipur
DNR500241,3,62.32,20.77,Donor 242,Restaurant,Remote
DNR511830,3,88.14,29.38,Donor 11831,Cafeteria,Chennai
DNR511826,3,121.93,40.64,Donor 11827,Restaurant,Hyderabad
DNR500277,3,85.4,28.47,Donor 278,Bakery,Bengaluru
DNR500276,3,80.34,26.78,Donor 277,Grocery Store,Jaipur
DNR500273,3,90.72,30.24,Donor 274,Hotel,Chennai
DNR507537,3,65.98,21.99,Donor 7538,Restaurant,Delhi NCR
DNR507065,3,118.24,39.41,Donor 7066,Grocery Store,Ahmedabad
DNR507062,3,53.22,17.74,Donor 7063,Restaurant,Mumbai
DNR503899,3,96.64,32.21,Donor 3900,Household,Mumbai
DNR503887,3,81.93,27.31,Donor 3888,Cafeteria,Jaipur
DNR503010,3,83.91,27.97,Donor 3011,Cafeteria,Kolkata
DNR503008,3,44.75,14.92,Donor 3009,Household,Remote
DNR503048,3,51.76,17.25,Donor 3049,Household,Pune
DNR507523,3,55.82,18.61,Donor 7524,Household,Chennai
DNR507519,3,108.35,36.12,Donor 7520,Bakery,Mumbai
DNR507510,3,98.01,32.67,Donor 7511,Grocery Store,Kolkata
DNR507088,3,93.3,31.1,Donor 7089,Cafeteria,Hyderabad
DNR511846,3,83.23,27.74,Donor 11847,Household,Chennai
DNR511845,3,71.14,23.71,Donor 11846,Cafeteria,Bengaluru
DNR500251,3,37.22,12.41,Donor 252,Event,Mumbai
DNR507081,3,63.24,21.08,Donor 7082,Cafeteria,Mumbai
DNR507076,3,42.84,14.28,Donor 7077,Cafeteria,Jaipur
DNR507503,3,84.81,28.27,Donor 7504,Event,Ahmedabad
DNR509488,3,57.8,19.27,Donor 9489,Restaurant,Ahmedabad
DNR510027,3,92.15,30.72,Donor 10028,Household,Pune
DNR510023,3,41.81,13.94,Donor 10024,Hotel,Bengaluru
DNR510012,3,100.99,33.66,Donor 10013,Grocery Store,Bengaluru
DNR503871,3,71.7,23.9,Donor 3872,Restaurant,Kolkata
DNR503828,3,65.35,21.78,Donor 3829,Hotel,Bengaluru
DNR503827,3,68.65,22.88,Donor 3828,Hotel,Hyderabad
DNR503826,3,73.06,24.35,Donor 3827,Restaurant,Remote
DNR503078,3,91.42,30.47,Donor 3079,Event,Hyderabad
DNR503077,3,98.2,32.73,Donor 3078,Cafeteria,Bengaluru
DNR503066,3,62.46,20.82,Donor 3067,Event,Delhi NCR
DNR509522,3,42.62,14.21,Donor 9523,Hotel,Pune
DNR509519,3,51.27,17.09,Donor 9520,Restaurant,Chennai
DNR509517,3,73.63,24.54,Donor 9518,Event,Ahmedabad
DNR509515,3,91.85,30.62,Donor 9516,Household,Mumbai
DNR509514,3,92.34,30.78,Donor 9515,Bakery,Bengaluru
DNR503054,3,76.6,25.53,Donor 3055,Restaurant,Bengaluru
DNR503053,3,95.87,31.96,Donor 3054,Household,Mumbai
DNR503052,3,111.72,37.24,Donor 3053,Restaurant,Hyderabad
DNR503051,3,128.09,42.7,Donor 3052,Bakery,Ahmedabad
DNR503050,3,74.73,24.91,Donor 3051,Cafeteria,Bengaluru
DNR503790,3,56.99,19.0,Donor 3791,Household,Hyderabad
DNR507496,3,78.35,26.12,Donor 7497,Event,Jaipur
DNR507494,3,45.49,15.16,Donor 7495,Cafeteria,Pune
DNR507491,3,86.41,28.8,Donor 7492,Bakery,Jaipur
DNR507486,3,102.43,34.14,Donor 7487,Cafeteria,Hyderabad
DNR507107,3,62.0,20.67,Donor 7108,Household,Remote
DNR507100,3,79.33,26.44,Donor 7101,Restaurant,Kolkata
DNR507099,3,103.55,34.52,Donor 7100,Hotel,Jaipur
DNR507097,3,38.88,12.96,Donor 7098,Hotel,Pune
DNR507095,3,63.54,21.18,Donor 7096,Cafeteria,Hyderabad
DNR500206,3,122.13,40.71,Donor 207,Cafeteria,Hyderabad
DNR507132,3,123.95,41.32,Donor 7133,Cafeteria,Chennai
DNR503780,3,41.35,13.78,Donor 3781,Cafeteria,Chennai
DNR503804,3,62.56,20.85,Donor 3805,Household,Bengaluru
DNR509533,3,68.67,22.89,Donor 9534,Cafeteria,Mumbai
DNR509525,3,96.93,32.31,Donor 9526,Cafeteria,Mumbai
DNR507128,3,103.61,34.54,Donor 7129,Event,Chennai
DNR507126,3,87.81,29.27,Donor 7127,Event,Hyderabad
DNR507156,3,60.54,20.18,Donor 7157,Restaurant,Bengaluru
DNR507152,3,73.52,24.51,Donor 7153,Restaurant,Ahmedabad
DNR507141,3,69.5,23.17,Donor 7142,Hotel,Chennai
DNR500194,3,70.03,23.34,Donor 195,Household,Delhi NCR
DNR511873,3,61.7,20.57,Donor 11874,Grocery Store,Delhi NCR
DNR507482,3,55.65,18.55,Donor 7483,Cafeteria,Mumbai
DNR503756,3,68.2,22.73,Donor 3757,Hotel,Remote
DNR509561,3,39.24,13.08,Donor 9562,Event,Ahmedabad
DNR509552,3,78.86,26.29,Donor 9553,Household,Delhi NCR
DNR509549,3,87.69,29.23,Donor 9550,Cafeteria,Pune
DNR509991,3,59.21,19.74,Donor 9992,Bakery,Bengaluru
DNR509978,3,77.16,25.72,Donor 9979,Hotel,Hyderabad
DNR503795,3,64.11,21.37,Donor 3796,Cafeteria,Bengaluru
DNR503793,3,50.36,16.79,Donor 3794,Household,Kolkata
DNR507478,3,104.95,34.98,Donor 7479,Event,Delhi NCR
DNR507178,3,97.45,32.48,Donor 7179,Cafeteria,Chennai
DNR507174,3,132.55,44.18,Donor 7175,Restaurant,Ahmedabad
DNR507173,3,58.07,19.36,Donor 7174,Bakery,Jaipur
DNR507171,3,63.4,21.13,Donor 7172,Event,Hyderabad
DNR500177,3,86.53,28.84,Donor 178,Household,Ahmedabad
DNR507170,3,70.64,23.55,Donor 7171,Household,Bengaluru
DNR509968,3,58.82,19.61,Donor 9969,Restaurant,Kolkata
DNR509962,3,56.27,18.76,Donor 9963,Restaurant,Ahmedabad
DNR509960,3,49.4,16.47,Donor 9961,Household,Bengaluru
DNR503738,3,68.07,22.69,Donor 3739,Household,Mumbai
DNR503737,3,102.65,34.22,Donor 3738,Hotel,Pune
DNR503734,3,58.58,19.53,Donor 3735,Restaurant,Remote
DNR503773,3,82.51,27.5,Donor 3774,Restaurant,Bengaluru
DNR503771,3,117.1,39.03,Donor 3772,Restaurant,Kolkata
DNR503770,3,109.63,36.54,Donor 3771,Cafeteria,Delhi NCR
DNR503138,3,48.05,16.02,Donor 3139,Event,Kolkata
DNR509936,3,121.71,40.57,Donor 9937,Grocery Store,Jaipur
DNR509933,3,43.35,14.45,Donor 9934,Cafeteria,Hyderabad
DNR503174,3,130.92,43.64,Donor 3175,Household,Chennai
DNR503682,3,43.19,14.4,Donor 3683,Cafeteria,Delhi NCR
DNR509596,3,70.35,23.45,Donor 9597,Restaurant,Bengaluru
DNR509588,3,85.69,28.56,Donor 9589,Restaurant,Remote
DNR509586,3,84.18,28.06,Donor 9587,Event,Jaipur
DNR509584,3,82.45,27.48,Donor 9585,Household,Bengaluru
DNR503713,3,70.62,23.54,Donor 3714,Household,Kolkata
DNR509563,3,60.98,20.33,Donor 9564,Cafeteria,Hyderabad
DNR503729,3,40.92,13.64,Donor 3730,Household,Ahmedabad
DNR503727,3,59.23,19.74,Donor 3728,Grocery Store,Kolkata
DNR503723,3,28.12,9.37,Donor 3724,Household,Chennai
DNR503136,3,38.13,12.71,Donor 3137,Event,Mumbai
DNR503109,3,49.48,16.49,Donor 3110,Hotel,Bengaluru
DNR507442,3,69.41,23.14,Donor 7443,Household,Bengaluru
DNR503163,3,67.93,22.64,Donor 3164,Hotel,Ahmedabad
DNR503158,3,88.44,29.48,Donor 3159,Hotel,Chennai
DNR509928,3,39.2,13.07,Donor 9929,Event,Delhi NCR
DNR509915,3,64.8,21.6,Donor 9916,Restaurant,Kolkata
DNR509914,3,85.94,28.65,Donor 9915,Restaurant,Remote
DNR503664,3,140.87,46.96,Donor 3665,Household,Chennai
DNR503662,3,74.34,24.78,Donor 3663,Restaurant,Hyderabad
DNR503661,3,75.22,25.07,Donor 3662,Hotel,Chennai
DNR503659,3,94.72,31.57,Donor 3660,Household,Bengaluru
DNR503657,3,114.52,38.17,Donor 3658,Event,Bengaluru
DNR503694,3,60.43,20.14,Donor 3695,Grocery Store,Kolkata
DNR503690,3,71.25,23.75,Donor 3691,Household,Hyderabad
DNR503689,3,61.49,20.5,Donor 3690,Restaurant,Delhi NCR
DNR503686,3,80.4,26.8,Donor 3687,Grocery Store,Jaipur
DNR503139,3,47.26,15.75,Donor 3140,Bakery,Jaipur
DNR509609,3,81.1,27.03,Donor 9610,Grocery Store,Hyderabad
DNR509606,3,81.94,27.31,Donor 9607,Household,Ahmedabad
DNR509603,3,59.43,19.81,Donor 9604,Bakery,Chennai
DNR503667,3,72.21,24.07,Donor 3668,Restaurant,Chennai
DNR507195,3,87.08,29.03,Donor 7196,Event,Delhi NCR
DNR500156,3,48.22,16.07,Donor 157,Household,Chennai
DNR500148,3,39.76,13.25,Donor 149,Restaurant,Ahmedabad
DNR500145,3,67.58,22.53,Donor 146,Restaurant,Jaipur
DNR511895,3,102.38,34.13,Donor 11896,Hotel,Ahmedabad
DNR511892,3,78.44,26.15,Donor 11893,Household,Hyderabad
DNR511889,3,124.62,41.54,Donor 11890,Restaurant,Mumbai
DNR511880,3,69.14,23.05,Donor 11881,Event,Jaipur
DNR507187,3,110.51,36.84,Donor 7188,Household,Ahmedabad
DNR507182,3,105.25,35.08,Donor 7183,Household,Hyderabad
DNR507181,3,112.18,37.39,Donor 7182,Bakery,Chennai
DNR507443,3,61.42,20.47,Donor 7444,Event,Jaipur
DNR507439,3,48.46,16.15,Donor 7440,Restaurant,Ahmedabad
DNR507437,3,62.02,20.67,Donor 7438,Restaurant,Pune
DNR507435,3,118.18,39.39,Donor 7436,Household,Kolkata
DNR507428,3,72.36,24.12,Donor 7429,Household,Kolkata
DNR507427,3,86.45,28.82,Donor 7428,Grocery Store,Hyderabad
DNR511910,3,100.34,33.45,Donor 11911,Household,Kolkata
DNR511905,3,92.94,30.98,Donor 11906,Hotel,Ahmedabad
DNR511903,3,107.41,35.8,Donor 11904,Grocery Store,Ahmedabad
DNR511900,3,104.25,34.75,Donor 11901,Grocery Store,Hyderabad
DNR507426,3,95.88,31.96,Donor 7427,Household,Delhi NCR
DNR507217,3,119.32,39.77,Donor 7218,Household,Delhi NCR
DNR507207,3,120.16,40.05,Donor 7208,Restaurant,Ahmedabad
DNR503184,3,116.26,38.75,Donor 3185,Restaurant,Mumbai
DNR503204,3,74.92,24.97,Donor 3205,Event,Mumbai
DNR503633,3,71.73,23.91,Donor 3634,Hotel,Delhi NCR
DNR509611,3,60.79,20.26,Donor 9612,Household,Mumbai
DNR503255,3,76.84,25.61,Donor 3256,Household,Chennai
DNR503253,3,60.3,20.1,Donor 3254,Hotel,Mumbai
DNR509658,3,43.63,14.54,Donor 9659,Restaurant,Bengaluru
DNR509648,3,38.24,12.75,Donor 9649,Household,Delhi NCR
DNR509647,3,70.05,23.35,Donor 9648,Bakery,Delhi NCR
DNR503624,3,124.86,41.62,Donor 3625,Hotel,Bengaluru
DNR509640,3,62.43,20.81,Donor 9641,Cafeteria,Mumbai
DNR509634,3,72.63,24.21,Donor 9635,Household,Chennai
DNR509623,3,94.16,31.39,Donor 9624,Restaurant,Mumbai
DNR503656,3,78.66,26.22,Donor 3657,Hotel,Kolkata
DNR503649,3,66.08,22.03,Donor 3650,Household,Delhi NCR
DNR503640,3,93.09,31.03,Donor 3641,Event,Hyderabad
DNR509905,3,50.99,17.0,Donor 9906,Grocery Store,Ahmedabad
DNR509902,3,77.05,25.68,Donor 9903,Restaurant,Ahmedabad
DNR509900,3,55.32,18.44,Donor 9901,Grocery Store,Chennai
DNR503238,3,55.09,18.36,Donor 3239,Restaurant,Jaipur
DNR509885,3,46.82,15.61,Donor 9886,Grocery Store,Bengaluru
DNR509870,3,115.4,38.47,Donor 9871,Household,Chennai
DNR509869,3,68.23,22.74,Donor 9870,Restaurant,Pune
DNR503222,3,101.89,33.96,Donor 3223,Event,Remote
DNR507223,3,84.17,28.06,Donor 7224,Cafeteria,Hyderabad
DNR500125,3,91.93,30.64,Donor 126,Grocery Store,Hyderabad
DNR500143,3,71.16,23.72,Donor 144,Household,Pune
DNR500139,3,72.11,24.04,Donor 140,Restaurant,Mumbai
DNR500133,3,37.25,12.42,Donor 134,Cafeteria,Ahmedabad
DNR500131,3,70.9,23.63,Donor 132,Hotel,Remote
DNR507220,3,90.54,30.18,Donor 7221,Household,Kolkata
DNR507219,3,54.52,18.17,Donor 7220,Restaurant,Pune
DNR507423,3,40.58,13.53,Donor 7424,Grocery Store,Mumbai
DNR507420,3,53.0,17.67,Donor 7421,Household,Remote
DNR503221,3,107.59,35.86,Donor 3222,Cafeteria,Delhi NCR
DNR503256,3,69.25,23.08,Donor 3257,Restaurant,Hyderabad
DNR509696,3,65.14,21.71,Donor 9697,Cafeteria,Delhi NCR
DNR509691,3,99.47,33.16,Donor 9692,Restaurant,Delhi NCR
DNR509676,3,70.83,23.61,Donor 9677,Restaurant,Mumbai
DNR509666,3,83.18,27.73,Donor 9667,Restaurant,Kolkata
DNR503259,3,88.98,29.66,Donor 3260,Hotel,Bengaluru
DNR509865,3,67.63,22.54,Donor 9866,Cafeteria,Jaipur
DNR509862,3,86.56,28.85,Donor 9863,Household,Ahmedabad
DNR509854,3,130.57,43.52,Donor 9855,Restaurant,Delhi NCR
DNR503300,3,67.0,22.33,Donor 3301,Restaurant,Chennai
DNR503297,3,92.3,30.77,Donor 3298,Household,Mumbai
DNR503291,3,103.82,34.61,Donor 3292,Cafeteria,Kolkata
DNR503582,3,81.44,27.15,Donor 3583,Cafeteria,Mumbai
DNR503613,3,85.42,28.47,Donor 3614,Household,Jaipur
DNR503602,3,77.44,25.81,Donor 3603,Household,Ahmedabad
DNR503600,3,72.54,24.18,Donor 3601,Household,Hyderabad
DNR503243,3,82.6,27.53,Donor 3244,Hotel,Bengaluru
DNR509847,3,69.09,23.03,Donor 9848,Bakery,Jaipur
DNR509835,3,62.2,20.73,Donor 9836,Restaurant,Jaipur
DNR509834,3,119.92,39.97,Donor 9835,Restaurant,Mumbai
DNR503538,3,99.49,33.16,Donor 3539,Restaurant,Ahmedabad
DNR507256,3,72.0,24.0,Donor 7257,Restaurant,Hyderabad
DNR507252,3,104.07,34.69,Donor 7253,Restaurant,Hyderabad
DNR507250,3,43.64,14.55,Donor 7251,Cafeteria,Delhi NCR
DNR507248,3,74.79,24.93,Donor 7249,Restaurant,Mumbai
DNR500098,3,85.52,28.51,Donor 99,Cafeteria,Pune
DNR500097,3,57.91,19.3,Donor 98,Household,Kolkata
DNR511932,3,85.29,28.43,Donor 11933,Restaurant,Pune
DNR511930,3,148.31,49.44,Donor 11931,Grocery Store,Mumbai
DNR511922,3,65.45,21.82,Donor 11923,Cafeteria,Jaipur
DNR511918,3,97.83,32.61,Donor 11919,Hotel,Chennai
DNR507401,3,77.31,25.77,Donor 7402,Restaurant,Hyderabad
DNR507398,3,115.2,38.4,Donor 7399,Grocery Store,Ahmedabad
DNR503307,3,66.24,22.08,Donor 3308,Household,Jaipur
DNR503305,3,69.01,23.0,Donor 3306,Restaurant,Delhi NCR
DNR503303,3,78.46,26.15,Donor 3304,Restaurant,Pune
DNR503302,3,93.34,31.11,Donor 3303,Hotel,Ahmedabad
DNR503336,3,53.87,17.96,Donor 3337,Event,Jaipur
DNR503332,3,100.34,33.45,Donor 3333,Event,Remote
DNR503329,3,95.22,31.74,Donor 3330,Restaurant,Chennai
DNR509697,3,94.34,31.45,Donor 9698,Restaurant,Pune
DNR503534,3,171.24,57.08,Donor 3535,Restaurant,Jaipur
DNR503530,3,74.87,24.96,Donor 3531,Grocery Store,Kolkata
DNR503519,3,99.83,33.28,Donor 3520,Restaurant,Jaipur
DNR503515,3,95.45,31.82,Donor 3516,Restaurant,Kolkata
DNR503555,3,57.49,19.16,Donor 3556,Event,Ahmedabad
DNR503549,3,69.61,23.2,Donor 3550,Household,Pune
DNR503547,3,39.54,13.18,Donor 3548,Event,Remote
DNR503288,3,79.7,26.57,Donor 3289,Hotel,Pune
DNR509817,3,55.55,18.52,Donor 9818,Hotel,Remote
DNR503500,3,66.9,22.3,Donor 3501,Restaurant,Jaipur
DNR507397,3,59.31,19.77,Donor 7398,Cafeteria,Jaipur
DNR507388,3,85.52,28.51,Donor 7389,Event,Ahmedabad
DNR507276,3,33.52,11.17,Donor 7277,Household,Mumbai
DNR500075,3,54.85,18.28,Donor 76,Restaurant,Hyderabad
DNR500074,3,94.7,31.57,Donor 75,Grocery Store,Kolkata
DNR511951,3,59.78,19.93,Donor 11952,Restaurant,Pune
DNR511950,3,85.42,28.47,Donor 11951,Restaurant,Remote
DNR511943,3,113.58,37.86,Donor 11944,Restaurant,Jaipur
DNR511938,3,68.22,22.74,Donor 11939,Event,Kolkata
DNR500100,3,107.51,35.84,Donor 101,Event,Kolkata
DNR507376,3,130.92,43.64,Donor 7377,Bakery,Pune
DNR509708,3,67.01,22.34,Donor 9709,Restaurant,Delhi NCR
DNR509704,3,62.91,20.97,Donor 9705,Restaurant,Delhi NCR
DNR509701,3,58.88,19.63,Donor 9702,Household,Jaipur
DNR503350,3,86.47,28.82,Donor 3351,Hotel,Jaipur
DNR503348,3,50.58,16.86,Donor 3349,Household,Hyderabad
DNR503341,3,70.39,23.46,Donor 3342,Hotel,Mumbai
DNR503374,3,97.51,32.5,Donor 3375,Restaurant,Hyderabad
DNR503479,3,72.18,24.06,Donor 3480,Hotel,Kolkata
DNR509733,3,90.74,30.25,Donor 9734,Grocery Store,Jaipur
DNR509724,3,58.18,19.39,Donor 9725,Hotel,Jaipur
DNR509722,3,20.5,6.83,Donor 9723,Cafeteria,Chennai
DNR509719,3,51.45,17.15,Donor 9720,Restaurant,Mumbai
DNR509718,3,77.16,25.72,Donor 9719,Household,Pune
DNR509716,3,101.24,33.75,Donor 9717,Event,Ahmedabad
DNR503513,3,107.8,35.93,Donor 3514,Household,Delhi NCR
DNR503508,3,83.28,27.76,Donor 3509,Hotel,Remote
DNR503323,3,118.42,39.47,Donor 3324,Household,Jaipur
DNR503320,3,93.4,31.13,Donor 3321,Hotel,Kolkata
DNR509829,3,51.46,17.15,Donor 9830,Restaurant,Pune
DNR503362,3,88.21,29.4,Donor 3363,Household,Delhi NCR
DNR509806,3,57.77,19.26,Donor 9807,Hotel,Chennai
DNR509800,3,117.05,39.02,Donor 9801,Household,Delhi NCR
DNR509799,3,125.53,41.84,Donor 9800,Household,Ahmedabad
DNR509798,3,55.8,18.6,Donor 9799,Grocery Store,Remote
DNR509795,3,135.63,45.21,Donor 9796,Restaurant,Ahmedabad
DNR503475,3,44.89,14.96,Donor 3476,Restaurant,Jaipur
DNR503467,3,52.55,17.52,Donor 3468,Hotel,Kolkata
DNR503465,3,99.92,33.31,Donor 3466,Cafeteria,Chennai
DNR503460,3,35.37,11.79,Donor 3461,Event,Pune
DNR503489,3,92.33,30.78,Donor 3490,Bakery,Chennai
DNR503484,3,81.42,27.14,Donor 3485,Cafeteria,Remote
DNR503481,3,97.19,32.4,Donor 3482,Restaurant,Mumbai
DNR509814,3,56.57,18.86,Donor 9815,Household,Chennai
DNR509813,3,62.2,20.73,Donor 9814,Grocery Store,Kolkata
DNR503353,3,51.15,17.05,Donor 3354,Restaurant,Chennai
DNR500045,3,48.46,16.15,Donor 46,Grocery Store,Mumbai
DNR500006,3,45.97,15.32,Donor 7,Event,Hyderabad
DNR511997,3,68.1,22.7,Donor 11998,Cafeteria,Delhi NCR
DNR511970,3,75.06,25.02,Donor 11971,Household,Chennai
DNR511965,3,126.22,42.07,Donor 11966,Household,Bengaluru
DNR509761,3,36.58,12.19,Donor 9762,Household,Ahmedabad
DNR509752,3,56.22,18.74,Donor 9753,Restaurant,Bengaluru
DNR503456,3,83.29,27.76,Donor 3457,Cafeteria,Remote
DNR503389,3,74.68,24.89,Donor 3390,Restaurant,Delhi NCR
DNR503385,3,87.25,29.08,Donor 3386,Restaurant,Mumbai
DNR503380,3,89.96,29.99,Donor 3381,Bakery,Jaipur
DNR503401,3,70.3,23.43,Donor 3402,Restaurant,Chennai
DNR503444,3,49.87,16.62,Donor 3445,Event,Pune
DNR503443,3,97.98,32.66,Donor 3444,Grocery Store,Hyderabad
DNR503441,3,83.17,27.72,Donor 3442,Hotel,Delhi NCR
DNR509746,3,44.41,14.8,Donor 9747,Household,Mumbai
DNR511113,3,94.83,31.61,Donor 11114,Hotel,Remote
DNR505792,3,72.47,24.16,Donor 5793,Hotel,Delhi NCR
DNR500001,3,80.06,26.69,Donor 2,Household,Chennai
DNR500035,3,96.39,32.13,Donor 36,Event,Jaipur
DNR500033,3,74.55,24.85,Donor 34,Restaurant,Mumbai
DNR500028,3,54.58,18.19,Donor 29,Household,Kolkata
DNR509784,3,58.87,19.62,Donor 9785,Grocery Store,Delhi NCR
DNR509781,3,76.27,25.42,Donor 9782,Hotel,Kolkata
DNR509775,3,96.72,32.24,Donor 9776,Household,Ahmedabad
DNR509773,3,73.42,24.47,Donor 9774,Restaurant,Ahmedabad
DNR503426,3,56.08,18.69,Donor 3427,Restaurant,Delhi NCR
DNR503421,3,105.75,35.25,Donor 3422,Restaurant,Jaipur
DNR503419,3,45.77,15.26,Donor 3420,Household,Mumbai
DNR509762,3,44.37,14.79,Donor 9763,Hotel,Jaipur
DNR500049,3,114.31,38.1,Donor 50,Grocery Store,Remote
DNR500046,3,116.34,38.78,Donor 47,Cafeteria,Remote
DNR500017,2,78.03,39.02,Donor 18,Restaurant,Mumbai
DNR500053,2,64.23,32.12,Donor 54,Hotel,Pune
DNR511952,2,49.94,24.97,Donor 11953,Cafeteria,Mumbai
DNR511955,2,81.2,40.6,Donor 11956,Hotel,Mumbai
DNR511956,2,41.89,20.94,Donor 11957,Hotel,Mumbai
DNR500084,2,36.26,18.13,Donor 85,Cafeteria,Ahmedabad
DNR500085,2,111.04,55.52,Donor 86,Household,Kolkata
DNR500089,2,45.32,22.66,Donor 90,Household,Kolkata
DNR500060,2,35.27,17.64,Donor 61,Event,Jaipur
DNR500063,2,54.87,27.44,Donor 64,Hotel,Delhi NCR
DNR500067,2,83.69,41.84,Donor 68,Cafeteria,Mumbai
DNR500069,2,66.81,33.4,Donor 70,Hotel,Delhi NCR
DNR500036,2,29.29,14.64,Donor 37,Bakery,Ahmedabad
DNR500038,2,33.47,16.74,Donor 39,Hotel,Kolkata
DNR507319,2,48.85,24.42,Donor 7320,Restaurant,Remote
DNR507320,2,33.61,16.8,Donor 7321,Cafeteria,Chennai
DNR507344,2,98.62,49.31,Donor 7345,Hotel,Ahmedabad
DNR509759,2,44.18,22.09,Donor 9760,Event,Jaipur
DNR509764,2,47.29,23.65,Donor 9765,Event,Hyderabad
DNR503435,2,32.0,16.0,Donor 3436,Restaurant,Kolkata
DNR503437,2,46.65,23.32,Donor 3438,Event,Bengaluru
DNR509772,2,35.86,17.93,Donor 9773,Hotel,Jaipur
DNR509777,2,64.19,32.1,Donor 9778,Restaurant,Hyderabad
DNR509782,2,34.46,17.23,Donor 9783,Cafeteria,Pune
DNR509783,2,95.11,47.56,Donor 9784,Restaurant,Delhi NCR
DNR503398,2,38.85,19.42,Donor 3399,Cafeteria,Jaipur
DNR503400,2,25.09,12.54,Donor 3401,Cafeteria,Mumbai
DNR500004,2,30.67,15.34,Donor 5,Cafeteria,Jaipur
DNR500034,2,76.38,38.19,Donor 35,Cafeteria,Pune
DNR511978,2,49.63,24.82,Donor 11979,Hotel,Bengaluru
DNR511981,2,60.4,30.2,Donor 11982,Bakery,Chennai
DNR511982,2,40.78,20.39,Donor 11983,Restaurant,Hyderabad
DNR511983,2,77.97,38.98,Donor 11984,Event,Mumbai
DNR503450,2,46.95,23.48,Donor 3451,Household,Jaipur
DNR503403,2,62.38,31.19,Donor 3404,Bakery,Jaipur
DNR503407,2,61.28,30.64,Donor 3408,Restaurant,Pune
DNR503409,2,39.24,19.62,Donor 3410,Grocery Store,Delhi NCR
DNR503412,2,37.41,18.7,Donor 3413,Restaurant,Remote
DNR503381,2,48.77,24.38,Donor 3382,Household,Delhi NCR
DNR503383,2,23.4,11.7,Donor 3384,Cafeteria,Kolkata
DNR503384,2,11.56,5.78,Donor 3385,Restaurant,Remote
DNR503391,2,30.91,15.45,Donor 3392,Hotel,Ahmedabad
DNR503392,2,40.65,20.32,Donor 3393,Hotel,Jaipur
DNR503394,2,67.15,33.58,Donor 3395,Cafeteria,Ahmedabad
DNR503451,2,47.4,23.7,Donor 3452,Event,Pune
DNR503453,2,51.07,25.54,Donor 3454,Event,Delhi NCR
DNR503458,2,43.94,21.97,Donor 3459,Hotel,Chennai
DNR509754,2,36.29,18.14,Donor 9755,Restaurant,Remote
DNR509756,2,48.78,24.39,Donor 9757,Household,Hyderabad
DNR503471,2,44.84,22.42,Donor 3472,Restaurant,Jaipur
DNR503473,2,46.43,23.22,Donor 3474,Event,Kolkata
DNR503396,2,39.62,19.81,Donor 3397,Event,Kolkata
DNR509792,2,60.47,30.24,Donor 9793,Household,Pune
DNR509797,2,121.03,60.52,Donor 9798,Hotel,Chennai
DNR509801,2,52.06,26.03,Donor 9802,Hotel,Chennai
DNR509805,2,24.99,12.5,Donor 9806,Household,Mumbai
DNR509811,2,58.27,29.14,Donor 9812,Household,Ahmedabad
DNR503358,2,44.99,22.5,Donor 3359,Restaurant,Bengaluru
DNR503477,2,88.2,44.1,Donor 3478,Restaurant,Remote
DNR509735,2,61.12,30.56,Donor 9736,Event,Kolkata
DNR509738,2,57.5,28.75,Donor 9739,Hotel,Mumbai
DNR509747,2,45.72,22.86,Donor 9748,Hotel,Mumbai
DNR509749,2,40.54,20.27,Donor 9750,Cafeteria,Mumbai
DNR509751,2,29.55,14.78,Donor 9752,Event,Hyderabad
DNR503448,2,31.4,15.7,Donor 3449,Event,Pune
DNR503478,2,35.37,17.68,Donor 3479,Cafeteria,Ahmedabad
DNR503480,2,53.6,26.8,Donor 3481,Cafeteria,Kolkata
DNR503366,2,70.87,35.44,Donor 3367,Grocery Store,Chennai
DNR503371,2,48.21,24.1,Donor 3372,Hotel,Bengaluru
DNR503372,2,61.82,30.91,Donor 3373,Event,Chennai
DNR503337,2,46.71,23.36,Donor 3338,Grocery Store,Jaipur
DNR503339,2,48.71,24.35,Donor 3340,Household,Pune
DNR509812,2,39.73,19.87,Donor 9813,Bakery,Bengaluru
DNR509815,2,55.38,27.69,Donor 9816,Cafeteria,Chennai
DNR503483,2,65.93,32.97,Donor 3484,Cafeteria,Ahmedabad
DNR503486,2,30.92,15.46,Donor 3487,Grocery Store,Delhi NCR
DNR503487,2,40.02,20.01,Donor 3488,Cafeteria,Chennai
DNR503495,2,52.33,26.16,Donor 3496,Restaurant,Remote
DNR503461,2,49.62,24.81,Donor 3462,Cafeteria,Mumbai
DNR503463,2,26.96,13.48,Donor 3464,Bakery,Pune
DNR503469,2,56.02,28.01,Donor 3470,Cafeteria,Bengaluru
DNR503496,2,55.86,27.93,Donor 3497,Cafeteria,Mumbai
DNR503499,2,56.84,28.42,Donor 3500,Event,Delhi NCR
DNR503501,2,66.19,33.1,Donor 3502,Restaurant,Kolkata
DNR503503,2,141.84,70.92,Donor 3504,Cafeteria,Jaipur
DNR503505,2,60.82,30.41,Donor 3506,Grocery Store,Chennai
DNR509819,2,55.38,27.69,Donor 9820,Household,Bengaluru
DNR509820,2,104.56,52.28,Donor 9821,Cafeteria,Jaipur
DNR509827,2,28.15,14.08,Donor 9828,Restaurant,Chennai
DNR503318,2,67.83,33.92,Donor 3319,Cafeteria,Hyderabad
DNR503321,2,36.38,18.19,Donor 3322,Household,Kolkata
DNR503325,2,80.25,40.12,Donor 3326,Grocery Store,Kolkata
DNR503326,2,74.27,37.14,Donor 3327,Restaurant,Jaipur
DNR503509,2,116.15,58.08,Donor 3510,Grocery Store,Kolkata
DNR503510,2,55.39,27.7,Donor 3511,Cafeteria,Delhi NCR
DNR509715,2,61.62,30.81,Donor 9716,Restaurant,Mumbai
DNR509725,2,51.43,25.72,Donor 9726,Bakery,Delhi NCR
DNR503527,2,84.26,42.13,Donor 3528,Household,Bengaluru
DNR503531,2,28.07,14.04,Donor 3532,Hotel,Delhi NCR
DNR503335,2,66.36,33.18,Donor 3336,Household,Jaipur
DNR503301,2,42.4,21.2,Donor 3302,Event,Hyderabad
DNR503310,2,49.62,24.81,Donor 3311,Grocery Store,Ahmedabad
DNR503314,2,51.11,25.56,Donor 3315,Grocery Store,Jaipur
DNR503315,2,19.2,9.6,Donor 3316,Restaurant,Jaipur
DNR503316,2,50.78,25.39,Donor 3317,Bakery,Remote
DNR509831,2,53.05,26.52,Donor 9832,Hotel,Remote
DNR509699,2,121.45,60.72,Donor 9700,Bakery,Ahmedabad
DNR509702,2,29.17,14.58,Donor 9703,Cafeteria,Ahmedabad
DNR509703,2,53.51,26.76,Donor 9704,Event,Pune
DNR509706,2,43.54,21.77,Donor 9707,Grocery Store,Kolkata
DNR509707,2,41.08,20.54,Donor 9708,Hotel,Remote
DNR509709,2,69.01,34.51,Donor 9710,Hotel,Mumbai
DNR509712,2,35.59,17.8,Donor 9713,Hotel,Delhi NCR
DNR509693,2,75.9,37.95,Donor 9694,Household,Hyderabad
DNR503539,2,60.16,30.08,Donor 3540,Restaurant,Bengaluru
DNR503544,2,53.8,26.9,Donor 3545,Hotel,Kolkata
DNR503546,2,53.98,26.99,Donor 3547,Household,Jaipur
DNR509832,2,79.18,39.59,Donor 9833,Cafeteria,Jaipur
DNR509833,2,9.73,4.86,Donor 9834,Household,Mumbai
DNR509840,2,54.74,27.37,Donor 9841,Restaurant,Hyderabad
DNR509843,2,64.71,32.35,Donor 9844,Restaurant,Hyderabad
DNR509844,2,59.83,29.92,Donor 9845,Grocery Store,Bengaluru
DNR509845,2,60.89,30.44,Donor 9846,Hotel,Jaipur
DNR509846,2,28.4,14.2,Donor 9847,Restaurant,Kolkata
DNR503281,2,47.51,23.76,Donor 3282,Hotel,Hyderabad
DNR503287,2,47.41,23.7,Donor 3288,Restaurant,Chennai
DNR503290,2,62.03,31.02,Donor 3291,Hotel,Delhi NCR
DNR503554,2,85.56,42.78,Donor 3555,Hotel,Chennai
DNR503523,2,41.07,20.53,Donor 3524,Cafeteria,Ahmedabad
DNR509668,2,40.06,20.03,Donor 9669,Household,Delhi NCR
DNR509675,2,42.36,21.18,Donor 9676,Cafeteria,Bengaluru
DNR509677,2,97.49,48.74,Donor 9678,Grocery Store,Pune
DNR503557,2,33.82,16.91,Donor 3558,Restaurant,Bengaluru
DNR503559,2,42.69,21.34,Donor 3560,Bakery,Pune
DNR503560,2,31.94,15.97,Donor 3561,Household,Mumbai
DNR503561,2,78.99,39.49,Donor 3562,Household,Bengaluru
DNR503566,2,63.15,31.58,Donor 3567,Cafeteria,Delhi NCR
DNR503567,2,36.97,18.48,Donor 3568,Cafeteria,Chennai
DNR503568,2,21.68,10.84,Donor 3569,Restaurant,Jaipur
DNR503573,2,54.65,27.33,Donor 3574,Hotel,Jaipur
DNR503575,2,57.05,28.52,Donor 3576,Household,Kolkata
DNR503577,2,55.72,27.86,Donor 3578,Restaurant,Jaipur
DNR509681,2,50.11,25.06,Donor 9682,Cafeteria,Kolkata
DNR509683,2,61.35,30.68,Donor 9684,Cafeteria,Remote
DNR509684,2,24.26,12.13,Donor 9685,Grocery Store,Kolkata
DNR503581,2,69.0,34.5,Donor 3582,Hotel,Jaipur
DNR503583,2,34.57,17.28,Donor 3584,Household,Jaipur
DNR503585,2,45.8,22.9,Donor 3586,Cafeteria,Pune
DNR503590,2,57.17,28.58,Donor 3591,Cafeteria,Pune
DNR503292,2,38.32,19.16,Donor 3293,Restaurant,Jaipur
DNR503296,2,74.04,37.02,Donor 3297,Restaurant,Delhi NCR
DNR509852,2,70.81,35.4,Donor 9853,Cafeteria,Kolkata
DNR509855,2,49.83,24.92,Donor 9856,Hotel,Remote
DNR509858,2,51.08,25.54,Donor 9859,Hotel,Delhi NCR
DNR503260,2,34.62,17.31,Donor 3261,Hotel,Bengaluru
DNR503261,2,56.73,28.36,Donor 3262,Cafeteria,Ahmedabad
DNR503264,2,33.89,16.94,Donor 3265,Event,Kolkata
DNR503594,2,38.86,19.43,Donor 3595,Restaurant,Chennai
DNR509661,2,45.83,22.92,Donor 9662,Hotel,Bengaluru
DNR509663,2,37.75,18.88,Donor 9664,Grocery Store,Jaipur
DNR509665,2,56.47,28.24,Donor 9666,Cafeteria,Jaipur
DNR503225,2,82.73,41.36,Donor 3226,Grocery Store,Ahmedabad
DNR503227,2,28.48,14.24,Donor 3228,Household,Kolkata
DNR503228,2,74.75,37.38,Donor 3229,Household,Kolkata
DNR503231,2,71.06,35.53,Donor 3232,Hotel,Chennai
DNR503265,2,60.89,30.44,Donor 3266,Hotel,Jaipur
DNR503266,2,82.38,41.19,Donor 3267,Household,Bengaluru
DNR503278,2,73.53,36.76,Donor 3279,Household,Kolkata
DNR509872,2,30.03,15.02,Donor 9873,Event,Delhi NCR
DNR509879,2,25.81,12.9,Donor 9880,Restaurant,Pune
DNR509887,2,79.84,39.92,Donor 9888,Event,Remote
DNR509889,2,47.28,23.64,Donor 9890,Restaurant,Delhi NCR
DNR503241,2,48.91,24.46,Donor 3242,Cafeteria,Delhi NCR
DNR503244,2,57.41,28.7,Donor 3245,Event,Jaipur
DNR503603,2,43.23,21.62,Donor 3604,Cafeteria,Bengaluru
DNR503607,2,66.85,33.42,Donor 3608,Restaurant,Kolkata
DNR503609,2,42.65,21.32,Donor 3610,Hotel,Mumbai
DNR503638,2,84.31,42.16,Donor 3639,Event,Remote
DNR503655,2,48.51,24.26,Donor 3656,Cafeteria,Remote
DNR509619,2,47.05,23.52,Donor 9620,Cafeteria,Hyderabad
DNR509620,2,29.75,14.88,Donor 9621,Household,Ahmedabad
DNR509621,2,57.24,28.62,Donor 9622,Household,Bengaluru
DNR509632,2,35.73,17.87,Donor 9633,Event,Delhi NCR
DNR509636,2,30.87,15.44,Donor 9637,Restaurant,Bengaluru
DNR503625,2,37.74,18.87,Donor 3626,Cafeteria,Bengaluru
DNR503629,2,39.83,19.92,Donor 3630,Cafeteria,Mumbai
DNR503630,2,55.69,27.84,Donor 3631,Restaurant,Kolkata
DNR503632,2,32.79,16.4,Donor 3633,Restaurant,Mumbai
DNR509656,2,42.56,21.28,Donor 9657,Bakery,Pune
DNR503249,2,68.27,34.14,Donor 3250,Restaurant,Ahmedabad
DNR503257,2,16.94,8.47,Donor 3258,Hotel,Chennai
DNR503258,2,82.89,41.44,Donor 3259,Grocery Store,Remote
DNR503223,2,28.53,14.26,Donor 3224,Grocery Store,Kolkata
DNR503178,2,76.07,38.03,Donor 3179,Restaurant,Ahmedabad
DNR503179,2,38.99,19.5,Donor 3180,Grocery Store,Jaipur
DNR503181,2,49.18,24.59,Donor 3182,Grocery Store,Remote
DNR503182,2,48.15,24.08,Donor 3183,Bakery,Delhi NCR
DNR503190,2,16.51,8.26,Donor 3191,Restaurant,Remote
DNR503236,2,63.92,31.96,Donor 3237,Restaurant,Ahmedabad
DNR503237,2,60.89,30.44,Donor 3238,Restaurant,Remote
DNR509894,2,40.29,20.15,Donor 9895,Cafeteria,Hyderabad
DNR509895,2,49.17,24.58,Donor 9896,Event,Ahmedabad
DNR509897,2,47.04,23.52,Donor 9898,Restaurant,Kolkata
DNR509898,2,42.92,21.46,Donor 9899,Hotel,Bengaluru
DNR509899,2,42.44,21.22,Donor 9900,Cafeteria,Remote
DNR503197,2,56.03,28.02,Donor 3198,Household,Mumbai
DNR503199,2,48.74,24.37,Donor 3200,Grocery Store,Chennai
DNR503634,2,50.63,25.32,Donor 3635,Cafeteria,Kolkata
DNR503637,2,20.96,10.48,Donor 3638,Event,Mumbai
DNR509922,2,38.66,19.33,Donor 9923,Hotel,Hyderabad
DNR509924,2,68.33,34.16,Donor 9925,Restaurant,Jaipur
DNR509927,2,29.63,14.82,Donor 9928,Bakery,Kolkata
DNR503157,2,40.77,20.38,Donor 3158,Cafeteria,Delhi NCR
DNR503160,2,29.69,14.84,Donor 3161,Hotel,Bengaluru
DNR503165,2,41.07,20.54,Donor 3166,Household,Remote
DNR503671,2,25.26,12.63,Donor 3672,Restaurant,Hyderabad
DNR509600,2,55.25,27.62,Donor 9601,Event,Delhi NCR
DNR509602,2,37.04,18.52,Donor 9603,Cafeteria,Mumbai
DNR509605,2,45.09,22.54,Donor 9606,Restaurant,Remote
DNR509607,2,68.63,34.32,Donor 9608,Event,Mumbai
DNR509615,2,37.65,18.82,Donor 9616,Restaurant,Ahmedabad
DNR503203,2,62.63,31.32,Donor 3204,Household,Kolkata
DNR503207,2,77.82,38.91,Donor 3208,Household,Chennai
DNR503210,2,45.36,22.68,Donor 3211,Restaurant,Remote
DNR503212,2,82.87,41.44,Donor 3213,Restaurant,Mumbai
DNR509939,2,95.43,47.72,Donor 9940,Hotel,Jaipur
DNR509940,2,95.91,47.96,Donor 9941,Bakery,Bengaluru
DNR509942,2,68.98,34.49,Donor 9943,Household,Remote
DNR509954,2,57.87,28.94,Donor 9955,Event,Mumbai
DNR503142,2,72.87,36.44,Donor 3143,Restaurant,Kolkata
DNR503143,2,33.33,16.66,Donor 3144,Restaurant,Mumbai
DNR503146,2,34.94,17.47,Donor 3147,Household,Hyderabad
DNR503685,2,46.37,23.18,Donor 3686,Bakery,Delhi NCR
DNR503693,2,44.6,22.3,Donor 3694,Event,Kolkata
DNR503658,2,29.35,14.68,Donor 3659,Cafeteria,Hyderabad
DNR503660,2,61.43,30.72,Donor 3661,Household,Mumbai
DNR503663,2,35.46,17.73,Donor 3664,Household,Remote
DNR503665,2,43.45,21.72,Donor 3666,Restaurant,Hyderabad
DNR503191,2,74.4,37.2,Donor 3192,Cafeteria,Hyderabad
DNR503196,2,60.41,30.2,Donor 3197,Event,Bengaluru
DNR509921,2,45.58,22.79,Donor 9922,Household,Hyderabad
DNR509579,2,19.58,9.79,Donor 9580,Restaurant,Hyderabad
DNR509580,2,62.28,31.14,Donor 9581,Hotel,Kolkata
DNR503700,2,42.73,21.36,Donor 3701,Hotel,Bengaluru
DNR503702,2,71.39,35.7,Donor 3703,Restaurant,Bengaluru
DNR503703,2,48.06,24.03,Donor 3704,Hotel,Remote
DNR503705,2,28.47,14.24,Donor 3706,Household,Delhi NCR
DNR503706,2,53.33,26.66,Donor 3707,Restaurant,Kolkata
DNR503712,2,30.98,15.49,Donor 3713,Hotel,Jaipur
DNR509585,2,53.83,26.92,Donor 9586,Household,Mumbai
DNR509589,2,38.82,19.41,Donor 9590,Bakery,Chennai
DNR509594,2,24.03,12.02,Donor 9595,Restaurant,Mumbai
DNR509598,2,52.26,26.13,Donor 9599,Cafeteria,Jaipur
DNR509599,2,62.33,31.16,Donor 9600,Household,Delhi NCR
DNR503683,2,111.13,55.56,Donor 3684,Cafeteria,Kolkata
DNR503166,2,40.28,20.14,Donor 3167,Hotel,Mumbai
DNR509934,2,64.25,32.12,Donor 9935,Household,Jaipur
DNR509956,2,52.06,26.03,Donor 9957,Hotel,Chennai
DNR503750,2,19.51,9.75,Donor 3751,Restaurant,Pune
DNR503753,2,44.45,22.22,Donor 3754,Restaurant,Bengaluru
DNR503754,2,45.73,22.86,Donor 3755,Restaurant,Jaipur
DNR503716,2,34.27,17.13,Donor 3717,Grocery Store,Hyderabad
DNR503717,2,52.99,26.5,Donor 3718,Household,Hyderabad
DNR503718,2,18.77,9.38,Donor 3719,Grocery Store,Pune
DNR503722,2,66.94,33.47,Donor 3723,Cafeteria,Bengaluru
DNR503724,2,49.1,24.55,Donor 3725,Household,Ahmedabad
DNR503730,2,40.62,20.31,Donor 3731,Hotel,Bengaluru
DNR503732,2,45.17,22.58,Donor 3733,Restaurant,Kolkata
DNR509565,2,16.72,8.36,Donor 9566,Restaurant,Mumbai
DNR509566,2,21.19,10.6,Donor 9567,Household,Delhi NCR
DNR509569,2,27.18,13.59,Donor 9570,Restaurant,Kolkata
DNR509573,2,68.42,34.21,Donor 9574,Restaurant,Hyderabad
DNR509575,2,87.86,43.93,Donor 9576,Hotel,Mumbai
DNR503107,2,77.79,38.9,Donor 3108,Hotel,Remote
DNR503111,2,69.94,34.97,Donor 3112,Restaurant,Bengaluru
DNR503112,2,72.98,36.49,Donor 3113,Event,Remote
DNR503114,2,37.2,18.6,Donor 3115,Household,Chennai
DNR503115,2,56.58,28.29,Donor 3116,Hotel,Delhi NCR
DNR503147,2,116.37,58.18,Donor 3148,Hotel,Pune
DNR503149,2,68.07,34.03,Donor 3150,Grocery Store,Chennai
DNR503151,2,103.02,51.51,Donor 3152,Restaurant,Ahmedabad
DNR503153,2,46.09,23.04,Donor 3154,Grocery Store,Bengaluru
DNR503120,2,114.94,57.47,Donor 3121,Bakery,Ahmedabad
DNR503122,2,28.05,14.02,Donor 3123,Cafeteria,Mumbai
DNR503123,2,39.4,19.7,Donor 3124,Restaurant,Hyderabad
DNR503128,2,64.04,32.02,Donor 3129,Hotel,Remote
DNR503129,2,63.58,31.79,Donor 3130,Bakery,Pune
DNR503133,2,38.93,19.46,Donor 3134,Grocery Store,Mumbai
DNR503134,2,60.44,30.22,Donor 3135,Cafeteria,Pune
DNR509557,2,73.14,36.57,Donor 9558,Grocery Store,Hyderabad
DNR509558,2,80.44,40.22,Donor 9559,Restaurant,Ahmedabad
DNR509560,2,50.6,25.3,Donor 9561,Household,Jaipur
DNR503755,2,46.8,23.4,Donor 3756,Cafeteria,Kolkata
DNR503762,2,31.42,15.71,Donor 3763,Restaurant,Bengaluru
DNR503763,2,46.81,23.4,Donor 3764,Event,Mumbai
DNR503764,2,30.63,15.32,Donor 3765,Event,Pune
DNR503769,2,34.04,17.02,Donor 3770,Cafeteria,Ahmedabad
DNR503774,2,43.55,21.78,Donor 3775,Restaurant,Remote
DNR503742,2,89.02,44.51,Donor 3743,Grocery Store,Remote
DNR503745,2,59.35,29.68,Donor 3746,Restaurant,Jaipur
DNR503748,2,39.34,19.67,Donor 3749,Event,Bengaluru
DNR503749,2,61.55,30.78,Donor 3750,Household,Bengaluru
DNR509959,2,39.18,19.59,Donor 9960,Cafeteria,Chennai
DNR509961,2,56.58,28.29,Donor 9962,Household,Mumbai
DNR509970,2,51.27,25.64,Donor 9971,Grocery Store,Ahmedabad
DNR509546,2,58.25,29.12,Donor 9547,Bakery,Jaipur
DNR509547,2,43.68,21.84,Donor 9548,Restaurant,Remote
DNR509976,2,24.79,12.4,Donor 9977,Cafeteria,Bengaluru
DNR509980,2,49.53,24.76,Donor 9981,Household,Jaipur
DNR509981,2,29.97,14.98,Donor 9982,Restaurant,Mumbai
DNR509985,2,51.51,25.76,Donor 9986,Event,Chennai
DNR509986,2,51.9,25.95,Donor 9987,Hotel,Hyderabad
DNR509988,2,47.77,23.88,Donor 9989,Grocery Store,Jaipur
DNR509990,2,34.89,17.44,Donor 9991,Restaurant,Jaipur
DNR503083,2,24.27,12.14,Donor 3084,Restaurant,Mumbai
DNR503084,2,39.57,19.78,Donor 3085,Event,Chennai
DNR503087,2,87.29,43.64,Donor 3088,Grocery Store,Kolkata
DNR503088,2,70.8,35.4,Donor 3089,Restaurant,Chennai
DNR509551,2,63.03,31.52,Donor 9552,Cafeteria,Jaipur
DNR509554,2,36.46,18.23,Donor 9555,Grocery Store,Kolkata
DNR509556,2,54.93,27.46,Donor 9557,Restaurant,Bengaluru
DNR503822,2,30.8,15.4,Donor 3823,Hotel,Bengaluru
DNR503824,2,53.6,26.8,Donor 3825,Grocery Store,Pune
DNR503835,2,29.2,14.6,Donor 3836,Hotel,Hyderabad
DNR509528,2,56.38,28.19,Donor 9529,Grocery Store,Mumbai
DNR509535,2,63.63,31.82,Donor 9536,Bakery,Chennai
DNR509536,2,31.01,15.5,Donor 9537,Household,Pune
DNR509537,2,52.86,26.43,Donor 9538,Restaurant,Chennai
DNR509538,2,32.42,16.21,Donor 9539,Restaurant,Hyderabad
DNR509539,2,65.37,32.68,Donor 9540,Household,Ahmedabad
DNR503802,2,30.06,15.03,Donor 3803,Hotel,Bengaluru
DNR503811,2,39.47,19.74,Donor 3812,Cafeteria,Bengaluru
DNR503812,2,34.72,17.36,Donor 3813,Household,Kolkata
DNR503783,2,77.95,38.98,Donor 3784,Household,Mumbai
DNR503787,2,59.32,29.66,Donor 3788,Hotel,Hyderabad
DNR503794,2,67.71,33.85,Donor 3795,Event,Kolkata
DNR503797,2,27.48,13.74,Donor 3798,Bakery,Ahmedabad
DNR509511,2,43.02,21.51,Donor 9512,Hotel,Pune
DNR509521,2,59.79,29.9,Donor 9522,Cafeteria,Jaipur
DNR509523,2,49.58,24.79,Donor 9524,Grocery Store,Jaipur
DNR503816,2,30.59,15.29,Donor 3817,Cafeteria,Mumbai
DNR503092,2,75.46,37.73,Donor 3093,Restaurant,Pune
DNR503096,2,50.6,25.3,Donor 3097,Hotel,Bengaluru
DNR503098,2,57.96,28.98,Donor 3099,Hotel,Bengaluru
DNR503061,2,52.23,26.12,Donor 3062,Restaurant,Kolkata
DNR503068,2,34.8,17.4,Donor 3069,Household,Kolkata
DNR503069,2,57.9,28.95,Donor 3070,Hotel,Bengaluru
DNR503070,2,17.65,8.82,Donor 3071,Restaurant,Remote
DNR503071,2,32.64,16.32,Donor 3072,Cafeteria,Chennai
DNR503074,2,46.04,23.02,Donor 3075,Hotel,Delhi NCR
DNR503079,2,72.02,36.01,Donor 3080,Hotel,Hyderabad
DNR503081,2,106.95,53.47,Donor 3082,Restaurant,Bengaluru
DNR509994,2,43.27,21.64,Donor 9995,Restaurant,Pune
DNR509490,2,67.78,33.89,Donor 9491,Hotel,Chennai
DNR509498,2,72.54,36.27,Donor 9499,Cafeteria,Bengaluru
DNR509499,2,67.82,33.91,Donor 9500,Grocery Store,Ahmedabad
DNR509500,2,49.14,24.57,Donor 9501,Restaurant,Chennai
DNR509502,2,47.64,23.82,Donor 9503,Household,Delhi NCR
DNR509995,2,49.84,24.92,Donor 9996,Cafeteria,Delhi NCR
DNR509999,2,67.0,33.5,Donor 10000,Restaurant,Remote
DNR510005,2,74.95,37.48,Donor 10006,Restaurant,Chennai
DNR510007,2,23.87,11.94,Donor 10008,Event,Ahmedabad
DNR510010,2,70.41,35.2,Donor 10011,Restaurant,Delhi NCR
DNR510011,2,35.96,17.98,Donor 10012,Household,Kolkata
DNR503055,2,33.83,16.92,Donor 3056,Hotel,Mumbai
DNR503852,2,42.42,21.21,Donor 3853,Event,Pune
DNR503855,2,44.94,22.47,Donor 3856,Household,Pune
DNR509508,2,52.01,26.01,Donor 9509,Household,Remote
DNR509510,2,104.3,52.15,Donor 9511,Household,Delhi NCR
DNR503864,2,79.97,39.98,Donor 3865,Restaurant,Hyderabad
DNR503866,2,56.51,28.26,Donor 3867,Restaurant,Bengaluru
DNR503867,2,46.75,23.38,Donor 3868,Household,Kolkata
DNR503058,2,51.29,25.65,Donor 3059,Restaurant,Delhi NCR
DNR503059,2,36.9,18.45,Donor 3060,Restaurant,Ahmedabad
DNR510013,2,45.71,22.86,Donor 10014,Household,Bengaluru
DNR510014,2,41.37,20.68,Donor 10015,Restaurant,Kolkata
DNR510015,2,65.02,32.51,Donor 10016,Event,Kolkata
DNR510017,2,47.48,23.74,Donor 10018,Restaurant,Chennai
DNR510021,2,63.05,31.52,Donor 10022,Household,Jaipur
DNR510022,2,41.78,20.89,Donor 10023,Bakery,Bengaluru
DNR510026,2,56.79,28.39,Donor 10027,Event,Kolkata
DNR510028,2,32.11,16.06,Donor 10029,Hotel,Ahmedabad
DNR503024,2,31.4,15.7,Donor 3025,Grocery Store,Kolkata
DNR503874,2,44.11,22.06,Donor 3875,Grocery Store,Chennai
DNR509487,2,26.14,13.07,Donor 9488,Household,Hyderabad
DNR509486,2,94.53,47.26,Donor 9487,Bakery,Delhi NCR
DNR503879,2,64.45,32.22,Donor 3880,Restaurant,Kolkata
DNR503885,2,48.79,24.4,Donor 3886,Household,Hyderabad
DNR503886,2,21.14,10.57,Donor 3887,Restaurant,Hyderabad
DNR503032,2,31.62,15.81,Donor 3033,Household,Ahmedabad
DNR503033,2,135.19,67.6,Donor 3034,Hotel,Kolkata
DNR503040,2,73.39,36.7,Donor 3041,Restaurant,Chennai
DNR503041,2,44.27,22.14,Donor 3042,Event,Ahmedabad
DNR503006,2,32.27,16.13,Donor 3007,Household,Bengaluru
DNR503014,2,40.12,20.06,Donor 3015,Cafeteria,Mumbai
DNR503016,2,62.32,31.16,Donor 3017,Bakery,Chennai
DNR503018,2,48.67,24.34,Donor 3019,Household,Chennai
DNR503890,2,66.71,33.36,Donor 3891,Cafeteria,Mumbai
DNR503892,2,61.57,30.78,Donor 3893,Cafeteria,Chennai
DNR503895,2,19.45,9.72,Donor 3896,Cafeteria,Delhi NCR
DNR503863,2,37.32,18.66,Donor 3864,Household,Mumbai
DNR503903,2,51.39,25.7,Donor 3904,Household,Hyderabad
DNR503906,2,37.83,18.92,Donor 3907,Cafeteria,Ahmedabad
DNR509466,2,38.04,19.02,Donor 9467,Household,Jaipur
DNR509470,2,43.76,21.88,Donor 9471,Cafeteria,Delhi NCR
DNR510030,2,36.45,18.23,Donor 10031,Restaurant,Mumbai
DNR510032,2,31.4,15.7,Donor 10033,Hotel,Delhi NCR
DNR510033,2,40.35,20.18,Donor 10034,Household,Hyderabad
DNR510037,2,61.54,30.77,Donor 10038,Cafeteria,Hyderabad
DNR510038,2,41.5,20.75,Donor 10039,Restaurant,Pune
DNR510042,2,67.85,33.92,Donor 10043,Hotel,Jaipur
DNR510048,2,28.45,14.22,Donor 10049,Household,Remote
DNR502989,2,59.69,29.84,Donor 2990,Restaurant,Ahmedabad
DNR509472,2,48.89,24.44,Donor 9473,Cafeteria,Chennai
DNR509473,2,22.07,11.04,Donor 9474,Household,Mumbai
DNR509477,2,35.13,17.56,Donor 9478,Restaurant,Mumbai
DNR509483,2,61.48,30.74,Donor 9484,Cafeteria,Hyderabad
DNR509461,2,131.61,65.8,Donor 9462,Restaurant,Delhi NCR
DNR509462,2,40.89,20.44,Donor 9463,Hotel,Chennai
DNR509465,2,61.46,30.73,Donor 9466,Household,Mumbai
DNR503922,2,29.01,14.5,Donor 3923,Hotel,Bengaluru
DNR503925,2,22.87,11.44,Donor 3926,Cafeteria,Chennai
DNR502996,2,56.96,28.48,Donor 2997,Hotel,Jaipur
DNR502999,2,74.97,37.48,Donor 3000,Cafeteria,Remote
DNR502971,2,85.93,42.96,Donor 2972,Household,Remote
DNR502972,2,39.85,19.92,Donor 2973,Restaurant,Pune
DNR502973,2,31.77,15.89,Donor 2974,Grocery Store,Ahmedabad
DNR502975,2,25.85,12.92,Donor 2976,Cafeteria,Jaipur
DNR502977,2,44.06,22.03,Donor 2978,Household,Mumbai
DNR502980,2,32.0,16.0,Donor 2981,Restaurant,Mumbai
DNR502984,2,28.17,14.08,Donor 2985,Cafeteria,Mumbai
DNR503927,2,45.53,22.76,Donor 3928,Event,Delhi NCR
DNR503901,2,53.33,26.66,Donor 3902,Event,Kolkata
DNR503960,2,22.75,11.38,Donor 3961,Restaurant,Remote
DNR503961,2,48.22,24.11,Donor 3962,Restaurant,Pune
DNR502985,2,60.18,30.09,Donor 2986,Household,Jaipur
DNR502986,2,47.75,23.88,Donor 2987,Household,Kolkata
DNR510050,2,42.16,21.08,Donor 10051,Hotel,Mumbai
DNR510052,2,79.72,39.86,Donor 10053,Restaurant,Remote
DNR510059,2,48.52,24.26,Donor 10060,Bakery,Delhi NCR
DNR510060,2,42.8,21.4,Donor 10061,Cafeteria,Jaipur
DNR510062,2,87.1,43.55,Donor 10063,Restaurant,Chennai
DNR510064,2,39.07,19.54,Donor 10065,Grocery Store,Pune
DNR510065,2,92.33,46.17,Donor 10066,Hotel,Delhi NCR
DNR502952,2,47.85,23.92,Donor 2953,Restaurant,Bengaluru
DNR509448,2,82.35,41.18,Donor 9449,Cafeteria,Delhi NCR
DNR509451,2,58.03,29.02,Donor 9452,Hotel,Delhi NCR
DNR509452,2,86.16,43.08,Donor 9453,Restaurant,Hyderabad
DNR509460,2,45.08,22.54,Donor 9461,Hotel,Ahmedabad
DNR509444,2,75.45,37.72,Donor 9445,Restaurant,Remote
DNR503965,2,68.95,34.47,Donor 3966,Household,Pune
DNR503966,2,37.62,18.81,Donor 3967,Event,Delhi NCR
DNR502958,2,42.03,21.02,Donor 2959,Household,Ahmedabad
DNR502960,2,55.38,27.69,Donor 2961,Household,Hyderabad
DNR502961,2,25.56,12.78,Donor 2962,Grocery Store,Ahmedabad
DNR502963,2,45.86,22.93,Donor 2964,Restaurant,Ahmedabad
DNR502964,2,36.35,18.18,Donor 2965,Event,Jaipur
DNR502941,2,43.4,21.7,Donor 2942,Restaurant,Kolkata
DNR502943,2,74.94,37.47,Donor 2944,Household,Jaipur
DNR503976,2,68.69,34.34,Donor 3977,Restaurant,Mumbai
DNR503977,2,39.0,19.5,Donor 3978,Hotel,Bengaluru
DNR503981,2,52.85,26.42,Donor 3982,Bakery,Chennai
DNR503943,2,61.65,30.82,Donor 3944,Restaurant,Mumbai
DNR503950,2,94.62,47.31,Donor 3951,Household,Mumbai
DNR503951,2,62.15,31.08,Donor 3952,Household,Pune
DNR503987,2,42.74,21.37,Donor 3988,Restaurant,Hyderabad
DNR503988,2,47.07,23.54,Donor 3989,Restaurant,Kolkata
DNR503989,2,40.54,20.27,Donor 3990,Restaurant,Hyderabad
DNR503991,2,65.03,32.52,Donor 3992,Household,Kolkata
DNR503992,2,25.93,12.96,Donor 3993,Grocery Store,Ahmedabad
DNR502948,2,46.36,23.18,Donor 2949,Hotel,Chennai
DNR502950,2,52.06,26.03,Donor 2951,Cafeteria,Pune
DNR510067,2,46.51,23.26,Donor 10068,Cafeteria,Bengaluru
DNR510079,2,52.89,26.44,Donor 10080,Household,Chennai
DNR510081,2,26.75,13.38,Donor 10082,Cafeteria,Ahmedabad
DNR510082,2,42.87,21.44,Donor 10083,Household,Hyderabad
DNR510085,2,78.59,39.3,Donor 10086,Cafeteria,Jaipur
DNR502916,2,46.79,23.4,Donor 2917,Household,Delhi NCR
DNR502922,2,27.08,13.54,Donor 2923,Cafeteria,Mumbai
DNR503994,2,53.35,26.68,Donor 3995,Grocery Store,Hyderabad
DNR509443,2,55.14,27.57,Donor 9444,Restaurant,Ahmedabad
DNR509421,2,102.39,51.2,Donor 9422,Household,Remote
DNR509422,2,41.92,20.96,Donor 9423,Cafeteria,Chennai
DNR509423,2,31.08,15.54,Donor 9424,Household,Jaipur
DNR502928,2,72.64,36.32,Donor 2929,Restaurant,Jaipur
DNR502929,2,45.89,22.94,Donor 2930,Cafeteria,Kolkata
DNR502899,2,19.87,9.94,Donor 2900,Restaurant,Pune
DNR502902,2,27.79,13.9,Donor 2903,Cafeteria,Jaipur
DNR502903,2,48.68,24.34,Donor 2904,Bakery,Hyderabad
DNR502906,2,51.72,25.86,Donor 2907,Hotel,Hyderabad
DNR502909,2,88.04,44.02,Donor 2910,Bakery,Delhi NCR
DNR502911,2,88.44,44.22,Donor 2912,Event,Bengaluru
DNR502913,2,54.22,27.11,Donor 2914,Grocery Store,Chennai
DNR510088,2,29.85,14.92,Donor 10089,Household,Chennai
DNR504009,2,61.05,30.52,Donor 4010,Cafeteria,Jaipur
DNR503982,2,63.49,31.74,Donor 3983,Grocery Store,Remote
DNR503985,2,51.0,25.5,Donor 3986,Restaurant,Mumbai
DNR504020,2,51.07,25.54,Donor 4021,Event,Kolkata
DNR504022,2,56.85,28.42,Donor 4023,Cafeteria,Ahmedabad
DNR504027,2,55.17,27.58,Donor 4028,Hotel,Pune
DNR504028,2,18.98,9.49,Donor 4029,Restaurant,Mumbai
DNR510089,2,56.21,28.1,Donor 10090,Restaurant,Bengaluru
DNR510094,2,17.1,8.55,Donor 10095,Grocery Store,Bengaluru
DNR510095,2,40.66,20.33,Donor 10096,Hotel,Jaipur
DNR510097,2,22.31,11.16,Donor 10098,Cafeteria,Kolkata
DNR510103,2,19.71,9.86,Donor 10104,Restaurant,Pune
DNR510105,2,37.18,18.59,Donor 10106,Household,Kolkata
DNR502878,2,102.93,51.46,Donor 2879,Household,Pune
DNR502879,2,97.85,48.92,Donor 2880,Hotel,Pune
DNR504029,2,42.47,21.24,Donor 4030,Hotel,Chennai
DNR504030,2,53.4,26.7,Donor 4031,Cafeteria,Ahmedabad
DNR509412,2,71.44,35.72,Donor 9413,Restaurant,Chennai
DNR509414,2,65.73,32.86,Donor 9415,Household,Mumbai
DNR510121,2,68.98,34.49,Donor 10122,Restaurant,Chennai
DNR510122,2,22.71,11.36,Donor 10123,Restaurant,Ahmedabad
DNR510125,2,26.51,13.26,Donor 10126,Household,Delhi NCR
DNR502834,2,51.34,25.67,Donor 2835,Cafeteria,Ahmedabad
DNR502843,2,18.19,9.1,Donor 2844,Hotel,Bengaluru
DNR502889,2,28.62,14.31,Donor 2890,Cafeteria,Hyderabad
DNR502891,2,33.43,16.72,Donor 2892,Restaurant,Mumbai
DNR502893,2,72.67,36.34,Donor 2894,Grocery Store,Ahmedabad
DNR502854,2,63.48,31.74,Donor 2855,Cafeteria,Mumbai
DNR502856,2,50.3,25.15,Donor 2857,Event,Kolkata
DNR502858,2,13.23,6.62,Donor 2859,Household,Kolkata
DNR502860,2,33.05,16.52,Donor 2861,Restaurant,Bengaluru
DNR509390,2,56.8,28.4,Donor 9391,Cafeteria,Delhi NCR
DNR509396,2,25.7,12.85,Donor 9397,Restaurant,Chennai
DNR509406,2,17.88,8.94,Donor 9407,Cafeteria,Ahmedabad
DNR509407,2,65.26,32.63,Donor 9408,Cafeteria,Kolkata
DNR502850,2,28.29,14.14,Donor 2851,Household,Jaipur
DNR510130,2,32.65,16.33,Donor 10131,Household,Bengaluru
DNR510134,2,62.0,31.0,Donor 10135,Restaurant,Jaipur
DNR510137,2,79.03,39.52,Donor 10138,Restaurant,Bengaluru
DNR510140,2,43.68,21.84,Donor 10141,Household,Kolkata
DNR510144,2,82.26,41.13,Donor 10145,Hotel,Chennai
DNR504079,2,93.43,46.72,Donor 4080,Restaurant,Mumbai
DNR509376,2,43.81,21.9,Donor 9377,Cafeteria,Delhi NCR
DNR509387,2,55.87,27.94,Donor 9388,Household,Ahmedabad
DNR504042,2,69.33,34.66,Donor 4043,Restaurant,Delhi NCR
DNR504043,2,55.43,27.72,Donor 4044,Grocery Store,Jaipur
DNR504052,2,64.46,32.23,Donor 4053,Household,Hyderabad
DNR502873,2,78.6,39.3,Donor 2874,Household,Pune
DNR510109,2,56.57,28.28,Donor 10110,Household,Pune
DNR510118,2,14.31,7.15,Donor 10119,Grocery Store,Chennai
DNR510119,2,38.66,19.33,Donor 10120,Restaurant,Delhi NCR
DNR509344,2,37.42,18.71,Donor 9345,Household,Bengaluru
DNR504082,2,54.2,27.1,Donor 4083,Restaurant,Chennai
DNR504087,2,31.32,15.66,Donor 4088,Restaurant,Bengaluru
DNR504090,2,63.51,31.76,Donor 4091,Household,Pune
DNR504091,2,43.46,21.73,Donor 4092,Household,Jaipur
DNR504096,2,47.94,23.97,Donor 4097,Hotel,Ahmedabad
DNR509348,2,38.59,19.29,Donor 9349,Cafeteria,Bengaluru
DNR509349,2,55.98,27.99,Donor 9350,Restaurant,Kolkata
DNR509356,2,39.95,19.98,Donor 9357,Event,Delhi NCR
DNR509357,2,37.43,18.72,Donor 9358,Restaurant,Chennai
DNR509358,2,56.84,28.42,Donor 9359,Household,Remote
DNR509362,2,72.33,36.16,Donor 9363,Household,Jaipur
DNR509364,2,39.64,19.82,Donor 9365,Restaurant,Hyderabad
DNR504075,2,80.25,40.12,Donor 4076,Bakery,Mumbai
DNR502848,2,56.37,28.18,Donor 2849,Restaurant,Chennai
DNR502849,2,44.7,22.35,Donor 2850,Household,Remote
DNR504115,2,34.17,17.08,Donor 4116,Cafeteria,Delhi NCR
DNR509329,2,75.36,37.68,Donor 9330,Event,Jaipur
DNR509334,2,41.52,20.76,Donor 9335,Event,Mumbai
DNR502828,2,52.96,26.48,Donor 2829,Restaurant,Hyderabad
DNR502829,2,38.67,19.34,Donor 2830,Restaurant,Jaipur
DNR502830,2,63.36,31.68,Donor 2831,Restaurant,Pune
DNR502793,2,58.99,29.49,Donor 2794,Restaurant,Chennai
DNR502794,2,97.1,48.55,Donor 2795,Bakery,Ahmedabad
DNR502799,2,62.75,31.38,Donor 2800,Cafeteria,Hyderabad
DNR502800,2,37.84,18.92,Donor 2801,Hotel,Delhi NCR
DNR502810,2,30.54,15.27,Donor 2811,Restaurant,Mumbai
DNR510148,2,47.13,23.56,Donor 10149,Grocery Store,Chennai
DNR509339,2,120.38,60.19,Donor 9340,Restaurant,Bengaluru
DNR509341,2,61.79,30.9,Donor 9342,Cafeteria,Pune
DNR509342,2,60.11,30.06,Donor 9343,Cafeteria,Delhi NCR
DNR509343,2,40.8,20.4,Donor 9344,Bakery,Mumbai
DNR502783,2,30.58,15.29,Donor 2784,Cafeteria,Hyderabad
DNR502784,2,57.0,28.5,Donor 2785,Hotel,Kolkata
DNR504150,2,108.88,54.44,Donor 4151,Household,Kolkata
DNR504154,2,34.43,17.22,Donor 4155,Grocery Store,Remote
DNR504118,2,55.62,27.81,Donor 4119,Grocery Store,Bengaluru
DNR504120,2,30.41,15.2,Donor 4121,Hotel,Jaipur
DNR504122,2,31.23,15.62,Donor 4123,Cafeteria,Chennai
DNR504124,2,28.0,14.0,Donor 4125,Bakery,Chennai
DNR504127,2,45.07,22.54,Donor 4128,Household,Ahmedabad
DNR504134,2,65.11,32.56,Donor 4135,Event,Chennai
DNR504135,2,40.66,20.33,Donor 4136,Restaurant,Pune
DNR504099,2,48.71,24.35,Donor 4100,Restaurant,Ahmedabad
DNR504101,2,45.47,22.74,Donor 4102,Cafeteria,Mumbai
DNR504102,2,34.82,17.41,Donor 4103,Household,Jaipur
DNR504108,2,34.67,17.34,Donor 4109,Restaurant,Delhi NCR
DNR504113,2,47.1,23.55,Donor 4114,Household,Delhi NCR
DNR504136,2,39.46,19.73,Donor 4137,Grocery Store,Kolkata
DNR504137,2,44.27,22.14,Donor 4138,Hotel,Jaipur
DNR504141,2,66.59,33.3,Donor 4142,Restaurant,Kolkata
DNR504143,2,70.75,35.38,Donor 4144,Cafeteria,Hyderabad
DNR510149,2,43.26,21.63,Donor 10150,Cafeteria,Bengaluru
DNR510151,2,32.31,16.16,Donor 10152,Household,Delhi NCR
DNR510154,2,40.84,20.42,Donor 10155,Household,Pune
DNR510157,2,38.35,19.18,Donor 10158,Restaurant,Pune
DNR510159,2,41.1,20.55,Donor 10160,Restaurant,Remote
DNR510162,2,39.96,19.98,Donor 10163,Cafeteria,Chennai
DNR510164,2,73.5,36.75,Donor 10165,Cafeteria,Mumbai
DNR502771,2,78.78,39.39,Donor 2772,Cafeteria,Mumbai
DNR502772,2,69.39,34.7,Donor 2773,Restaurant,Remote
DNR502773,2,41.21,20.6,Donor 2774,Household,Kolkata
DNR502776,2,78.8,39.4,Donor 2777,Cafeteria,Ahmedabad
DNR502777,2,27.57,13.78,Donor 2778,Cafeteria,Kolkata
DNR504158,2,47.03,23.52,Donor 4159,Restaurant,Remote
DNR504160,2,56.63,28.32,Donor 4161,Household,Remote
DNR504166,2,32.76,16.38,Donor 4167,Restaurant,Jaipur
DNR504168,2,29.37,14.68,Donor 4169,Grocery Store,Jaipur
DNR502787,2,29.91,14.96,Donor 2788,Restaurant,Delhi NCR
DNR510165,2,58.02,29.01,Donor 10166,Restaurant,Chennai
DNR510167,2,31.88,15.94,Donor 10168,Cafeteria,Chennai
DNR510172,2,60.76,30.38,Donor 10173,Restaurant,Kolkata
DNR510183,2,60.87,30.44,Donor 10184,Cafeteria,Bengaluru
DNR502754,2,20.67,10.34,Donor 2755,Household,Ahmedabad
DNR502755,2,31.7,15.85,Donor 2756,Bakery,Chennai
DNR502756,2,61.07,30.54,Donor 2757,Hotel,Hyderabad
DNR509310,2,29.51,14.76,Donor 9311,Cafeteria,Remote
DNR509311,2,29.68,14.84,Donor 9312,Household,Kolkata
DNR509317,2,57.65,28.83,Donor 9318,Event,Jaipur
DNR509319,2,52.49,26.24,Donor 9320,Restaurant,Chennai
DNR504175,2,50.08,25.04,Donor 4176,Hotel,Ahmedabad
DNR504176,2,26.61,13.3,Donor 4177,Restaurant,Ahmedabad
DNR504178,2,36.63,18.31,Donor 4179,Restaurant,Bengaluru
DNR502760,2,91.88,45.94,Donor 2761,Household,Pune
DNR502763,2,74.21,37.1,Donor 2764,Event,Delhi NCR
DNR502764,2,57.51,28.76,Donor 2765,Restaurant,Delhi NCR
DNR502768,2,80.83,40.42,Donor 2769,Bakery,Ahmedabad
DNR502770,2,45.58,22.79,Donor 2771,Hotel,Jaipur
DNR510187,2,25.9,12.95,Donor 10188,Restaurant,Kolkata
DNR510191,2,49.21,24.6,Donor 10192,Bakery,Kolkata
DNR510196,2,35.85,17.92,Donor 10197,Cafeteria,Pune
DNR502739,2,29.09,14.55,Donor 2740,Cafeteria,Pune
DNR504187,2,57.72,28.86,Donor 4188,Restaurant,Kolkata
DNR504188,2,41.17,20.58,Donor 4189,Cafeteria,Delhi NCR
DNR504156,2,47.34,23.67,Donor 4157,Household,Remote
DNR504157,2,53.12,26.56,Donor 4158,Hotel,Chennai
DNR504207,2,63.55,31.78,Donor 4208,Event,Pune
DNR504211,2,46.17,23.08,Donor 4212,Restaurant,Pune
DNR502741,2,44.57,22.28,Donor 2742,Hotel,Kolkata
DNR502743,2,49.99,24.99,Donor 2744,Hotel,Hyderabad
DNR502750,2,82.45,41.22,Donor 2751,Cafeteria,Mumbai
DNR502753,2,79.66,39.83,Donor 2754,Event,Chennai
DNR502713,2,49.8,24.9,Donor 2714,Grocery Store,Kolkata
DNR502714,2,29.85,14.92,Donor 2715,Household,Ahmedabad
DNR502718,2,44.97,22.48,Donor 2719,Restaurant,Chennai
DNR502728,2,57.92,28.96,Donor 2729,Restaurant,Pune
DNR502729,2,26.73,13.36,Donor 2730,Household,Chennai
DNR509292,2,29.87,14.93,Donor 9293,Event,Jaipur
DNR509294,2,25.41,12.7,Donor 9295,Household,Delhi NCR
DNR509297,2,56.21,28.1,Donor 9298,Restaurant,Mumbai
DNR509299,2,58.6,29.3,Donor 9300,Household,Ahmedabad
DNR509301,2,33.19,16.6,Donor 9302,Cafeteria,Jaipur
DNR504214,2,60.31,30.16,Donor 4215,Bakery,Mumbai
DNR504218,2,58.85,29.42,Donor 4219,Restaurant,Chennai
DNR504219,2,30.24,15.12,Donor 4220,Cafeteria,Remote
DNR502734,2,42.86,21.43,Donor 2735,Restaurant,Kolkata
DNR510203,2,57.82,28.91,Donor 10204,Event,Remote
DNR510206,2,34.77,17.39,Donor 10207,Restaurant,Delhi NCR
DNR510213,2,59.5,29.75,Donor 10214,Bakery,Ahmedabad
DNR502699,2,44.18,22.09,Donor 2700,Hotel,Jaipur
DNR502701,2,68.32,34.16,Donor 2702,Household,Ahmedabad
DNR502703,2,28.97,14.48,Donor 2704,Hotel,Kolkata
DNR504223,2,23.13,11.56,Donor 4224,Household,Pune
DNR504228,2,40.9,20.45,Donor 4229,Cafeteria,Remote
DNR504229,2,39.14,19.57,Donor 4230,Cafeteria,Remote
DNR504196,2,21.69,10.84,Donor 4197,Cafeteria,Pune
DNR504204,2,59.32,29.66,Donor 4205,Hotel,Chennai
DNR504206,2,23.9,11.95,Donor 4207,Bakery,Mumbai
DNR504236,2,23.67,11.84,Donor 4237,Cafeteria,Chennai
DNR504239,2,39.0,19.5,Donor 4240,Grocery Store,Pune
DNR504243,2,54.27,27.14,Donor 4244,Household,Pune
DNR504245,2,16.86,8.43,Donor 4246,Grocery Store,Chennai
DNR504246,2,48.35,24.18,Donor 4247,Household,Jaipur
DNR502706,2,39.31,19.66,Donor 2707,Hotel,Ahmedabad
DNR502711,2,78.03,39.02,Donor 2712,Hotel,Remote
DNR502712,2,53.85,26.92,Donor 2713,Cafeteria,Jaipur
DNR510222,2,37.83,18.92,Donor 10223,Bakery,Kolkata
DNR510229,2,62.85,31.42,Donor 10230,Restaurant,Mumbai
DNR510232,2,86.35,43.18,Donor 10233,Cafeteria,Chennai
DNR510238,2,51.85,25.92,Donor 10239,Cafeteria,Mumbai
DNR502670,2,56.05,28.02,Donor 2671,Grocery Store,Remote
DNR502683,2,49.02,24.51,Donor 2684,Event,Delhi NCR
DNR509275,2,60.02,30.01,Donor 9276,Household,Hyderabad
DNR509277,2,47.23,23.62,Donor 9278,Cafeteria,Delhi NCR
DNR509261,2,47.31,23.66,Donor 9262,Cafeteria,Pune
DNR509267,2,52.2,26.1,Donor 9268,Restaurant,Ahmedabad
DNR509273,2,15.41,7.7,Donor 9274,Bakery,Jaipur
DNR504252,2,87.45,43.72,Donor 4253,Household,Jaipur
DNR502685,2,63.59,31.8,Donor 2686,Restaurant,Jaipur
DNR502691,2,64.38,32.19,Donor 2692,Bakery,Jaipur
DNR510246,2,42.09,21.04,Donor 10247,Restaurant,Ahmedabad
DNR510248,2,88.08,44.04,Donor 10249,Household,Ahmedabad
DNR510252,2,69.57,34.78,Donor 10253,Household,Mumbai
DNR510254,2,51.03,25.52,Donor 10255,Restaurant,Chennai
DNR504253,2,71.06,35.53,Donor 4254,Grocery Store,Bengaluru
DNR504263,2,56.2,28.1,Donor 4264,Household,Remote
DNR504264,2,36.28,18.14,Donor 4265,Cafeteria,Jaipur
DNR504265,2,22.52,11.26,Donor 4266,Restaurant,Delhi NCR
DNR504234,2,41.75,20.88,Donor 4235,Hotel,Bengaluru
DNR504235,2,35.83,17.92,Donor 4236,Restaurant,Pune
DNR502660,2,42.55,21.28,Donor 2661,Household,Remote
DNR502663,2,65.92,32.96,Donor 2664,Restaurant,Kolkata
DNR502665,2,62.69,31.34,Donor 2666,Hotel,Ahmedabad
DNR502666,2,37.83,18.92,Donor 2667,Hotel,Remote
DNR502667,2,43.07,21.54,Donor 2668,Event,Chennai
DNR502634,2,35.33,17.66,Donor 2635,Event,Hyderabad
DNR502636,2,41.12,20.56,Donor 2637,Household,Kolkata
DNR502638,2,38.35,19.18,Donor 2639,Bakery,Jaipur
DNR502641,2,70.7,35.35,Donor 2642,Event,Chennai
DNR502642,2,101.72,50.86,Donor 2643,Hotel,Bengaluru
DNR502643,2,58.52,29.26,Donor 2644,Grocery Store,Bengaluru
DNR502647,2,53.64,26.82,Donor 2648,Event,Jaipur
DNR504281,2,21.59,10.8,Donor 4282,Grocery Store,Chennai
DNR504282,2,70.5,35.25,Donor 4283,Cafeteria,Bengaluru
DNR509259,2,49.48,24.74,Donor 9260,Restaurant,Kolkata
DNR509260,2,42.32,21.16,Donor 9261,Restaurant,Bengaluru
DNR504293,2,83.26,41.63,Donor 4294,Cafeteria,Jaipur
DNR502650,2,38.52,19.26,Donor 2651,Restaurant,Jaipur
DNR502617,2,98.52,49.26,Donor 2618,Restaurant,Remote
DNR502619,2,75.59,37.8,Donor 2620,Grocery Store,Remote
DNR502629,2,63.43,31.72,Donor 2630,Bakery,Jaipur
DNR502630,2,38.74,19.37,Donor 2631,Event,Pune
DNR510258,2,59.16,29.58,Donor 10259,Cafeteria,Bengaluru
DNR510259,2,61.15,30.58,Donor 10260,Restaurant,Ahmedabad
DNR504298,2,27.22,13.61,Donor 4299,Grocery Store,Pune
DNR504299,2,26.52,13.26,Donor 4300,Hotel,Jaipur
DNR504267,2,53.47,26.74,Donor 4268,Restaurant,Pune
DNR504268,2,39.84,19.92,Donor 4269,Household,Delhi NCR
DNR504271,2,39.96,19.98,Donor 4272,Event,Bengaluru
DNR504277,2,49.78,24.89,Donor 4278,Cafeteria,Hyderabad
DNR504278,2,22.25,11.12,Donor 4279,Hotel,Jaipur
DNR502658,2,70.24,35.12,Donor 2659,Cafeteria,Pune
DNR510269,2,51.35,25.67,Donor 10270,Household,Jaipur
DNR502598,2,50.22,25.11,Donor 2599,Event,Kolkata
DNR502599,2,40.26,20.13,Donor 2600,Household,Mumbai
DNR502600,2,90.36,45.18,Donor 2601,Household,Jaipur
DNR502603,2,35.99,17.99,Donor 2604,Restaurant,Delhi NCR
DNR502605,2,45.44,22.72,Donor 2606,Restaurant,Mumbai
DNR504325,2,28.2,14.1,Donor 4326,Household,Kolkata
DNR509238,2,43.18,21.59,Donor 9239,Event,Ahmedabad
DNR509246,2,46.09,23.04,Donor 9247,Household,Remote
DNR509248,2,24.81,12.4,Donor 9249,Event,Kolkata
DNR509249,2,51.9,25.95,Donor 9250,Grocery Store,Chennai
DNR509251,2,44.15,22.08,Donor 9252,Household,Remote
DNR509252,2,56.0,28.0,Donor 9253,Household,Hyderabad
DNR509254,2,82.72,41.36,Donor 9255,Hotel,Remote
DNR504291,2,41.01,20.5,Donor 4292,Grocery Store,Delhi NCR
DNR504292,2,38.29,19.14,Donor 4293,Household,Kolkata
DNR509215,2,85.23,42.62,Donor 9216,Event,Bengaluru
DNR509216,2,76.88,38.44,Donor 9217,Restaurant,Hyderabad
DNR509217,2,59.7,29.85,Donor 9218,Restaurant,Ahmedabad
DNR509228,2,29.29,14.64,Donor 9229,Restaurant,Remote
DNR509229,2,61.91,30.96,Donor 9230,Event,Bengaluru
DNR509231,2,57.95,28.98,Donor 9232,Restaurant,Chennai
DNR504331,2,89.5,44.75,Donor 4332,Hotel,Chennai
DNR504333,2,49.5,24.75,Donor 4334,Hotel,Ahmedabad
DNR504337,2,24.85,12.42,Donor 4338,Restaurant,Delhi NCR
DNR504310,2,30.14,15.07,Donor 4311,Restaurant,Remote
DNR504313,2,62.9,31.45,Donor 4314,Bakery,Remote
DNR504317,2,56.41,28.2,Donor 4318,Restaurant,Kolkata
DNR504318,2,82.05,41.02,Donor 4319,Grocery Store,Mumbai
DNR510263,2,100.6,50.3,Donor 10264,Restaurant,Ahmedabad
DNR510265,2,26.62,13.31,Donor 10266,Restaurant,Mumbai
DNR510267,2,27.56,13.78,Donor 10268,Restaurant,Chennai
DNR504359,2,59.44,29.72,Donor 4360,Event,Remote
DNR504360,2,32.49,16.24,Donor 4361,Event,Hyderabad
DNR504361,2,26.11,13.06,Donor 4362,Household,Delhi NCR
DNR504363,2,60.95,30.48,Donor 4364,Event,Mumbai
DNR502608,2,39.55,19.78,Donor 2609,Event,Pune
DNR502612,2,53.38,26.69,Donor 2613,Cafeteria,Remote
DNR502614,2,52.46,26.23,Donor 2615,Restaurant,Jaipur
DNR502615,2,47.22,23.61,Donor 2616,Grocery Store,Ahmedabad
DNR510278,2,34.08,17.04,Donor 10279,Household,Bengaluru
DNR510279,2,24.94,12.47,Donor 10280,Hotel,Jaipur
DNR510285,2,55.69,27.84,Donor 10286,Restaurant,Hyderabad
DNR502578,2,79.55,39.78,Donor 2579,Hotel,Bengaluru
DNR509200,2,77.47,38.74,Donor 9201,Hotel,Chennai
DNR509202,2,39.11,19.56,Donor 9203,Restaurant,Delhi NCR
DNR509209,2,29.49,14.74,Donor 9210,Event,Kolkata
DNR509210,2,26.21,13.1,Donor 9211,Restaurant,Kolkata
DNR502580,2,35.64,17.82,Donor 2581,Restaurant,Chennai
DNR502581,2,88.44,44.22,Donor 2582,Restaurant,Bengaluru
DNR502582,2,56.74,28.37,Donor 2583,Restaurant,Remote
DNR502583,2,19.65,9.82,Donor 2584,Event,Remote
DNR502588,2,51.78,25.89,Donor 2589,Grocery Store,Bengaluru
DNR502554,2,145.37,72.68,Donor 2555,Grocery Store,Delhi NCR
DNR502563,2,68.36,34.18,Donor 2564,Household,Jaipur
DNR502572,2,52.4,26.2,Donor 2573,Bakery,Remote
DNR502573,2,50.47,25.24,Donor 2574,Hotel,Delhi NCR
DNR504372,2,51.94,25.97,Donor 4373,Hotel,Mumbai
DNR504375,2,49.94,24.97,Donor 4376,Event,Mumbai
DNR504378,2,124.77,62.39,Donor 4379,Restaurant,Delhi NCR
DNR504351,2,51.78,25.89,Donor 4352,Household,Chennai
DNR504353,2,79.75,39.88,Donor 4354,Event,Ahmedabad
DNR504354,2,93.63,46.82,Donor 4355,Restaurant,Kolkata
DNR504358,2,46.97,23.48,Donor 4359,Cafeteria,Remote
DNR509167,2,48.71,24.36,Donor 9168,Event,Chennai
DNR509168,2,76.7,38.35,Donor 9169,Event,Delhi NCR
DNR509169,2,62.15,31.08,Donor 9170,Grocery Store,Mumbai
DNR509172,2,29.62,14.81,Donor 9173,Restaurant,Ahmedabad
DNR509173,2,50.31,25.16,Donor 9174,Event,Remote
DNR504384,2,55.42,27.71,Donor 4385,Bakery,Ahmedabad
DNR504388,2,30.4,15.2,Donor 4389,Household,Pune
DNR504396,2,64.41,32.2,Donor 4397,Event,Jaipur
DNR504397,2,53.66,26.83,Donor 4398,Restaurant,Hyderabad
DNR504398,2,32.92,16.46,Donor 4399,Household,Jaipur
DNR509176,2,36.71,18.36,Donor 9177,Restaurant,Kolkata
DNR509179,2,13.63,6.82,Donor 9180,Household,Ahmedabad
DNR509181,2,60.91,30.46,Donor 9182,Cafeteria,Hyderabad
DNR509182,2,35.2,17.6,Donor 9183,Cafeteria,Chennai
DNR509184,2,50.74,25.37,Donor 9185,Household,Ahmedabad
DNR504369,2,42.91,21.46,Donor 4370,Cafeteria,Jaipur
DNR504413,2,44.04,22.02,Donor 4414,Hotel,Hyderabad
DNR504414,2,81.22,40.61,Donor 4415,Restaurant,Bengaluru
DNR504417,2,26.55,13.27,Donor 4418,Bakery,Bengaluru
DNR510296,2,69.79,34.89,Donor 10297,Restaurant,Ahmedabad
DNR510299,2,43.63,21.82,Donor 10300,Household,Chennai
DNR510304,2,41.68,20.84,Donor 10305,Grocery Store,Pune
DNR510307,2,22.23,11.12,Donor 10308,Hotel,Kolkata
DNR510310,2,69.65,34.83,Donor 10311,Grocery Store,Hyderabad
DNR510311,2,79.28,39.64,Donor 10312,Restaurant,Mumbai
DNR510313,2,71.88,35.94,Donor 10314,Hotel,Delhi NCR
DNR502534,2,60.37,30.18,Donor 2535,Bakery,Kolkata
DNR502535,2,32.4,16.2,Donor 2536,Event,Hyderabad
DNR509155,2,57.89,28.94,Donor 9156,Grocery Store,Jaipur
DNR509156,2,71.05,35.52,Donor 9157,Grocery Store,Kolkata
DNR509162,2,33.5,16.75,Donor 9163,Hotel,Kolkata
DNR509164,2,69.94,34.97,Donor 9165,Event,Remote
DNR509153,2,57.09,28.54,Donor 9154,Cafeteria,Remote
DNR504423,2,40.48,20.24,Donor 4424,Grocery Store,Jaipur
DNR504424,2,25.45,12.73,Donor 4425,Grocery Store,Hyderabad
DNR502541,2,63.94,31.97,Donor 2542,Event,Chennai
DNR502546,2,27.61,13.8,Donor 2547,Hotel,Kolkata
DNR502549,2,55.69,27.84,Donor 2550,Household,Chennai
DNR510314,2,64.93,32.46,Donor 10315,Hotel,Mumbai
DNR510317,2,50.35,25.18,Donor 10318,Cafeteria,Bengaluru
DNR510331,2,42.76,21.38,Donor 10332,Hotel,Delhi NCR
DNR504432,2,78.91,39.46,Donor 4433,Restaurant,Delhi NCR
DNR504436,2,55.04,27.52,Donor 4437,Hotel,Ahmedabad
DNR504400,2,61.56,30.78,Donor 4401,Event,Pune
DNR504403,2,74.03,37.02,Donor 4404,Restaurant,Pune
DNR504407,2,21.12,10.56,Donor 4408,Hotel,Remote
DNR504409,2,30.32,15.16,Donor 4410,Grocery Store,Pune
DNR504412,2,85.35,42.68,Donor 4413,Restaurant,Bengaluru
DNR504457,2,73.51,36.75,Donor 4458,Restaurant,Kolkata
DNR509135,2,41.74,20.87,Donor 9136,Cafeteria,Bengaluru
DNR509137,2,40.56,20.28,Donor 9138,Event,Ahmedabad
DNR502528,2,40.19,20.1,Donor 2529,Household,Bengaluru
DNR502530,2,26.61,13.3,Donor 2531,Hotel,Delhi NCR
DNR502533,2,13.99,7.0,Donor 2534,Household,Kolkata
DNR502499,2,38.91,19.45,Donor 2500,Restaurant,Chennai
DNR502502,2,18.39,9.2,Donor 2503,Event,Chennai
DNR502503,2,70.71,35.36,Donor 2504,Restaurant,Pune
DNR502505,2,38.5,19.25,Donor 2506,Grocery Store,Remote
DNR502511,2,22.49,11.24,Donor 2512,Household,Bengaluru
DNR509139,2,68.11,34.06,Donor 9140,Restaurant,Kolkata
DNR509141,2,39.15,19.58,Donor 9142,Household,Remote
DNR509142,2,31.68,15.84,Donor 9143,Restaurant,Remote
DNR509146,2,38.26,19.13,Donor 9147,Household,Kolkata
DNR509149,2,30.62,15.31,Donor 9150,Hotel,Hyderabad
DNR509126,2,39.58,19.79,Donor 9127,Cafeteria,Ahmedabad
DNR509133,2,81.2,40.6,Donor 9134,Grocery Store,Bengaluru
DNR510342,2,55.85,27.92,Donor 10343,Hotel,Pune
DNR510346,2,75.99,38.0,Donor 10347,Hotel,Bengaluru
DNR510349,2,43.14,21.57,Donor 10350,Restaurant,Bengaluru
DNR510354,2,51.55,25.78,Donor 10355,Event,Hyderabad
DNR502480,2,89.98,44.99,Donor 2481,Cafeteria,Mumbai
DNR502485,2,23.44,11.72,Donor 2486,Bakery,Hyderabad
DNR504464,2,94.28,47.14,Donor 4465,Restaurant,Remote
DNR504466,2,37.12,18.56,Donor 4467,Cafeteria,Jaipur
DNR504467,2,55.02,27.51,Donor 4468,Cafeteria,Delhi NCR
DNR504470,2,59.97,29.98,Donor 4471,Grocery Store,Remote
DNR504441,2,89.5,44.75,Donor 4442,Cafeteria,Pune
DNR504444,2,55.21,27.6,Donor 4445,Grocery Store,Jaipur
DNR504445,2,58.71,29.36,Donor 4446,Cafeteria,Delhi NCR
DNR504450,2,36.85,18.42,Donor 4451,Grocery Store,Mumbai
DNR509098,2,36.39,18.2,Donor 9099,Event,Delhi NCR
DNR509102,2,33.72,16.86,Donor 9103,Event,Remote
DNR509104,2,46.14,23.07,Donor 9105,Hotel,Chennai
DNR509106,2,58.79,29.4,Donor 9107,Cafeteria,Ahmedabad
DNR509107,2,46.91,23.46,Donor 9108,Cafeteria,Pune
DNR509109,2,83.0,41.5,Donor 9110,Restaurant,Jaipur
DNR509111,2,55.91,27.96,Donor 9112,Bakery,Hyderabad
DNR504484,2,111.42,55.71,Donor 4485,Cafeteria,Pune
DNR504487,2,36.94,18.47,Donor 4488,Event,Chennai
DNR504489,2,44.52,22.26,Donor 4490,Bakery,Hyderabad
DNR504494,2,32.75,16.38,Donor 4495,Restaurant,Pune
DNR504495,2,53.23,26.62,Donor 4496,Cafeteria,Chennai
DNR504496,2,47.82,23.91,Donor 4497,Restaurant,Chennai
DNR509118,2,22.48,11.24,Donor 9119,Restaurant,Jaipur
DNR509121,2,45.01,22.51,Donor 9122,Restaurant,Ahmedabad
DNR509124,2,49.93,24.96,Donor 9125,Restaurant,Bengaluru
DNR504500,2,58.04,29.02,Donor 4501,Cafeteria,Pune
DNR504501,2,45.84,22.92,Donor 4502,Restaurant,Kolkata
DNR504503,2,55.94,27.97,Donor 4504,Restaurant,Ahmedabad
DNR504508,2,67.9,33.95,Donor 4509,Hotel,Kolkata
DNR504511,2,38.96,19.48,Donor 4512,Restaurant,Bengaluru
DNR502487,2,34.8,17.4,Donor 2488,Restaurant,Pune
DNR502454,2,68.41,34.2,Donor 2455,Restaurant,Kolkata
DNR502459,2,50.57,25.28,Donor 2460,Event,Hyderabad
DNR502462,2,88.43,44.22,Donor 2463,Grocery Store,Ahmedabad
DNR502466,2,38.72,19.36,Donor 2467,Restaurant,Mumbai
DNR502469,2,60.98,30.49,Donor 2470,Bakery,Delhi NCR
DNR502472,2,93.94,46.97,Donor 2473,Household,Jaipur
DNR502473,2,35.61,17.8,Donor 2474,Cafeteria,Remote
DNR502476,2,110.93,55.46,Donor 2477,Cafeteria,Bengaluru
DNR510355,2,61.99,30.99,Donor 10356,Hotel,Hyderabad
DNR509097,2,69.4,34.7,Donor 9098,Cafeteria,Remote
DNR502417,2,46.35,23.18,Donor 2418,Event,Hyderabad
DNR502430,2,38.81,19.4,Donor 2431,Restaurant,Mumbai
DNR502432,2,93.8,46.9,Donor 2433,Grocery Store,Hyderabad
DNR502433,2,79.85,39.92,Donor 2434,Bakery,Kolkata
DNR502435,2,32.28,16.14,Donor 2436,Bakery,Kolkata
DNR510360,2,65.22,32.61,Donor 10361,Bakery,Chennai
DNR510363,2,42.84,21.42,Donor 10364,Event,Pune
DNR510369,2,23.05,11.52,Donor 10370,Hotel,Ahmedabad
DNR502439,2,32.21,16.1,Donor 2440,Restaurant,Chennai
DNR502441,2,56.38,28.19,Donor 2442,Household,Remote
DNR502444,2,71.07,35.54,Donor 2445,Restaurant,Ahmedabad
DNR504528,2,41.54,20.77,Donor 4529,Hotel,Pune
DNR504530,2,45.55,22.78,Donor 4531,Event,Hyderabad
DNR504531,2,22.41,11.2,Donor 4532,Cafeteria,Bengaluru
DNR504533,2,46.41,23.2,Donor 4534,Event,Remote
DNR504537,2,19.96,9.98,Donor 4538,Hotel,Hyderabad
DNR510387,2,40.76,20.38,Donor 10388,Restaurant,Kolkata
DNR510390,2,58.46,29.23,Donor 10391,Restaurant,Mumbai
DNR510399,2,73.58,36.79,Donor 10400,Hotel,Bengaluru
DNR502392,2,85.93,42.96,Donor 2393,Cafeteria,Chennai
DNR502393,2,88.33,44.16,Donor 2394,Bakery,Bengaluru
DNR502399,2,29.06,14.53,Donor 2400,Event,Ahmedabad
DNR504554,2,83.53,41.76,Donor 4555,Cafeteria,Delhi NCR
DNR504556,2,37.28,18.64,Donor 4557,Event,Kolkata
DNR509080,2,22.89,11.44,Donor 9081,Event,Jaipur
DNR509084,2,76.4,38.2,Donor 9085,Restaurant,Ahmedabad
DNR509087,2,38.92,19.46,Donor 9088,Cafeteria,Delhi NCR
DNR509091,2,29.5,14.75,Donor 9092,Event,Ahmedabad
DNR509093,2,25.67,12.84,Donor 9094,Restaurant,Remote
DNR509095,2,42.69,21.34,Donor 9096,Household,Delhi NCR
DNR504521,2,27.79,13.9,Donor 4522,Household,Hyderabad
DNR502447,2,51.57,25.78,Donor 2448,Cafeteria,Remote
DNR504564,2,70.54,35.27,Donor 4565,Cafeteria,Bengaluru
DNR504567,2,49.18,24.59,Donor 4568,Restaurant,Delhi NCR
DNR504568,2,48.14,24.07,Donor 4569,Restaurant,Bengaluru
DNR504575,2,53.99,26.99,Donor 4576,Event,Pune
DNR504579,2,87.77,43.88,Donor 4580,Cafeteria,Jaipur
DNR504580,2,26.4,13.2,Donor 4581,Grocery Store,Remote
DNR509062,2,61.05,30.52,Donor 9063,Restaurant,Chennai
DNR509063,2,99.92,49.96,Donor 9064,Event,Chennai
DNR509070,2,68.13,34.06,Donor 9071,Restaurant,Remote
DNR509071,2,68.08,34.04,Donor 9072,Event,Bengaluru
DNR509073,2,13.27,6.64,Donor 9074,Restaurant,Mumbai
DNR509075,2,30.96,15.48,Donor 9076,Household,Delhi NCR
DNR504543,2,47.73,23.86,Donor 4544,Hotel,Hyderabad
DNR504545,2,90.29,45.14,Donor 4546,Restaurant,Remote
DNR504548,2,37.31,18.65,Donor 4549,Cafeteria,Jaipur
DNR510376,2,96.24,48.12,Donor 10377,Restaurant,Jaipur
DNR502356,2,73.19,36.6,Donor 2357,Household,Delhi NCR
DNR502358,2,50.09,25.04,Donor 2359,Restaurant,Remote
DNR502362,2,53.43,26.72,Donor 2363,Restaurant,Chennai
DNR502369,2,72.48,36.24,Donor 2370,Bakery,Remote
DNR502408,2,58.54,29.27,Donor 2409,Grocery Store,Kolkata
DNR510403,2,30.8,15.4,Donor 10404,Household,Remote
DNR510404,2,40.66,20.33,Donor 10405,Hotel,Chennai
DNR510413,2,130.37,65.18,Donor 10414,Cafeteria,Ahmedabad
DNR510416,2,28.26,14.13,Donor 10417,Grocery Store,Remote
DNR510418,2,29.84,14.92,Donor 10419,Hotel,Delhi NCR
DNR510419,2,45.73,22.86,Donor 10420,Grocery Store,Pune
DNR504592,2,25.16,12.58,Donor 4593,Event,Delhi NCR
DNR504596,2,40.03,20.02,Donor 4597,Cafeteria,Hyderabad
DNR504599,2,63.98,31.99,Donor 4600,Bakery,Remote
DNR504559,2,46.6,23.3,Donor 4560,Bakery,Chennai
DNR504561,2,23.37,11.68,Donor 4562,Hotel,Jaipur
DNR510421,2,58.31,29.16,Donor 10422,Restaurant,Delhi NCR
DNR510423,2,91.87,45.94,Donor 10424,Household,Pune
DNR510426,2,43.15,21.58,Donor 10427,Restaurant,Chennai
DNR510428,2,82.33,41.16,Donor 10429,Restaurant,Hyderabad
DNR510430,2,47.07,23.54,Donor 10431,Cafeteria,Bengaluru
DNR510438,2,48.41,24.2,Donor 10439,Hotel,Remote
DNR509040,2,34.74,17.37,Donor 9041,Restaurant,Pune
DNR509041,2,21.85,10.92,Donor 9042,Household,Bengaluru
DNR509047,2,64.49,32.25,Donor 9048,Event,Kolkata
DNR509048,2,68.64,34.32,Donor 9049,Cafeteria,Ahmedabad
DNR504590,2,76.21,38.11,Donor 4591,Hotel,Mumbai
DNR502373,2,17.09,8.54,Donor 2374,Cafeteria,Bengaluru
DNR502377,2,84.5,42.25,Donor 2378,Hotel,Pune
DNR502380,2,61.39,30.7,Donor 2381,Household,Ahmedabad
DNR502383,2,41.99,20.99,Donor 2384,Restaurant,Hyderabad
DNR502389,2,75.76,37.88,Donor 2390,Grocery Store,Chennai
DNR504632,2,32.31,16.16,Donor 4633,Household,Delhi NCR
DNR509020,2,31.58,15.79,Donor 9021,Household,Pune
DNR502342,2,35.84,17.92,Donor 2343,Household,Pune
DNR502343,2,46.83,23.42,Donor 2344,Hotel,Kolkata
DNR502346,2,42.8,21.4,Donor 2347,Grocery Store,Chennai
DNR502323,2,74.88,37.44,Donor 2324,Bakery,Pune
DNR502324,2,87.64,43.82,Donor 2325,Hotel,Delhi NCR
DNR510443,2,74.4,37.2,Donor 10444,Restaurant,Chennai
DNR509023,2,42.02,21.01,Donor 9024,Cafeteria,Remote
DNR509032,2,23.81,11.9,Donor 9033,Hotel,Jaipur
DNR509036,2,32.48,16.24,Donor 9037,Cafeteria,Remote
DNR509039,2,27.16,13.58,Donor 9040,Household,Jaipur
DNR504604,2,28.98,14.49,Donor 4605,Restaurant,Bengaluru
DNR504606,2,46.7,23.35,Donor 4607,Household,Mumbai
DNR504611,2,57.48,28.74,Donor 4612,Grocery Store,Bengaluru
DNR502371,2,59.96,29.98,Donor 2372,Restaurant,Kolkata
DNR509015,2,39.85,19.92,Donor 9016,Hotel,Pune
DNR509016,2,40.05,20.02,Donor 9017,Restaurant,Ahmedabad
DNR509018,2,48.92,24.46,Donor 9019,Bakery,Chennai
DNR509019,2,35.04,17.52,Donor 9020,Restaurant,Ahmedabad
DNR504638,2,35.33,17.66,Donor 4639,Household,Hyderabad
DNR504639,2,53.55,26.78,Donor 4640,Restaurant,Delhi NCR
DNR504642,2,22.52,11.26,Donor 4643,Restaurant,Remote
DNR504645,2,39.64,19.82,Donor 4646,Hotel,Mumbai
DNR504647,2,64.25,32.12,Donor 4648,Grocery Store,Mumbai
DNR504651,2,85.6,42.8,Donor 4652,Grocery Store,Hyderabad
DNR504652,2,21.13,10.56,Donor 4653,Cafeteria,Delhi NCR
DNR504654,2,26.77,13.38,Donor 4655,Grocery Store,Bengaluru
DNR504620,2,35.91,17.95,Donor 4621,Hotel,Jaipur
DNR504626,2,31.37,15.68,Donor 4627,Household,Pune
DNR504630,2,80.83,40.42,Donor 4631,Bakery,Delhi NCR
DNR504631,2,33.51,16.76,Donor 4632,Restaurant,Ahmedabad
DNR504665,2,49.46,24.73,Donor 4666,Hotel,Jaipur
DNR504666,2,43.1,21.55,Donor 4667,Event,Mumbai
DNR504668,2,41.99,20.99,Donor 4669,Cafeteria,Delhi NCR
DNR510445,2,32.01,16.0,Donor 10446,Event,Hyderabad
DNR510447,2,50.02,25.01,Donor 10448,Restaurant,Ahmedabad
DNR510448,2,49.61,24.8,Donor 10449,Restaurant,Hyderabad
DNR510451,2,32.16,16.08,Donor 10452,Cafeteria,Remote
DNR510458,2,46.02,23.01,Donor 10459,Bakery,Mumbai
DNR502295,2,85.88,42.94,Donor 2296,Hotel,Pune
DNR502296,2,44.73,22.36,Donor 2297,Restaurant,Pune
DNR502297,2,96.87,48.44,Donor 2298,Bakery,Remote
DNR504670,2,48.25,24.12,Donor 4671,Household,Ahmedabad
DNR509003,2,54.08,27.04,Donor 9004,Bakery,Ahmedabad
DNR509005,2,60.82,30.41,Donor 9006,Hotel,Delhi NCR
DNR509008,2,79.04,39.52,Donor 9009,Household,Pune
DNR509013,2,40.68,20.34,Donor 9014,Household,Ahmedabad
DNR509001,2,76.56,38.28,Donor 9002,Event,Bengaluru
DNR502301,2,66.1,33.05,Donor 2302,Cafeteria,Hyderabad
DNR502307,2,35.84,17.92,Donor 2308,Grocery Store,Hyderabad
DNR510468,2,70.11,35.06,Donor 10469,Household,Jaipur
DNR510470,2,33.41,16.7,Donor 10471,Event,Delhi NCR
DNR510477,2,40.77,20.38,Donor 10478,Cafeteria,Mumbai
DNR510480,2,57.31,28.66,Donor 10481,Grocery Store,Delhi NCR
DNR502275,2,140.29,70.14,Donor 2276,Restaurant,Ahmedabad
DNR502278,2,38.76,19.38,Donor 2279,Restaurant,Mumbai
DNR502280,2,62.53,31.26,Donor 2281,Grocery Store,Mumbai
DNR502283,2,59.44,29.72,Donor 2284,Hotel,Delhi NCR
DNR504685,2,76.84,38.42,Donor 4686,Event,Mumbai
DNR504689,2,43.24,21.62,Donor 4690,Restaurant,Pune
DNR504656,2,35.1,17.55,Donor 4657,Hotel,Hyderabad
DNR504659,2,32.52,16.26,Donor 4660,Hotel,Ahmedabad
DNR504664,2,38.26,19.13,Donor 4665,Restaurant,Ahmedabad
DNR504734,2,41.11,20.56,Donor 4735,Grocery Store,Kolkata
DNR504700,2,32.43,16.22,Donor 4701,Bakery,Mumbai
DNR504701,2,81.14,40.57,Donor 4702,Restaurant,Jaipur
DNR504706,2,40.98,20.49,Donor 4707,Restaurant,Delhi NCR
DNR504707,2,17.24,8.62,Donor 4708,Cafeteria,Delhi NCR
DNR504709,2,35.22,17.61,Donor 4710,Restaurant,Mumbai
DNR504711,2,32.83,16.42,Donor 4712,Event,Kolkata
DNR504712,2,86.12,43.06,Donor 4713,Bakery,Ahmedabad
DNR504714,2,39.78,19.89,Donor 4715,Household,Delhi NCR
DNR504715,2,33.42,16.71,Donor 4716,Cafeteria,Jaipur
DNR504717,2,34.22,17.11,Donor 4718,Restaurant,Remote
DNR508988,2,40.71,20.36,Donor 8989,Restaurant,Mumbai
DNR508991,2,84.93,42.46,Donor 8992,Restaurant,Jaipur
DNR508995,2,51.7,25.85,Donor 8996,Grocery Store,Mumbai
DNR508999,2,64.8,32.4,Donor 9000,Household,Mumbai
DNR509000,2,35.87,17.93,Donor 9001,Cafeteria,Bengaluru
DNR510495,2,24.76,12.38,Donor 10496,Cafeteria,Ahmedabad
DNR502237,2,29.18,14.59,Donor 2238,Restaurant,Ahmedabad
DNR502286,2,50.56,25.28,Donor 2287,Hotel,Jaipur
DNR502288,2,52.21,26.1,Donor 2289,Cafeteria,Chennai
DNR502291,2,75.81,37.9,Donor 2292,Household,Kolkata
DNR502292,2,72.37,36.18,Donor 2293,Restaurant,Hyderabad
DNR502260,2,46.89,23.44,Donor 2261,Restaurant,Jaipur
DNR502261,2,85.34,42.67,Donor 2262,Hotel,Bengaluru
DNR502262,2,23.4,11.7,Donor 2263,Restaurant,Mumbai
DNR502268,2,52.32,26.16,Donor 2269,Hotel,Jaipur
DNR502269,2,89.29,44.64,Donor 2270,Restaurant,Chennai
DNR504721,2,57.43,28.72,Donor 4722,Restaurant,Hyderabad
DNR504723,2,56.67,28.34,Donor 4724,Restaurant,Mumbai
DNR504725,2,22.23,11.12,Donor 4726,Restaurant,Delhi NCR
DNR504732,2,33.74,16.87,Donor 4733,Hotel,Chennai
DNR504733,2,53.19,26.6,Donor 4734,Cafeteria,Bengaluru
DNR508958,2,36.34,18.17,Donor 8959,Cafeteria,Kolkata
DNR508963,2,64.84,32.42,Donor 8964,Event,Jaipur
DNR504737,2,42.47,21.24,Donor 4738,Household,Mumbai
DNR504738,2,37.04,18.52,Donor 4739,Household,Mumbai
DNR504739,2,58.4,29.2,Donor 4740,Bakery,Kolkata
DNR504741,2,27.69,13.84,Donor 4742,Restaurant,Remote
DNR504744,2,77.22,38.61,Donor 4745,Event,Jaipur
DNR504746,2,26.9,13.45,Donor 4747,Event,Bengaluru
DNR508966,2,27.64,13.82,Donor 8967,Cafeteria,Mumbai
DNR508967,2,38.7,19.35,Donor 8968,Hotel,Ahmedabad
DNR508970,2,33.05,16.52,Donor 8971,Hotel,Remote
DNR508973,2,65.43,32.72,Donor 8974,Restaurant,Jaipur
DNR510485,2,68.18,34.09,Donor 10486,Restaurant,Jaipur
DNR510486,2,14.34,7.17,Donor 10487,Hotel,Hyderabad
DNR510489,2,19.17,9.59,Donor 10490,Cafeteria,Ahmedabad
DNR510491,2,36.95,18.48,Donor 10492,Bakery,Pune
DNR504762,2,77.47,38.74,Donor 4763,Restaurant,Jaipur
DNR504768,2,72.98,36.49,Donor 4769,Hotel,Hyderabad
DNR502253,2,38.37,19.18,Donor 2254,Household,Kolkata
DNR502256,2,65.49,32.74,Donor 2257,Bakery,Delhi NCR
DNR510502,2,39.5,19.75,Donor 10503,Grocery Store,Kolkata
DNR510513,2,30.13,15.06,Donor 10514,Bakery,Kolkata
DNR510514,2,86.84,43.42,Donor 10515,Cafeteria,Ahmedabad
DNR510515,2,56.56,28.28,Donor 10516,Cafeteria,Pune
DNR502218,2,32.69,16.34,Donor 2219,Restaurant,Delhi NCR
DNR502225,2,69.89,34.94,Donor 2226,Cafeteria,Bengaluru
DNR502230,2,28.42,14.21,Donor 2231,Household,Jaipur
DNR504771,2,55.77,27.88,Donor 4772,Hotel,Bengaluru
DNR504772,2,52.76,26.38,Donor 4773,Restaurant,Bengaluru
DNR508951,2,37.43,18.72,Donor 8952,Restaurant,Hyderabad
DNR508952,2,65.6,32.8,Donor 8953,Household,Remote
DNR508955,2,70.99,35.49,Donor 8956,Bakery,Ahmedabad
DNR502195,2,94.46,47.23,Donor 2196,Grocery Store,Delhi NCR
DNR502196,2,56.43,28.22,Donor 2197,Cafeteria,Hyderabad
DNR502204,2,49.22,24.61,Donor 2205,Restaurant,Delhi NCR
DNR502205,2,63.81,31.9,Donor 2206,Household,Pune
DNR502208,2,37.69,18.84,Donor 2209,Restaurant,Pune
DNR502210,2,38.34,19.17,Donor 2211,Restaurant,Bengaluru
DNR502211,2,35.09,17.55,Donor 2212,Household,Mumbai
DNR502213,2,44.85,22.42,Donor 2214,Cafeteria,Remote
DNR502214,2,43.51,21.76,Donor 2215,Restaurant,Kolkata
DNR504789,2,38.87,19.43,Donor 4790,Household,Kolkata
DNR508928,2,19.66,9.83,Donor 8929,Cafeteria,Remote
DNR508929,2,29.79,14.9,Donor 8930,Hotel,Kolkata
DNR508935,2,31.19,15.6,Donor 8936,Event,Hyderabad
DNR508938,2,32.32,16.16,Donor 8939,Restaurant,Remote
DNR508940,2,33.49,16.74,Donor 8941,Household,Pune
DNR508944,2,14.77,7.38,Donor 8945,Restaurant,Delhi NCR
DNR508910,2,113.29,56.64,Donor 8911,Cafeteria,Remote
DNR508914,2,34.57,17.28,Donor 8915,Grocery Store,Pune
DNR508920,2,46.06,23.03,Donor 8921,Restaurant,Hyderabad
DNR508926,2,37.84,18.92,Donor 8927,Hotel,Ahmedabad
DNR504793,2,38.9,19.45,Donor 4794,Restaurant,Hyderabad
DNR504794,2,49.93,24.96,Donor 4795,Hotel,Jaipur
DNR504797,2,22.69,11.34,Donor 4798,Household,Ahmedabad
DNR504807,2,68.57,34.28,Donor 4808,Cafeteria,Remote
DNR504809,2,42.47,21.24,Donor 4810,Restaurant,Remote
DNR504774,2,40.67,20.34,Donor 4775,Restaurant,Hyderabad
DNR504775,2,48.69,24.34,Donor 4776,Household,Bengaluru
DNR504778,2,61.31,30.66,Donor 4779,Cafeteria,Kolkata
DNR504783,2,41.46,20.73,Donor 4784,Hotel,Ahmedabad
DNR504786,2,40.17,20.08,Donor 4787,Household,Remote
DNR504788,2,27.91,13.96,Donor 4789,Bakery,Ahmedabad
DNR502194,2,83.24,41.62,Donor 2195,Household,Chennai
DNR508904,2,40.49,20.24,Donor 8905,Bakery,Remote
DNR508906,2,42.46,21.23,Donor 8907,Cafeteria,Bengaluru
DNR504817,2,86.84,43.42,Donor 4818,Hotel,Bengaluru
DNR504822,2,42.44,21.22,Donor 4823,Grocery Store,Pune
DNR510520,2,36.97,18.48,Donor 10521,Household,Kolkata
DNR510521,2,38.16,19.08,Donor 10522,Bakery,Jaipur
DNR510528,2,44.71,22.35,Donor 10529,Hotel,Delhi NCR
DNR510533,2,63.92,31.96,Donor 10534,Event,Mumbai
DNR510534,2,72.8,36.4,Donor 10535,Hotel,Ahmedabad
DNR510535,2,47.36,23.68,Donor 10536,Hotel,Chennai
DNR502177,2,28.0,14.0,Donor 2178,Cafeteria,Remote
DNR502181,2,46.43,23.22,Donor 2182,Hotel,Kolkata
DNR502186,2,42.98,21.49,Donor 2187,Restaurant,Pune
DNR502189,2,34.11,17.06,Donor 2190,Restaurant,Pune
DNR502190,2,31.93,15.96,Donor 2191,Event,Jaipur
DNR508908,2,48.16,24.08,Donor 8909,Restaurant,Remote
DNR504851,2,36.75,18.38,Donor 4852,Grocery Store,Hyderabad
DNR504852,2,26.45,13.22,Donor 4853,Grocery Store,Remote
DNR508887,2,35.41,17.7,Donor 8888,Household,Ahmedabad
DNR502191,2,67.8,33.9,Donor 2192,Restaurant,Remote
DNR502192,2,40.31,20.16,Donor 2193,Restaurant,Remote
DNR510540,2,32.31,16.16,Donor 10541,Household,Delhi NCR
DNR510541,2,46.68,23.34,Donor 10542,Hotel,Hyderabad
DNR510547,2,33.74,16.87,Donor 10548,Household,Kolkata
DNR510555,2,83.8,41.9,Donor 10556,Household,Jaipur
DNR502156,2,55.97,27.98,Donor 2157,Hotel,Jaipur
DNR502167,2,54.99,27.5,Donor 2168,Event,Delhi NCR
DNR508889,2,46.52,23.26,Donor 8890,Restaurant,Delhi NCR
DNR508890,2,34.76,17.38,Donor 8891,Restaurant,Remote
DNR508894,2,98.9,49.45,Donor 8895,Restaurant,Pune
DNR508899,2,51.45,25.72,Donor 8900,Cafeteria,Mumbai
DNR508902,2,32.6,16.3,Donor 8903,Event,Bengaluru
DNR508876,2,30.72,15.36,Donor 8877,Restaurant,Hyderabad
DNR508880,2,35.86,17.93,Donor 8881,Household,Remote
DNR508882,2,69.14,34.57,Donor 8883,Restaurant,Pune
DNR508883,2,68.25,34.12,Donor 8884,Grocery Store,Delhi NCR
DNR504856,2,59.88,29.94,Donor 4857,Household,Bengaluru
DNR504857,2,57.24,28.62,Donor 4858,Bakery,Jaipur
DNR504859,2,19.91,9.96,Donor 4860,Bakery,Pune
DNR504862,2,19.97,9.98,Donor 4863,Grocery Store,Delhi NCR
DNR504864,2,45.42,22.71,Donor 4865,Restaurant,Remote
DNR504865,2,22.39,11.2,Donor 4866,Grocery Store,Ahmedabad
DNR504869,2,30.77,15.38,Donor 4870,Hotel,Chennai
DNR504838,2,24.21,12.1,Donor 4839,Cafeteria,Kolkata
DNR504843,2,73.75,36.88,Donor 4844,Restaurant,Jaipur
DNR504844,2,25.09,12.55,Donor 4845,Restaurant,Jaipur
DNR504847,2,76.94,38.47,Donor 4848,Restaurant,Pune
DNR504850,2,37.27,18.64,Donor 4851,Grocery Store,Mumbai
DNR504886,2,59.91,29.96,Donor 4887,Restaurant,Kolkata
DNR504888,2,32.83,16.42,Donor 4889,Cafeteria,Pune
DNR504890,2,86.11,43.06,Donor 4891,Restaurant,Kolkata
DNR508870,2,75.11,37.56,Donor 8871,Grocery Store,Jaipur
DNR508871,2,30.21,15.1,Donor 8872,Bakery,Delhi NCR
DNR510562,2,63.45,31.72,Donor 10563,Cafeteria,Mumbai
DNR510565,2,29.55,14.77,Donor 10566,Grocery Store,Remote
DNR510567,2,17.48,8.74,Donor 10568,Grocery Store,Mumbai
DNR510568,2,40.47,20.24,Donor 10569,Event,Ahmedabad
DNR510570,2,39.3,19.65,Donor 10571,Cafeteria,Ahmedabad
DNR510577,2,47.04,23.52,Donor 10578,Household,Delhi NCR
DNR510578,2,41.1,20.55,Donor 10579,Cafeteria,Bengaluru
DNR502137,2,29.13,14.57,Donor 2138,Event,Mumbai
DNR502138,2,60.89,30.44,Donor 2139,Cafeteria,Chennai
DNR502140,2,87.06,43.53,Donor 2141,Grocery Store,Delhi NCR
DNR502141,2,58.28,29.14,Donor 2142,Hotel,Bengaluru
DNR504894,2,31.54,15.77,Donor 4895,Household,Hyderabad
DNR504895,2,16.2,8.1,Donor 4896,Hotel,Remote
DNR504896,2,65.3,32.65,Donor 4897,Restaurant,Remote
DNR510582,2,23.13,11.56,Donor 10583,Hotel,Pune
DNR510586,2,57.91,28.96,Donor 10587,Cafeteria,Bengaluru
DNR510587,2,103.16,51.58,Donor 10588,Restaurant,Bengaluru
DNR510588,2,43.25,21.62,Donor 10589,Hotel,Chennai
DNR510598,2,32.88,16.44,Donor 10599,Restaurant,Delhi NCR
DNR502122,2,68.43,34.22,Donor 2123,Grocery Store,Delhi NCR
DNR504905,2,63.51,31.76,Donor 4906,Household,Delhi NCR
DNR504907,2,54.07,27.04,Donor 4908,Restaurant,Mumbai
DNR504909,2,48.99,24.49,Donor 4910,Restaurant,Mumbai
DNR504910,2,82.2,41.1,Donor 4911,Cafeteria,Kolkata
DNR504871,2,33.83,16.92,Donor 4872,Restaurant,Kolkata
DNR504875,2,53.61,26.8,Donor 4876,Grocery Store,Mumbai
DNR504879,2,35.25,17.62,Donor 4880,Household,Pune
DNR508848,2,76.84,38.42,Donor 8849,Event,Remote
DNR502132,2,55.67,27.84,Donor 2133,Restaurant,Pune
DNR502134,2,31.4,15.7,Donor 2135,Cafeteria,Hyderabad
DNR510606,2,47.54,23.77,Donor 10607,Event,Hyderabad
DNR510611,2,80.54,40.27,Donor 10612,Restaurant,Mumbai
DNR510612,2,18.81,9.41,Donor 10613,Household,Hyderabad
DNR510619,2,53.6,26.8,Donor 10620,Event,Chennai
DNR502096,2,51.97,25.98,Donor 2097,Household,Pune
DNR502097,2,37.23,18.61,Donor 2098,Restaurant,Hyderabad
DNR502098,2,79.99,39.99,Donor 2099,Event,Hyderabad
DNR508852,2,17.31,8.66,Donor 8853,Restaurant,Delhi NCR
DNR508855,2,63.76,31.88,Donor 8856,Bakery,Hyderabad
DNR508856,2,33.25,16.62,Donor 8857,Household,Remote
DNR508864,2,65.64,32.82,Donor 8865,Cafeteria,Mumbai
DNR508868,2,37.62,18.81,Donor 8869,Hotel,Jaipur
DNR504893,2,47.42,23.71,Donor 4894,Restaurant,Jaipur
DNR504934,2,39.63,19.81,Donor 4935,Restaurant,Remote
DNR504935,2,32.42,16.21,Donor 4936,Grocery Store,Kolkata
DNR504937,2,52.34,26.17,Donor 4938,Hotel,Bengaluru
DNR502107,2,27.52,13.76,Donor 2108,Cafeteria,Ahmedabad
DNR502110,2,53.4,26.7,Donor 2111,Hotel,Ahmedabad
DNR502111,2,90.1,45.05,Donor 2112,Household,Mumbai
DNR502113,2,45.41,22.7,Donor 2114,Household,Jaipur
DNR502082,2,102.4,51.2,Donor 2083,Grocery Store,Kolkata
DNR502084,2,44.85,22.42,Donor 2085,Restaurant,Delhi NCR
DNR502085,2,54.21,27.1,Donor 2086,Restaurant,Remote
DNR502086,2,50.7,25.35,Donor 2087,Hotel,Mumbai
DNR504912,2,36.42,18.21,Donor 4913,Event,Mumbai
DNR504919,2,46.62,23.31,Donor 4920,Cafeteria,Delhi NCR
DNR504928,2,90.76,45.38,Donor 4929,Household,Ahmedabad
DNR504931,2,47.88,23.94,Donor 4932,Cafeteria,Hyderabad
DNR508846,2,88.19,44.1,Donor 8847,Restaurant,Mumbai
DNR504984,2,29.05,14.52,Donor 4985,Household,Pune
DNR504985,2,25.18,12.59,Donor 4986,Hotel,Hyderabad
DNR504950,2,65.68,32.84,Donor 4951,Event,Delhi NCR
DNR504952,2,44.43,22.22,Donor 4953,Event,Chennai
DNR504961,2,32.8,16.4,Donor 4962,Grocery Store,Delhi NCR
DNR510630,2,32.68,16.34,Donor 10631,Restaurant,Pune
DNR510632,2,30.74,15.37,Donor 10633,Hotel,Delhi NCR
DNR510638,2,21.66,10.83,Donor 10639,Hotel,Chennai
DNR510643,2,38.57,19.28,Donor 10644,Restaurant,Delhi NCR
DNR502061,2,30.06,15.03,Donor 2062,Hotel,Hyderabad
DNR502065,2,42.07,21.04,Donor 2066,Event,Bengaluru
DNR502072,2,94.98,47.49,Donor 2073,Household,Ahmedabad
DNR508825,2,48.16,24.08,Donor 8826,Household,Bengaluru
DNR508827,2,21.85,10.92,Donor 8828,Event,Jaipur
DNR508832,2,38.56,19.28,Donor 8833,Event,Hyderabad
DNR504932,2,46.63,23.32,Donor 4933,Event,Chennai
DNR508824,2,73.86,36.93,Donor 8825,Bakery,Hyderabad
DNR504969,2,57.71,28.86,Donor 4970,Cafeteria,Remote
DNR510646,2,50.78,25.39,Donor 10647,Hotel,Jaipur
DNR510651,2,50.53,25.26,Donor 10652,Cafeteria,Mumbai
DNR510652,2,56.78,28.39,Donor 10653,Cafeteria,Pune
DNR510655,2,42.71,21.36,Donor 10656,Restaurant,Kolkata
DNR510658,2,38.22,19.11,Donor 10659,Hotel,Pune
DNR510662,2,49.64,24.82,Donor 10663,Cafeteria,Delhi NCR
DNR510664,2,72.56,36.28,Donor 10665,Restaurant,Chennai
DNR502039,2,29.55,14.77,Donor 2040,Restaurant,Delhi NCR
DNR502041,2,31.25,15.62,Donor 2042,Restaurant,Bengaluru
DNR502043,2,32.19,16.1,Donor 2044,Restaurant,Pune
DNR504974,2,50.23,25.12,Donor 4975,Cafeteria,Delhi NCR
DNR504976,2,48.05,24.02,Donor 4977,Restaurant,Ahmedabad
DNR504979,2,44.54,22.27,Donor 4980,Cafeteria,Remote
DNR504981,2,53.93,26.96,Donor 4982,Household,Remote
DNR508801,2,73.46,36.73,Donor 8802,Grocery Store,Mumbai
DNR504999,2,107.9,53.95,Donor 5000,Restaurant,Delhi NCR
DNR502046,2,47.54,23.77,Donor 2047,Event,Pune
DNR502047,2,28.93,14.46,Donor 2048,Bakery,Chennai
DNR502050,2,47.0,23.5,Donor 2051,Event,Pune
DNR502051,2,33.96,16.98,Donor 2052,Restaurant,Remote
DNR502058,2,26.41,13.2,Donor 2059,Household,Remote
DNR502014,2,65.54,32.77,Donor 2015,Restaurant,Remote
DNR502021,2,48.92,24.46,Donor 2022,Household,Kolkata
DNR502026,2,46.15,23.08,Donor 2027,Restaurant,Delhi NCR
DNR502027,2,96.48,48.24,Donor 2028,Cafeteria,Chennai
DNR505001,2,46.81,23.4,Donor 5002,Household,Kolkata
DNR505003,2,37.41,18.7,Donor 5004,Event,Hyderabad
DNR505006,2,35.94,17.97,Donor 5007,Hotel,Pune
DNR508803,2,31.04,15.52,Donor 8804,Household,Mumbai
DNR508806,2,92.73,46.36,Donor 8807,Cafeteria,Mumbai
DNR510669,2,51.03,25.52,Donor 10670,Household,Bengaluru
DNR510673,2,55.33,27.66,Donor 10674,Household,Mumbai
DNR510676,2,20.8,10.4,Donor 10677,Restaurant,Chennai
DNR510680,2,67.08,33.54,Donor 10681,Grocery Store,Jaipur
DNR501997,2,88.91,44.46,Donor 1998,Restaurant,Kolkata
DNR501998,2,27.23,13.61,Donor 1999,Event,Kolkata
DNR501999,2,60.34,30.17,Donor 2000,Event,Delhi NCR
DNR502000,2,23.45,11.73,Donor 2001,Grocery Store,Remote
DNR502001,2,66.94,33.47,Donor 2002,Cafeteria,Chennai
DNR502006,2,36.05,18.02,Donor 2007,Household,Mumbai
DNR508787,2,64.53,32.26,Donor 8788,Grocery Store,Remote
DNR508788,2,52.31,26.15,Donor 8789,Cafeteria,Mumbai
DNR508789,2,78.17,39.08,Donor 8790,Cafeteria,Delhi NCR
DNR508792,2,51.8,25.9,Donor 8793,Household,Ahmedabad
DNR508796,2,49.31,24.66,Donor 8797,Restaurant,Delhi NCR
DNR508797,2,25.3,12.65,Donor 8798,Restaurant,Delhi NCR
DNR505039,2,62.04,31.02,Donor 5040,Grocery Store,Kolkata
DNR505041,2,26.9,13.45,Donor 5042,Household,Mumbai
DNR510698,2,52.3,26.15,Donor 10699,Restaurant,Kolkata
DNR510702,2,51.14,25.57,Donor 10703,Hotel,Mumbai
DNR501980,2,77.63,38.82,Donor 1981,Restaurant,Jaipur
DNR501984,2,44.68,22.34,Donor 1985,Household,Pune
DNR501986,2,58.7,29.35,Donor 1987,Hotel,Ahmedabad
DNR505010,2,34.49,17.24,Donor 5011,Household,Delhi NCR
DNR505011,2,102.78,51.39,Donor 5012,Hotel,Chennai
DNR505015,2,101.97,50.98,Donor 5016,Event,Kolkata
DNR505020,2,28.32,14.16,Donor 5021,Cafeteria,Remote
DNR505026,2,36.95,18.48,Donor 5027,Bakery,Kolkata
DNR505027,2,29.28,14.64,Donor 5028,Cafeteria,Pune
DNR508786,2,18.61,9.3,Donor 8787,Restaurant,Delhi NCR
DNR510667,2,60.67,30.34,Donor 10668,Cafeteria,Mumbai
DNR510668,2,59.73,29.86,Donor 10669,Hotel,Jaipur
DNR501990,2,62.13,31.06,Donor 1991,Cafeteria,Bengaluru
DNR501991,2,31.28,15.64,Donor 1992,Cafeteria,Remote
DNR501992,2,66.24,33.12,Donor 1993,Event,Kolkata
DNR501960,2,47.72,23.86,Donor 1961,Hotel,Hyderabad
DNR501966,2,32.85,16.42,Donor 1967,Restaurant,Remote
DNR501969,2,37.97,18.98,Donor 1970,Event,Mumbai
DNR501973,2,64.22,32.11,Donor 1974,Restaurant,Chennai
DNR501974,2,45.42,22.71,Donor 1975,Restaurant,Kolkata
DNR501976,2,26.96,13.48,Donor 1977,Restaurant,Jaipur
DNR510704,2,67.6,33.8,Donor 10705,Household,Pune
DNR505050,2,43.23,21.62,Donor 5051,Household,Remote
DNR505053,2,77.42,38.71,Donor 5054,Household,Hyderabad
DNR505060,2,55.78,27.89,Donor 5061,Restaurant,Pune
DNR505030,2,41.98,20.99,Donor 5031,Grocery Store,Mumbai
DNR505031,2,21.38,10.69,Donor 5032,Household,Hyderabad
DNR505032,2,62.99,31.49,Donor 5033,Household,Mumbai
DNR510728,2,50.71,25.36,Donor 10729,Hotel,Hyderabad
DNR510729,2,30.53,15.26,Donor 10730,Cafeteria,Bengaluru
DNR510732,2,43.06,21.53,Donor 10733,Household,Hyderabad
DNR510734,2,48.41,24.2,Donor 10735,Grocery Store,Bengaluru
DNR510744,2,80.36,40.18,Donor 10745,Household,Remote
DNR501929,2,40.44,20.22,Donor 1930,Hotel,Chennai
DNR505073,2,43.41,21.7,Donor 5074,Hotel,Pune
DNR505079,2,46.87,23.44,Donor 5080,Grocery Store,Ahmedabad
DNR505081,2,50.93,25.46,Donor 5082,Household,Delhi NCR
DNR505082,2,45.92,22.96,Donor 5083,Household,Bengaluru
DNR508770,2,101.45,50.72,Donor 8771,Bakery,Ahmedabad
DNR508772,2,32.75,16.38,Donor 8773,Restaurant,Jaipur
DNR508780,2,36.39,18.2,Donor 8781,Grocery Store,Delhi NCR
DNR510717,2,28.97,14.48,Donor 10718,Hotel,Kolkata
DNR510724,2,31.4,15.7,Donor 10725,Restaurant,Pune
DNR501942,2,55.46,27.73,Donor 1943,Cafeteria,Remote
DNR508748,2,53.23,26.62,Donor 8749,Hotel,Chennai
DNR501934,2,35.75,17.88,Donor 1935,Household,Bengaluru
DNR501939,2,75.27,37.64,Donor 1940,Event,Pune
DNR501910,2,39.15,19.58,Donor 1911,Hotel,Kolkata
DNR501913,2,60.29,30.15,Donor 1914,Hotel,Remote
DNR501915,2,27.52,13.76,Donor 1916,Restaurant,Ahmedabad
DNR508751,2,46.71,23.35,Donor 8752,Bakery,Remote
DNR508753,2,41.04,20.52,Donor 8754,Event,Chennai
DNR508754,2,38.35,19.18,Donor 8755,Cafeteria,Ahmedabad
DNR508756,2,42.8,21.4,Donor 8757,Cafeteria,Bengaluru
DNR508762,2,61.19,30.6,Donor 8763,Grocery Store,Hyderabad
DNR508765,2,57.12,28.56,Donor 8766,Restaurant,Chennai
DNR508766,2,51.55,25.78,Donor 8767,Restaurant,Mumbai
DNR505070,2,33.29,16.64,Donor 5071,Hotel,Ahmedabad
DNR505072,2,27.96,13.98,Donor 5073,Cafeteria,Hyderabad
DNR501959,2,46.49,23.24,Donor 1960,Restaurant,Remote
DNR508726,2,32.04,16.02,Donor 8727,Household,Remote
DNR508729,2,49.67,24.84,Donor 8730,Event,Jaipur
DNR508734,2,45.92,22.96,Donor 8735,Cafeteria,Hyderabad
DNR508739,2,21.72,10.86,Donor 8740,Event,Ahmedabad
DNR508747,2,41.85,20.92,Donor 8748,Hotel,Bengaluru
DNR505104,2,55.48,27.74,Donor 5105,Household,Kolkata
DNR505109,2,42.05,21.02,Donor 5110,Bakery,Delhi NCR
DNR505110,2,69.36,34.68,Donor 5111,Grocery Store,Bengaluru
DNR505120,2,32.86,16.43,Donor 5121,Hotel,Chennai
DNR505121,2,33.38,16.69,Donor 5122,Household,Mumbai
DNR505087,2,36.67,18.34,Donor 5088,Grocery Store,Hyderabad
DNR505090,2,40.99,20.49,Donor 5091,Hotel,Kolkata
DNR505091,2,29.33,14.66,Donor 5092,Cafeteria,Ahmedabad
DNR505093,2,105.48,52.74,Donor 5094,Grocery Store,Kolkata
DNR505098,2,72.96,36.48,Donor 5099,Hotel,Remote
DNR505101,2,25.67,12.84,Donor 5102,Restaurant,Kolkata
DNR501876,2,24.17,12.08,Donor 1877,Cafeteria,Chennai
DNR501885,2,55.0,27.5,Donor 1886,Household,Mumbai
DNR501886,2,29.19,14.6,Donor 1887,Cafeteria,Kolkata
DNR510748,2,59.33,29.66,Donor 10749,Household,Kolkata
DNR510750,2,52.92,26.46,Donor 10751,Hotel,Hyderabad
DNR510751,2,21.03,10.52,Donor 10752,Hotel,Delhi NCR
DNR510755,2,84.8,42.4,Donor 10756,Hotel,Remote
DNR510760,2,96.21,48.1,Donor 10761,Restaurant,Pune
DNR510761,2,68.03,34.02,Donor 10762,Restaurant,Delhi NCR
DNR510763,2,58.18,29.09,Donor 10764,Restaurant,Bengaluru
DNR510764,2,29.67,14.84,Donor 10765,Household,Hyderabad
DNR501892,2,16.2,8.1,Donor 1893,Restaurant,Kolkata
DNR501893,2,40.93,20.46,Donor 1894,Hotel,Kolkata
DNR501894,2,46.92,23.46,Donor 1895,Restaurant,Pune
DNR501901,2,29.54,14.77,Donor 1902,Restaurant,Bengaluru
DNR505145,2,72.67,36.34,Donor 5146,Restaurant,Ahmedabad
DNR501887,2,42.7,21.35,Donor 1888,Restaurant,Kolkata
DNR501849,2,39.83,19.92,Donor 1850,Grocery Store,Chennai
DNR501852,2,42.04,21.02,Donor 1853,Household,Delhi NCR
DNR501856,2,86.37,43.18,Donor 1857,Bakery,Jaipur
DNR501857,2,68.09,34.04,Donor 1858,Household,Chennai
DNR501860,2,27.65,13.82,Donor 1861,Restaurant,Ahmedabad
DNR501861,2,69.7,34.85,Donor 1862,Bakery,Pune
DNR510785,2,30.08,15.04,Donor 10786,Hotel,Chennai
DNR508703,2,69.69,34.84,Donor 8704,Event,Ahmedabad
DNR508712,2,65.68,32.84,Donor 8713,Hotel,Chennai
DNR508714,2,40.5,20.25,Donor 8715,Cafeteria,Mumbai
DNR510768,2,47.65,23.82,Donor 10769,Restaurant,Jaipur
DNR510774,2,47.11,23.56,Donor 10775,Bakery,Hyderabad
DNR510775,2,19.74,9.87,Donor 10776,Restaurant,Pune
DNR510783,2,32.38,16.19,Donor 10784,Hotel,Kolkata
DNR501873,2,71.41,35.7,Donor 1874,Event,Mumbai
DNR508685,2,59.58,29.79,Donor 8686,Cafeteria,Jaipur
DNR508687,2,22.0,11.0,Donor 8688,Grocery Store,Hyderabad
DNR510787,2,26.08,13.04,Donor 10788,Bakery,Hyderabad
DNR510792,2,14.08,7.04,Donor 10793,Bakery,Hyderabad
DNR510797,2,86.35,43.18,Donor 10798,Restaurant,Delhi NCR
DNR510807,2,60.8,30.4,Donor 10808,Grocery Store,Kolkata
DNR508690,2,79.22,39.61,Donor 8691,Grocery Store,Delhi NCR
DNR508693,2,36.19,18.1,Donor 8694,Hotel,Delhi NCR
DNR508694,2,38.53,19.26,Donor 8695,Restaurant,Kolkata
DNR508697,2,47.29,23.64,Donor 8698,Bakery,Delhi NCR
DNR508698,2,86.23,43.11,Donor 8699,Hotel,Remote
DNR508699,2,84.25,42.12,Donor 8700,Cafeteria,Pune
DNR505149,2,112.9,56.45,Donor 5150,Cafeteria,Remote
DNR505158,2,71.32,35.66,Donor 5159,Hotel,Pune
DNR505160,2,41.47,20.74,Donor 5161,Household,Chennai
DNR505161,2,45.81,22.9,Donor 5162,Restaurant,Ahmedabad
DNR505211,2,46.36,23.18,Donor 5212,Hotel,Bengaluru
DNR505213,2,37.64,18.82,Donor 5214,Bakery,Jaipur
DNR505183,2,59.43,29.72,Donor 5184,Household,Hyderabad
DNR505185,2,46.22,23.11,Donor 5186,Cafeteria,Ahmedabad
DNR505188,2,63.79,31.9,Donor 5189,Restaurant,Ahmedabad
DNR505190,2,60.45,30.22,Donor 5191,Event,Chennai
DNR505196,2,113.02,56.51,Donor 5197,Event,Remote
DNR505197,2,28.06,14.03,Donor 5198,Event,Kolkata
DNR505198,2,57.74,28.87,Donor 5199,Event,Kolkata
DNR505166,2,45.54,22.77,Donor 5167,Event,Mumbai
DNR505168,2,35.1,17.55,Donor 5169,Restaurant,Remote
DNR505171,2,35.22,17.61,Donor 5172,Bakery,Hyderabad
DNR505172,2,64.64,32.32,Donor 5173,Cafeteria,Delhi NCR
DNR505177,2,86.86,43.43,Donor 5178,Hotel,Delhi NCR
DNR505179,2,31.24,15.62,Donor 5180,Hotel,Remote
DNR505181,2,63.81,31.9,Donor 5182,Bakery,Mumbai
DNR505234,2,34.52,17.26,Donor 5235,Restaurant,Bengaluru
DNR508662,2,76.41,38.2,Donor 8663,Restaurant,Pune
DNR508663,2,47.4,23.7,Donor 8664,Cafeteria,Ahmedabad
DNR508664,2,74.25,37.12,Donor 8665,Restaurant,Jaipur
DNR508666,2,69.8,34.9,Donor 8667,Restaurant,Delhi NCR
DNR508668,2,23.9,11.95,Donor 8669,Cafeteria,Mumbai
DNR508671,2,51.57,25.78,Donor 8672,Cafeteria,Ahmedabad
DNR508674,2,63.83,31.92,Donor 8675,Event,Bengaluru
DNR508678,2,20.31,10.16,Donor 8679,Bakery,Remote
DNR505199,2,36.14,18.07,Donor 5200,Cafeteria,Mumbai
DNR505200,2,45.06,22.53,Donor 5201,Household,Remote
DNR505201,2,54.8,27.4,Donor 5202,Restaurant,Remote
DNR505203,2,26.15,13.08,Donor 5204,Grocery Store,Pune
DNR505205,2,94.28,47.14,Donor 5206,Restaurant,Ahmedabad
DNR505208,2,43.51,21.76,Donor 5209,Restaurant,Pune
DNR505210,2,37.68,18.84,Donor 5211,Hotel,Pune
DNR508656,2,52.96,26.48,Donor 8657,Restaurant,Chennai
DNR505216,2,73.4,36.7,Donor 5217,Restaurant,Kolkata
DNR505221,2,71.02,35.51,Donor 5222,Hotel,Pune
DNR505225,2,28.22,14.11,Donor 5226,Hotel,Remote
DNR505228,2,37.7,18.85,Donor 5229,Restaurant,Ahmedabad
DNR510811,2,25.89,12.94,Donor 10812,Household,Mumbai
DNR510813,2,61.53,30.76,Donor 10814,Hotel,Remote
DNR510818,2,87.04,43.52,Donor 10819,Cafeteria,Chennai
DNR510819,2,63.63,31.82,Donor 10820,Cafeteria,Ahmedabad
DNR510822,2,19.43,9.72,Donor 10823,Household,Mumbai
DNR510825,2,72.2,36.1,Donor 10826,Cafeteria,Hyderabad
DNR510828,2,46.15,23.08,Donor 10829,Household,Remote
DNR510834,2,27.19,13.6,Donor 10835,Household,Kolkata
DNR510844,2,33.99,16.99,Donor 10845,Restaurant,Jaipur
DNR501808,2,40.0,20.0,Donor 1809,Event,Delhi NCR
DNR505232,2,52.96,26.48,Donor 5233,Event,Chennai
DNR505247,2,32.77,16.38,Donor 5248,Hotel,Chennai
DNR505249,2,52.42,26.21,Donor 5250,Bakery,Chennai
DNR505252,2,58.1,29.05,Donor 5253,Event,Hyderabad
DNR508639,2,83.56,41.78,Donor 8640,Restaurant,Jaipur
DNR508640,2,44.52,22.26,Donor 8641,Household,Pune
DNR501815,2,31.82,15.91,Donor 1816,Restaurant,Pune
DNR501816,2,60.78,30.39,Donor 1817,Bakery,Chennai
DNR501817,2,39.39,19.7,Donor 1818,Cafeteria,Bengaluru
DNR501786,2,76.88,38.44,Donor 1787,Bakery,Pune
DNR501789,2,64.43,32.21,Donor 1790,Restaurant,Kolkata
DNR501792,2,35.98,17.99,Donor 1793,Cafeteria,Jaipur
DNR501793,2,44.46,22.23,Donor 1794,Restaurant,Hyderabad
DNR501801,2,58.18,29.09,Donor 1802,Household,Bengaluru
DNR501802,2,54.77,27.38,Donor 1803,Restaurant,Kolkata
DNR508646,2,40.18,20.09,Donor 8647,Hotel,Jaipur
DNR508655,2,55.05,27.52,Donor 8656,Restaurant,Pune
DNR505263,2,75.58,37.79,Donor 5264,Cafeteria,Ahmedabad
DNR510845,2,52.41,26.2,Donor 10846,Restaurant,Chennai
DNR510847,2,90.16,45.08,Donor 10848,Grocery Store,Ahmedabad
DNR510848,2,53.29,26.64,Donor 10849,Restaurant,Hyderabad
DNR510851,2,34.66,17.33,Donor 10852,Household,Ahmedabad
DNR510854,2,41.21,20.6,Donor 10855,Bakery,Delhi NCR
DNR501764,2,45.75,22.88,Donor 1765,Hotel,Hyderabad
DNR501766,2,44.11,22.06,Donor 1767,Cafeteria,Bengaluru
DNR501769,2,61.11,30.56,Donor 1770,Grocery Store,Pune
DNR501771,2,38.51,19.26,Donor 1772,Event,Mumbai
DNR505267,2,73.76,36.88,Donor 5268,Event,Kolkata
DNR505269,2,64.74,32.37,Donor 5270,Household,Pune
DNR505270,2,20.12,10.06,Donor 5271,Household,Delhi NCR
DNR505237,2,70.47,35.24,Donor 5238,Restaurant,Mumbai
DNR505243,2,47.34,23.67,Donor 5244,Event,Ahmedabad
DNR505244,2,50.52,25.26,Donor 5245,Household,Ahmedabad
DNR501750,2,40.24,20.12,Donor 1751,Bakery,Hyderabad
DNR501756,2,32.4,16.2,Donor 1757,Restaurant,Bengaluru
DNR508600,2,33.24,16.62,Donor 8601,Hotel,Pune
DNR508606,2,31.91,15.96,Donor 8607,Restaurant,Bengaluru
DNR508612,2,54.23,27.12,Donor 8613,Restaurant,Jaipur
DNR508616,2,69.65,34.83,Donor 8617,Restaurant,Hyderabad
DNR505280,2,33.11,16.56,Donor 5281,Grocery Store,Delhi NCR
DNR505282,2,47.84,23.92,Donor 5283,Household,Hyderabad
DNR505288,2,20.19,10.09,Donor 5289,Hotel,Delhi NCR
DNR508623,2,38.28,19.14,Donor 8624,Restaurant,Jaipur
DNR508624,2,53.95,26.98,Donor 8625,Household,Ahmedabad
DNR508632,2,65.19,32.6,Donor 8633,Cafeteria,Pune
DNR508635,2,59.82,29.91,Donor 8636,Grocery Store,Jaipur
DNR505256,2,30.77,15.38,Donor 5257,Household,Hyderabad
DNR505257,2,68.17,34.08,Donor 5258,Restaurant,Kolkata
DNR505261,2,51.08,25.54,Donor 5262,Cafeteria,Pune
DNR501760,2,52.46,26.23,Donor 1761,Household,Kolkata
DNR501761,2,43.21,21.6,Donor 1762,Restaurant,Mumbai
DNR501762,2,69.56,34.78,Donor 1763,Restaurant,Delhi NCR
DNR510890,2,38.36,19.18,Donor 10891,Household,Mumbai
DNR510901,2,28.92,14.46,Donor 10902,Event,Mumbai
DNR501776,2,27.68,13.84,Donor 1777,Cafeteria,Mumbai
DNR501779,2,70.83,35.42,Donor 1780,Grocery Store,Pune
DNR501781,2,59.02,29.51,Donor 1782,Hotel,Bengaluru
DNR510865,2,44.64,22.32,Donor 10866,Cafeteria,Chennai
DNR510869,2,52.74,26.37,Donor 10870,Restaurant,Ahmedabad
DNR510870,2,95.65,47.82,Donor 10871,Event,Kolkata
DNR510871,2,41.19,20.6,Donor 10872,Restaurant,Delhi NCR
DNR510873,2,28.09,14.04,Donor 10874,Restaurant,Remote
DNR510877,2,38.58,19.29,Donor 10878,Event,Ahmedabad
DNR510878,2,78.53,39.26,Donor 10879,Household,Ahmedabad
DNR501747,2,71.49,35.74,Donor 1748,Restaurant,Mumbai
DNR501733,2,49.93,24.96,Donor 1734,Hotel,Pune
DNR501738,2,72.33,36.16,Donor 1739,Restaurant,Pune
DNR501740,2,46.55,23.28,Donor 1741,Restaurant,Chennai
DNR501741,2,15.86,7.93,Donor 1742,Cafeteria,Jaipur
DNR501721,2,28.74,14.37,Donor 1722,Hotel,Hyderabad
DNR501722,2,117.36,58.68,Donor 1723,Restaurant,Bengaluru
DNR501725,2,53.64,26.82,Donor 1726,Cafeteria,Kolkata
DNR501726,2,75.92,37.96,Donor 1727,Restaurant,Kolkata
DNR505324,2,36.68,18.34,Donor 5325,Bakery,Pune
DNR505326,2,19.54,9.77,Donor 5327,Restaurant,Mumbai
DNR505294,2,57.98,28.99,Donor 5295,Household,Ahmedabad
DNR505298,2,32.53,16.26,Donor 5299,Restaurant,Hyderabad
DNR505301,2,50.75,25.38,Donor 5302,Restaurant,Delhi NCR
DNR505302,2,79.14,39.57,Donor 5303,Household,Remote
DNR505304,2,53.71,26.85,Donor 5305,Bakery,Remote
DNR501759,2,50.2,25.1,Donor 1760,Household,Kolkata
DNR510907,2,66.46,33.23,Donor 10908,Grocery Store,Kolkata
DNR510909,2,54.37,27.18,Donor 10910,Event,Kolkata
DNR505358,2,58.84,29.42,Donor 5359,Household,Kolkata
DNR505360,2,64.97,32.48,Donor 5361,Household,Jaipur
DNR505362,2,129.58,64.79,Donor 5363,Grocery Store,Chennai
DNR505333,2,73.27,36.64,Donor 5334,Restaurant,Ahmedabad
DNR505337,2,33.48,16.74,Donor 5338,Restaurant,Delhi NCR
DNR505341,2,57.01,28.5,Donor 5342,Restaurant,Kolkata
DNR505344,2,80.59,40.3,Donor 5345,Restaurant,Kolkata
DNR508578,2,24.37,12.18,Donor 8579,Hotel,Ahmedabad
DNR508584,2,55.13,27.56,Donor 8585,Restaurant,Ahmedabad
DNR508586,2,56.68,28.34,Donor 8587,Cafeteria,Remote
DNR508593,2,29.49,14.74,Donor 8594,Event,Pune
DNR505317,2,52.78,26.39,Donor 5318,Event,Chennai
DNR505320,2,63.19,31.6,Donor 5321,Household,Jaipur
DNR505323,2,28.04,14.02,Donor 5324,Hotel,Jaipur
DNR508569,2,53.57,26.78,Donor 8570,Grocery Store,Mumbai
DNR508571,2,51.3,25.65,Donor 8572,Household,Kolkata
DNR505347,2,92.81,46.4,Donor 5348,Household,Hyderabad
DNR505350,2,68.89,34.44,Donor 5351,Household,Hyderabad
DNR505352,2,52.23,26.12,Donor 5353,Household,Hyderabad
DNR501693,2,73.69,36.84,Donor 1694,Cafeteria,Hyderabad
DNR501694,2,81.64,40.82,Donor 1695,Grocery Store,Jaipur
DNR501695,2,76.99,38.49,Donor 1696,Grocery Store,Bengaluru
DNR501696,2,33.04,16.52,Donor 1697,Restaurant,Hyderabad
DNR501701,2,51.89,25.94,Donor 1702,Household,Pune
DNR501703,2,53.34,26.67,Donor 1704,Event,Delhi NCR
DNR501704,2,28.36,14.18,Donor 1705,Household,Ahmedabad
DNR501708,2,65.17,32.58,Donor 1709,Grocery Store,Pune
DNR510904,2,63.92,31.96,Donor 10905,Hotel,Hyderabad
DNR510905,2,34.97,17.48,Donor 10906,Event,Chennai
DNR510906,2,72.15,36.08,Donor 10907,Household,Hyderabad
DNR505364,2,45.9,22.95,Donor 5365,Grocery Store,Jaipur
DNR505366,2,21.05,10.52,Donor 5367,Cafeteria,Ahmedabad
DNR505367,2,35.93,17.96,Donor 5368,Restaurant,Chennai
DNR505369,2,24.52,12.26,Donor 5370,Restaurant,Jaipur
DNR505370,2,57.37,28.68,Donor 5371,Restaurant,Jaipur
DNR510913,2,48.57,24.28,Donor 10914,Hotel,Ahmedabad
DNR510915,2,67.96,33.98,Donor 10916,Event,Delhi NCR
DNR510918,2,68.39,34.2,Donor 10919,Hotel,Ahmedabad
DNR501678,2,46.33,23.16,Donor 1679,Household,Remote
DNR501681,2,90.09,45.04,Donor 1682,Household,Ahmedabad
DNR501682,2,57.38,28.69,Donor 1683,Restaurant,Remote
DNR505376,2,39.89,19.94,Donor 5377,Hotel,Jaipur
DNR508561,2,50.69,25.34,Donor 8562,Cafeteria,Jaipur
DNR508562,2,79.41,39.7,Donor 8563,Household,Mumbai
DNR508564,2,85.49,42.74,Donor 8565,Event,Bengaluru
DNR508565,2,37.66,18.83,Donor 8566,Restaurant,Delhi NCR
DNR508540,2,25.74,12.87,Donor 8541,Hotel,Jaipur
DNR508544,2,58.6,29.3,Donor 8545,Hotel,Mumbai
DNR508547,2,30.71,15.36,Donor 8548,Grocery Store,Kolkata
DNR508548,2,34.76,17.38,Donor 8549,Bakery,Remote
DNR505381,2,57.3,28.65,Donor 5382,Restaurant,Mumbai
DNR501686,2,40.68,20.34,Donor 1687,Hotel,Bengaluru
DNR501692,2,33.32,16.66,Donor 1693,Cafeteria,Pune
DNR510922,2,32.24,16.12,Donor 10923,Household,Kolkata
DNR510928,2,63.87,31.94,Donor 10929,Hotel,Kolkata
DNR510929,2,87.43,43.72,Donor 10930,Restaurant,Kolkata
DNR510930,2,121.35,60.68,Donor 10931,Hotel,Chennai
DNR501657,2,80.67,40.33,Donor 1658,Household,Jaipur
DNR505383,2,92.88,46.44,Donor 5384,Restaurant,Pune
DNR505384,2,27.4,13.7,Donor 5385,Restaurant,Delhi NCR
DNR505385,2,75.1,37.55,Donor 5386,Restaurant,Delhi NCR
DNR505397,2,93.17,46.58,Donor 5398,Household,Hyderabad
DNR505403,2,50.32,25.16,Donor 5404,Event,Ahmedabad
DNR501659,2,22.14,11.07,Donor 1660,Household,Chennai
DNR501660,2,64.8,32.4,Donor 1661,Restaurant,Jaipur
DNR501665,2,48.07,24.04,Donor 1666,Event,Bengaluru
DNR501670,2,33.91,16.95,Donor 1671,Cafeteria,Ahmedabad
DNR501645,2,60.91,30.46,Donor 1646,Household,Delhi NCR
DNR501650,2,47.3,23.65,Donor 1651,Restaurant,Jaipur
DNR501656,2,102.17,51.08,Donor 1657,Restaurant,Mumbai
DNR510938,2,55.15,27.58,Donor 10939,Restaurant,Bengaluru
DNR510940,2,50.66,25.33,Donor 10941,Restaurant,Ahmedabad
DNR505406,2,87.93,43.96,Donor 5407,Event,Jaipur
DNR505407,2,37.03,18.52,Donor 5408,Grocery Store,Jaipur
DNR505410,2,71.81,35.9,Donor 5411,Hotel,Ahmedabad
DNR505412,2,40.75,20.38,Donor 5413,Household,Mumbai
DNR505413,2,70.93,35.47,Donor 5414,Household,Chennai
DNR508535,2,52.12,26.06,Donor 8536,Restaurant,Remote
DNR505431,2,20.9,10.45,Donor 5432,Hotel,Hyderabad
DNR510943,2,104.2,52.1,Donor 10944,Restaurant,Pune
DNR510944,2,32.63,16.32,Donor 10945,Restaurant,Mumbai
DNR510946,2,66.09,33.04,Donor 10947,Household,Kolkata
DNR510949,2,62.92,31.46,Donor 10950,Restaurant,Chennai
DNR510950,2,32.9,16.45,Donor 10951,Hotel,Remote
DNR510954,2,47.7,23.85,Donor 10955,Bakery,Pune
DNR501623,2,43.38,21.69,Donor 1624,Hotel,Remote
DNR505436,2,64.07,32.03,Donor 5437,Restaurant,Remote
DNR505437,2,22.39,11.2,Donor 5438,Hotel,Bengaluru
DNR508519,2,96.63,48.32,Donor 8520,Bakery,Chennai
DNR508524,2,44.97,22.48,Donor 8525,Household,Mumbai
DNR508526,2,51.96,25.98,Donor 8527,Restaurant,Mumbai
DNR508530,2,41.02,20.51,Donor 8531,Household,Chennai
DNR505399,2,56.74,28.37,Donor 5400,Restaurant,Pune
DNR505400,2,99.97,49.98,Donor 5401,Bakery,Bengaluru
DNR501625,2,23.44,11.72,Donor 1626,Bakery,Jaipur
DNR501626,2,23.92,11.96,Donor 1627,Restaurant,Ahmedabad
DNR501629,2,29.51,14.76,Donor 1630,Household,Delhi NCR
DNR501631,2,63.65,31.82,Donor 1632,Restaurant,Bengaluru
DNR501632,2,45.07,22.54,Donor 1633,Restaurant,Jaipur
DNR501633,2,46.13,23.06,Donor 1634,Event,Ahmedabad
DNR501635,2,57.66,28.83,Donor 1636,Restaurant,Bengaluru
DNR501601,2,85.02,42.51,Donor 1602,Hotel,Jaipur
DNR501602,2,41.52,20.76,Donor 1603,Restaurant,Chennai
DNR501609,2,45.93,22.96,Donor 1610,Restaurant,Remote
DNR501611,2,47.64,23.82,Donor 1612,Household,Mumbai
DNR505448,2,97.23,48.61,Donor 5449,Cafeteria,Remote
DNR505449,2,64.39,32.2,Donor 5450,Cafeteria,Remote
DNR505451,2,89.4,44.7,Donor 5452,Restaurant,Pune
DNR505421,2,57.15,28.58,Donor 5422,Household,Mumbai
DNR505425,2,61.19,30.6,Donor 5426,Hotel,Remote
DNR505472,2,49.9,24.95,Donor 5473,Restaurant,Ahmedabad
DNR510957,2,37.8,18.9,Donor 10958,Event,Bengaluru
DNR510963,2,59.21,29.6,Donor 10964,Hotel,Remote
DNR510973,2,44.99,22.5,Donor 10974,Hotel,Pune
DNR501583,2,48.34,24.17,Donor 1584,Event,Bengaluru
DNR501588,2,56.39,28.2,Donor 1589,Cafeteria,Pune
DNR508497,2,35.57,17.78,Donor 8498,Restaurant,Pune
DNR508499,2,80.51,40.25,Donor 8500,Event,Delhi NCR
DNR508501,2,21.06,10.53,Donor 8502,Grocery Store,Chennai
DNR508502,2,30.84,15.42,Donor 8503,Event,Pune
DNR508514,2,32.88,16.44,Donor 8515,Household,Ahmedabad
DNR508515,2,46.97,23.48,Donor 8516,Restaurant,Remote
DNR508517,2,64.22,32.11,Donor 8518,Restaurant,Ahmedabad
DNR505440,2,39.84,19.92,Donor 5441,Cafeteria,Remote
DNR505442,2,30.55,15.28,Donor 5443,Household,Jaipur
DNR505443,2,71.6,35.8,Donor 5444,Cafeteria,Delhi NCR
DNR508480,2,33.91,16.95,Donor 8481,Cafeteria,Bengaluru
DNR508481,2,58.91,29.46,Donor 8482,Household,Ahmedabad
DNR508484,2,32.82,16.41,Donor 8485,Grocery Store,Ahmedabad
DNR508488,2,41.8,20.9,Donor 8489,Household,Jaipur
DNR505480,2,40.52,20.26,Donor 5481,Hotel,Ahmedabad
DNR505483,2,32.85,16.42,Donor 5484,Cafeteria,Remote
DNR505484,2,69.53,34.76,Donor 5485,Cafeteria,Chennai
DNR505485,2,77.34,38.67,Donor 5486,Grocery Store,Remote
DNR505487,2,60.12,30.06,Donor 5488,Event,Remote
DNR505491,2,33.44,16.72,Donor 5492,Restaurant,Chennai
DNR505496,2,31.58,15.79,Donor 5497,Cafeteria,Jaipur
DNR505460,2,26.85,13.42,Donor 5461,Restaurant,Chennai
DNR505461,2,59.77,29.88,Donor 5462,Household,Remote
DNR505462,2,36.2,18.1,Donor 5463,Cafeteria,Chennai
DNR505466,2,68.9,34.45,Donor 5467,Grocery Store,Remote
DNR505469,2,82.48,41.24,Donor 5470,Hotel,Hyderabad
DNR505500,2,88.38,44.19,Donor 5501,Household,Remote
DNR505501,2,47.84,23.92,Donor 5502,Bakery,Remote
DNR505506,2,40.18,20.09,Donor 5507,Cafeteria,Ahmedabad
DNR505508,2,39.33,19.66,Donor 5509,Grocery Store,Chennai
DNR505510,2,30.32,15.16,Donor 5511,Restaurant,Bengaluru
DNR501591,2,56.64,28.32,Donor 1592,Cafeteria,Chennai
DNR501592,2,40.75,20.38,Donor 1593,Restaurant,Mumbai
DNR501593,2,31.08,15.54,Donor 1594,Restaurant,Remote
DNR501598,2,39.83,19.92,Donor 1599,Restaurant,Delhi NCR
DNR501599,2,33.31,16.66,Donor 1600,Household,Mumbai
DNR501568,2,35.74,17.87,Donor 1569,Grocery Store,Mumbai
DNR501570,2,58.55,29.28,Donor 1571,Hotel,Pune
DNR501575,2,34.83,17.42,Donor 1576,Household,Remote
DNR501576,2,80.36,40.18,Donor 1577,Cafeteria,Ahmedabad
DNR505515,2,44.54,22.27,Donor 5516,Restaurant,Kolkata
DNR508478,2,18.79,9.4,Donor 8479,Restaurant,Chennai
DNR508470,2,68.12,34.06,Donor 8471,Event,Mumbai
DNR501528,2,108.94,54.47,Donor 1529,Hotel,Mumbai
DNR501529,2,37.01,18.5,Donor 1530,Hotel,Ahmedabad
DNR501532,2,37.7,18.85,Donor 1533,Household,Delhi NCR
DNR501534,2,18.01,9.0,Donor 1535,Hotel,Delhi NCR
DNR501581,2,25.33,12.66,Donor 1582,Bakery,Mumbai
DNR510975,2,46.21,23.1,Donor 10976,Restaurant,Hyderabad
DNR510976,2,83.16,41.58,Donor 10977,Restaurant,Delhi NCR
DNR510980,2,46.31,23.16,Donor 10981,Restaurant,Ahmedabad
DNR510982,2,47.8,23.9,Donor 10983,Restaurant,Pune
DNR510985,2,17.71,8.86,Donor 10986,Household,Pune
DNR510990,2,34.15,17.08,Donor 10991,Hotel,Pune
DNR508471,2,38.5,19.25,Donor 8472,Household,Mumbai
DNR505497,2,61.05,30.52,Donor 5498,Hotel,Kolkata
DNR505498,2,45.44,22.72,Donor 5499,Restaurant,Ahmedabad
DNR505499,2,18.87,9.44,Donor 5500,Restaurant,Kolkata
DNR505567,2,42.31,21.16,Donor 5568,Household,Bengaluru
DNR508442,2,39.53,19.76,Donor 8443,Household,Mumbai
DNR508448,2,59.58,29.79,Donor 8449,Household,Hyderabad
DNR508452,2,63.53,31.76,Donor 8453,Restaurant,Hyderabad
DNR505536,2,45.76,22.88,Donor 5537,Restaurant,Pune
DNR505540,2,38.59,19.3,Donor 5541,Bakery,Remote
DNR505542,2,83.2,41.6,Donor 5543,Household,Kolkata
DNR505547,2,39.43,19.72,Donor 5548,Grocery Store,Jaipur
DNR505552,2,57.1,28.55,Donor 5553,Restaurant,Chennai
DNR505553,2,28.67,14.34,Donor 5554,Household,Chennai
DNR505556,2,48.25,24.12,Donor 5557,Hotel,Ahmedabad
DNR508456,2,54.94,27.47,Donor 8457,Household,Chennai
DNR508457,2,32.51,16.26,Donor 8458,Restaurant,Bengaluru
DNR508460,2,16.38,8.19,Donor 8461,Bakery,Kolkata
DNR508461,2,33.29,16.64,Donor 8462,Restaurant,Bengaluru
DNR508463,2,39.57,19.78,Donor 8464,Grocery Store,Ahmedabad
DNR508435,2,41.96,20.98,Donor 8436,Event,Chennai
DNR505557,2,49.16,24.58,Donor 5558,Cafeteria,Pune
DNR505558,2,51.35,25.67,Donor 5559,Household,Remote
DNR505566,2,73.15,36.58,Donor 5567,Hotel,Pune
DNR501537,2,67.39,33.7,Donor 1538,Grocery Store,Mumbai
DNR510996,2,43.42,21.71,Donor 10997,Cafeteria,Hyderabad
DNR510999,2,70.72,35.36,Donor 11000,Cafeteria,Mumbai
DNR511000,2,74.78,37.39,Donor 11001,Grocery Store,Mumbai
DNR511001,2,103.5,51.75,Donor 11002,Restaurant,Jaipur
DNR511003,2,64.1,32.05,Donor 11004,Cafeteria,Hyderabad
DNR511007,2,82.06,41.03,Donor 11008,Cafeteria,Remote
DNR511009,2,33.01,16.5,Donor 11010,Bakery,Mumbai
DNR511012,2,49.04,24.52,Donor 11013,Cafeteria,Remote
DNR501503,2,30.19,15.1,Donor 1504,Event,Kolkata
DNR501512,2,30.81,15.4,Donor 1513,Household,Chennai
DNR501515,2,61.61,30.8,Donor 1516,Event,Chennai
DNR505578,2,116.06,58.03,Donor 5579,Cafeteria,Pune
DNR505581,2,104.24,52.12,Donor 5582,Hotel,Mumbai
DNR511013,2,86.51,43.26,Donor 11014,Hotel,Ahmedabad
DNR511017,2,23.07,11.54,Donor 11018,Grocery Store,Bengaluru
DNR511023,2,83.78,41.89,Donor 11024,Hotel,Kolkata
DNR511024,2,44.61,22.3,Donor 11025,Hotel,Ahmedabad
DNR511026,2,23.26,11.63,Donor 11027,Grocery Store,Delhi NCR
DNR511030,2,21.49,10.74,Donor 11031,Restaurant,Kolkata
DNR511032,2,77.34,38.67,Donor 11033,Hotel,Ahmedabad
DNR501487,2,64.23,32.12,Donor 1488,Household,Remote
DNR501489,2,48.65,24.33,Donor 1490,Cafeteria,Pune
DNR508417,2,46.01,23.01,Donor 8418,Household,Delhi NCR
DNR508421,2,58.08,29.04,Donor 8422,Household,Remote
DNR508423,2,45.79,22.9,Donor 8424,Cafeteria,Delhi NCR
DNR508427,2,52.76,26.38,Donor 8428,Restaurant,Kolkata
DNR508432,2,59.52,29.76,Donor 8433,Event,Kolkata
DNR505602,2,53.19,26.6,Donor 5603,Restaurant,Kolkata
DNR505607,2,57.89,28.94,Donor 5608,Cafeteria,Delhi NCR
DNR505613,2,32.11,16.06,Donor 5614,Household,Bengaluru
DNR505614,2,43.71,21.86,Donor 5615,Hotel,Mumbai
DNR501502,2,65.45,32.72,Donor 1503,Restaurant,Kolkata
DNR511042,2,63.59,31.8,Donor 11043,Restaurant,Kolkata
DNR511044,2,23.71,11.86,Donor 11045,Household,Chennai
DNR511050,2,41.82,20.91,Donor 11051,Restaurant,Delhi NCR
DNR501460,2,50.25,25.12,Donor 1461,Restaurant,Delhi NCR
DNR501463,2,34.62,17.31,Donor 1464,Cafeteria,Bengaluru
DNR508397,2,26.5,13.25,Donor 8398,Grocery Store,Delhi NCR
DNR508399,2,63.25,31.62,Donor 8400,Restaurant,Jaipur
DNR508401,2,36.76,18.38,Donor 8402,Cafeteria,Chennai
DNR508411,2,34.29,17.14,Donor 8412,Hotel,Remote
DNR505575,2,89.69,44.84,Donor 5576,Restaurant,Remote
DNR505576,2,83.25,41.62,Donor 5577,Household,Remote
DNR501467,2,51.93,25.96,Donor 1468,Restaurant,Delhi NCR
DNR501474,2,31.62,15.81,Donor 1475,Grocery Store,Kolkata
DNR501478,2,40.92,20.46,Donor 1479,Restaurant,Chennai
DNR501479,2,47.25,23.62,Donor 1480,Cafeteria,Chennai
DNR501481,2,56.35,28.17,Donor 1482,Bakery,Hyderabad
DNR501443,2,52.67,26.34,Donor 1444,Restaurant,Jaipur
DNR501449,2,59.67,29.84,Donor 1450,Restaurant,Pune
DNR501450,2,39.4,19.7,Donor 1451,Restaurant,Remote
DNR501451,2,17.5,8.75,Donor 1452,Household,Kolkata
DNR501452,2,70.75,35.38,Donor 1453,Bakery,Delhi NCR
DNR501457,2,53.53,26.76,Donor 1458,Hotel,Bengaluru
DNR501458,2,31.79,15.9,Donor 1459,Grocery Store,Ahmedabad
DNR505631,2,67.56,33.78,Donor 5632,Hotel,Bengaluru
DNR505634,2,60.69,30.34,Donor 5635,Event,Delhi NCR
DNR505600,2,55.25,27.62,Donor 5601,Cafeteria,Chennai
DNR505601,2,28.66,14.33,Donor 5602,Event,Hyderabad
DNR505640,2,41.43,20.72,Donor 5641,Bakery,Hyderabad
DNR505641,2,55.44,27.72,Donor 5642,Restaurant,Delhi NCR
DNR505642,2,74.67,37.34,Donor 5643,Cafeteria,Chennai
DNR505646,2,77.12,38.56,Donor 5647,Household,Bengaluru
DNR505647,2,43.51,21.76,Donor 5648,Event,Ahmedabad
DNR508376,2,34.51,17.26,Donor 8377,Household,Mumbai
DNR508379,2,80.61,40.3,Donor 8380,Restaurant,Bengaluru
DNR508380,2,67.01,33.51,Donor 8381,Restaurant,Bengaluru
DNR508382,2,19.54,9.77,Donor 8383,Household,Pune
DNR508388,2,34.45,17.23,Donor 8389,Grocery Store,Bengaluru
DNR508393,2,73.05,36.52,Donor 8394,Cafeteria,Hyderabad
DNR505619,2,45.13,22.56,Donor 5620,Event,Mumbai
DNR505620,2,46.09,23.04,Donor 5621,Grocery Store,Ahmedabad
DNR505623,2,46.46,23.23,Donor 5624,Restaurant,Hyderabad
DNR505627,2,68.5,34.25,Donor 5628,Cafeteria,Delhi NCR
DNR505630,2,56.5,28.25,Donor 5631,Event,Bengaluru
DNR505652,2,40.66,20.33,Donor 5653,Hotel,Kolkata
DNR505659,2,83.36,41.68,Donor 5660,Event,Bengaluru
DNR501459,2,57.88,28.94,Donor 1460,Hotel,Mumbai
DNR511055,2,63.53,31.76,Donor 11056,Cafeteria,Chennai
DNR511056,2,69.84,34.92,Donor 11057,Cafeteria,Hyderabad
DNR511059,2,38.81,19.4,Donor 11060,Restaurant,Delhi NCR
DNR511061,2,44.28,22.14,Donor 11062,Cafeteria,Ahmedabad
DNR511062,2,64.5,32.25,Donor 11063,Event,Hyderabad
DNR511063,2,49.48,24.74,Donor 11064,Restaurant,Chennai
DNR501430,2,41.91,20.96,Donor 1431,Household,Kolkata
DNR501440,2,81.37,40.68,Donor 1441,Hotel,Hyderabad
DNR505664,2,31.15,15.58,Donor 5665,Household,Pune
DNR505667,2,35.05,17.52,Donor 5668,Household,Remote
DNR505668,2,70.38,35.19,Donor 5669,Restaurant,Remote
DNR505635,2,84.75,42.38,Donor 5636,Hotel,Delhi NCR
DNR505638,2,73.6,36.8,Donor 5639,Grocery Store,Kolkata
DNR501442,2,55.36,27.68,Donor 1443,Bakery,Bengaluru
DNR511074,2,24.56,12.28,Donor 11075,Restaurant,Kolkata
DNR511079,2,22.51,11.26,Donor 11080,Restaurant,Jaipur
DNR511084,2,57.97,28.98,Donor 11085,Restaurant,Hyderabad
DNR511087,2,35.11,17.56,Donor 11088,Hotel,Mumbai
DNR501400,2,43.21,21.6,Donor 1401,Hotel,Jaipur
DNR501405,2,55.4,27.7,Donor 1406,Household,Jaipur
DNR505689,2,81.49,40.75,Donor 5690,Restaurant,Jaipur
DNR508354,2,37.79,18.9,Donor 8355,Restaurant,Kolkata
DNR508360,2,29.53,14.76,Donor 8361,Grocery Store,Mumbai
DNR508361,2,54.26,27.13,Donor 8362,Cafeteria,Ahmedabad
DNR508364,2,38.45,19.23,Donor 8365,Hotel,Kolkata
DNR508367,2,55.06,27.53,Donor 8368,Bakery,Pune
DNR508371,2,48.89,24.44,Donor 8372,Cafeteria,Hyderabad
DNR508372,2,41.06,20.53,Donor 8373,Household,Remote
DNR508373,2,44.05,22.02,Donor 8374,Cafeteria,Bengaluru
DNR511106,2,48.45,24.22,Donor 11107,Hotel,Jaipur
DNR505719,2,37.23,18.62,Donor 5720,Cafeteria,Jaipur
DNR505721,2,73.04,36.52,Donor 5722,Restaurant,Remote
DNR505722,2,47.28,23.64,Donor 5723,Cafeteria,Jaipur
DNR505726,2,32.1,16.05,Donor 5727,Cafeteria,Delhi NCR
DNR508338,2,17.45,8.72,Donor 8339,Bakery,Remote
DNR508341,2,27.79,13.9,Donor 8342,Event,Jaipur
DNR508345,2,36.2,18.1,Donor 8346,Hotel,Jaipur
DNR508351,2,26.91,13.45,Donor 8352,Cafeteria,Bengaluru
DNR505690,2,78.5,39.25,Donor 5691,Event,Bengaluru
DNR505692,2,38.84,19.42,Donor 5693,Restaurant,Chennai
DNR505693,2,14.62,7.31,Donor 5694,Restaurant,Kolkata
DNR505695,2,43.27,21.64,Donor 5696,Household,Mumbai
DNR505699,2,60.56,30.28,Donor 5700,Restaurant,Kolkata
DNR505705,2,36.27,18.13,Donor 5706,Restaurant,Chennai
DNR505706,2,85.21,42.6,Donor 5707,Restaurant,Bengaluru
DNR508321,2,75.25,37.62,Donor 8322,Restaurant,Jaipur
DNR508327,2,87.82,43.91,Donor 8328,Cafeteria,Bengaluru
DNR508330,2,46.15,23.08,Donor 8331,Household,Hyderabad
DNR505716,2,31.68,15.84,Donor 5717,Grocery Store,Hyderabad
DNR505717,2,67.9,33.95,Donor 5718,Household,Remote
DNR501415,2,36.24,18.12,Donor 1416,Restaurant,Mumbai
DNR501417,2,51.43,25.72,Donor 1418,Event,Kolkata
DNR501419,2,54.15,27.08,Donor 1420,Restaurant,Remote
DNR501421,2,32.21,16.1,Donor 1422,Household,Hyderabad
DNR511089,2,45.79,22.9,Donor 11090,Household,Pune
DNR511091,2,82.79,41.4,Donor 11092,Hotel,Ahmedabad
DNR511094,2,52.76,26.38,Donor 11095,Event,Delhi NCR
DNR511096,2,55.23,27.62,Donor 11097,Household,Delhi NCR
DNR511098,2,35.97,17.98,Donor 11099,Restaurant,Pune
DNR511099,2,35.28,17.64,Donor 11100,Cafeteria,Bengaluru
DNR511104,2,41.68,20.84,Donor 11105,Hotel,Bengaluru
DNR505739,2,68.34,34.17,Donor 5740,Bakery,Kolkata
DNR505741,2,49.94,24.97,Donor 5742,Cafeteria,Bengaluru
DNR501380,2,39.27,19.63,Donor 1381,Hotel,Kolkata
DNR501384,2,56.88,28.44,Donor 1385,Event,Kolkata
DNR501386,2,75.01,37.5,Donor 1387,Cafeteria,Jaipur
DNR501390,2,42.69,21.34,Donor 1391,Household,Kolkata
DNR501391,2,38.09,19.05,Donor 1392,Grocery Store,Delhi NCR
DNR501394,2,30.15,15.08,Donor 1395,Restaurant,Ahmedabad
DNR501398,2,50.0,25.0,Donor 1399,Hotel,Bengaluru
DNR501363,2,91.16,45.58,Donor 1364,Cafeteria,Pune
DNR501366,2,62.6,31.3,Donor 1367,Event,Chennai
DNR501368,2,49.07,24.54,Donor 1369,Grocery Store,Hyderabad
DNR501370,2,15.73,7.86,Donor 1371,Household,Ahmedabad
DNR505742,2,78.32,39.16,Donor 5743,Hotel,Bengaluru
DNR505743,2,23.01,11.5,Donor 5744,Event,Remote
DNR508316,2,59.2,29.6,Donor 8317,Event,Remote
DNR508308,2,45.4,22.7,Donor 8309,Grocery Store,Hyderabad
DNR501375,2,33.69,16.84,Donor 1376,Event,Mumbai
DNR501349,2,33.32,16.66,Donor 1350,Hotel,Jaipur
DNR501350,2,60.06,30.03,Donor 1351,Hotel,Delhi NCR
DNR501354,2,97.01,48.5,Donor 1355,Restaurant,Jaipur
DNR501359,2,56.2,28.1,Donor 1360,Restaurant,Bengaluru
DNR501360,2,55.59,27.8,Donor 1361,Restaurant,Jaipur
DNR511107,2,37.39,18.7,Donor 11108,Hotel,Mumbai
DNR505748,2,14.69,7.35,Donor 5749,Restaurant,Ahmedabad
DNR505756,2,54.51,27.26,Donor 5757,Restaurant,Delhi NCR
DNR505757,2,40.92,20.46,Donor 5758,Restaurant,Jaipur
DNR505758,2,92.94,46.47,Donor 5759,Grocery Store,Mumbai
DNR505759,2,85.72,42.86,Donor 5760,Grocery Store,Hyderabad
DNR505767,2,42.14,21.07,Donor 5768,Household,Pune
DNR505736,2,52.25,26.12,Donor 5737,Hotel,Pune
DNR505738,2,32.27,16.13,Donor 5739,Event,Chennai
DNR505796,2,52.54,26.27,Donor 5797,Household,Delhi NCR
DNR505803,2,22.86,11.43,Donor 5804,Cafeteria,Bengaluru
DNR505769,2,43.79,21.9,Donor 5770,Restaurant,Mumbai
DNR505771,2,55.69,27.84,Donor 5772,Hotel,Ahmedabad
DNR505775,2,41.39,20.7,Donor 5776,Restaurant,Delhi NCR
DNR505777,2,70.26,35.13,Donor 5778,Restaurant,Kolkata
DNR505778,2,10.79,5.4,Donor 5779,Grocery Store,Delhi NCR
DNR505780,2,43.36,21.68,Donor 5781,Restaurant,Hyderabad
DNR505781,2,30.54,15.27,Donor 5782,Event,Mumbai
DNR505786,2,51.6,25.8,Donor 5787,Household,Jaipur
DNR508296,2,77.5,38.75,Donor 8297,Restaurant,Mumbai
DNR508298,2,72.98,36.49,Donor 8299,Bakery,Ahmedabad
DNR508300,2,33.49,16.74,Donor 8301,Restaurant,Ahmedabad
DNR508302,2,30.15,15.08,Donor 8303,Grocery Store,Ahmedabad
DNR508304,2,46.92,23.46,Donor 8305,Bakery,Chennai
DNR508307,2,43.16,21.58,Donor 8308,Hotel,Bengaluru
DNR508290,2,75.29,37.64,Donor 8291,Restaurant,Mumbai
DNR508293,2,110.58,55.29,Donor 8294,Hotel,Mumbai
DNR505790,2,43.38,21.69,Donor 5791,Event,Ahmedabad
DNR511109,2,63.77,31.88,Donor 11110,Restaurant,Chennai
DNR511110,2,73.02,36.51,Donor 11111,Cafeteria,Jaipur
DNR511116,2,52.0,26.0,Donor 11117,Cafeteria,Pune
DNR511117,2,39.32,19.66,Donor 11118,Grocery Store,Remote
DNR511118,2,76.41,38.2,Donor 11119,Cafeteria,Remote
DNR511119,2,26.8,13.4,Donor 11120,Restaurant,Pune
DNR511121,2,48.02,24.01,Donor 11122,Grocery Store,Kolkata
DNR511124,2,41.79,20.9,Donor 11125,Event,Kolkata
DNR511125,2,39.1,19.55,Donor 11126,Hotel,Jaipur
DNR511129,2,40.14,20.07,Donor 11130,Restaurant,Hyderabad
DNR511130,2,84.09,42.04,Donor 11131,Cafeteria,Kolkata
DNR511134,2,26.93,13.46,Donor 11135,Household,Delhi NCR
DNR511140,2,43.33,21.66,Donor 11141,Restaurant,Jaipur
DNR505821,2,35.56,17.78,Donor 5822,Household,Kolkata
DNR505822,2,24.96,12.48,Donor 5823,Restaurant,Remote
DNR511145,2,24.24,12.12,Donor 11146,Event,Delhi NCR
DNR501328,2,63.36,31.68,Donor 1329,Grocery Store,Kolkata
DNR501333,2,44.95,22.48,Donor 1334,Restaurant,Mumbai
DNR501338,2,61.37,30.68,Donor 1339,Bakery,Bengaluru
DNR501342,2,32.52,16.26,Donor 1343,Event,Delhi NCR
DNR501310,2,52.0,26.0,Donor 1311,Restaurant,Remote
DNR501312,2,34.73,17.37,Donor 1313,Household,Kolkata
DNR501315,2,14.06,7.03,Donor 1316,Restaurant,Hyderabad
DNR501323,2,64.12,32.06,Donor 1324,Grocery Store,Pune
DNR505825,2,69.44,34.72,Donor 5826,Restaurant,Ahmedabad
DNR508277,2,84.2,42.1,Donor 8278,Hotel,Pune
DNR508281,2,33.19,16.6,Donor 8282,Hotel,Ahmedabad
DNR508283,2,82.31,41.16,Donor 8284,Event,Bengaluru
DNR508286,2,14.13,7.06,Donor 8287,Cafeteria,Jaipur
DNR511154,2,48.92,24.46,Donor 11155,Grocery Store,Jaipur
DNR511157,2,36.17,18.08,Donor 11158,Restaurant,Remote
DNR511162,2,44.09,22.04,Donor 11163,Restaurant,Remote
DNR511163,2,52.27,26.14,Donor 11164,Restaurant,Hyderabad
DNR511164,2,33.19,16.6,Donor 11165,Restaurant,Delhi NCR
DNR501285,2,35.59,17.8,Donor 1286,Bakery,Delhi NCR
DNR501289,2,75.25,37.62,Donor 1290,Event,Bengaluru
DNR501293,2,36.75,18.38,Donor 1294,Household,Pune
DNR505835,2,27.38,13.69,Donor 5836,Cafeteria,Ahmedabad
DNR505838,2,64.8,32.4,Donor 5839,Restaurant,Pune
DNR505839,2,33.71,16.86,Donor 5840,Household,Pune
DNR505842,2,70.62,35.31,Donor 5843,Grocery Store,Hyderabad
DNR505812,2,42.28,21.14,Donor 5813,Hotel,Jaipur
DNR505813,2,51.44,25.72,Donor 5814,Restaurant,Mumbai
DNR505814,2,51.5,25.75,Donor 5815,Bakery,Kolkata
DNR505816,2,51.18,25.59,Donor 5817,Bakery,Chennai
DNR505880,2,49.95,24.98,Donor 5881,Bakery,Bengaluru
DNR505884,2,36.98,18.49,Donor 5885,Bakery,Remote
DNR505885,2,93.17,46.58,Donor 5886,Bakery,Kolkata
DNR505847,2,82.74,41.37,Donor 5848,Restaurant,Delhi NCR
DNR505849,2,83.24,41.62,Donor 5850,Restaurant,Delhi NCR
DNR505852,2,59.35,29.67,Donor 5853,Cafeteria,Remote
DNR505858,2,50.44,25.22,Donor 5859,Hotel,Kolkata
DNR505862,2,18.44,9.22,Donor 5863,Grocery Store,Remote
DNR505864,2,74.95,37.48,Donor 5865,Hotel,Remote
DNR508259,2,61.51,30.76,Donor 8260,Restaurant,Pune
DNR508260,2,43.51,21.76,Donor 8261,Restaurant,Ahmedabad
DNR508261,2,53.27,26.64,Donor 8262,Restaurant,Ahmedabad
DNR508262,2,70.5,35.25,Donor 8263,Hotel,Remote
DNR508270,2,39.1,19.55,Donor 8271,Hotel,Chennai
DNR508275,2,101.74,50.87,Donor 8276,Cafeteria,Jaipur
DNR505828,2,63.19,31.6,Donor 5829,Restaurant,Mumbai
DNR508247,2,70.62,35.31,Donor 8248,Grocery Store,Mumbai
DNR508255,2,100.98,50.49,Donor 8256,Hotel,Kolkata
DNR505870,2,41.97,20.98,Donor 5871,Household,Kolkata
DNR505874,2,87.07,43.54,Donor 5875,Restaurant,Remote
DNR501301,2,57.56,28.78,Donor 1302,Hotel,Jaipur
DNR501264,2,99.08,49.54,Donor 1265,Hotel,Pune
DNR501265,2,42.98,21.49,Donor 1266,Restaurant,Mumbai
DNR501272,2,33.51,16.76,Donor 1273,Cafeteria,Pune
DNR501273,2,67.52,33.76,Donor 1274,Restaurant,Remote
DNR501277,2,46.67,23.34,Donor 1278,Cafeteria,Hyderabad
DNR501278,2,20.25,10.12,Donor 1279,Event,Kolkata
DNR501281,2,22.99,11.5,Donor 1282,Bakery,Jaipur
DNR501283,2,31.15,15.58,Donor 1284,Restaurant,Bengaluru
DNR511165,2,86.21,43.1,Donor 11166,Restaurant,Ahmedabad
DNR511166,2,53.62,26.81,Donor 11167,Grocery Store,Bengaluru
DNR505879,2,34.37,17.19,Donor 5880,Hotel,Jaipur
DNR505891,2,76.02,38.01,Donor 5892,Grocery Store,Hyderabad
DNR505892,2,25.37,12.68,Donor 5893,Cafeteria,Delhi NCR
DNR505893,2,50.5,25.25,Donor 5894,Restaurant,Pune
DNR505897,2,39.16,19.58,Donor 5898,Cafeteria,Hyderabad
DNR505898,2,51.65,25.83,Donor 5899,Cafeteria,Mumbai
DNR511178,2,88.28,44.14,Donor 11179,Household,Delhi NCR
DNR511179,2,33.61,16.8,Donor 11180,Household,Pune
DNR511182,2,35.07,17.54,Donor 11183,Bakery,Remote
DNR501243,2,41.08,20.54,Donor 1244,Restaurant,Ahmedabad
DNR501245,2,58.53,29.26,Donor 1246,Hotel,Ahmedabad
DNR501247,2,113.21,56.6,Donor 1248,Restaurant,Hyderabad
DNR501249,2,59.38,29.69,Donor 1250,Event,Chennai
DNR508239,2,68.08,34.04,Donor 8240,Grocery Store,Pune
DNR508240,2,40.34,20.17,Donor 8241,Household,Ahmedabad
DNR508243,2,60.58,30.29,Donor 8244,Restaurant,Ahmedabad
DNR508245,2,34.43,17.22,Donor 8246,Restaurant,Delhi NCR
DNR505916,2,19.78,9.89,Donor 5917,Cafeteria,Pune
DNR501257,2,82.04,41.02,Donor 1258,Household,Remote
DNR501260,2,67.88,33.94,Donor 1261,Household,Chennai
DNR501222,2,82.78,41.39,Donor 1223,Hotel,Ahmedabad
DNR501224,2,27.11,13.56,Donor 1225,Restaurant,Mumbai
DNR501225,2,64.81,32.4,Donor 1226,Hotel,Mumbai
DNR501233,2,51.91,25.96,Donor 1234,Household,Hyderabad
DNR501234,2,60.23,30.12,Donor 1235,Household,Kolkata
DNR501238,2,47.75,23.88,Donor 1239,Hotel,Delhi NCR
DNR508221,2,55.63,27.82,Donor 8222,Household,Jaipur
DNR508222,2,34.06,17.03,Donor 8223,Bakery,Remote
DNR508224,2,43.49,21.74,Donor 8225,Household,Remote
DNR508225,2,104.13,52.06,Donor 8226,Restaurant,Mumbai
DNR508227,2,84.71,42.36,Donor 8228,Bakery,Mumbai
DNR508234,2,24.97,12.49,Donor 8235,Restaurant,Hyderabad
DNR508235,2,78.38,39.19,Donor 8236,Household,Delhi NCR
DNR511211,2,65.98,32.99,Donor 11212,Household,Chennai
DNR505959,2,48.06,24.03,Donor 5960,Cafeteria,Kolkata
DNR505960,2,48.65,24.33,Donor 5961,Cafeteria,Chennai
DNR505936,2,43.33,21.66,Donor 5937,Cafeteria,Hyderabad
DNR505937,2,57.42,28.71,Donor 5938,Event,Hyderabad
DNR505942,2,26.92,13.46,Donor 5943,Restaurant,Kolkata
DNR505943,2,57.82,28.91,Donor 5944,Restaurant,Chennai
DNR505944,2,36.34,18.17,Donor 5945,Household,Hyderabad
DNR508199,2,54.92,27.46,Donor 8200,Restaurant,Mumbai
DNR508201,2,61.68,30.84,Donor 8202,Household,Pune
DNR508203,2,43.71,21.85,Donor 8204,Grocery Store,Delhi NCR
DNR508206,2,84.73,42.36,Donor 8207,Household,Hyderabad
DNR508215,2,21.11,10.56,Donor 8216,Household,Mumbai
DNR508216,2,46.28,23.14,Donor 8217,Cafeteria,Remote
DNR505905,2,47.95,23.98,Donor 5906,Restaurant,Chennai
DNR505912,2,53.29,26.64,Donor 5913,Hotel,Ahmedabad
DNR508192,2,46.25,23.12,Donor 8193,Grocery Store,Pune
DNR508193,2,97.67,48.84,Donor 8194,Cafeteria,Jaipur
DNR508196,2,46.15,23.08,Donor 8197,Restaurant,Mumbai
DNR505946,2,79.99,40.0,Donor 5947,Restaurant,Kolkata
DNR505947,2,64.46,32.23,Donor 5948,Restaurant,Mumbai
DNR501241,2,26.13,13.06,Donor 1242,Restaurant,Delhi NCR
DNR511184,2,50.95,25.48,Donor 11185,Event,Kolkata
DNR511192,2,50.38,25.19,Donor 11193,Restaurant,Mumbai
DNR511193,2,41.72,20.86,Donor 11194,Event,Bengaluru
DNR511194,2,67.17,33.58,Donor 11195,Restaurant,Delhi NCR
DNR511195,2,102.11,51.06,Donor 11196,Cafeteria,Delhi NCR
DNR511200,2,46.28,23.14,Donor 11201,Bakery,Chennai
DNR511201,2,32.65,16.32,Donor 11202,Household,Chennai
DNR511207,2,60.36,30.18,Donor 11208,Grocery Store,Bengaluru
DNR511209,2,66.95,33.48,Donor 11210,Restaurant,Jaipur
DNR511210,2,45.49,22.74,Donor 11211,Hotel,Bengaluru
DNR501201,2,100.27,50.14,Donor 1202,Cafeteria,Jaipur
DNR501206,2,49.04,24.52,Donor 1207,Restaurant,Ahmedabad
DNR501211,2,66.72,33.36,Donor 1212,Grocery Store,Jaipur
DNR501174,2,38.57,19.28,Donor 1175,Bakery,Kolkata
DNR501175,2,43.53,21.76,Donor 1176,Cafeteria,Pune
DNR501178,2,43.46,21.73,Donor 1179,Household,Delhi NCR
DNR501179,2,89.7,44.85,Donor 1180,Cafeteria,Delhi NCR
DNR501181,2,41.24,20.62,Donor 1182,Restaurant,Jaipur
DNR501184,2,49.99,25.0,Donor 1185,Grocery Store,Ahmedabad
DNR501187,2,70.68,35.34,Donor 1188,Event,Kolkata
DNR501189,2,40.78,20.39,Donor 1190,Cafeteria,Pune
DNR501190,2,81.86,40.93,Donor 1191,Hotel,Mumbai
DNR505982,2,24.78,12.39,Donor 5983,Restaurant,Pune
DNR508180,2,40.07,20.04,Donor 8181,Household,Jaipur
DNR508181,2,33.89,16.94,Donor 8182,Hotel,Delhi NCR
DNR508189,2,41.31,20.66,Donor 8190,Household,Chennai
DNR506015,2,53.57,26.78,Donor 6016,Grocery Store,Delhi NCR
DNR506017,2,56.39,28.2,Donor 6018,Restaurant,Kolkata
DNR506019,2,51.03,25.52,Donor 6020,Event,Mumbai
DNR505986,2,58.32,29.16,Donor 5987,Restaurant,Bengaluru
DNR505991,2,23.29,11.64,Donor 5992,Event,Mumbai
DNR505993,2,42.86,21.43,Donor 5994,Grocery Store,Delhi NCR
DNR506001,2,71.23,35.61,Donor 6002,Hotel,Mumbai
DNR506002,2,35.67,17.84,Donor 6003,Cafeteria,Chennai
DNR506003,2,17.05,8.52,Donor 6004,Household,Ahmedabad
DNR508166,2,86.62,43.31,Donor 8167,Household,Kolkata
DNR508169,2,91.51,45.76,Donor 8170,Restaurant,Chennai
DNR508171,2,34.97,17.48,Donor 8172,Household,Remote
DNR508179,2,64.92,32.46,Donor 8180,Hotel,Remote
DNR505968,2,35.28,17.64,Donor 5969,Restaurant,Jaipur
DNR505972,2,37.35,18.67,Donor 5973,Restaurant,Ahmedabad
DNR501197,2,56.4,28.2,Donor 1198,Hotel,Delhi NCR
DNR501163,2,62.48,31.24,Donor 1164,Cafeteria,Hyderabad
DNR501167,2,40.51,20.26,Donor 1168,Household,Mumbai
DNR501170,2,79.12,39.56,Donor 1171,Event,Remote
DNR501139,2,77.05,38.53,Donor 1140,Grocery Store,Remote
DNR501140,2,62.15,31.08,Donor 1141,Hotel,Remote
DNR501191,2,47.37,23.68,Donor 1192,Restaurant,Delhi NCR
DNR511222,2,29.94,14.97,Donor 11223,Bakery,Kolkata
DNR511224,2,29.66,14.83,Donor 11225,Cafeteria,Pune
DNR511225,2,42.93,21.46,Donor 11226,Restaurant,Hyderabad
DNR511228,2,60.53,30.26,Donor 11229,Restaurant,Jaipur
DNR511231,2,42.96,21.48,Donor 11232,Grocery Store,Delhi NCR
DNR511236,2,41.52,20.76,Donor 11237,Hotel,Bengaluru
DNR511238,2,15.48,7.74,Donor 11239,Hotel,Jaipur
DNR511248,2,22.69,11.34,Donor 11249,Household,Jaipur
DNR511254,2,26.04,13.02,Donor 11255,Event,Bengaluru
DNR506013,2,37.04,18.52,Donor 6014,Household,Mumbai
DNR501141,2,36.48,18.24,Donor 1142,Restaurant,Bengaluru
DNR501144,2,39.59,19.8,Donor 1145,Grocery Store,Pune
DNR501145,2,92.65,46.32,Donor 1146,Event,Chennai
DNR501146,2,99.03,49.52,Donor 1147,Bakery,Delhi NCR
DNR511261,2,74.73,37.36,Donor 11262,Restaurant,Hyderabad
DNR511265,2,35.09,17.55,Donor 11266,Hotel,Delhi NCR
DNR506033,2,50.08,25.04,Donor 6034,Cafeteria,Kolkata
DNR508141,2,85.79,42.9,Donor 8142,Household,Bengaluru
DNR508144,2,26.2,13.1,Donor 8145,Cafeteria,Mumbai
DNR508155,2,28.64,14.32,Donor 8156,Restaurant,Remote
DNR508160,2,25.58,12.79,Donor 8161,Household,Kolkata
DNR506005,2,49.57,24.78,Donor 6006,Restaurant,Delhi NCR
DNR506006,2,39.64,19.82,Donor 6007,Restaurant,Chennai
DNR506007,2,14.92,7.46,Donor 6008,Hotel,Chennai
DNR501156,2,51.38,25.69,Donor 1157,Hotel,Hyderabad
DNR501159,2,33.16,16.58,Donor 1160,Restaurant,Ahmedabad
DNR511277,2,51.57,25.78,Donor 11278,Restaurant,Kolkata
DNR511278,2,22.51,11.26,Donor 11279,Household,Remote
DNR511279,2,44.01,22.0,Donor 11280,Restaurant,Jaipur
DNR511280,2,87.8,43.9,Donor 11281,Household,Bengaluru
DNR501099,2,56.77,28.38,Donor 1100,Cafeteria,Delhi NCR
DNR501105,2,35.25,17.62,Donor 1106,Household,Pune
DNR508122,2,47.24,23.62,Donor 8123,Household,Pune
DNR508125,2,31.94,15.97,Donor 8126,Restaurant,Chennai
DNR508127,2,42.62,21.31,Donor 8128,Restaurant,Ahmedabad
DNR508128,2,82.52,41.26,Donor 8129,Grocery Store,Delhi NCR
DNR508130,2,29.96,14.98,Donor 8131,Cafeteria,Pune
DNR508136,2,25.08,12.54,Donor 8137,Hotel,Pune
DNR506021,2,63.46,31.73,Donor 6022,Hotel,Pune
DNR506022,2,67.03,33.52,Donor 6023,Restaurant,Ahmedabad
DNR506024,2,66.68,33.34,Donor 6025,Event,Chennai
DNR506027,2,68.71,34.36,Donor 6028,Grocery Store,Delhi NCR
DNR506066,2,60.82,30.41,Donor 6067,Restaurant,Chennai
DNR501108,2,54.39,27.2,Donor 1109,Grocery Store,Kolkata
DNR501110,2,11.21,5.6,Donor 1111,Cafeteria,Ahmedabad
DNR501112,2,30.95,15.48,Donor 1113,Household,Jaipur
DNR501085,2,54.32,27.16,Donor 1086,Restaurant,Kolkata
DNR501086,2,85.8,42.9,Donor 1087,Household,Kolkata
DNR501093,2,49.76,24.88,Donor 1094,Cafeteria,Chennai
DNR511282,2,40.44,20.22,Donor 11283,Grocery Store,Remote
DNR511283,2,47.98,23.99,Donor 11284,Household,Mumbai
DNR506076,2,43.33,21.66,Donor 6077,Household,Chennai
DNR506041,2,46.72,23.36,Donor 6042,Event,Jaipur
DNR506049,2,51.78,25.89,Donor 6050,Hotel,Mumbai
DNR506054,2,54.13,27.06,Donor 6055,Cafeteria,Ahmedabad
DNR506059,2,52.7,26.35,Donor 6060,Household,Jaipur
DNR506060,2,56.08,28.04,Donor 6061,Restaurant,Remote
DNR506061,2,35.35,17.68,Donor 6062,Restaurant,Pune
DNR506091,2,31.81,15.9,Donor 6092,Grocery Store,Pune
DNR511288,2,41.26,20.63,Donor 11289,Household,Jaipur
DNR511289,2,23.61,11.8,Donor 11290,Event,Remote
DNR511291,2,51.81,25.9,Donor 11292,Restaurant,Delhi NCR
DNR511293,2,67.74,33.87,Donor 11294,Grocery Store,Bengaluru
DNR511295,2,71.43,35.72,Donor 11296,Household,Bengaluru
DNR511296,2,44.75,22.38,Donor 11297,Cafeteria,Chennai
DNR511302,2,57.27,28.64,Donor 11303,Restaurant,Mumbai
DNR501065,2,56.31,28.16,Donor 1066,Household,Mumbai
DNR501067,2,35.46,17.73,Donor 1068,Hotel,Delhi NCR
DNR501069,2,47.93,23.96,Donor 1070,Event,Bengaluru
DNR506092,2,88.43,44.22,Donor 6093,Restaurant,Delhi NCR
DNR506097,2,85.97,42.98,Donor 6098,Cafeteria,Ahmedabad
DNR508102,2,39.69,19.84,Donor 8103,Cafeteria,Hyderabad
DNR508104,2,62.34,31.17,Donor 8105,Bakery,Delhi NCR
DNR508105,2,59.81,29.9,Donor 8106,Household,Kolkata
DNR506102,2,51.16,25.58,Donor 6103,Household,Kolkata
DNR506111,2,97.84,48.92,Donor 6112,Cafeteria,Kolkata
DNR506112,2,59.19,29.6,Donor 6113,Restaurant,Pune
DNR506113,2,28.49,14.24,Donor 6114,Restaurant,Delhi NCR
DNR506115,2,24.79,12.4,Donor 6116,Restaurant,Delhi NCR
DNR501075,2,43.61,21.8,Donor 1076,Cafeteria,Pune
DNR511309,2,90.29,45.14,Donor 11310,Restaurant,Pune
DNR511313,2,54.47,27.24,Donor 11314,Bakery,Remote
DNR501041,2,29.03,14.52,Donor 1042,Household,Chennai
DNR501046,2,59.21,29.6,Donor 1047,Cafeteria,Remote
DNR508087,2,23.57,11.78,Donor 8088,Hotel,Mumbai
DNR508091,2,98.91,49.46,Donor 8092,Grocery Store,Chennai
DNR508093,2,40.13,20.06,Donor 8094,Cafeteria,Delhi NCR
DNR508100,2,42.08,21.04,Donor 8101,Restaurant,Ahmedabad
DNR506085,2,21.17,10.58,Donor 6086,Household,Delhi NCR
DNR506090,2,49.32,24.66,Donor 6091,Bakery,Bengaluru
DNR511332,2,42.48,21.24,Donor 11333,Cafeteria,Mumbai
DNR511336,2,44.75,22.38,Donor 11337,Restaurant,Jaipur
DNR501003,2,32.01,16.0,Donor 1004,Grocery Store,Ahmedabad
DNR501006,2,39.73,19.87,Donor 1007,Restaurant,Chennai
DNR501047,2,51.72,25.86,Donor 1048,Restaurant,Delhi NCR
DNR501048,2,35.49,17.74,Donor 1049,Household,Ahmedabad
DNR501050,2,125.92,62.96,Donor 1051,Cafeteria,Pune
DNR501054,2,83.28,41.64,Donor 1055,Bakery,Remote
DNR501057,2,95.54,47.77,Donor 1058,Restaurant,Hyderabad
DNR501021,2,17.64,8.82,Donor 1022,Grocery Store,Hyderabad
DNR501022,2,20.68,10.34,Donor 1023,Restaurant,Ahmedabad
DNR501023,2,67.01,33.51,Donor 1024,Household,Bengaluru
DNR501027,2,55.9,27.95,Donor 1028,Cafeteria,Hyderabad
DNR501029,2,64.4,32.2,Donor 1030,Restaurant,Bengaluru
DNR501030,2,88.04,44.02,Donor 1031,Cafeteria,Bengaluru
DNR506100,2,66.9,33.45,Donor 6101,Cafeteria,Bengaluru
DNR501011,2,59.81,29.9,Donor 1012,Cafeteria,Bengaluru
DNR500983,2,75.4,37.7,Donor 984,Restaurant,Jaipur
DNR500988,2,40.05,20.02,Donor 989,Restaurant,Remote
DNR500989,2,73.72,36.86,Donor 990,Event,Jaipur
DNR500991,2,22.83,11.42,Donor 992,Hotel,Bengaluru
DNR500994,2,31.31,15.66,Donor 995,Restaurant,Delhi NCR
DNR508067,2,34.76,17.38,Donor 8068,Household,Mumbai
DNR508069,2,76.76,38.38,Donor 8070,Restaurant,Remote
DNR508075,2,49.37,24.68,Donor 8076,Restaurant,Hyderabad
DNR506119,2,47.21,23.6,Donor 6120,Cafeteria,Hyderabad
DNR506120,2,39.64,19.82,Donor 6121,Restaurant,Remote
DNR506121,2,59.73,29.86,Donor 6122,Hotel,Kolkata
DNR506133,2,76.53,38.26,Donor 6134,Restaurant,Chennai
DNR511324,2,21.68,10.84,Donor 11325,Household,Pune
DNR511326,2,98.19,49.1,Donor 11327,Household,Delhi NCR
DNR511329,2,39.24,19.62,Donor 11330,Hotel,Chennai
DNR506162,2,33.85,16.92,Donor 6163,Bakery,Remote
DNR506164,2,39.52,19.76,Donor 6165,Household,Bengaluru
DNR506166,2,38.54,19.27,Donor 6167,Restaurant,Pune
DNR500996,2,36.09,18.05,Donor 997,Household,Pune
DNR500963,2,39.21,19.6,Donor 964,Hotel,Pune
DNR500974,2,87.87,43.93,Donor 975,Cafeteria,Bengaluru
DNR500977,2,40.18,20.09,Donor 978,Grocery Store,Hyderabad
DNR511347,2,61.66,30.83,Donor 11348,Hotel,Hyderabad
DNR506171,2,38.15,19.08,Donor 6172,Restaurant,Kolkata
DNR506174,2,32.54,16.27,Donor 6175,Restaurant,Chennai
DNR506176,2,79.75,39.88,Donor 6177,Restaurant,Delhi NCR
DNR506151,2,21.63,10.82,Donor 6152,Restaurant,Delhi NCR
DNR506154,2,29.58,14.79,Donor 6155,Cafeteria,Chennai
DNR506155,2,48.96,24.48,Donor 6156,Hotel,Chennai
DNR506156,2,37.53,18.76,Donor 6157,Restaurant,Delhi NCR
DNR501008,2,78.94,39.47,Donor 1009,Household,Jaipur
DNR511350,2,40.56,20.28,Donor 11351,Hotel,Chennai
DNR511352,2,79.35,39.67,Donor 11353,Cafeteria,Delhi NCR
DNR511354,2,69.64,34.82,Donor 11355,Cafeteria,Kolkata
DNR511360,2,18.0,9.0,Donor 11361,Bakery,Pune
DNR511362,2,23.51,11.76,Donor 11363,Hotel,Kolkata
DNR511365,2,70.28,35.14,Donor 11366,Event,Bengaluru
DNR500951,2,72.67,36.34,Donor 952,Grocery Store,Delhi NCR
DNR500954,2,28.13,14.07,Donor 955,Household,Remote
DNR500957,2,43.76,21.88,Donor 958,Restaurant,Remote
DNR500958,2,55.4,27.7,Donor 959,Household,Kolkata
DNR506194,2,60.99,30.49,Donor 6195,Grocery Store,Ahmedabad
DNR508040,2,27.1,13.55,Donor 8041,Cafeteria,Kolkata
DNR508050,2,47.7,23.85,Donor 8051,Household,Jaipur
DNR508054,2,40.92,20.46,Donor 8055,Grocery Store,Ahmedabad
DNR508060,2,85.26,42.63,Donor 8061,Cafeteria,Kolkata
DNR506161,2,42.96,21.48,Donor 6162,Restaurant,Ahmedabad
DNR508025,2,72.2,36.1,Donor 8026,Cafeteria,Hyderabad
DNR508032,2,35.35,17.67,Donor 8033,Event,Kolkata
DNR508036,2,74.77,37.38,Donor 8037,Household,Delhi NCR
DNR508037,2,59.11,29.56,Donor 8038,Grocery Store,Bengaluru
DNR508038,2,24.71,12.36,Donor 8039,Household,Hyderabad
DNR500961,2,55.21,27.6,Donor 962,Hotel,Remote
DNR511367,2,63.26,31.63,Donor 11368,Restaurant,Remote
DNR511368,2,65.33,32.66,Donor 11369,Household,Kolkata
DNR511373,2,49.06,24.53,Donor 11374,Bakery,Bengaluru
DNR511378,2,9.57,4.78,Donor 11379,Restaurant,Chennai
DNR511382,2,72.07,36.03,Donor 11383,Household,Mumbai
DNR511386,2,44.61,22.3,Donor 11387,Grocery Store,Kolkata
DNR506206,2,18.64,9.32,Donor 6207,Restaurant,Ahmedabad
DNR506181,2,55.64,27.82,Donor 6182,Event,Pune
DNR506187,2,56.49,28.24,Donor 6188,Cafeteria,Kolkata
DNR506192,2,49.99,25.0,Donor 6193,Hotel,Jaipur
DNR506221,2,51.38,25.69,Donor 6222,Cafeteria,Bengaluru
DNR506223,2,76.93,38.47,Donor 6224,Event,Bengaluru
DNR506230,2,51.87,25.94,Donor 6231,Restaurant,Mumbai
DNR506231,2,76.84,38.42,Donor 6232,Grocery Store,Ahmedabad
DNR506233,2,59.96,29.98,Donor 6234,Restaurant,Hyderabad
DNR500936,2,30.8,15.4,Donor 937,Household,Remote
DNR500937,2,145.4,72.7,Donor 938,Household,Chennai
DNR500938,2,38.38,19.19,Donor 939,Hotel,Ahmedabad
DNR500943,2,84.65,42.32,Donor 944,Cafeteria,Delhi NCR
DNR500945,2,67.37,33.68,Donor 946,Grocery Store,Chennai
DNR500915,2,59.86,29.93,Donor 916,Household,Kolkata
DNR500917,2,63.43,31.72,Donor 918,Event,Remote
DNR500920,2,19.47,9.74,Donor 921,Restaurant,Pune
DNR500927,2,80.8,40.4,Donor 928,Event,Bengaluru
DNR506234,2,58.06,29.03,Donor 6235,Restaurant,Bengaluru
DNR508024,2,56.06,28.03,Donor 8025,Restaurant,Jaipur
DNR500929,2,119.98,59.99,Donor 930,Household,Hyderabad
DNR511389,2,14.65,7.32,Donor 11390,Event,Delhi NCR
DNR511390,2,50.43,25.22,Donor 11391,Household,Jaipur
DNR511392,2,75.96,37.98,Donor 11393,Restaurant,Remote
DNR511393,2,35.42,17.71,Donor 11394,Bakery,Hyderabad
DNR511394,2,71.51,35.76,Donor 11395,Restaurant,Delhi NCR
DNR511401,2,74.02,37.01,Donor 11402,Household,Mumbai
DNR511406,2,46.31,23.16,Donor 11407,Restaurant,Ahmedabad
DNR500900,2,59.58,29.79,Donor 901,Hotel,Chennai
DNR500903,2,58.41,29.2,Donor 904,Cafeteria,Delhi NCR
DNR500904,2,86.11,43.06,Donor 905,Restaurant,Mumbai
DNR500905,2,82.35,41.18,Donor 906,Bakery,Jaipur
DNR508003,2,60.08,30.04,Donor 8004,Hotel,Pune
DNR508010,2,46.46,23.23,Donor 8011,Restaurant,Jaipur
DNR508016,2,50.35,25.17,Donor 8017,Household,Jaipur
DNR508018,2,44.0,22.0,Donor 8019,Hotel,Ahmedabad
DNR500881,2,39.59,19.8,Donor 882,Restaurant,Hyderabad
DNR500887,2,35.04,17.52,Donor 888,Restaurant,Jaipur
DNR500889,2,58.65,29.33,Donor 890,Hotel,Mumbai
DNR500890,2,50.96,25.48,Donor 891,Restaurant,Mumbai
DNR500892,2,25.68,12.84,Donor 893,Grocery Store,Delhi NCR
DNR500893,2,42.98,21.49,Donor 894,Grocery Store,Pune
DNR500895,2,97.42,48.71,Donor 896,Cafeteria,Kolkata
DNR506282,2,64.72,32.36,Donor 6283,Hotel,Ahmedabad
DNR506246,2,37.22,18.61,Donor 6247,Restaurant,Bengaluru
DNR506251,2,29.56,14.78,Donor 6252,Bakery,Bengaluru
DNR506252,2,37.05,18.52,Donor 6253,Cafeteria,Remote
DNR506255,2,51.84,25.92,Donor 6256,Cafeteria,Remote
DNR506257,2,37.4,18.7,Donor 6258,Cafeteria,Remote
DNR506261,2,53.97,26.98,Donor 6262,Cafeteria,Jaipur
DNR506262,2,44.94,22.47,Donor 6263,Event,Mumbai
DNR506263,2,69.53,34.76,Donor 6264,Cafeteria,Remote
DNR506284,2,77.97,38.98,Donor 6285,Event,Pune
DNR506288,2,26.1,13.05,Donor 6289,Restaurant,Mumbai
DNR511409,2,71.74,35.87,Donor 11410,Hotel,Hyderabad
DNR511418,2,26.98,13.49,Donor 11419,Household,Remote
DNR511423,2,49.11,24.56,Donor 11424,Restaurant,Ahmedabad
DNR511424,2,20.49,10.24,Donor 11425,Grocery Store,Kolkata
DNR511428,2,39.93,19.96,Donor 11429,Grocery Store,Chennai
DNR500862,2,58.78,29.39,Donor 863,Hotel,Bengaluru
DNR500864,2,37.47,18.74,Donor 865,Cafeteria,Hyderabad
DNR500865,2,27.34,13.67,Donor 866,Cafeteria,Remote
DNR506298,2,35.59,17.8,Donor 6299,Household,Mumbai
DNR506270,2,107.1,53.55,Donor 6271,Grocery Store,Jaipur
DNR506274,2,90.21,45.1,Donor 6275,Event,Bengaluru
DNR500906,2,72.71,36.36,Donor 907,Grocery Store,Jaipur
DNR500909,2,61.22,30.61,Donor 910,Event,Jaipur
DNR500911,2,44.78,22.39,Donor 912,Restaurant,Pune
DNR506337,2,23.79,11.9,Donor 6338,Hotel,Delhi NCR
DNR506340,2,26.93,13.46,Donor 6341,Household,Jaipur
DNR506305,2,46.66,23.33,Donor 6306,Restaurant,Jaipur
DNR506306,2,36.91,18.45,Donor 6307,Grocery Store,Jaipur
DNR506308,2,19.86,9.93,Donor 6309,Cafeteria,Mumbai
DNR506313,2,18.43,9.22,Donor 6314,Household,Ahmedabad
DNR506319,2,81.49,40.75,Donor 6320,Cafeteria,Jaipur
DNR506320,2,38.95,19.48,Donor 6321,Restaurant,Hyderabad
DNR507981,2,28.76,14.38,Donor 7982,Event,Remote
DNR507988,2,54.59,27.3,Donor 7989,Hotel,Jaipur
DNR507989,2,32.47,16.24,Donor 7990,Hotel,Chennai
DNR507991,2,39.46,19.73,Donor 7992,Household,Remote
DNR507993,2,41.19,20.6,Donor 7994,Household,Jaipur
DNR507995,2,46.56,23.28,Donor 7996,Grocery Store,Kolkata
DNR507998,2,38.54,19.27,Donor 7999,Cafeteria,Bengaluru
DNR507999,2,41.46,20.73,Donor 8000,Cafeteria,Chennai
DNR507966,2,38.88,19.44,Donor 7967,Hotel,Delhi NCR
DNR507968,2,107.12,53.56,Donor 7969,Restaurant,Hyderabad
DNR507972,2,41.68,20.84,Donor 7973,Household,Jaipur
DNR507974,2,35.52,17.76,Donor 7975,Restaurant,Mumbai
DNR507979,2,41.95,20.98,Donor 7980,Event,Chennai
DNR500871,2,30.34,15.17,Donor 872,Household,Chennai
DNR500874,2,51.41,25.7,Donor 875,Restaurant,Ahmedabad
DNR500875,2,34.9,17.45,Donor 876,Household,Bengaluru
DNR511430,2,61.66,30.83,Donor 11431,Restaurant,Delhi NCR
DNR511431,2,47.35,23.67,Donor 11432,Grocery Store,Bengaluru
DNR511432,2,96.8,48.4,Donor 11433,Cafeteria,Kolkata
DNR500837,2,69.92,34.96,Donor 838,Bakery,Mumbai
DNR500840,2,21.89,10.94,Donor 841,Grocery Store,Ahmedabad
DNR506325,2,50.85,25.42,Donor 6326,Hotel,Bengaluru
DNR506326,2,45.99,22.99,Donor 6327,Grocery Store,Chennai
DNR506331,2,56.41,28.2,Donor 6332,Restaurant,Chennai
DNR507959,2,47.25,23.62,Donor 7960,Restaurant,Delhi NCR
DNR506344,2,65.17,32.58,Donor 6345,Restaurant,Pune
DNR506345,2,64.86,32.43,Donor 6346,Event,Remote
DNR506347,2,47.26,23.63,Donor 6348,Household,Kolkata
DNR506354,2,38.84,19.42,Donor 6355,Bakery,Bengaluru
DNR500847,2,23.6,11.8,Donor 848,Cafeteria,Ahmedabad
DNR500848,2,55.99,28.0,Donor 849,Restaurant,Ahmedabad
DNR500851,2,45.01,22.51,Donor 852,Cafeteria,Chennai
DNR500852,2,62.67,31.34,Donor 853,Event,Mumbai
DNR500854,2,41.72,20.86,Donor 855,Restaurant,Kolkata
DNR500857,2,53.28,26.64,Donor 858,Hotel,Mumbai
DNR500816,2,57.23,28.62,Donor 817,Cafeteria,Kolkata
DNR500818,2,92.31,46.15,Donor 819,Household,Chennai
DNR500819,2,33.22,16.61,Donor 820,Restaurant,Jaipur
DNR500822,2,21.52,10.76,Donor 823,Bakery,Pune
DNR500830,2,75.09,37.54,Donor 831,Household,Mumbai
DNR506367,2,23.35,11.68,Donor 6368,Household,Delhi NCR
DNR506376,2,53.82,26.91,Donor 6377,Cafeteria,Ahmedabad
DNR506378,2,39.44,19.72,Donor 6379,Household,Bengaluru
DNR506380,2,109.12,54.56,Donor 6381,Household,Remote
DNR511450,2,42.25,21.12,Donor 11451,Household,Mumbai
DNR511451,2,39.59,19.8,Donor 11452,Cafeteria,Chennai
DNR511453,2,32.06,16.03,Donor 11454,Cafeteria,Kolkata
DNR511464,2,68.9,34.45,Donor 11465,Restaurant,Delhi NCR
DNR511465,2,41.29,20.65,Donor 11466,Restaurant,Chennai
DNR511470,2,53.06,26.53,Donor 11471,Restaurant,Bengaluru
DNR500798,2,71.17,35.58,Donor 799,Event,Bengaluru
DNR500799,2,36.69,18.34,Donor 800,Hotel,Jaipur
DNR507947,2,18.23,9.12,Donor 7948,Hotel,Mumbai
DNR507950,2,65.29,32.65,Donor 7951,Household,Pune
DNR507956,2,102.09,51.04,Donor 7957,Cafeteria,Kolkata
DNR507958,2,28.92,14.46,Donor 7959,Restaurant,Delhi NCR
DNR500804,2,53.62,26.81,Donor 805,Hotel,Mumbai
DNR500806,2,54.73,27.36,Donor 807,Grocery Store,Mumbai
DNR500807,2,73.21,36.6,Donor 808,Household,Kolkata
DNR500809,2,48.38,24.19,Donor 810,Restaurant,Bengaluru
DNR511479,2,88.86,44.43,Donor 11480,Bakery,Pune
DNR511480,2,43.98,21.99,Donor 11481,Grocery Store,Ahmedabad
DNR511482,2,47.87,23.94,Donor 11483,Household,Bengaluru
DNR511485,2,66.66,33.33,Donor 11486,Restaurant,Chennai
DNR511491,2,33.01,16.5,Donor 11492,Restaurant,Delhi NCR
DNR511492,2,35.15,17.58,Donor 11493,Restaurant,Bengaluru
DNR500777,2,47.43,23.72,Donor 778,Restaurant,Delhi NCR
DNR506388,2,25.47,12.74,Donor 6389,Household,Delhi NCR
DNR506389,2,39.33,19.67,Donor 6390,Cafeteria,Jaipur
DNR506400,2,64.88,32.44,Donor 6401,Hotel,Ahmedabad
DNR506401,2,55.96,27.98,Donor 6402,Cafeteria,Chennai
DNR506362,2,35.94,17.97,Donor 6363,Hotel,Kolkata
DNR506442,2,34.55,17.27,Donor 6443,Restaurant,Jaipur
DNR506404,2,57.47,28.74,Donor 6405,Restaurant,Mumbai
DNR506407,2,48.55,24.28,Donor 6408,Restaurant,Kolkata
DNR506410,2,94.73,47.36,Donor 6411,Restaurant,Ahmedabad
DNR506413,2,50.93,25.47,Donor 6414,Cafeteria,Remote
DNR506415,2,105.08,52.54,Donor 6416,Restaurant,Kolkata
DNR506416,2,78.47,39.24,Donor 6417,Hotel,Bengaluru
DNR506417,2,69.17,34.58,Donor 6418,Restaurant,Jaipur
DNR507920,2,89.07,44.54,Donor 7921,Restaurant,Jaipur
DNR507921,2,66.35,33.17,Donor 7922,Restaurant,Delhi NCR
DNR507930,2,49.11,24.56,Donor 7931,Cafeteria,Bengaluru
DNR507931,2,46.68,23.34,Donor 7932,Bakery,Hyderabad
DNR507935,2,68.83,34.42,Donor 7936,Restaurant,Mumbai
DNR507937,2,21.02,10.51,Donor 7938,Bakery,Ahmedabad
DNR506382,2,30.78,15.39,Donor 6383,Restaurant,Jaipur
DNR506385,2,55.81,27.9,Donor 6386,Event,Pune
DNR507918,2,44.92,22.46,Donor 7919,Hotel,Pune
DNR506422,2,44.18,22.09,Donor 6423,Household,Bengaluru
DNR506424,2,35.34,17.67,Donor 6425,Grocery Store,Pune
DNR506427,2,68.46,34.23,Donor 6428,Grocery Store,Chennai
DNR500780,2,61.85,30.92,Donor 781,Hotel,Kolkata
DNR500790,2,38.69,19.34,Donor 791,Restaurant,Kolkata
DNR500794,2,76.67,38.34,Donor 795,Grocery Store,Pune
DNR511497,2,51.87,25.94,Donor 11498,Restaurant,Chennai
DNR511501,2,46.8,23.4,Donor 11502,Restaurant,Ahmedabad
DNR511505,2,34.4,17.2,Donor 11506,Bakery,Remote
DNR511515,2,28.55,14.28,Donor 11516,Hotel,Bengaluru
DNR500757,2,39.97,19.98,Donor 758,Cafeteria,Pune
DNR500759,2,34.29,17.14,Donor 760,Bakery,Bengaluru
DNR506428,2,52.14,26.07,Donor 6429,Household,Ahmedabad
DNR506440,2,53.18,26.59,Donor 6441,Grocery Store,Pune
DNR506441,2,39.61,19.8,Donor 6442,Hotel,Jaipur
DNR506453,2,47.14,23.57,Donor 6454,Cafeteria,Chennai
DNR500734,2,27.99,14.0,Donor 735,Restaurant,Pune
DNR500736,2,68.98,34.49,Donor 737,Event,Delhi NCR
DNR500737,2,47.54,23.77,Donor 738,Restaurant,Kolkata
DNR500739,2,44.71,22.35,Donor 740,Hotel,Hyderabad
DNR500742,2,29.58,14.79,Donor 743,Restaurant,Ahmedabad
DNR500747,2,51.84,25.92,Donor 748,Hotel,Bengaluru
DNR500752,2,20.77,10.38,Donor 753,Household,Pune
DNR500753,2,51.23,25.62,Donor 754,Cafeteria,Hyderabad
DNR500756,2,75.73,37.86,Donor 757,Grocery Store,Mumbai
DNR506458,2,113.19,56.6,Donor 6459,Event,Chennai
DNR507900,2,76.62,38.31,Donor 7901,Restaurant,Kolkata
DNR507902,2,90.63,45.32,Donor 7903,Restaurant,Chennai
DNR507906,2,45.63,22.82,Donor 7907,Hotel,Chennai
DNR507909,2,38.26,19.13,Donor 7910,Hotel,Pune
DNR507915,2,33.89,16.94,Donor 7916,Restaurant,Delhi NCR
DNR506460,2,80.25,40.12,Donor 6461,Hotel,Hyderabad
DNR511528,2,63.25,31.62,Donor 11529,Cafeteria,Jaipur
DNR511532,2,72.06,36.03,Donor 11533,Household,Hyderabad
DNR500717,2,46.71,23.35,Donor 718,Household,Mumbai
DNR500720,2,65.04,32.52,Donor 721,Grocery Store,Pune
DNR500727,2,76.58,38.29,Donor 728,Hotel,Remote
DNR500729,2,25.01,12.5,Donor 730,Restaurant,Kolkata
DNR506462,2,64.66,32.33,Donor 6463,Restaurant,Pune
DNR506468,2,71.7,35.85,Donor 6469,Restaurant,Remote
DNR506469,2,21.52,10.76,Donor 6470,Household,Kolkata
DNR506470,2,86.49,43.24,Donor 6471,Restaurant,Chennai
DNR506475,2,60.32,30.16,Donor 6476,Restaurant,Pune
DNR506477,2,57.62,28.81,Donor 6478,Cafeteria,Pune
DNR506445,2,94.67,47.34,Donor 6446,Household,Mumbai
DNR506446,2,54.7,27.35,Donor 6447,Cafeteria,Ahmedabad
DNR506450,2,58.67,29.34,Donor 6451,Restaurant,Pune
DNR507869,2,72.23,36.11,Donor 7870,Household,Jaipur
DNR506483,2,67.56,33.78,Donor 6484,Restaurant,Ahmedabad
DNR506484,2,37.61,18.8,Donor 6485,Cafeteria,Bengaluru
DNR500731,2,83.43,41.72,Donor 732,Hotel,Remote
DNR511544,2,37.14,18.57,Donor 11545,Cafeteria,Delhi NCR
DNR511551,2,82.43,41.22,Donor 11552,Restaurant,Pune
DNR500698,2,23.83,11.92,Donor 699,Grocery Store,Kolkata
DNR507878,2,57.5,28.75,Donor 7879,Event,Jaipur
DNR507879,2,57.3,28.65,Donor 7880,Restaurant,Kolkata
DNR507880,2,51.16,25.58,Donor 7881,Restaurant,Mumbai
DNR507881,2,62.96,31.48,Donor 7882,Hotel,Ahmedabad
DNR507882,2,101.05,50.52,Donor 7883,Restaurant,Bengaluru
DNR507888,2,74.07,37.03,Donor 7889,Restaurant,Bengaluru
DNR507891,2,84.3,42.15,Donor 7892,Restaurant,Mumbai
DNR507892,2,38.83,19.42,Donor 7893,Grocery Store,Remote
DNR507893,2,32.08,16.04,Donor 7894,Event,Hyderabad
DNR506535,2,42.14,21.07,Donor 6536,Hotel,Bengaluru
DNR506509,2,26.03,13.02,Donor 6510,Restaurant,Kolkata
DNR506514,2,34.05,17.02,Donor 6515,Hotel,Delhi NCR
DNR506515,2,54.63,27.32,Donor 6516,Restaurant,Jaipur
DNR506516,2,68.6,34.3,Donor 6517,Hotel,Hyderabad
DNR500704,2,41.89,20.94,Donor 705,Restaurant,Mumbai
DNR500707,2,72.3,36.15,Donor 708,Restaurant,Chennai
DNR500674,2,45.39,22.7,Donor 675,Cafeteria,Mumbai
DNR500680,2,17.84,8.92,Donor 681,Restaurant,Delhi NCR
DNR500682,2,33.34,16.67,Donor 683,Hotel,Ahmedabad
DNR500690,2,58.34,29.17,Donor 691,Household,Chennai
DNR500693,2,54.12,27.06,Donor 694,Restaurant,Remote
DNR511565,2,30.11,15.06,Donor 11566,Cafeteria,Mumbai
DNR507858,2,92.74,46.37,Donor 7859,Restaurant,Chennai
DNR507862,2,50.25,25.12,Donor 7863,Event,Kolkata
DNR507864,2,51.96,25.98,Donor 7865,Cafeteria,Mumbai
DNR507851,2,75.39,37.7,Donor 7852,Household,Hyderabad
DNR507857,2,60.6,30.3,Donor 7858,Bakery,Bengaluru
DNR506519,2,35.8,17.9,Donor 6520,Restaurant,Chennai
DNR506523,2,59.44,29.72,Donor 6524,Hotel,Remote
DNR511569,2,42.4,21.2,Donor 11570,Household,Delhi NCR
DNR511572,2,61.39,30.7,Donor 11573,Household,Kolkata
DNR511573,2,39.23,19.62,Donor 11574,Hotel,Remote
DNR511575,2,68.87,34.44,Donor 11576,Event,Mumbai
DNR511576,2,26.74,13.37,Donor 11577,Household,Remote
DNR511578,2,45.16,22.58,Donor 11579,Bakery,Jaipur
DNR500654,2,41.59,20.8,Donor 655,Restaurant,Pune
DNR500659,2,40.23,20.12,Donor 660,Cafeteria,Chennai
DNR500662,2,21.3,10.65,Donor 663,Cafeteria,Ahmedabad
DNR506524,2,59.78,29.89,Donor 6525,Cafeteria,Remote
DNR506528,2,60.15,30.08,Donor 6529,Household,Pune
DNR506531,2,102.89,51.44,Donor 6532,Hotel,Chennai
DNR506541,2,30.63,15.32,Donor 6542,Event,Mumbai
DNR506543,2,16.42,8.21,Donor 6544,Restaurant,Kolkata
DNR506544,2,63.32,31.66,Donor 6545,Cafeteria,Ahmedabad
DNR506547,2,68.01,34.0,Donor 6548,Restaurant,Jaipur
DNR506549,2,73.09,36.54,Donor 6550,Household,Hyderabad
DNR500666,2,42.36,21.18,Donor 667,Cafeteria,Hyderabad
DNR500671,2,53.42,26.71,Donor 672,Cafeteria,Pune
DNR500635,2,45.23,22.62,Donor 636,Restaurant,Delhi NCR
DNR500645,2,70.39,35.2,Donor 646,Restaurant,Chennai
DNR500646,2,68.24,34.12,Donor 647,Hotel,Mumbai
DNR500647,2,56.1,28.05,Donor 648,Cafeteria,Remote
DNR506553,2,60.81,30.4,Donor 6554,Grocery Store,Delhi NCR
DNR506555,2,67.12,33.56,Donor 6556,Restaurant,Mumbai
DNR507836,2,78.27,39.14,Donor 7837,Restaurant,Mumbai
DNR507845,2,38.59,19.3,Donor 7846,Hotel,Hyderabad
DNR507850,2,66.95,33.48,Donor 7851,Hotel,Delhi NCR
DNR506566,2,27.36,13.68,Donor 6567,Household,Remote
DNR506569,2,56.09,28.04,Donor 6570,Hotel,Pune
DNR511579,2,50.48,25.24,Donor 11580,Event,Delhi NCR
DNR511581,2,11.95,5.98,Donor 11582,Household,Ahmedabad
DNR511582,2,38.66,19.33,Donor 11583,Restaurant,Chennai
DNR511583,2,30.64,15.32,Donor 11584,Bakery,Kolkata
DNR511585,2,68.03,34.02,Donor 11586,Restaurant,Kolkata
DNR511587,2,29.77,14.89,Donor 11588,Event,Mumbai
DNR511591,2,29.98,14.99,Donor 11592,Restaurant,Hyderabad
DNR500618,2,43.38,21.69,Donor 619,Event,Mumbai
DNR500622,2,24.89,12.44,Donor 623,Household,Kolkata
DNR506573,2,82.67,41.33,Donor 6574,Bakery,Delhi NCR
DNR506574,2,52.23,26.12,Donor 6575,Grocery Store,Bengaluru
DNR507821,2,62.56,31.28,Donor 7822,Event,Chennai
DNR507832,2,91.07,45.54,Donor 7833,Hotel,Jaipur
DNR506539,2,58.93,29.46,Donor 6540,Hotel,Chennai
DNR506581,2,47.1,23.55,Donor 6582,Restaurant,Chennai
DNR506582,2,62.53,31.26,Donor 6583,Restaurant,Pune
DNR506587,2,66.65,33.32,Donor 6588,Restaurant,Ahmedabad
DNR506588,2,77.88,38.94,Donor 6589,Grocery Store,Mumbai
DNR506590,2,53.16,26.58,Donor 6591,Bakery,Delhi NCR
DNR506593,2,47.51,23.76,Donor 6594,Household,Jaipur
DNR507799,2,79.26,39.63,Donor 7800,Event,Ahmedabad
DNR507801,2,63.17,31.58,Donor 7802,Cafeteria,Ahmedabad
DNR507804,2,28.87,14.44,Donor 7805,Restaurant,Hyderabad
DNR507806,2,59.04,29.52,Donor 7807,Household,Mumbai
DNR507808,2,37.67,18.84,Donor 7809,Cafeteria,Mumbai
DNR507812,2,45.85,22.92,Donor 7813,Cafeteria,Remote
DNR507813,2,76.44,38.22,Donor 7814,Cafeteria,Delhi NCR
DNR506558,2,48.23,24.12,Donor 6559,Household,Ahmedabad
DNR506562,2,61.99,30.99,Donor 6563,Cafeteria,Mumbai
DNR506563,2,42.57,21.28,Donor 6564,Bakery,Jaipur
DNR507793,2,66.46,33.23,Donor 7794,Grocery Store,Chennai
DNR506601,2,47.63,23.82,Donor 6602,Household,Ahmedabad
DNR506605,2,34.11,17.06,Donor 6606,Restaurant,Jaipur
DNR500623,2,90.3,45.15,Donor 624,Restaurant,Kolkata
DNR511596,2,38.43,19.22,Donor 11597,Grocery Store,Bengaluru
DNR511600,2,34.4,17.2,Donor 11601,Bakery,Chennai
DNR511602,2,35.12,17.56,Donor 11603,Household,Remote
DNR511604,2,63.82,31.91,Donor 11605,Hotel,Delhi NCR
DNR511607,2,56.93,28.46,Donor 11608,Household,Ahmedabad
DNR511608,2,68.42,34.21,Donor 11609,Restaurant,Jaipur
DNR511617,2,95.49,47.74,Donor 11618,Household,Chennai
DNR511618,2,63.72,31.86,Donor 11619,Restaurant,Bengaluru
DNR500595,2,69.89,34.94,Donor 596,Hotel,Jaipur
DNR500597,2,62.26,31.13,Donor 598,Hotel,Delhi NCR
DNR506608,2,59.68,29.84,Donor 6609,Hotel,Pune
DNR506610,2,56.27,28.14,Donor 6611,Household,Hyderabad
DNR506616,2,10.67,5.34,Donor 6617,Cafeteria,Ahmedabad
DNR506617,2,54.18,27.09,Donor 6618,Restaurant,Chennai
DNR506618,2,43.7,21.85,Donor 6619,Household,Chennai
DNR506621,2,41.65,20.82,Donor 6622,Cafeteria,Kolkata
DNR500599,2,65.7,32.85,Donor 600,Cafeteria,Bengaluru
DNR500601,2,42.71,21.36,Donor 602,Event,Chennai
DNR500603,2,21.07,10.54,Donor 604,Hotel,Chennai
DNR500606,2,35.0,17.5,Donor 607,Hotel,Ahmedabad
DNR500609,2,61.32,30.66,Donor 610,Cafeteria,Delhi NCR
DNR500579,2,35.61,17.8,Donor 580,Restaurant,Delhi NCR
DNR500584,2,36.4,18.2,Donor 585,Hotel,Mumbai
DNR500585,2,65.23,32.62,Donor 586,Hotel,Hyderabad
DNR507777,2,83.94,41.97,Donor 7778,Hotel,Remote
DNR507782,2,41.86,20.93,Donor 7783,Hotel,Hyderabad
DNR507785,2,65.49,32.74,Donor 7786,Grocery Store,Hyderabad
DNR507790,2,44.55,22.28,Donor 7791,Grocery Store,Jaipur
DNR511620,2,62.82,31.41,Donor 11621,Grocery Store,Delhi NCR
DNR511622,2,37.05,18.52,Donor 11623,Bakery,Chennai
DNR511623,2,40.75,20.38,Donor 11624,Hotel,Hyderabad
DNR511627,2,23.54,11.77,Donor 11628,Restaurant,Pune
DNR511629,2,91.46,45.73,Donor 11630,Cafeteria,Ahmedabad
DNR511632,2,59.55,29.78,Donor 11633,Household,Hyderabad
DNR511637,2,69.5,34.75,Donor 11638,Event,Hyderabad
DNR500555,2,50.41,25.2,Donor 556,Household,Delhi NCR
DNR500557,2,69.14,34.57,Donor 558,Restaurant,Mumbai
DNR500558,2,35.18,17.59,Donor 559,Restaurant,Bengaluru
DNR506653,2,59.3,29.65,Donor 6654,Restaurant,Pune
DNR507758,2,48.91,24.46,Donor 7759,Grocery Store,Mumbai
DNR507759,2,18.18,9.09,Donor 7760,Cafeteria,Kolkata
DNR507761,2,48.53,24.26,Donor 7762,Restaurant,Ahmedabad
DNR507766,2,33.01,16.5,Donor 7767,Grocery Store,Hyderabad
DNR507767,2,24.07,12.04,Donor 7768,Hotel,Remote
DNR500569,2,19.36,9.68,Donor 570,Household,Ahmedabad
DNR500574,2,30.96,15.48,Donor 575,Household,Kolkata
DNR500536,2,29.35,14.68,Donor 537,Event,Jaipur
DNR500544,2,88.94,44.47,Donor 545,Restaurant,Kolkata
DNR500547,2,37.29,18.64,Donor 548,Cafeteria,Jaipur
DNR500550,2,56.93,28.46,Donor 551,Event,Delhi NCR
DNR506665,2,54.92,27.46,Donor 6666,Cafeteria,Chennai
DNR506666,2,53.34,26.67,Donor 6667,Grocery Store,Ahmedabad
DNR506635,2,42.58,21.29,Donor 6636,Cafeteria,Ahmedabad
DNR506640,2,71.31,35.66,Donor 6641,Event,Delhi NCR
DNR506642,2,23.34,11.67,Donor 6643,Restaurant,Mumbai
DNR506643,2,46.23,23.12,Donor 6644,Restaurant,Jaipur
DNR506650,2,43.91,21.96,Donor 6651,Grocery Store,Jaipur
DNR500590,2,37.39,18.7,Donor 591,Event,Hyderabad
DNR500591,2,34.71,17.36,Donor 592,Restaurant,Mumbai
DNR500592,2,44.93,22.47,Donor 593,Bakery,Chennai
DNR500522,2,43.07,21.54,Donor 523,Event,Bengaluru
DNR500523,2,53.29,26.64,Donor 524,Cafeteria,Mumbai
DNR500526,2,75.54,37.77,Donor 527,Household,Hyderabad
DNR500532,2,37.03,18.52,Donor 533,Restaurant,Kolkata
DNR500533,2,43.79,21.9,Donor 534,Restaurant,Ahmedabad
DNR511638,2,88.71,44.36,Donor 11639,Cafeteria,Bengaluru
DNR507736,2,73.34,36.67,Donor 7737,Event,Chennai
DNR507737,2,113.45,56.72,Donor 7738,Cafeteria,Chennai
DNR507745,2,36.42,18.21,Donor 7746,Restaurant,Kolkata
DNR507757,2,55.16,27.58,Donor 7758,Cafeteria,Hyderabad
DNR506656,2,51.19,25.6,Donor 6657,Bakery,Delhi NCR
DNR506657,2,63.55,31.78,Donor 6658,Event,Kolkata
DNR506662,2,61.24,30.62,Donor 6663,Bakery,Jaipur
DNR506664,2,58.8,29.4,Donor 6665,Household,Jaipur
DNR500562,2,44.5,22.25,Donor 563,Bakery,Ahmedabad
DNR500566,2,48.78,24.39,Donor 567,Hotel,Kolkata
DNR507724,2,38.19,19.1,Donor 7725,Restaurant,Chennai
DNR507725,2,38.14,19.07,Donor 7726,Restaurant,Jaipur
DNR507727,2,43.6,21.8,Donor 7728,Household,Chennai
DNR507729,2,58.03,29.02,Donor 7730,Hotel,Delhi NCR
DNR507730,2,42.63,21.32,Donor 7731,Household,Mumbai
DNR506701,2,32.89,16.44,Donor 6702,Cafeteria,Ahmedabad
DNR506702,2,53.62,26.81,Donor 6703,Hotel,Kolkata
DNR506713,2,53.78,26.89,Donor 6714,Restaurant,Jaipur
DNR506681,2,49.03,24.52,Donor 6682,Household,Delhi NCR
DNR506686,2,38.26,19.13,Donor 6687,Event,Chennai
DNR506687,2,28.21,14.1,Donor 6688,Restaurant,Ahmedabad
DNR506688,2,33.96,16.98,Donor 6689,Event,Delhi NCR
DNR506696,2,104.51,52.26,Donor 6697,Cafeteria,Mumbai
DNR500552,2,71.28,35.64,Donor 553,Grocery Store,Chennai
DNR500554,2,42.72,21.36,Donor 555,Bakery,Mumbai
DNR500515,2,18.31,9.16,Donor 516,Household,Remote
DNR511663,2,47.38,23.69,Donor 11664,Event,Kolkata
DNR511674,2,55.88,27.94,Donor 11675,Cafeteria,Hyderabad
DNR500482,2,40.06,20.03,Donor 483,Hotel,Ahmedabad
DNR500485,2,52.74,26.37,Donor 486,Household,Pune
DNR511645,2,73.9,36.95,Donor 11646,Household,Pune
DNR511647,2,81.98,40.99,Donor 11648,Household,Chennai
DNR511648,2,40.11,20.06,Donor 11649,Restaurant,Mumbai
DNR511651,2,34.94,17.47,Donor 11652,Household,Remote
DNR511654,2,58.1,29.05,Donor 11655,Restaurant,Mumbai
DNR511656,2,43.77,21.88,Donor 11657,Event,Remote
DNR500503,2,33.78,16.89,Donor 504,Restaurant,Ahmedabad
DNR500507,2,115.37,57.68,Donor 508,Event,Pune
DNR506738,2,28.64,14.32,Donor 6739,Restaurant,Pune
DNR506741,2,40.5,20.25,Donor 6742,Grocery Store,Ahmedabad
DNR506742,2,31.22,15.61,Donor 6743,Cafeteria,Jaipur
DNR507722,2,78.88,39.44,Donor 7723,Household,Ahmedabad
DNR507684,2,27.05,13.52,Donor 7685,Household,Remote
DNR507688,2,37.71,18.86,Donor 7689,Grocery Store,Ahmedabad
DNR507694,2,86.91,43.46,Donor 7695,Bakery,Remote
DNR507695,2,72.81,36.4,Donor 7696,Grocery Store,Hyderabad
DNR507696,2,65.01,32.51,Donor 7697,Bakery,Kolkata
DNR506744,2,67.33,33.66,Donor 6745,Event,Bengaluru
DNR506745,2,32.38,16.19,Donor 6746,Restaurant,Kolkata
DNR506748,2,93.71,46.86,Donor 6749,Event,Kolkata
DNR506761,2,43.2,21.6,Donor 6762,Bakery,Kolkata
DNR506762,2,44.72,22.36,Donor 6763,Event,Bengaluru
DNR507699,2,38.55,19.27,Donor 7700,Restaurant,Pune
DNR507706,2,34.62,17.31,Donor 7707,Restaurant,Jaipur
DNR500511,2,53.67,26.84,Donor 512,Household,Remote
DNR500513,2,49.52,24.76,Donor 514,Cafeteria,Hyderabad
DNR500514,2,41.12,20.56,Donor 515,Restaurant,Remote
DNR511661,2,36.91,18.45,Donor 11662,Hotel,Delhi NCR
DNR506766,2,37.85,18.92,Donor 6767,Event,Remote
DNR506767,2,41.49,20.74,Donor 6768,Cafeteria,Chennai
DNR506777,2,62.5,31.25,Donor 6778,Restaurant,Bengaluru
DNR506781,2,34.55,17.27,Donor 6782,Restaurant,Delhi NCR
DNR507680,2,36.24,18.12,Donor 7681,Restaurant,Kolkata
DNR500486,2,69.81,34.9,Donor 487,Hotel,Mumbai
DNR500489,2,31.19,15.6,Donor 490,Grocery Store,Chennai
DNR500493,2,37.07,18.54,Donor 494,Household,Remote
DNR500495,2,57.6,28.8,Donor 496,Restaurant,Mumbai
DNR500497,2,74.96,37.48,Donor 498,Household,Kolkata
DNR500462,2,61.33,30.66,Donor 463,Restaurant,Bengaluru
DNR500466,2,52.65,26.32,Donor 467,Household,Delhi NCR
DNR500468,2,28.59,14.3,Donor 469,Event,Chennai
DNR500469,2,61.17,30.58,Donor 470,Household,Hyderabad
DNR500470,2,20.32,10.16,Donor 471,Bakery,Jaipur
DNR507682,2,61.85,30.92,Donor 7683,Event,Mumbai
DNR507672,2,27.85,13.92,Donor 7673,Hotel,Kolkata
DNR507676,2,44.0,22.0,Donor 7677,Household,Chennai
DNR507677,2,78.47,39.24,Donor 7678,Hotel,Jaipur
DNR506785,2,30.74,15.37,Donor 6786,Event,Delhi NCR
DNR500447,2,82.02,41.01,Donor 448,Hotel,Mumbai
DNR500449,2,41.02,20.51,Donor 450,Household,Kolkata
DNR500453,2,32.46,16.23,Donor 454,Household,Kolkata
DNR500454,2,49.04,24.52,Donor 455,Household,Bengaluru
DNR500455,2,46.85,23.42,Donor 456,Cafeteria,Bengaluru
DNR500457,2,40.88,20.44,Donor 458,Restaurant,Hyderabad
DNR500458,2,78.45,39.22,Donor 459,Event,Mumbai
DNR500459,2,59.35,29.68,Donor 460,Restaurant,Chennai
DNR511677,2,52.31,26.16,Donor 11678,Grocery Store,Hyderabad
DNR506794,2,11.26,5.63,Donor 6795,Hotel,Ahmedabad
DNR506796,2,58.2,29.1,Donor 6797,Household,Hyderabad
DNR506799,2,60.47,30.24,Donor 6800,Household,Mumbai
DNR511681,2,33.22,16.61,Donor 11682,Hotel,Ahmedabad
DNR511682,2,29.41,14.7,Donor 11683,Event,Jaipur
DNR511683,2,61.69,30.84,Donor 11684,Cafeteria,Remote
DNR511685,2,47.29,23.64,Donor 11686,Restaurant,Chennai
DNR511690,2,75.01,37.5,Donor 11691,Restaurant,Remote
DNR511692,2,46.31,23.16,Donor 11693,Cafeteria,Bengaluru
DNR511693,2,29.39,14.7,Donor 11694,Hotel,Bengaluru
DNR500424,2,33.23,16.61,Donor 425,Restaurant,Mumbai
DNR500426,2,103.81,51.9,Donor 427,Cafeteria,Chennai
DNR500431,2,63.84,31.92,Donor 432,Restaurant,Jaipur
DNR500432,2,42.62,21.31,Donor 433,Event,Mumbai
DNR506814,2,69.82,34.91,Donor 6815,Restaurant,Mumbai
DNR506817,2,68.1,34.05,Donor 6818,Event,Delhi NCR
DNR507662,2,78.79,39.39,Donor 7663,Hotel,Ahmedabad
DNR507666,2,43.53,21.76,Donor 7667,Grocery Store,Jaipur
DNR507671,2,39.32,19.66,Donor 7672,Household,Hyderabad
DNR506852,2,43.71,21.86,Donor 6853,Household,Delhi NCR
DNR506858,2,27.55,13.78,Donor 6859,Restaurant,Kolkata
DNR506860,2,88.12,44.06,Donor 6861,Hotel,Kolkata
DNR506822,2,45.3,22.65,Donor 6823,Restaurant,Bengaluru
DNR506824,2,122.63,61.32,Donor 6825,Restaurant,Bengaluru
DNR506831,2,49.48,24.74,Donor 6832,Hotel,Remote
DNR506833,2,21.27,10.64,Donor 6834,Grocery Store,Delhi NCR
DNR507649,2,63.34,31.67,Donor 7650,Restaurant,Kolkata
DNR507656,2,110.19,55.1,Donor 7657,Hotel,Jaipur
DNR506801,2,62.5,31.25,Donor 6802,Grocery Store,Pune
DNR506805,2,75.06,37.53,Donor 6806,Cafeteria,Kolkata
DNR506807,2,29.4,14.7,Donor 6808,Hotel,Kolkata
DNR506808,2,46.24,23.12,Donor 6809,Restaurant,Kolkata
DNR506812,2,66.11,33.06,Donor 6813,Cafeteria,Jaipur
DNR511679,2,45.92,22.96,Donor 11680,Restaurant,Pune
DNR511680,2,35.28,17.64,Donor 11681,Event,Pune
DNR507627,2,50.19,25.1,Donor 7628,Cafeteria,Ahmedabad
DNR507629,2,46.7,23.35,Donor 7630,Household,Ahmedabad
DNR507635,2,34.8,17.4,Donor 7636,Restaurant,Hyderabad
DNR507636,2,102.33,51.16,Donor 7637,Household,Chennai
DNR507637,2,57.99,29.0,Donor 7638,Grocery Store,Pune
DNR500434,2,51.25,25.62,Donor 435,Household,Bengaluru
DNR500437,2,29.12,14.56,Donor 438,Restaurant,Jaipur
DNR500439,2,41.92,20.96,Donor 440,Hotel,Kolkata
DNR500440,2,56.02,28.01,Donor 441,Event,Jaipur
DNR511698,2,53.2,26.6,Donor 11699,Restaurant,Jaipur
DNR511703,2,31.65,15.82,Donor 11704,Grocery Store,Kolkata
DNR511704,2,69.09,34.54,Donor 11705,Restaurant,Pune
DNR511707,2,28.67,14.34,Donor 11708,Hotel,Pune
DNR511709,2,74.33,37.16,Donor 11710,Restaurant,Jaipur
DNR511712,2,54.2,27.1,Donor 11713,Restaurant,Remote
DNR506841,2,45.44,22.72,Donor 6842,Restaurant,Chennai
DNR507619,2,58.33,29.16,Donor 7620,Restaurant,Remote
DNR507621,2,23.94,11.97,Donor 7622,Grocery Store,Ahmedabad
DNR506864,2,62.0,31.0,Donor 6865,Restaurant,Pune
DNR506876,2,42.13,21.06,Donor 6877,Household,Kolkata
DNR500406,2,66.32,33.16,Donor 407,Household,Jaipur
DNR500415,2,78.87,39.44,Donor 416,Restaurant,Hyderabad
DNR511714,2,30.82,15.41,Donor 11715,Household,Remote
DNR511721,2,41.74,20.87,Donor 11722,Grocery Store,Mumbai
DNR511727,2,33.08,16.54,Donor 11728,Hotel,Kolkata
DNR511728,2,26.74,13.37,Donor 11729,Restaurant,Ahmedabad
DNR500381,2,70.91,35.46,Donor 382,Hotel,Hyderabad
DNR506877,2,68.52,34.26,Donor 6878,Restaurant,Hyderabad
DNR506880,2,82.67,41.34,Donor 6881,Hotel,Ahmedabad
DNR506882,2,33.18,16.59,Donor 6883,Event,Bengaluru
DNR507623,2,69.94,34.97,Donor 7624,Restaurant,Chennai
DNR507624,2,52.14,26.07,Donor 7625,Bakery,Pune
DNR506883,2,30.08,15.04,Donor 6884,Restaurant,Ahmedabad
DNR506901,2,20.49,10.24,Donor 6902,Event,Mumbai
DNR506902,2,37.68,18.84,Donor 6903,Cafeteria,Mumbai
DNR506904,2,81.87,40.94,Donor 6905,Bakery,Remote
DNR507603,2,36.96,18.48,Donor 7604,Restaurant,Pune
DNR500387,2,31.41,15.7,Donor 388,Restaurant,Hyderabad
DNR500394,2,47.48,23.74,Donor 395,Hotel,Remote
DNR500397,2,17.69,8.84,Donor 398,Grocery Store,Mumbai
DNR500398,2,32.34,16.17,Donor 399,Hotel,Chennai
DNR500399,2,67.34,33.67,Donor 400,Hotel,Bengaluru
DNR511734,2,103.39,51.7,Donor 11735,Restaurant,Hyderabad
DNR511753,2,40.7,20.35,Donor 11754,Household,Bengaluru
DNR507605,2,46.36,23.18,Donor 7606,Hotel,Chennai
DNR507610,2,35.82,17.91,Donor 7611,Cafeteria,Bengaluru
DNR507613,2,135.25,67.62,Donor 7614,Cafeteria,Pune
DNR507618,2,51.27,25.64,Donor 7619,Grocery Store,Chennai
DNR507602,2,65.06,32.53,Donor 7603,Hotel,Jaipur
DNR506909,2,45.15,22.58,Donor 6910,Grocery Store,Pune
DNR506910,2,20.17,10.09,Donor 6911,Cafeteria,Kolkata
DNR506911,2,74.55,37.28,Donor 6912,Grocery Store,Pune
DNR500370,2,33.66,16.83,Donor 371,Restaurant,Chennai
DNR500373,2,69.06,34.53,Donor 374,Cafeteria,Mumbai
DNR500374,2,28.11,14.06,Donor 375,Bakery,Ahmedabad
DNR500378,2,114.85,57.42,Donor 379,Restaurant,Jaipur
DNR500340,2,59.59,29.8,Donor 341,Cafeteria,Remote
DNR500344,2,26.61,13.3,Donor 345,Cafeteria,Hyderabad
DNR500345,2,38.64,19.32,Donor 346,Household,Delhi NCR
DNR500347,2,33.08,16.54,Donor 348,Cafeteria,Pune
DNR500349,2,48.8,24.4,Donor 350,Restaurant,Mumbai
DNR506913,2,36.26,18.13,Donor 6914,Hotel,Hyderabad
DNR506916,2,96.66,48.33,Donor 6917,Cafeteria,Kolkata
DNR506918,2,44.09,22.04,Donor 6919,Household,Ahmedabad
DNR500356,2,53.84,26.92,Donor 357,Restaurant,Hyderabad
DNR500361,2,56.58,28.29,Donor 362,Hotel,Remote
DNR500322,2,46.4,23.2,Donor 323,Cafeteria,Kolkata
DNR500323,2,19.97,9.98,Donor 324,Event,Jaipur
DNR500325,2,72.42,36.21,Donor 326,Restaurant,Bengaluru
DNR500326,2,45.59,22.8,Donor 327,Restaurant,Kolkata
DNR500328,2,53.54,26.77,Donor 329,Hotel,Remote
DNR500338,2,45.62,22.81,Donor 339,Restaurant,Remote
DNR500339,2,90.64,45.32,Donor 340,Restaurant,Ahmedabad
DNR507588,2,36.08,18.04,Donor 7589,Hotel,Chennai
DNR507591,2,71.82,35.91,Donor 7592,Restaurant,Chennai
DNR507594,2,34.54,17.27,Donor 7595,Event,Delhi NCR
DNR507595,2,48.68,24.34,Donor 7596,Cafeteria,Mumbai
DNR507596,2,50.19,25.1,Donor 7597,Restaurant,Chennai
DNR507597,2,68.6,34.3,Donor 7598,Bakery,Bengaluru
DNR507599,2,51.92,25.96,Donor 7600,Hotel,Jaipur
DNR506980,2,67.45,33.72,Donor 6981,Cafeteria,Remote
DNR506982,2,56.4,28.2,Donor 6983,Household,Bengaluru
DNR506984,2,24.54,12.27,Donor 6985,Restaurant,Ahmedabad
DNR506986,2,45.02,22.51,Donor 6987,Restaurant,Hyderabad
DNR506948,2,71.07,35.53,Donor 6949,Household,Ahmedabad
DNR506949,2,73.1,36.55,Donor 6950,Restaurant,Jaipur
DNR506950,2,23.22,11.61,Donor 6951,Cafeteria,Hyderabad
DNR506952,2,68.97,34.48,Donor 6953,Hotel,Jaipur
DNR506953,2,28.68,14.34,Donor 6954,Restaurant,Kolkata
DNR506956,2,46.7,23.35,Donor 6957,Grocery Store,Chennai
DNR506961,2,29.25,14.62,Donor 6962,Restaurant,Remote
DNR506962,2,35.21,17.6,Donor 6963,Hotel,Mumbai
DNR506964,2,56.19,28.1,Donor 6965,Restaurant,Jaipur
DNR506927,2,47.36,23.68,Donor 6928,Event,Mumbai
DNR506936,2,37.74,18.87,Donor 6937,Restaurant,Hyderabad
DNR506940,2,43.68,21.84,Donor 6941,Restaurant,Hyderabad
DNR507579,2,38.44,19.22,Donor 7580,Hotel,Remote
DNR507580,2,50.35,25.18,Donor 7581,Restaurant,Kolkata
DNR507583,2,56.46,28.23,Donor 7584,Household,Delhi NCR
DNR506966,2,97.42,48.71,Donor 6967,Cafeteria,Ahmedabad
DNR506970,2,47.45,23.72,Donor 6971,Restaurant,Delhi NCR
DNR511755,2,38.06,19.03,Donor 11756,Household,Delhi NCR
DNR511756,2,79.55,39.78,Donor 11757,Cafeteria,Kolkata
DNR511760,2,41.2,20.6,Donor 11761,Household,Hyderabad
DNR511762,2,33.04,16.52,Donor 11763,Household,Jaipur
DNR511765,2,35.53,17.76,Donor 11766,Household,Bengaluru
DNR511771,2,53.26,26.63,Donor 11772,Grocery Store,Jaipur
DNR511772,2,22.66,11.33,Donor 11773,Grocery Store,Kolkata
DNR500304,2,38.91,19.46,Donor 305,Household,Chennai
DNR500305,2,47.93,23.96,Donor 306,Restaurant,Kolkata
DNR500308,2,64.74,32.37,Donor 309,Hotel,Kolkata
DNR506979,2,40.59,20.3,Donor 6980,Cafeteria,Bengaluru
DNR507021,2,43.28,21.64,Donor 7022,Hotel,Hyderabad
DNR507022,2,49.79,24.9,Donor 7023,Cafeteria,Kolkata
DNR507026,2,75.22,37.61,Donor 7027,Restaurant,Mumbai
DNR507029,2,93.92,46.96,Donor 7030,Hotel,Delhi NCR
DNR507031,2,46.25,23.12,Donor 7032,Household,Kolkata
DNR506995,2,49.94,24.97,Donor 6996,Hotel,Pune
DNR506997,2,40.63,20.31,Donor 6998,Restaurant,Jaipur
DNR506999,2,48.43,24.22,Donor 7000,Grocery Store,Pune
DNR507006,2,53.68,26.84,Donor 7007,Household,Remote
DNR507009,2,59.01,29.5,Donor 7010,Cafeteria,Jaipur
DNR507563,2,26.12,13.06,Donor 7564,Grocery Store,Bengaluru
DNR507564,2,45.86,22.93,Donor 7565,Bakery,Pune
DNR507569,2,75.08,37.54,Donor 7570,Event,Bengaluru
DNR507572,2,38.61,19.3,Donor 7573,Cafeteria,Pune
DNR507575,2,47.42,23.71,Donor 7576,Cafeteria,Mumbai
DNR507576,2,22.39,11.2,Donor 7577,Event,Chennai
DNR511798,2,33.33,16.66,Donor 11799,Cafeteria,Kolkata
DNR511800,2,41.65,20.83,Donor 11801,Cafeteria,Ahmedabad
DNR511801,2,37.23,18.62,Donor 11802,Bakery,Chennai
DNR511805,2,12.51,6.26,Donor 11806,Cafeteria,Chennai
DNR511809,2,18.51,9.26,Donor 11810,Restaurant,Kolkata
DNR500312,2,58.63,29.32,Donor 313,Restaurant,Delhi NCR
DNR500317,2,73.25,36.62,Donor 318,Household,Kolkata
DNR511775,2,46.08,23.04,Donor 11776,Cafeteria,Ahmedabad
DNR511776,2,47.69,23.84,Donor 11777,Household,Pune
DNR511778,2,24.51,12.26,Donor 11779,Cafeteria,Jaipur
DNR511779,2,42.14,21.07,Donor 11780,Bakery,Bengaluru
DNR511781,2,55.89,27.94,Donor 11782,Restaurant,Pune
DNR511785,2,41.88,20.94,Donor 11786,Restaurant,Mumbai
DNR511790,2,25.6,12.8,Donor 11791,Restaurant,Delhi NCR
DNR511792,2,60.92,30.46,Donor 11793,Cafeteria,Remote
DNR500282,2,14.55,7.28,Donor 283,Grocery Store,Delhi NCR
DNR500275,2,30.98,15.49,Donor 276,Cafeteria,Remote
DNR500279,2,61.07,30.54,Donor 280,Cafeteria,Mumbai
DNR511818,2,76.43,38.22,Donor 11819,Cafeteria,Mumbai
DNR511819,2,15.15,7.57,Donor 11820,Restaurant,Bengaluru
DNR511831,2,56.22,28.11,Donor 11832,Hotel,Jaipur
DNR511832,2,25.0,12.5,Donor 11833,Household,Hyderabad
DNR511835,2,61.28,30.64,Donor 11836,Restaurant,Ahmedabad
DNR507039,2,40.54,20.27,Donor 7040,Cafeteria,Jaipur
DNR507548,2,54.56,27.28,Donor 7549,Restaurant,Jaipur
DNR507549,2,37.64,18.82,Donor 7550,Restaurant,Bengaluru
DNR507554,2,27.23,13.62,Donor 7555,Bakery,Pune
DNR507559,2,42.56,21.28,Donor 7560,Household,Hyderabad
DNR507019,2,23.93,11.96,Donor 7020,Restaurant,Mumbai
DNR500296,2,58.9,29.45,Donor 297,Household,Pune
DNR511793,2,48.76,24.38,Donor 11794,Restaurant,Chennai
DNR511797,2,63.03,31.52,Donor 11798,Hotel,Ahmedabad
DNR507507,2,42.43,21.22,Donor 7508,Household,Remote
DNR507511,2,48.89,24.44,Donor 7512,Restaurant,Jaipur
DNR507513,2,22.63,11.32,Donor 7514,Hotel,Ahmedabad
DNR507521,2,79.76,39.88,Donor 7522,Grocery Store,Hyderabad
DNR507051,2,60.74,30.37,Donor 7052,Restaurant,Pune
DNR507054,2,67.07,33.53,Donor 7055,Bakery,Remote
DNR507064,2,77.75,38.88,Donor 7065,Cafeteria,Remote
DNR507066,2,23.32,11.66,Donor 7067,Cafeteria,Remote
DNR507069,2,29.88,14.94,Donor 7070,Grocery Store,Delhi NCR
DNR507072,2,50.7,25.35,Donor 7073,Bakery,Delhi NCR
DNR507526,2,52.34,26.17,Donor 7527,Household,Mumbai
DNR507530,2,56.09,28.04,Donor 7531,Cafeteria,Hyderabad
DNR507535,2,43.89,21.94,Donor 7536,Event,Pune
DNR507037,2,40.66,20.33,Donor 7038,Restaurant,Remote
DNR500269,2,46.83,23.42,Donor 270,Hotel,Kolkata
DNR500271,2,67.88,33.94,Donor 272,Household,Chennai
DNR507074,2,49.77,24.88,Donor 7075,Restaurant,Remote
DNR507082,2,76.72,38.36,Donor 7083,Household,Ahmedabad
DNR507083,2,62.85,31.42,Donor 7084,Restaurant,Pune
DNR500254,2,35.66,17.83,Donor 255,Grocery Store,Hyderabad
DNR500260,2,48.43,24.22,Donor 261,Household,Mumbai
DNR511838,2,35.32,17.66,Donor 11839,Restaurant,Hyderabad
DNR511840,2,58.14,29.07,Donor 11841,Bakery,Bengaluru
DNR511844,2,54.99,27.5,Donor 11845,Household,Hyderabad
DNR511849,2,57.28,28.64,Donor 11850,Restaurant,Chennai
DNR511851,2,87.45,43.72,Donor 11852,Hotel,Remote
DNR511853,2,20.0,10.0,Donor 11854,Bakery,Kolkata
DNR507085,2,69.57,34.79,Donor 7086,Bakery,Bengaluru
DNR507089,2,44.32,22.16,Donor 7090,Restaurant,Mumbai
DNR507092,2,39.49,19.74,Donor 7093,Household,Delhi NCR
DNR507505,2,50.03,25.02,Donor 7506,Hotel,Jaipur
DNR507506,2,43.84,21.92,Donor 7507,Household,Hyderabad
DNR500216,2,57.03,28.52,Donor 217,Cafeteria,Ahmedabad
DNR500217,2,61.52,30.76,Donor 218,Grocery Store,Bengaluru
DNR507137,2,61.85,30.92,Donor 7138,Restaurant,Jaipur
DNR507104,2,68.21,34.11,Donor 7105,Restaurant,Remote
DNR507105,2,31.34,15.67,Donor 7106,Restaurant,Pune
DNR507108,2,85.88,42.94,Donor 7109,Hotel,Jaipur
DNR507111,2,42.53,21.26,Donor 7112,Hotel,Ahmedabad
DNR507112,2,56.27,28.14,Donor 7113,Event,Pune
DNR507114,2,56.6,28.3,Donor 7115,Restaurant,Ahmedabad
DNR507119,2,30.06,15.03,Donor 7120,Grocery Store,Mumbai
DNR507490,2,42.54,21.27,Donor 7491,Household,Jaipur
DNR507493,2,65.95,32.98,Donor 7494,Event,Hyderabad
DNR507497,2,61.66,30.83,Donor 7498,Restaurant,Pune
DNR507498,2,47.36,23.68,Donor 7499,Grocery Store,Chennai
DNR507504,2,49.03,24.52,Donor 7505,Event,Kolkata
DNR507073,2,46.16,23.08,Donor 7074,Grocery Store,Kolkata
DNR507151,2,39.03,19.52,Donor 7152,Household,Mumbai
DNR507153,2,36.3,18.15,Donor 7154,Restaurant,Delhi NCR
DNR507125,2,52.95,26.48,Donor 7126,Cafeteria,Jaipur
DNR507127,2,38.44,19.22,Donor 7128,Cafeteria,Chennai
DNR507136,2,49.09,24.54,Donor 7137,Bakery,Chennai
DNR500222,2,24.12,12.06,Donor 223,Restaurant,Kolkata
DNR500224,2,66.21,33.1,Donor 225,Restaurant,Delhi NCR
DNR500226,2,46.37,23.18,Donor 227,Household,Jaipur
DNR500232,2,33.99,17.0,Donor 233,Hotel,Kolkata
DNR500233,2,11.09,5.54,Donor 234,Household,Jaipur
DNR500234,2,56.24,28.12,Donor 235,Household,Mumbai
DNR500237,2,31.72,15.86,Donor 238,Restaurant,Delhi NCR
DNR500238,2,46.82,23.41,Donor 239,Household,Hyderabad
DNR500211,2,39.2,19.6,Donor 212,Grocery Store,Pune
DNR500214,2,59.28,29.64,Donor 215,Household,Mumbai
DNR500215,2,17.9,8.95,Donor 216,Cafeteria,Mumbai
DNR507471,2,42.07,21.04,Donor 7472,Cafeteria,Chennai
DNR507483,2,96.61,48.3,Donor 7484,Household,Remote
DNR507484,2,22.94,11.47,Donor 7485,Restaurant,Mumbai
DNR507140,2,34.36,17.18,Donor 7141,Cafeteria,Kolkata
DNR500218,2,86.06,43.03,Donor 219,Cafeteria,Hyderabad
DNR511857,2,44.14,22.07,Donor 11858,Restaurant,Ahmedabad
DNR511859,2,56.63,28.32,Donor 11860,Hotel,Ahmedabad
DNR511860,2,49.38,24.69,Donor 11861,Restaurant,Delhi NCR
DNR511862,2,52.21,26.1,Donor 11863,Household,Pune
DNR511875,2,83.31,41.66,Donor 11876,Restaurant,Mumbai
DNR511878,2,73.89,36.94,Donor 11879,Household,Bengaluru
DNR511879,2,50.54,25.27,Donor 11880,Bakery,Kolkata
DNR500188,2,46.57,23.28,Donor 189,Bakery,Remote
DNR500190,2,78.13,39.06,Donor 191,Restaurant,Jaipur
DNR507148,2,71.81,35.9,Donor 7149,Household,Bengaluru
DNR507150,2,32.84,16.42,Donor 7151,Household,Hyderabad
DNR507453,2,55.53,27.76,Donor 7454,Restaurant,Mumbai
DNR507458,2,52.3,26.15,Donor 7459,Restaurant,Hyderabad
DNR507460,2,37.54,18.77,Donor 7461,Hotel,Ahmedabad
DNR507167,2,85.56,42.78,Donor 7168,Household,Delhi NCR
DNR500200,2,63.85,31.92,Donor 201,Hotel,Pune
DNR500168,2,83.47,41.74,Donor 169,Household,Ahmedabad
DNR500173,2,37.55,18.77,Donor 174,Hotel,Delhi NCR
DNR500175,2,59.03,29.52,Donor 176,Cafeteria,Pune
DNR500176,2,48.78,24.39,Donor 177,Grocery Store,Hyderabad
DNR500181,2,42.8,21.4,Donor 182,Grocery Store,Bengaluru
DNR500182,2,26.58,13.29,Donor 183,Grocery Store,Bengaluru
DNR507172,2,41.21,20.6,Donor 7173,Cafeteria,Chennai
DNR507175,2,35.23,17.61,Donor 7176,Grocery Store,Bengaluru
DNR507177,2,46.28,23.14,Donor 7178,Hotel,Ahmedabad
DNR507466,2,39.98,19.99,Donor 7467,Cafeteria,Delhi NCR
DNR507469,2,81.41,40.7,Donor 7470,Cafeteria,Mumbai
DNR511881,2,63.67,31.84,Donor 11882,Hotel,Mumbai
DNR511882,2,43.21,21.6,Donor 11883,Restaurant,Kolkata
DNR511894,2,36.44,18.22,Donor 11895,Grocery Store,Remote
DNR511896,2,66.97,33.48,Donor 11897,Household,Kolkata
DNR511898,2,81.75,40.88,Donor 11899,Cafeteria,Bengaluru
DNR500147,2,69.3,34.65,Donor 148,Household,Kolkata
DNR500149,2,89.85,44.92,Donor 150,Event,Jaipur
DNR500155,2,72.89,36.44,Donor 156,Restaurant,Pune
DNR507192,2,33.76,16.88,Donor 7193,Cafeteria,Chennai
DNR507196,2,60.4,30.2,Donor 7197,Household,Pune
DNR507198,2,75.72,37.86,Donor 7199,Restaurant,Hyderabad
DNR507446,2,84.38,42.19,Donor 7447,Household,Remote
DNR507447,2,70.02,35.01,Donor 7448,Cafeteria,Remote
DNR507448,2,38.45,19.23,Donor 7449,Restaurant,Mumbai
DNR507451,2,27.2,13.6,Donor 7452,Hotel,Kolkata
DNR507452,2,65.16,32.58,Donor 7453,Household,Pune
DNR507218,2,51.52,25.76,Donor 7219,Bakery,Hyderabad
DNR500157,2,31.75,15.88,Donor 158,Hotel,Mumbai
DNR500160,2,34.78,17.39,Donor 161,Household,Ahmedabad
DNR500162,2,41.72,20.86,Donor 163,Bakery,Ahmedabad
DNR500165,2,45.73,22.86,Donor 166,Event,Ahmedabad
DNR511899,2,58.05,29.02,Donor 11900,Grocery Store,Remote
DNR511904,2,29.04,14.52,Donor 11905,Restaurant,Pune
DNR511906,2,44.17,22.08,Donor 11907,Household,Jaipur
DNR511908,2,20.57,10.28,Donor 11909,Restaurant,Jaipur
DNR511913,2,48.54,24.27,Donor 11914,Restaurant,Kolkata
DNR500129,2,51.22,25.61,Donor 130,Restaurant,Jaipur
DNR507432,2,41.87,20.94,Donor 7433,Restaurant,Pune
DNR507438,2,66.2,33.1,Donor 7439,Household,Hyderabad
DNR507180,2,62.86,31.43,Donor 7181,Household,Ahmedabad
DNR507189,2,22.25,11.12,Donor 7190,Restaurant,Remote
DNR507191,2,17.37,8.68,Donor 7192,Grocery Store,Mumbai
DNR507221,2,35.31,17.66,Donor 7222,Hotel,Bengaluru
DNR500134,2,14.3,7.15,Donor 135,Household,Chennai
DNR500138,2,46.36,23.18,Donor 139,Hotel,Chennai
DNR500108,2,43.48,21.74,Donor 109,Restaurant,Pune
DNR500118,2,36.58,18.29,Donor 119,Grocery Store,Chennai
DNR500119,2,57.95,28.98,Donor 120,Restaurant,Ahmedabad
DNR500120,2,52.16,26.08,Donor 121,Hotel,Delhi NCR
DNR507226,2,52.18,26.09,Donor 7227,Hotel,Hyderabad
DNR507227,2,61.44,30.72,Donor 7228,Cafeteria,Chennai
DNR507232,2,84.79,42.4,Donor 7233,Cafeteria,Jaipur
DNR507236,2,41.66,20.83,Donor 7237,Restaurant,Jaipur
DNR507199,2,37.32,18.66,Donor 7200,Restaurant,Mumbai
DNR507203,2,59.01,29.51,Donor 7204,Restaurant,Ahmedabad
DNR507209,2,18.67,9.34,Donor 7210,Event,Kolkata
DNR507211,2,34.64,17.32,Donor 7212,Grocery Store,Jaipur
DNR507215,2,53.77,26.88,Donor 7216,Cafeteria,Pune
DNR507403,2,43.88,21.94,Donor 7404,Household,Remote
DNR507242,2,78.73,39.36,Donor 7243,Household,Hyderabad
DNR507244,2,32.21,16.1,Donor 7245,Household,Mumbai
DNR507247,2,98.08,49.04,Donor 7248,Restaurant,Mumbai
DNR500126,2,57.98,28.99,Donor 127,Restaurant,Kolkata
DNR511917,2,59.48,29.74,Donor 11918,Event,Chennai
DNR511928,2,38.54,19.27,Donor 11929,Cafeteria,Jaipur
DNR511933,2,30.23,15.12,Donor 11934,Household,Delhi NCR
DNR500092,2,34.94,17.47,Donor 93,Hotel,Bengaluru
DNR500093,2,39.72,19.86,Donor 94,Hotel,Delhi NCR
DNR500099,2,42.51,21.26,Donor 100,Restaurant,Mumbai
DNR507249,2,66.78,33.39,Donor 7250,Restaurant,Bengaluru
DNR507259,2,32.36,16.18,Donor 7260,Restaurant,Pune
DNR507404,2,43.93,21.96,Donor 7405,Restaurant,Remote
DNR507414,2,87.03,43.52,Donor 7415,Restaurant,Remote
DNR507421,2,42.42,21.21,Donor 7422,Grocery Store,Jaipur
DNR507378,2,39.96,19.98,Donor 7379,Household,Remote
DNR507381,2,49.46,24.73,Donor 7382,Restaurant,Jaipur
DNR507382,2,52.05,26.02,Donor 7383,Household,Delhi NCR
DNR507266,2,39.79,19.9,Donor 7267,Hotel,Mumbai
DNR500103,2,46.49,23.24,Donor 104,Hotel,Remote
DNR511939,2,46.43,23.22,Donor 11940,Grocery Store,Delhi NCR
DNR511947,2,41.69,20.84,Donor 11948,Hotel,Bengaluru
DNR511948,2,28.3,14.15,Donor 11949,Restaurant,Hyderabad
DNR500076,2,68.95,34.48,Donor 77,Restaurant,Bengaluru
DNR500080,2,49.8,24.9,Donor 81,Restaurant,Pune
DNR500083,2,75.87,37.94,Donor 84,Event,Ahmedabad
DNR507272,2,47.17,23.58,Donor 7273,Restaurant,Bengaluru
DNR507277,2,59.39,29.7,Donor 7278,Household,Mumbai
DNR507390,2,60.06,30.03,Donor 7391,Grocery Store,Pune
DNR507399,2,38.05,19.02,Donor 7400,Cafeteria,Kolkata
DNR507400,2,30.77,15.38,Donor 7401,Restaurant,Ahmedabad
DNR507347,2,32.63,16.31,Donor 7348,Cafeteria,Kolkata
DNR507353,2,53.64,26.82,Donor 7354,Restaurant,Pune
DNR507354,2,37.0,18.5,Donor 7355,Cafeteria,Delhi NCR
DNR507356,2,50.41,25.2,Donor 7357,Cafeteria,Hyderabad
DNR507358,2,40.94,20.47,Donor 7359,Hotel,Ahmedabad
DNR507359,2,18.64,9.32,Donor 7360,Restaurant,Pune
DNR507363,2,29.23,14.62,Donor 7364,Cafeteria,Ahmedabad
DNR507282,2,41.52,20.76,Donor 7283,Event,Bengaluru
DNR507284,2,108.86,54.43,Donor 7285,Restaurant,Bengaluru
DNR507289,2,65.82,32.91,Donor 7290,Cafeteria,Delhi NCR
DNR507295,2,74.79,37.4,Donor 7296,Bakery,Kolkata
DNR507298,2,20.1,10.05,Donor 7299,Household,Hyderabad
DNR507365,2,67.0,33.5,Donor 7366,Restaurant,Chennai
DNR507369,2,22.67,11.34,Donor 7370,Event,Chennai
DNR507370,2,35.9,17.95,Donor 7371,Hotel,Kolkata
DNR507377,2,32.05,16.02,Donor 7378,Cafeteria,Kolkata
DNR511998,2,62.27,31.14,Donor 11999,Grocery Store,Ahmedabad
DNR500018,2,40.85,20.42,Donor 19,Hotel,Ahmedabad
DNR500019,2,50.94,25.47,Donor 20,Restaurant,Chennai
DNR500020,2,102.38,51.19,Donor 21,Hotel,Hyderabad
DNR500022,2,43.55,21.78,Donor 23,Bakery,Kolkata
DNR511999,2,43.68,21.84,Donor 12000,Restaurant,Bengaluru
DNR507332,2,35.38,17.69,Donor 7333,Household,Pune
DNR507333,2,47.34,23.67,Donor 7334,Grocery Store,Pune
DNR507335,2,52.54,26.27,Donor 7336,Household,Mumbai
DNR507342,2,47.68,23.84,Donor 7343,Restaurant,Jaipur
DNR500039,2,38.78,19.39,Donor 40,Restaurant,Bengaluru
DNR500040,2,32.92,16.46,Donor 41,Restaurant,Hyderabad
DNR500041,2,80.04,40.02,Donor 42,Restaurant,Kolkata
DNR500043,2,62.19,31.1,Donor 44,Event,Hyderabad
DNR500044,2,51.35,25.67,Donor 45,Household,Jaipur
DNR500048,2,64.43,32.22,Donor 49,Cafeteria,Jaipur
DNR511987,2,49.38,24.69,Donor 11988,Cafeteria,Hyderabad
DNR511989,2,81.28,40.64,Donor 11990,Restaurant,Hyderabad
DNR511993,2,48.07,24.04,Donor 11994,Hotel,Ahmedabad
DNR507324,2,59.88,29.94,Donor 7325,Grocery Store,Hyderabad
DNR507330,2,65.4,32.7,Donor 7331,Grocery Store,Hyderabad
DNR507331,2,35.12,17.56,Donor 7332,Event,Delhi NCR
DNR511964,2,41.06,20.53,Donor 11965,Hotel,Bengaluru
DNR511966,2,70.54,35.27,Donor 11967,Cafeteria,Delhi NCR
DNR511967,2,27.17,13.58,Donor 11968,Hotel,Chennai
DNR511972,2,74.5,37.25,Donor 11973,Cafeteria,Pune
DNR511973,2,51.83,25.92,Donor 11974,Cafeteria,Jaipur
DNR511974,2,42.23,21.12,Donor 11975,Restaurant,Hyderabad
DNR511975,2,39.8,19.9,Donor 11976,Household,Chennai
DNR500015,2,54.42,27.21,Donor 16,Event,Mumbai
DNR500012,2,46.78,23.39,Donor 13,Hotel,Ahmedabad
DNR500009,2,28.55,14.27,Donor 10,Bakery,Ahmedabad
DNR500008,1,51.51,51.51,Donor 9,Restaurant,Chennai
DNR500021,1,35.65,35.65,Donor 22,Hotel,Bengaluru
DNR500024,1,56.89,56.89,Donor 25,Restaurant,Mumbai
DNR500025,1,25.49,25.49,Donor 26,Household,Pune
DNR500079,1,24.12,24.12,Donor 80,Restaurant,Chennai
DNR500078,1,92.0,92.0,Donor 79,Restaurant,Kolkata
DNR500077,1,15.44,15.44,Donor 78,Hotel,Ahmedabad
DNR500073,1,20.74,20.74,Donor 74,Hotel,Delhi NCR
DNR500072,1,48.87,48.87,Donor 73,Restaurant,Jaipur
DNR511949,1,24.27,24.27,Donor 11950,Household,Mumbai
DNR511945,1,76.67,76.67,Donor 11946,Cafeteria,Delhi NCR
DNR511942,1,16.54,16.54,Donor 11943,Grocery Store,Pune
DNR511941,1,24.01,24.01,Donor 11942,Household,Kolkata
DNR511940,1,42.56,42.56,Donor 11941,Restaurant,Jaipur
DNR511937,1,17.48,17.48,Donor 11938,Restaurant,Delhi NCR
DNR511935,1,51.97,51.97,Donor 11936,Bakery,Mumbai
DNR511934,1,11.04,11.04,Donor 11935,Bakery,Chennai
DNR500107,1,16.82,16.82,Donor 108,Hotel,Bengaluru
DNR500106,1,40.7,40.7,Donor 107,Grocery Store,Ahmedabad
DNR500105,1,22.68,22.68,Donor 106,Household,Hyderabad
DNR507291,1,23.79,23.79,Donor 7292,Cafeteria,Pune
DNR507287,1,22.73,22.73,Donor 7288,Household,Mumbai
DNR507285,1,46.07,46.07,Donor 7286,Hotel,Ahmedabad
DNR507283,1,34.92,34.92,Donor 7284,Hotel,Bengaluru
DNR507281,1,11.08,11.08,Donor 7282,Cafeteria,Delhi NCR
DNR507279,1,26.45,26.45,Donor 7280,Hotel,Chennai
DNR507361,1,33.89,33.89,Donor 7362,Restaurant,Chennai
DNR507355,1,25.68,25.68,Donor 7356,Household,Pune
DNR507352,1,10.08,10.08,Donor 7353,Restaurant,Mumbai
DNR507351,1,23.97,23.97,Donor 7352,Restaurant,Mumbai
DNR507350,1,36.26,36.26,Donor 7351,Household,Pune
DNR507343,1,43.55,43.55,Donor 7344,Hotel,Pune
DNR507318,1,38.71,38.71,Donor 7319,Hotel,Hyderabad
DNR507317,1,3.81,3.81,Donor 7318,Restaurant,Hyderabad
DNR507307,1,23.69,23.69,Donor 7308,Household,Hyderabad
DNR507306,1,50.54,50.54,Donor 7307,Restaurant,Delhi NCR
DNR507270,1,12.75,12.75,Donor 7271,Hotel,Jaipur
DNR507269,1,43.06,43.06,Donor 7270,Grocery Store,Remote
DNR507268,1,36.59,36.59,Donor 7269,Hotel,Remote
DNR507267,1,69.57,69.57,Donor 7268,Grocery Store,Chennai
DNR507265,1,7.81,7.81,Donor 7266,Event,Remote
DNR507264,1,55.19,55.19,Donor 7265,Restaurant,Kolkata
DNR507263,1,33.29,33.29,Donor 7264,Household,Pune
DNR507262,1,31.34,31.34,Donor 7263,Grocery Store,Kolkata
DNR507260,1,29.67,29.67,Donor 7261,Restaurant,Jaipur
DNR507383,1,49.17,49.17,Donor 7384,Restaurant,Kolkata
DNR507380,1,29.35,29.35,Donor 7381,Household,Mumbai
DNR507374,1,13.73,13.73,Donor 7375,Hotel,Bengaluru
DNR507371,1,24.11,24.11,Donor 7372,Hotel,Ahmedabad
DNR507368,1,5.97,5.97,Donor 7369,Cafeteria,Remote
DNR507297,1,27.76,27.76,Donor 7298,Restaurant,Bengaluru
DNR507296,1,25.52,25.52,Donor 7297,Bakery,Bengaluru
DNR507406,1,46.31,46.31,Donor 7407,Restaurant,Bengaluru
DNR507255,1,27.63,27.63,Donor 7256,Event,Mumbai
DNR507254,1,12.66,12.66,Donor 7255,Cafeteria,Pune
DNR507253,1,23.23,23.23,Donor 7254,Restaurant,Chennai
DNR507241,1,43.03,43.03,Donor 7242,Restaurant,Ahmedabad
DNR507239,1,1.12,1.12,Donor 7240,Event,Jaipur
DNR507237,1,36.32,36.32,Donor 7238,Grocery Store,Jaipur
DNR507402,1,12.15,12.15,Donor 7403,Restaurant,Delhi NCR
DNR507395,1,37.63,37.63,Donor 7396,Hotel,Remote
DNR507393,1,4.43,4.43,Donor 7394,Household,Delhi NCR
DNR507391,1,18.34,18.34,Donor 7392,Event,Bengaluru
DNR507389,1,70.6,70.6,Donor 7390,Restaurant,Chennai
DNR507387,1,53.58,53.58,Donor 7388,Restaurant,Bengaluru
DNR507386,1,24.52,24.52,Donor 7387,Cafeteria,Remote
DNR507275,1,14.77,14.77,Donor 7276,Hotel,Delhi NCR
DNR507273,1,59.65,59.65,Donor 7274,Grocery Store,Jaipur
DNR507201,1,31.59,31.59,Donor 7202,Event,Hyderabad
DNR507234,1,17.97,17.97,Donor 7235,Bakery,Bengaluru
DNR507231,1,9.93,9.93,Donor 7232,Restaurant,Kolkata
DNR507230,1,33.48,33.48,Donor 7231,Bakery,Hyderabad
DNR507228,1,44.08,44.08,Donor 7229,Restaurant,Bengaluru
DNR507225,1,21.29,21.29,Donor 7226,Restaurant,Delhi NCR
DNR507222,1,15.63,15.63,Donor 7223,Household,Pune
DNR507425,1,17.85,17.85,Donor 7426,Event,Remote
DNR507418,1,18.27,18.27,Donor 7419,Restaurant,Bengaluru
DNR507417,1,28.21,28.21,Donor 7418,Restaurant,Chennai
DNR507415,1,23.02,23.02,Donor 7416,Bakery,Chennai
DNR507413,1,23.41,23.41,Donor 7414,Hotel,Chennai
DNR507411,1,7.45,7.45,Donor 7412,Household,Chennai
DNR507410,1,53.8,53.8,Donor 7411,Restaurant,Jaipur
DNR507409,1,20.13,20.13,Donor 7410,Restaurant,Kolkata
DNR507408,1,34.92,34.92,Donor 7409,Grocery Store,Hyderabad
DNR507188,1,17.12,17.12,Donor 7189,Household,Hyderabad
DNR507186,1,21.65,21.65,Donor 7187,Household,Jaipur
DNR507185,1,11.34,11.34,Donor 7186,Event,Kolkata
DNR507179,1,30.22,30.22,Donor 7180,Bakery,Ahmedabad
DNR507440,1,60.46,60.46,Donor 7441,Hotel,Kolkata
DNR507434,1,73.56,73.56,Donor 7435,Restaurant,Remote
DNR507433,1,48.95,48.95,Donor 7434,Household,Kolkata
DNR507431,1,3.13,3.13,Donor 7432,Restaurant,Delhi NCR
DNR507430,1,11.05,11.05,Donor 7431,Household,Jaipur
DNR507214,1,66.02,66.02,Donor 7215,Restaurant,Chennai
DNR507213,1,4.72,4.72,Donor 7214,Event,Mumbai
DNR507212,1,8.34,8.34,Donor 7213,Cafeteria,Jaipur
DNR507208,1,18.42,18.42,Donor 7209,Hotel,Kolkata
DNR507206,1,27.35,27.35,Donor 7207,Household,Hyderabad
DNR507205,1,34.6,34.6,Donor 7206,Cafeteria,Chennai
DNR507204,1,13.87,13.87,Donor 7205,Grocery Store,Delhi NCR
DNR507461,1,10.51,10.51,Donor 7462,Restaurant,Chennai
DNR507169,1,35.24,35.24,Donor 7170,Restaurant,Mumbai
DNR507168,1,14.77,14.77,Donor 7169,Household,Hyderabad
DNR507164,1,36.88,36.88,Donor 7165,Household,Hyderabad
DNR507161,1,15.1,15.1,Donor 7162,Hotel,Chennai
DNR507160,1,30.24,30.24,Donor 7161,Hotel,Remote
DNR507459,1,14.08,14.08,Donor 7460,Restaurant,Chennai
DNR507457,1,8.82,8.82,Donor 7458,Restaurant,Bengaluru
DNR507456,1,28.95,28.95,Donor 7457,Grocery Store,Pune
DNR507455,1,29.98,29.98,Donor 7456,Restaurant,Delhi NCR
DNR507454,1,11.91,11.91,Donor 7455,Event,Bengaluru
DNR507450,1,15.16,15.16,Donor 7451,Cafeteria,Remote
DNR507449,1,22.48,22.48,Donor 7450,Restaurant,Jaipur
DNR507445,1,39.37,39.37,Donor 7446,Hotel,Pune
DNR507194,1,30.54,30.54,Donor 7195,Cafeteria,Chennai
DNR507193,1,16.62,16.62,Donor 7194,Event,Kolkata
DNR507122,1,54.83,54.83,Donor 7123,Hotel,Remote
DNR507121,1,33.64,33.64,Donor 7122,Household,Chennai
DNR507158,1,20.72,20.72,Donor 7159,Hotel,Pune
DNR507157,1,4.26,4.26,Donor 7158,Restaurant,Delhi NCR
DNR507155,1,29.81,29.81,Donor 7156,Hotel,Mumbai
DNR507154,1,45.54,45.54,Donor 7155,Restaurant,Bengaluru
DNR507145,1,23.92,23.92,Donor 7146,Hotel,Chennai
DNR507143,1,47.2,47.2,Donor 7144,Event,Delhi NCR
DNR507139,1,33.45,33.45,Donor 7140,Hotel,Ahmedabad
DNR507481,1,51.12,51.12,Donor 7482,Grocery Store,Mumbai
DNR507475,1,19.59,19.59,Donor 7476,Cafeteria,Kolkata
DNR507473,1,29.46,29.46,Donor 7474,Event,Ahmedabad
DNR507467,1,22.28,22.28,Donor 7468,Event,Ahmedabad
DNR507465,1,34.66,34.66,Donor 7466,Household,Remote
DNR507463,1,27.85,27.85,Donor 7464,Hotel,Pune
DNR507462,1,19.96,19.96,Donor 7463,Event,Remote
DNR507091,1,19.11,19.11,Donor 7092,Restaurant,Delhi NCR
DNR507087,1,11.88,11.88,Donor 7088,Restaurant,Chennai
DNR507080,1,7.03,7.03,Donor 7081,Restaurant,Chennai
DNR507079,1,14.86,14.86,Donor 7080,Event,Ahmedabad
DNR507502,1,20.98,20.98,Donor 7503,Event,Pune
DNR507501,1,19.97,19.97,Donor 7502,Household,Remote
DNR507500,1,38.32,38.32,Donor 7501,Event,Jaipur
DNR507495,1,8.71,8.71,Donor 7496,Grocery Store,Pune
DNR507489,1,13.61,13.61,Donor 7490,Bakery,Pune
DNR507116,1,20.57,20.57,Donor 7117,Hotel,Ahmedabad
DNR507109,1,24.53,24.53,Donor 7110,Restaurant,Remote
DNR507138,1,18.12,18.12,Donor 7139,Bakery,Jaipur
DNR507134,1,21.04,21.04,Donor 7135,Restaurant,Kolkata
DNR507130,1,14.84,14.84,Donor 7131,Grocery Store,Ahmedabad
DNR507129,1,15.91,15.91,Donor 7130,Event,Remote
DNR507123,1,17.35,17.35,Donor 7124,Hotel,Chennai
DNR507071,1,34.8,34.8,Donor 7072,Grocery Store,Kolkata
DNR507068,1,24.62,24.62,Donor 7069,Restaurant,Delhi NCR
DNR507067,1,15.81,15.81,Donor 7068,Grocery Store,Kolkata
DNR507060,1,19.07,19.07,Donor 7061,Restaurant,Kolkata
DNR507059,1,25.32,25.32,Donor 7060,Bakery,Hyderabad
DNR507057,1,23.07,23.07,Donor 7058,Grocery Store,Remote
DNR507055,1,26.34,26.34,Donor 7056,Bakery,Jaipur
DNR507053,1,32.62,32.62,Donor 7054,Household,Bengaluru
DNR507520,1,19.24,19.24,Donor 7521,Restaurant,Jaipur
DNR507518,1,29.15,29.15,Donor 7519,Hotel,Remote
DNR507517,1,17.6,17.6,Donor 7518,Grocery Store,Ahmedabad
DNR507516,1,45.09,45.09,Donor 7517,Event,Remote
DNR507514,1,19.65,19.65,Donor 7515,Cafeteria,Remote
DNR507512,1,13.61,13.61,Donor 7513,Hotel,Bengaluru
DNR507508,1,12.18,12.18,Donor 7509,Hotel,Jaipur
DNR507093,1,34.73,34.73,Donor 7094,Restaurant,Chennai
DNR507045,1,33.46,33.46,Donor 7046,Restaurant,Jaipur
DNR507042,1,32.62,32.62,Donor 7043,Bakery,Hyderabad
DNR507040,1,19.02,19.02,Donor 7041,Restaurant,Remote
DNR507036,1,26.72,26.72,Donor 7037,Cafeteria,Mumbai
DNR507034,1,38.19,38.19,Donor 7035,Cafeteria,Mumbai
DNR507033,1,52.4,52.4,Donor 7034,Cafeteria,Delhi NCR
DNR507032,1,44.13,44.13,Donor 7033,Household,Remote
DNR507544,1,18.36,18.36,Donor 7545,Hotel,Chennai
DNR507540,1,13.32,13.32,Donor 7541,Household,Kolkata
DNR507539,1,35.31,35.31,Donor 7540,Restaurant,Remote
DNR507538,1,16.31,16.31,Donor 7539,Hotel,Ahmedabad
DNR507536,1,13.77,13.77,Donor 7537,Restaurant,Kolkata
DNR507531,1,34.21,34.21,Donor 7532,Hotel,Ahmedabad
DNR507529,1,32.91,32.91,Donor 7530,Household,Hyderabad
DNR507527,1,54.14,54.14,Donor 7528,Grocery Store,Kolkata
DNR507524,1,1.99,1.99,Donor 7525,Hotel,Mumbai
DNR507023,1,14.75,14.75,Donor 7024,Event,Kolkata
DNR507018,1,37.26,37.26,Donor 7019,Restaurant,Hyderabad
DNR507017,1,31.04,31.04,Donor 7018,Restaurant,Delhi NCR
DNR507016,1,12.58,12.58,Donor 7017,Restaurant,Pune
DNR507015,1,29.25,29.25,Donor 7016,Hotel,Hyderabad
DNR507013,1,9.93,9.93,Donor 7014,Household,Kolkata
DNR507012,1,18.68,18.68,Donor 7013,Event,Jaipur
DNR507011,1,10.32,10.32,Donor 7012,Hotel,Ahmedabad
DNR507562,1,30.17,30.17,Donor 7563,Bakery,Kolkata
DNR507557,1,41.82,41.82,Donor 7558,Event,Bengaluru
DNR507552,1,18.11,18.11,Donor 7553,Household,Kolkata
DNR507551,1,14.7,14.7,Donor 7552,Event,Ahmedabad
DNR507546,1,43.59,43.59,Donor 7547,Restaurant,Mumbai
DNR507048,1,14.65,14.65,Donor 7049,Grocery Store,Ahmedabad
DNR507047,1,5.11,5.11,Donor 7048,Hotel,Kolkata
DNR507046,1,29.57,29.57,Donor 7047,Household,Kolkata
DNR506951,1,18.55,18.55,Donor 6952,Household,Hyderabad
DNR506946,1,26.1,26.1,Donor 6947,Bakery,Bengaluru
DNR506977,1,10.71,10.71,Donor 6978,Restaurant,Bengaluru
DNR506972,1,59.01,59.01,Donor 6973,Restaurant,Remote
DNR506971,1,18.42,18.42,Donor 6972,Restaurant,Ahmedabad
DNR506969,1,36.04,36.04,Donor 6970,Restaurant,Remote
DNR507582,1,6.55,6.55,Donor 7583,Bakery,Pune
DNR507581,1,14.97,14.97,Donor 7582,Restaurant,Kolkata
DNR507571,1,22.44,22.44,Donor 7572,Grocery Store,Remote
DNR507566,1,20.22,20.22,Donor 7567,Household,Mumbai
DNR507007,1,32.74,32.74,Donor 7008,Bakery,Remote
DNR507005,1,24.27,24.27,Donor 7006,Restaurant,Jaipur
DNR507001,1,46.18,46.18,Donor 7002,Hotel,Remote
DNR506994,1,17.48,17.48,Donor 6995,Cafeteria,Chennai
DNR506992,1,13.72,13.72,Donor 6993,Restaurant,Remote
DNR507024,1,13.69,13.69,Donor 7025,Restaurant,Mumbai
DNR506923,1,6.5,6.5,Donor 6924,Grocery Store,Ahmedabad
DNR506921,1,36.71,36.71,Donor 6922,Restaurant,Chennai
DNR506917,1,36.85,36.85,Donor 6918,Grocery Store,Hyderabad
DNR506914,1,6.24,6.24,Donor 6915,Household,Remote
DNR506912,1,32.03,32.03,Donor 6913,Restaurant,Bengaluru
DNR506908,1,14.26,14.26,Donor 6909,Household,Pune
DNR506907,1,50.48,50.48,Donor 6908,Hotel,Jaipur
DNR507600,1,43.94,43.94,Donor 7601,Event,Delhi NCR
DNR507590,1,7.96,7.96,Donor 7591,Grocery Store,Hyderabad
DNR507589,1,27.38,27.38,Donor 7590,Restaurant,Kolkata
DNR507587,1,11.32,11.32,Donor 7588,Hotel,Pune
DNR506945,1,14.0,14.0,Donor 6946,Restaurant,Jaipur
DNR506943,1,15.37,15.37,Donor 6944,Household,Mumbai
DNR506934,1,24.93,24.93,Donor 6935,Event,Kolkata
DNR506931,1,34.12,34.12,Donor 6932,Cafeteria,Bengaluru
DNR506954,1,23.02,23.02,Donor 6955,Cafeteria,Pune
DNR506874,1,13.02,13.02,Donor 6875,Cafeteria,Bengaluru
DNR506871,1,12.09,12.09,Donor 6872,Event,Pune
DNR506870,1,38.1,38.1,Donor 6871,Hotel,Remote
DNR506867,1,13.02,13.02,Donor 6868,Grocery Store,Ahmedabad
DNR506862,1,12.31,12.31,Donor 6863,Household,Pune
DNR506861,1,17.25,17.25,Donor 6862,Bakery,Remote
DNR507615,1,17.45,17.45,Donor 7616,Restaurant,Delhi NCR
DNR507612,1,13.79,13.79,Donor 7613,Bakery,Remote
DNR507606,1,34.95,34.95,Donor 7607,Restaurant,Remote
DNR506900,1,20.39,20.39,Donor 6901,Hotel,Kolkata
DNR506898,1,54.55,54.55,Donor 6899,Event,Ahmedabad
DNR506896,1,8.3,8.3,Donor 6897,Hotel,Jaipur
DNR506895,1,25.53,25.53,Donor 6896,Household,Remote
DNR506894,1,9.27,9.27,Donor 6895,Event,Hyderabad
DNR506892,1,37.9,37.9,Donor 6893,Grocery Store,Kolkata
DNR506891,1,9.33,9.33,Donor 6892,Cafeteria,Remote
DNR506821,1,33.29,33.29,Donor 6822,Household,Pune
DNR506820,1,18.0,18.0,Donor 6821,Event,Mumbai
DNR506859,1,22.17,22.17,Donor 6860,Household,Delhi NCR
DNR506857,1,10.37,10.37,Donor 6858,Event,Bengaluru
DNR506856,1,51.84,51.84,Donor 6857,Household,Ahmedabad
DNR506853,1,24.68,24.68,Donor 6854,Event,Delhi NCR
DNR506851,1,21.59,21.59,Donor 6852,Household,Remote
DNR506845,1,17.77,17.77,Donor 6846,Household,Remote
DNR506840,1,13.56,13.56,Donor 6841,Restaurant,Pune
DNR506839,1,9.19,9.19,Donor 6840,Hotel,Kolkata
DNR507642,1,17.89,17.89,Donor 7643,Event,Pune
DNR507641,1,30.22,30.22,Donor 7642,Household,Kolkata
DNR507630,1,33.17,33.17,Donor 7631,Event,Delhi NCR
DNR507625,1,5.04,5.04,Donor 7626,Cafeteria,Mumbai
DNR507622,1,55.7,55.7,Donor 7623,Hotel,Bengaluru
DNR506878,1,9.04,9.04,Donor 6879,Cafeteria,Ahmedabad
DNR506811,1,23.87,23.87,Donor 6812,Household,Remote
DNR506810,1,37.72,37.72,Donor 6811,Bakery,Ahmedabad
DNR506802,1,20.04,20.04,Donor 6803,Hotel,Chennai
DNR507661,1,43.28,43.28,Donor 7662,Event,Remote
DNR507660,1,11.45,11.45,Donor 7661,Restaurant,Bengaluru
DNR507659,1,15.99,15.99,Donor 7660,Event,Mumbai
DNR507658,1,35.75,35.75,Donor 7659,Restaurant,Kolkata
DNR507655,1,19.68,19.68,Donor 7656,Cafeteria,Pune
DNR507652,1,16.59,16.59,Donor 7653,Household,Bengaluru
DNR507648,1,24.51,24.51,Donor 7649,Event,Remote
DNR507647,1,13.71,13.71,Donor 7648,Bakery,Jaipur
DNR507645,1,23.69,23.69,Donor 7646,Grocery Store,Jaipur
DNR506838,1,24.1,24.1,Donor 6839,Bakery,Jaipur
DNR506834,1,22.51,22.51,Donor 6835,Cafeteria,Bengaluru
DNR506830,1,18.1,18.1,Donor 6831,Bakery,Jaipur
DNR506829,1,22.1,22.1,Donor 6830,Restaurant,Hyderabad
DNR506765,1,14.41,14.41,Donor 6766,Event,Delhi NCR
DNR506798,1,27.96,27.96,Donor 6799,Cafeteria,Hyderabad
DNR506793,1,28.92,28.92,Donor 6794,Household,Remote
DNR506791,1,93.41,93.41,Donor 6792,Cafeteria,Kolkata
DNR506789,1,55.14,55.14,Donor 6790,Household,Hyderabad
DNR506787,1,33.27,33.27,Donor 6788,Hotel,Jaipur
DNR506784,1,24.24,24.24,Donor 6785,Restaurant,Jaipur
DNR506782,1,13.23,13.23,Donor 6783,Household,Kolkata
DNR507678,1,24.99,24.99,Donor 7679,Event,Hyderabad
DNR507675,1,56.51,56.51,Donor 7676,Cafeteria,Remote
DNR507669,1,29.78,29.78,Donor 7670,Hotel,Remote
DNR507668,1,44.04,44.04,Donor 7669,Restaurant,Kolkata
DNR507667,1,16.65,16.65,Donor 7668,Restaurant,Hyderabad
DNR507664,1,25.57,25.57,Donor 7665,Household,Bengaluru
DNR506816,1,32.55,32.55,Donor 6817,Restaurant,Jaipur
DNR506813,1,23.66,23.66,Donor 6814,Restaurant,Delhi NCR
DNR506756,1,12.4,12.4,Donor 6757,Cafeteria,Chennai
DNR506755,1,23.34,23.34,Donor 6756,Cafeteria,Kolkata
DNR506753,1,12.38,12.38,Donor 6754,Hotel,Remote
DNR506751,1,10.72,10.72,Donor 6752,Event,Chennai
DNR506750,1,18.38,18.38,Donor 6751,Restaurant,Delhi NCR
DNR507691,1,14.98,14.98,Donor 7692,Cafeteria,Remote
DNR507689,1,14.1,14.1,Donor 7690,Restaurant,Jaipur
DNR507683,1,16.91,16.91,Donor 7684,Bakery,Kolkata
DNR507679,1,25.28,25.28,Donor 7680,Household,Pune
DNR506780,1,13.18,13.18,Donor 6781,Grocery Store,Delhi NCR
DNR506778,1,14.47,14.47,Donor 6779,Household,Pune
DNR506776,1,16.03,16.03,Donor 6777,Hotel,Chennai
DNR506774,1,24.59,24.59,Donor 6775,Hotel,Hyderabad
DNR506773,1,12.22,12.22,Donor 6774,Event,Bengaluru
DNR506769,1,11.22,11.22,Donor 6770,Hotel,Jaipur
DNR506768,1,38.24,38.24,Donor 6769,Restaurant,Hyderabad
DNR506740,1,42.37,42.37,Donor 6741,Restaurant,Hyderabad
DNR506736,1,39.02,39.02,Donor 6737,Household,Jaipur
DNR506725,1,11.48,11.48,Donor 6726,Hotel,Pune
DNR506722,1,34.05,34.05,Donor 6723,Bakery,Remote
DNR506721,1,38.65,38.65,Donor 6722,Cafeteria,Ahmedabad
DNR506719,1,16.49,16.49,Donor 6720,Restaurant,Kolkata
DNR507715,1,31.18,31.18,Donor 7716,Hotel,Pune
DNR507714,1,37.87,37.87,Donor 7715,Hotel,Bengaluru
DNR507713,1,36.76,36.76,Donor 7714,Household,Pune
DNR507709,1,31.21,31.21,Donor 7710,Restaurant,Jaipur
DNR507707,1,19.95,19.95,Donor 7708,Restaurant,Ahmedabad
DNR507703,1,78.19,78.19,Donor 7704,Grocery Store,Ahmedabad
DNR507700,1,27.7,27.7,Donor 7701,Restaurant,Delhi NCR
DNR507698,1,13.45,13.45,Donor 7699,Restaurant,Ahmedabad
DNR506758,1,22.86,22.86,Donor 6759,Cafeteria,Hyderabad
DNR506757,1,26.83,26.83,Donor 6758,Household,Bengaluru
DNR506682,1,21.24,21.24,Donor 6683,Household,Remote
DNR506716,1,47.54,47.54,Donor 6717,Event,Ahmedabad
DNR506714,1,12.22,12.22,Donor 6715,Household,Kolkata
DNR506709,1,26.77,26.77,Donor 6710,Restaurant,Mumbai
DNR506708,1,28.95,28.95,Donor 6709,Hotel,Chennai
DNR506706,1,16.67,16.67,Donor 6707,Household,Pune
DNR506700,1,10.89,10.89,Donor 6701,Household,Kolkata
DNR506699,1,41.93,41.93,Donor 6700,Cafeteria,Hyderabad
DNR507732,1,54.97,54.97,Donor 7733,Cafeteria,Pune
DNR507731,1,30.08,30.08,Donor 7732,Restaurant,Pune
DNR507723,1,18.58,18.58,Donor 7724,Hotel,Jaipur
DNR507721,1,32.54,32.54,Donor 7722,Household,Remote
DNR507720,1,26.87,26.87,Donor 7721,Cafeteria,Remote
DNR507719,1,14.36,14.36,Donor 7720,Event,Chennai
DNR507717,1,3.03,3.03,Donor 7718,Restaurant,Hyderabad
DNR506743,1,15.17,15.17,Donor 6744,Restaurant,Hyderabad
DNR506671,1,25.51,25.51,Donor 6672,Event,Ahmedabad
DNR506663,1,19.54,19.54,Donor 6664,Household,Ahmedabad
DNR506661,1,16.17,16.17,Donor 6662,Household,Pune
DNR507755,1,11.41,11.41,Donor 7756,Household,Bengaluru
DNR507754,1,23.72,23.72,Donor 7755,Household,Mumbai
DNR507753,1,23.46,23.46,Donor 7754,Hotel,Hyderabad
DNR507751,1,8.64,8.64,Donor 7752,Hotel,Mumbai
DNR507748,1,26.17,26.17,Donor 7749,Restaurant,Hyderabad
DNR507740,1,14.07,14.07,Donor 7741,Household,Mumbai
DNR507734,1,30.2,30.2,Donor 7735,Grocery Store,Mumbai
DNR507733,1,13.45,13.45,Donor 7734,Hotel,Chennai
DNR506694,1,24.89,24.89,Donor 6695,Grocery Store,Delhi NCR
DNR506692,1,39.76,39.76,Donor 6693,Cafeteria,Remote
DNR506690,1,4.34,4.34,Donor 6691,Restaurant,Chennai
DNR506685,1,42.23,42.23,Donor 6686,Restaurant,Bengaluru
DNR506684,1,30.37,30.37,Donor 6685,Event,Bengaluru
DNR506624,1,97.11,97.11,Donor 6625,Cafeteria,Jaipur
DNR506623,1,33.0,33.0,Donor 6624,Household,Remote
DNR506622,1,16.73,16.73,Donor 6623,Hotel,Hyderabad
DNR506620,1,35.05,35.05,Donor 6621,Restaurant,Kolkata
DNR507776,1,19.02,19.02,Donor 7777,Event,Delhi NCR
DNR507774,1,20.44,20.44,Donor 7775,Event,Ahmedabad
DNR507772,1,43.19,43.19,Donor 7773,Cafeteria,Pune
DNR507771,1,9.77,9.77,Donor 7772,Household,Pune
DNR507770,1,22.52,22.52,Donor 7771,Hotel,Kolkata
DNR507768,1,4.71,4.71,Donor 7769,Event,Mumbai
DNR507764,1,28.4,28.4,Donor 7765,Event,Bengaluru
DNR506649,1,40.67,40.67,Donor 6650,Hotel,Mumbai
DNR506648,1,28.72,28.72,Donor 6649,Restaurant,Pune
DNR506639,1,13.02,13.02,Donor 6640,Grocery Store,Hyderabad
DNR506638,1,40.36,40.36,Donor 6639,Household,Pune
DNR506636,1,15.13,15.13,Donor 6637,Restaurant,Delhi NCR
DNR506611,1,32.47,32.47,Donor 6612,Cafeteria,Remote
DNR506609,1,3.4,3.4,Donor 6610,Bakery,Chennai
DNR506607,1,19.83,19.83,Donor 6608,Hotel,Chennai
DNR506604,1,22.62,22.62,Donor 6605,Event,Chennai
DNR506602,1,15.39,15.39,Donor 6603,Restaurant,Hyderabad
DNR506600,1,36.02,36.02,Donor 6601,Household,Ahmedabad
DNR507791,1,17.55,17.55,Donor 7792,Household,Pune
DNR507788,1,24.49,24.49,Donor 7789,Restaurant,Hyderabad
DNR507783,1,31.61,31.61,Donor 7784,Restaurant,Kolkata
DNR507780,1,25.82,25.82,Donor 7781,Cafeteria,Kolkata
DNR507779,1,43.79,43.79,Donor 7780,Restaurant,Delhi NCR
DNR507778,1,37.03,37.03,Donor 7779,Hotel,Mumbai
DNR506633,1,34.42,34.42,Donor 6634,Event,Mumbai
DNR506632,1,8.78,8.78,Donor 6633,Restaurant,Pune
DNR506631,1,28.65,28.65,Donor 6632,Cafeteria,Bengaluru
DNR506625,1,28.3,28.3,Donor 6626,Cafeteria,Delhi NCR
DNR506572,1,49.26,49.26,Donor 6573,Event,Remote
DNR506570,1,34.04,34.04,Donor 6571,Cafeteria,Hyderabad
DNR506559,1,23.78,23.78,Donor 6560,Hotel,Kolkata
DNR507816,1,9.76,9.76,Donor 7817,Household,Hyderabad
DNR507814,1,4.85,4.85,Donor 7815,Household,Delhi NCR
DNR507809,1,10.99,10.99,Donor 7810,Event,Kolkata
DNR507800,1,27.26,27.26,Donor 7801,Hotel,Bengaluru
DNR507798,1,17.26,17.26,Donor 7799,Restaurant,Mumbai
DNR506596,1,42.32,42.32,Donor 6597,Household,Ahmedabad
DNR506595,1,64.02,64.02,Donor 6596,Cafeteria,Bengaluru
DNR506589,1,10.64,10.64,Donor 6590,Restaurant,Jaipur
DNR506585,1,5.97,5.97,Donor 6586,Cafeteria,Remote
DNR506583,1,28.05,28.05,Donor 6584,Cafeteria,Pune
DNR506578,1,25.14,25.14,Donor 6579,Cafeteria,Ahmedabad
DNR506615,1,32.67,32.67,Donor 6616,Grocery Store,Ahmedabad
DNR506612,1,39.26,39.26,Donor 6613,Event,Hyderabad
DNR506548,1,15.74,15.74,Donor 6549,Restaurant,Hyderabad
DNR506546,1,19.32,19.32,Donor 6547,Restaurant,Chennai
DNR506540,1,22.0,22.0,Donor 6541,Cafeteria,Jaipur
DNR507835,1,22.09,22.09,Donor 7836,Household,Pune
DNR507834,1,8.97,8.97,Donor 7835,Hotel,Delhi NCR
DNR507833,1,42.46,42.46,Donor 7834,Restaurant,Remote
DNR507830,1,16.0,16.0,Donor 7831,Household,Jaipur
DNR507825,1,28.78,28.78,Donor 7826,Event,Mumbai
DNR507824,1,27.05,27.05,Donor 7825,Restaurant,Hyderabad
DNR507823,1,9.53,9.53,Donor 7824,Restaurant,Chennai
DNR507819,1,14.81,14.81,Donor 7820,Restaurant,Pune
DNR507818,1,15.29,15.29,Donor 7819,Event,Ahmedabad
DNR507817,1,21.08,21.08,Donor 7818,Hotel,Hyderabad
DNR506577,1,5.3,5.3,Donor 6578,Bakery,Ahmedabad
DNR506576,1,14.08,14.08,Donor 6577,Restaurant,Kolkata
DNR506575,1,13.47,13.47,Donor 6576,Bakery,Delhi NCR
DNR506502,1,27.99,27.99,Donor 6503,Bakery,Remote
DNR506536,1,50.5,50.5,Donor 6537,Restaurant,Mumbai
DNR506534,1,5.49,5.49,Donor 6535,Cafeteria,Pune
DNR506532,1,22.77,22.77,Donor 6533,Cafeteria,Remote
DNR506525,1,42.04,42.04,Donor 6526,Restaurant,Remote
DNR506518,1,25.96,25.96,Donor 6519,Household,Delhi NCR
DNR507856,1,11.03,11.03,Donor 7857,Restaurant,Pune
DNR507852,1,35.7,35.7,Donor 7853,Restaurant,Pune
DNR507849,1,37.49,37.49,Donor 7850,Household,Pune
DNR507847,1,11.07,11.07,Donor 7848,Household,Chennai
DNR507844,1,17.8,17.8,Donor 7845,Cafeteria,Jaipur
DNR507841,1,56.47,56.47,Donor 7842,Grocery Store,Jaipur
DNR507838,1,24.91,24.91,Donor 7839,Restaurant,Ahmedabad
DNR507837,1,82.21,82.21,Donor 7838,Household,Jaipur
DNR506556,1,17.98,17.98,Donor 6557,Hotel,Mumbai
DNR506552,1,29.65,29.65,Donor 6553,Cafeteria,Kolkata
DNR506488,1,24.7,24.7,Donor 6489,Restaurant,Jaipur
DNR506486,1,25.55,25.55,Donor 6487,Bakery,Jaipur
DNR506479,1,5.57,5.57,Donor 6480,Household,Ahmedabad
DNR507876,1,34.68,34.68,Donor 7877,Restaurant,Kolkata
DNR507874,1,27.91,27.91,Donor 7875,Household,Kolkata
DNR507868,1,18.23,18.23,Donor 7869,Hotel,Pune
DNR507867,1,15.85,15.85,Donor 7868,Hotel,Mumbai
DNR507866,1,19.36,19.36,Donor 7867,Household,Jaipur
DNR507865,1,11.45,11.45,Donor 7866,Restaurant,Hyderabad
DNR507863,1,7.53,7.53,Donor 7864,Restaurant,Bengaluru
DNR507859,1,15.01,15.01,Donor 7860,Event,Ahmedabad
DNR506511,1,13.43,13.43,Donor 6512,Grocery Store,Ahmedabad
DNR506510,1,18.55,18.55,Donor 6511,Restaurant,Delhi NCR
DNR506507,1,14.91,14.91,Donor 6508,Household,Chennai
DNR506504,1,9.81,9.81,Donor 6505,Hotel,Kolkata
DNR506503,1,20.85,20.85,Donor 6504,Restaurant,Chennai
DNR506448,1,13.21,13.21,Donor 6449,Restaurant,Bengaluru
DNR506474,1,20.59,20.59,Donor 6475,Restaurant,Hyderabad
DNR506472,1,20.69,20.69,Donor 6473,Cafeteria,Jaipur
DNR506471,1,4.42,4.42,Donor 6472,Cafeteria,Jaipur
DNR506467,1,33.67,33.67,Donor 6468,Restaurant,Remote
DNR506466,1,54.55,54.55,Donor 6467,Cafeteria,Kolkata
DNR506465,1,25.72,25.72,Donor 6466,Hotel,Pune
DNR506464,1,30.44,30.44,Donor 6465,Grocery Store,Jaipur
DNR507897,1,43.3,43.3,Donor 7898,Hotel,Remote
DNR507894,1,28.46,28.46,Donor 7895,Event,Kolkata
DNR507890,1,24.5,24.5,Donor 7891,Cafeteria,Bengaluru
DNR507883,1,6.93,6.93,Donor 7884,Hotel,Chennai
DNR506495,1,10.02,10.02,Donor 6496,Restaurant,Remote
DNR506494,1,36.07,36.07,Donor 6495,Restaurant,Jaipur
DNR506492,1,38.61,38.61,Donor 6493,Hotel,Hyderabad
DNR506489,1,47.45,47.45,Donor 6490,Restaurant,Remote
DNR506438,1,15.0,15.0,Donor 6439,Grocery Store,Pune
DNR506437,1,25.23,25.23,Donor 6438,Hotel,Jaipur
DNR506436,1,15.01,15.01,Donor 6437,Hotel,Remote
DNR506435,1,18.69,18.69,Donor 6436,Grocery Store,Jaipur
DNR506432,1,51.91,51.91,Donor 6433,Household,Kolkata
DNR507917,1,13.82,13.82,Donor 7918,Restaurant,Bengaluru
DNR507916,1,21.72,21.72,Donor 7917,Household,Ahmedabad
DNR507914,1,18.67,18.67,Donor 7915,Restaurant,Jaipur
DNR507910,1,10.61,10.61,Donor 7911,Restaurant,Kolkata
DNR507908,1,30.29,30.29,Donor 7909,Event,Pune
DNR507904,1,20.32,20.32,Donor 7905,Grocery Store,Delhi NCR
DNR507899,1,7.56,7.56,Donor 7900,Hotel,Bengaluru
DNR506456,1,17.61,17.61,Donor 6457,Bakery,Bengaluru
DNR506452,1,13.07,13.07,Donor 6453,Grocery Store,Pune
DNR506451,1,25.9,25.9,Donor 6452,Restaurant,Delhi NCR
DNR506449,1,12.1,12.1,Donor 6450,Restaurant,Remote
DNR506399,1,7.22,7.22,Donor 6400,Household,Jaipur
DNR506398,1,37.51,37.51,Donor 6399,Restaurant,Pune
DNR506397,1,40.1,40.1,Donor 6398,Hotel,Bengaluru
DNR506392,1,19.23,19.23,Donor 6393,Restaurant,Ahmedabad
DNR506384,1,12.05,12.05,Donor 6385,Cafeteria,Remote
DNR506383,1,37.13,37.13,Donor 6384,Cafeteria,Remote
DNR507938,1,18.48,18.48,Donor 7939,Hotel,Ahmedabad
DNR507929,1,48.5,48.5,Donor 7930,Grocery Store,Mumbai
DNR507927,1,34.43,34.43,Donor 7928,Hotel,Ahmedabad
DNR506421,1,16.07,16.07,Donor 6422,Restaurant,Mumbai
DNR506419,1,4.83,4.83,Donor 6420,Household,Kolkata
DNR506418,1,17.01,17.01,Donor 6419,Bakery,Jaipur
DNR506414,1,12.88,12.88,Donor 6415,Restaurant,Hyderabad
DNR506409,1,16.15,16.15,Donor 6410,Restaurant,Remote
DNR506408,1,13.3,13.3,Donor 6409,Restaurant,Kolkata
DNR506439,1,33.62,33.62,Donor 6440,Grocery Store,Ahmedabad
DNR506352,1,24.03,24.03,Donor 6353,Restaurant,Delhi NCR
DNR506350,1,22.42,22.42,Donor 6351,Household,Hyderabad
DNR506349,1,10.73,10.73,Donor 6350,Household,Mumbai
DNR507957,1,17.9,17.9,Donor 7958,Hotel,Jaipur
DNR507955,1,32.18,32.18,Donor 7956,Hotel,Kolkata
DNR507953,1,14.16,14.16,Donor 7954,Hotel,Kolkata
DNR507951,1,19.85,19.85,Donor 7952,Restaurant,Kolkata
DNR507949,1,36.39,36.39,Donor 7950,Cafeteria,Kolkata
DNR507943,1,58.82,58.82,Donor 7944,Restaurant,Hyderabad
DNR507942,1,11.51,11.51,Donor 7943,Restaurant,Ahmedabad
DNR507940,1,41.78,41.78,Donor 7941,Restaurant,Jaipur
DNR506377,1,54.27,54.27,Donor 6378,Household,Kolkata
DNR506372,1,20.51,20.51,Donor 6373,Event,Pune
DNR506365,1,36.79,36.79,Donor 6366,Event,Kolkata
DNR506364,1,29.05,29.05,Donor 6365,Restaurant,Mumbai
DNR506402,1,13.98,13.98,Donor 6403,Restaurant,Remote
DNR506309,1,8.91,8.91,Donor 6310,Restaurant,Hyderabad
DNR506304,1,13.91,13.91,Donor 6305,Grocery Store,Chennai
DNR506343,1,13.68,13.68,Donor 6344,Cafeteria,Pune
DNR506341,1,24.45,24.45,Donor 6342,Cafeteria,Pune
DNR506339,1,27.61,27.61,Donor 6340,Household,Jaipur
DNR506333,1,23.11,23.11,Donor 6334,Event,Jaipur
DNR506332,1,53.74,53.74,Donor 6333,Restaurant,Chennai
DNR506328,1,28.02,28.02,Donor 6329,Cafeteria,Mumbai
DNR506322,1,33.55,33.55,Donor 6323,Hotel,Kolkata
DNR507975,1,8.76,8.76,Donor 7976,Restaurant,Delhi NCR
DNR507970,1,2.75,2.75,Donor 7971,Event,Jaipur
DNR507965,1,14.55,14.55,Donor 7966,Grocery Store,Remote
DNR507964,1,26.12,26.12,Donor 7965,Household,Kolkata
DNR506360,1,29.44,29.44,Donor 6361,Household,Jaipur
DNR506359,1,24.22,24.22,Donor 6360,Hotel,Chennai
DNR506356,1,37.52,37.52,Donor 6357,Household,Ahmedabad
DNR506268,1,20.94,20.94,Donor 6269,Hotel,Bengaluru
DNR506301,1,16.51,16.51,Donor 6302,Cafeteria,Chennai
DNR506299,1,37.75,37.75,Donor 6300,Household,Delhi NCR
DNR506297,1,11.11,11.11,Donor 6298,Hotel,Ahmedabad
DNR506287,1,27.43,27.43,Donor 6288,Restaurant,Hyderabad
DNR506286,1,23.28,23.28,Donor 6287,Restaurant,Remote
DNR506285,1,6.47,6.47,Donor 6286,Restaurant,Delhi NCR
DNR507996,1,20.89,20.89,Donor 7997,Event,Pune
DNR507994,1,30.42,30.42,Donor 7995,Grocery Store,Jaipur
DNR507990,1,54.49,54.49,Donor 7991,Hotel,Remote
DNR507983,1,16.92,16.92,Donor 7984,Grocery Store,Ahmedabad
DNR507982,1,12.22,12.22,Donor 7983,Restaurant,Remote
DNR506321,1,68.08,68.08,Donor 6322,Household,Ahmedabad
DNR506317,1,28.03,28.03,Donor 6318,Household,Pune
DNR506312,1,14.18,14.18,Donor 6313,Cafeteria,Kolkata
DNR506310,1,23.5,23.5,Donor 6311,Household,Remote
DNR506238,1,21.45,21.45,Donor 6239,Hotel,Remote
DNR506229,1,57.17,57.17,Donor 6230,Household,Mumbai
DNR506228,1,38.71,38.71,Donor 6229,Restaurant,Mumbai
DNR506226,1,7.1,7.1,Donor 6227,Hotel,Mumbai
DNR508015,1,10.0,10.0,Donor 8016,Cafeteria,Kolkata
DNR508013,1,34.69,34.69,Donor 8014,Cafeteria,Remote
DNR508012,1,41.33,41.33,Donor 8013,Bakery,Bengaluru
DNR508006,1,23.85,23.85,Donor 8007,Restaurant,Delhi NCR
DNR508005,1,16.76,16.76,Donor 8006,Hotel,Remote
DNR508000,1,28.08,28.08,Donor 8001,Household,Remote
DNR506256,1,14.27,14.27,Donor 6257,Bakery,Delhi NCR
DNR506250,1,10.27,10.27,Donor 6251,Hotel,Remote
DNR506247,1,11.72,11.72,Donor 6248,Restaurant,Ahmedabad
DNR506278,1,41.97,41.97,Donor 6279,Hotel,Hyderabad
DNR506277,1,8.73,8.73,Donor 6278,Bakery,Hyderabad
DNR506271,1,41.41,41.41,Donor 6272,Grocery Store,Bengaluru
DNR506182,1,10.9,10.9,Donor 6183,Cafeteria,Mumbai
DNR506218,1,22.96,22.96,Donor 6219,Cafeteria,Ahmedabad
DNR506212,1,90.68,90.68,Donor 6213,Grocery Store,Jaipur
DNR506211,1,29.66,29.66,Donor 6212,Household,Bengaluru
DNR506209,1,7.68,7.68,Donor 6210,Restaurant,Chennai
DNR506204,1,16.21,16.21,Donor 6205,Cafeteria,Remote
DNR506199,1,34.36,34.36,Donor 6200,Restaurant,Pune
DNR506198,1,12.77,12.77,Donor 6199,Household,Delhi NCR
DNR506196,1,40.07,40.07,Donor 6197,Hotel,Chennai
DNR508030,1,36.53,36.53,Donor 8031,Hotel,Kolkata
DNR508028,1,23.33,23.33,Donor 8029,Restaurant,Jaipur
DNR508023,1,3.69,3.69,Donor 8024,Household,Delhi NCR
DNR508022,1,20.19,20.19,Donor 8023,Restaurant,Bengaluru
DNR506242,1,13.25,13.25,Donor 6243,Cafeteria,Remote
DNR506241,1,9.27,9.27,Donor 6242,Cafeteria,Chennai
DNR506239,1,25.49,25.49,Donor 6240,Restaurant,Kolkata
DNR506170,1,22.29,22.29,Donor 6171,Restaurant,Delhi NCR
DNR506168,1,21.61,21.61,Donor 6169,Household,Ahmedabad
DNR506165,1,12.3,12.3,Donor 6166,Household,Jaipur
DNR506163,1,27.43,27.43,Donor 6164,Hotel,Bengaluru
DNR506157,1,14.01,14.01,Donor 6158,Hotel,Mumbai
DNR508062,1,49.33,49.33,Donor 8063,Household,Bengaluru
DNR508059,1,20.83,20.83,Donor 8060,Household,Delhi NCR
DNR508052,1,18.56,18.56,Donor 8053,Event,Remote
DNR508049,1,7.04,7.04,Donor 8050,Restaurant,Hyderabad
DNR508048,1,14.4,14.4,Donor 8049,Grocery Store,Hyderabad
DNR508045,1,21.94,21.94,Donor 8046,Restaurant,Ahmedabad
DNR506191,1,37.05,37.05,Donor 6192,Restaurant,Jaipur
DNR506190,1,27.81,27.81,Donor 6191,Household,Chennai
DNR506189,1,18.49,18.49,Donor 6190,Cafeteria,Mumbai
DNR506185,1,24.63,24.63,Donor 6186,Restaurant,Ahmedabad
DNR506184,1,59.52,59.52,Donor 6185,Restaurant,Bengaluru
DNR506127,1,27.05,27.05,Donor 6128,Restaurant,Ahmedabad
DNR506123,1,25.14,25.14,Donor 6124,Restaurant,Remote
DNR506122,1,12.82,12.82,Donor 6123,Cafeteria,Remote
DNR508082,1,27.45,27.45,Donor 8083,Hotel,Mumbai
DNR508074,1,21.43,21.43,Donor 8075,Bakery,Remote
DNR508071,1,37.78,37.78,Donor 8072,Restaurant,Ahmedabad
DNR508066,1,25.39,25.39,Donor 8067,Event,Jaipur
DNR508065,1,9.46,9.46,Donor 8066,Household,Chennai
DNR508064,1,28.39,28.39,Donor 8065,Hotel,Remote
DNR506145,1,15.47,15.47,Donor 6146,Hotel,Pune
DNR506144,1,13.62,13.62,Donor 6145,Event,Bengaluru
DNR506143,1,24.05,24.05,Donor 6144,Restaurant,Hyderabad
DNR506142,1,45.33,45.33,Donor 6143,Household,Delhi NCR
DNR506141,1,20.54,20.54,Donor 6142,Restaurant,Kolkata
DNR506140,1,7.08,7.08,Donor 6141,Event,Kolkata
DNR506138,1,14.97,14.97,Donor 6139,Event,Hyderabad
DNR506093,1,30.64,30.64,Donor 6094,Bakery,Chennai
DNR506089,1,32.01,32.01,Donor 6090,Restaurant,Bengaluru
DNR506088,1,32.56,32.56,Donor 6089,Restaurant,Delhi NCR
DNR506081,1,13.74,13.74,Donor 6082,Restaurant,Delhi NCR
DNR508101,1,25.36,25.36,Donor 8102,Restaurant,Delhi NCR
DNR508092,1,25.53,25.53,Donor 8093,Household,Jaipur
DNR508089,1,14.62,14.62,Donor 8090,Event,Remote
DNR508085,1,51.3,51.3,Donor 8086,Household,Jaipur
DNR506118,1,36.63,36.63,Donor 6119,Cafeteria,Jaipur
DNR506104,1,7.07,7.07,Donor 6105,Household,Jaipur
DNR506103,1,20.87,20.87,Donor 6104,Restaurant,Kolkata
DNR506099,1,15.62,15.62,Donor 6100,Grocery Store,Jaipur
DNR506137,1,97.93,97.93,Donor 6138,Hotel,Kolkata
DNR506132,1,22.49,22.49,Donor 6133,Hotel,Pune
DNR506130,1,11.19,11.19,Donor 6131,Event,Jaipur
DNR506128,1,26.68,26.68,Donor 6129,Restaurant,Bengaluru
DNR506077,1,19.14,19.14,Donor 6078,Household,Ahmedabad
DNR506074,1,14.14,14.14,Donor 6075,Restaurant,Kolkata
DNR506072,1,23.38,23.38,Donor 6073,Restaurant,Ahmedabad
DNR506070,1,3.49,3.49,Donor 6071,Event,Pune
DNR506069,1,18.42,18.42,Donor 6070,Household,Hyderabad
DNR506063,1,15.9,15.9,Donor 6064,Grocery Store,Mumbai
DNR506062,1,27.78,27.78,Donor 6063,Restaurant,Jaipur
DNR508120,1,27.11,27.11,Donor 8121,Restaurant,Remote
DNR508118,1,23.0,23.0,Donor 8119,Restaurant,Kolkata
DNR508115,1,45.1,45.1,Donor 8116,Bakery,Bengaluru
DNR508110,1,8.35,8.35,Donor 8111,Cafeteria,Mumbai
DNR508108,1,13.68,13.68,Donor 8109,Household,Pune
DNR508106,1,12.05,12.05,Donor 8107,Cafeteria,Delhi NCR
DNR506098,1,9.52,9.52,Donor 6099,Cafeteria,Pune
DNR506096,1,13.69,13.69,Donor 6097,Event,Kolkata
DNR506094,1,15.26,15.26,Donor 6095,Hotel,Bengaluru
DNR506031,1,10.96,10.96,Donor 6032,Household,Bengaluru
DNR506025,1,30.94,30.94,Donor 6026,Restaurant,Chennai
DNR506023,1,28.11,28.11,Donor 6024,Restaurant,Delhi NCR
DNR508139,1,43.19,43.19,Donor 8140,Household,Delhi NCR
DNR508138,1,5.86,5.86,Donor 8139,Cafeteria,Kolkata
DNR508137,1,10.82,10.82,Donor 8138,Restaurant,Kolkata
DNR508135,1,8.56,8.56,Donor 8136,Restaurant,Jaipur
DNR508132,1,26.28,26.28,Donor 8133,Event,Hyderabad
DNR508124,1,18.23,18.23,Donor 8125,Hotel,Bengaluru
DNR506058,1,17.87,17.87,Donor 6059,Restaurant,Mumbai
DNR506056,1,61.76,61.76,Donor 6057,Event,Pune
DNR506055,1,13.89,13.89,Donor 6056,Household,Pune
DNR506052,1,20.17,20.17,Donor 6053,Restaurant,Remote
DNR506050,1,24.88,24.88,Donor 6051,Hotel,Delhi NCR
DNR506042,1,25.07,25.07,Donor 6043,Cafeteria,Delhi NCR
DNR506038,1,30.03,30.03,Donor 6039,Hotel,Remote
DNR505984,1,21.82,21.82,Donor 5985,Cafeteria,Remote
DNR506016,1,26.0,26.0,Donor 6017,Restaurant,Chennai
DNR506012,1,23.1,23.1,Donor 6013,Restaurant,Kolkata
DNR506011,1,31.53,31.53,Donor 6012,Restaurant,Bengaluru
DNR506008,1,8.99,8.99,Donor 6009,Bakery,Kolkata
DNR508156,1,17.73,17.73,Donor 8157,Cafeteria,Delhi NCR
DNR508153,1,59.22,59.22,Donor 8154,Cafeteria,Kolkata
DNR508151,1,30.83,30.83,Donor 8152,Restaurant,Pune
DNR508150,1,11.02,11.02,Donor 8151,Bakery,Bengaluru
DNR508148,1,17.54,17.54,Donor 8149,Bakery,Remote
DNR508146,1,48.66,48.66,Donor 8147,Household,Remote
DNR508142,1,14.22,14.22,Donor 8143,Household,Ahmedabad
DNR506037,1,50.29,50.29,Donor 6038,Restaurant,Jaipur
DNR506035,1,19.33,19.33,Donor 6036,Cafeteria,Hyderabad
DNR506034,1,29.8,29.8,Donor 6035,Restaurant,Delhi NCR
DNR506032,1,43.87,43.87,Donor 6033,Cafeteria,Mumbai
DNR505977,1,21.05,21.05,Donor 5978,Restaurant,Remote
DNR505976,1,30.83,30.83,Donor 5977,Restaurant,Pune
DNR505971,1,27.52,27.52,Donor 5972,Hotel,Kolkata
DNR505970,1,15.64,15.64,Donor 5971,Restaurant,Remote
DNR505964,1,6.63,6.63,Donor 5965,Restaurant,Jaipur
DNR508178,1,32.95,32.95,Donor 8179,Cafeteria,Chennai
DNR508176,1,24.74,24.74,Donor 8177,Restaurant,Kolkata
DNR508174,1,52.46,52.46,Donor 8175,Household,Mumbai
DNR508173,1,11.51,11.51,Donor 8174,Hotel,Bengaluru
DNR508168,1,70.06,70.06,Donor 8169,Restaurant,Bengaluru
DNR508163,1,6.93,6.93,Donor 8164,Event,Remote
DNR508162,1,20.68,20.68,Donor 8163,Hotel,Hyderabad
DNR505999,1,20.73,20.73,Donor 6000,Grocery Store,Kolkata
DNR505995,1,21.12,21.12,Donor 5996,Bakery,Kolkata
DNR505994,1,14.51,14.51,Donor 5995,Hotel,Bengaluru
DNR505992,1,16.69,16.69,Donor 5993,Restaurant,Bengaluru
DNR505963,1,50.0,50.0,Donor 5964,Event,Chennai
DNR505962,1,8.0,8.0,Donor 5963,Cafeteria,Pune
DNR505957,1,6.99,6.99,Donor 5958,Hotel,Delhi NCR
DNR505952,1,15.12,15.12,Donor 5953,Cafeteria,Pune
DNR505950,1,29.89,29.89,Donor 5951,Restaurant,Delhi NCR
DNR505948,1,42.36,42.36,Donor 5949,Cafeteria,Jaipur
DNR508195,1,15.47,15.47,Donor 8196,Bakery,Jaipur
DNR508194,1,11.41,11.41,Donor 8195,Household,Hyderabad
DNR508190,1,21.2,21.2,Donor 8191,Household,Jaipur
DNR508188,1,21.96,21.96,Donor 8189,Restaurant,Chennai
DNR508186,1,19.22,19.22,Donor 8187,Restaurant,Kolkata
DNR508185,1,13.99,13.99,Donor 8186,Bakery,Kolkata
DNR508184,1,42.41,42.41,Donor 8185,Restaurant,Remote
DNR505983,1,16.14,16.14,Donor 5984,Restaurant,Mumbai
DNR505981,1,10.8,10.8,Donor 5982,Restaurant,Ahmedabad
DNR505980,1,15.83,15.83,Donor 5981,Cafeteria,Delhi NCR
DNR505913,1,13.8,13.8,Donor 5914,Restaurant,Kolkata
DNR505911,1,24.12,24.12,Donor 5912,Restaurant,Hyderabad
DNR505907,1,51.35,51.35,Donor 5908,Cafeteria,Bengaluru
DNR505906,1,27.73,27.73,Donor 5907,Hotel,Bengaluru
DNR508217,1,19.72,19.72,Donor 8218,Hotel,Jaipur
DNR508214,1,18.12,18.12,Donor 8215,Cafeteria,Hyderabad
DNR508213,1,10.32,10.32,Donor 8214,Event,Pune
DNR508210,1,14.46,14.46,Donor 8211,Household,Mumbai
DNR508208,1,11.53,11.53,Donor 8209,Restaurant,Bengaluru
DNR508204,1,41.35,41.35,Donor 8205,Restaurant,Pune
DNR508200,1,14.27,14.27,Donor 8201,Restaurant,Pune
DNR505941,1,57.07,57.07,Donor 5942,Household,Pune
DNR505939,1,34.92,34.92,Donor 5940,Restaurant,Remote
DNR505933,1,13.32,13.32,Donor 5934,Grocery Store,Jaipur
DNR505932,1,11.72,11.72,Donor 5933,Household,Jaipur
DNR505930,1,25.35,25.35,Donor 5931,Grocery Store,Chennai
DNR505896,1,25.68,25.68,Donor 5897,Restaurant,Delhi NCR
DNR505895,1,46.87,46.87,Donor 5896,Restaurant,Kolkata
DNR505894,1,19.27,19.27,Donor 5895,Restaurant,Pune
DNR505890,1,28.27,28.27,Donor 5891,Hotel,Hyderabad
DNR508232,1,31.17,31.17,Donor 8233,Grocery Store,Hyderabad
DNR508231,1,21.91,21.91,Donor 8232,Cafeteria,Kolkata
DNR508230,1,26.07,26.07,Donor 8231,Household,Kolkata
DNR508226,1,25.71,25.71,Donor 8227,Grocery Store,Remote
DNR508223,1,40.59,40.59,Donor 8224,Hotel,Delhi NCR
DNR508219,1,21.02,21.02,Donor 8220,Household,Mumbai
DNR505926,1,48.61,48.61,Donor 5927,Event,Mumbai
DNR505922,1,33.13,33.13,Donor 5923,Cafeteria,Pune
DNR505919,1,33.46,33.46,Donor 5920,Hotel,Pune
DNR505918,1,18.74,18.74,Donor 5919,Restaurant,Hyderabad
DNR505917,1,20.08,20.08,Donor 5918,Cafeteria,Hyderabad
DNR505915,1,34.27,34.27,Donor 5916,Cafeteria,Pune
DNR505851,1,20.2,20.2,Donor 5852,Grocery Store,Delhi NCR
DNR505883,1,6.98,6.98,Donor 5884,Household,Mumbai
DNR505876,1,20.98,20.98,Donor 5877,Restaurant,Bengaluru
DNR505875,1,71.82,71.82,Donor 5876,Restaurant,Chennai
DNR505873,1,27.28,27.28,Donor 5874,Bakery,Kolkata
DNR505869,1,80.49,80.49,Donor 5870,Restaurant,Pune
DNR505868,1,5.72,5.72,Donor 5869,Restaurant,Kolkata
DNR508257,1,13.34,13.34,Donor 8258,Restaurant,Hyderabad
DNR508256,1,44.5,44.5,Donor 8257,Grocery Store,Jaipur
DNR508253,1,15.0,15.0,Donor 8254,Cafeteria,Pune
DNR508249,1,34.17,34.17,Donor 8250,Household,Pune
DNR508244,1,6.87,6.87,Donor 8245,Household,Pune
DNR508238,1,41.93,41.93,Donor 8239,Bakery,Kolkata
DNR508237,1,8.42,8.42,Donor 8238,Household,Jaipur
DNR505902,1,15.75,15.75,Donor 5903,Restaurant,Delhi NCR
DNR505900,1,14.47,14.47,Donor 5901,Hotel,Jaipur
DNR505809,1,13.58,13.58,Donor 5810,Cafeteria,Jaipur
DNR505846,1,40.04,40.04,Donor 5847,Bakery,Pune
DNR505840,1,17.5,17.5,Donor 5841,Event,Ahmedabad
DNR505834,1,40.3,40.3,Donor 5835,Cafeteria,Mumbai
DNR505831,1,13.02,13.02,Donor 5832,Hotel,Kolkata
DNR505830,1,25.94,25.94,Donor 5831,Restaurant,Delhi NCR
DNR505829,1,39.87,39.87,Donor 5830,Restaurant,Hyderabad
DNR508274,1,21.45,21.45,Donor 8275,Cafeteria,Jaipur
DNR508271,1,5.11,5.11,Donor 8272,Household,Hyderabad
DNR508266,1,29.31,29.31,Donor 8267,Bakery,Pune
DNR508264,1,11.25,11.25,Donor 8265,Restaurant,Pune
DNR505860,1,24.2,24.2,Donor 5861,Cafeteria,Mumbai
DNR505859,1,17.39,17.39,Donor 5860,Restaurant,Ahmedabad
DNR505855,1,32.09,32.09,Donor 5856,Grocery Store,Bengaluru
DNR505854,1,9.84,9.84,Donor 5855,Bakery,Remote
DNR505853,1,19.36,19.36,Donor 5854,Hotel,Ahmedabad
DNR505776,1,35.99,35.99,Donor 5777,Grocery Store,Chennai
DNR505808,1,10.94,10.94,Donor 5809,Hotel,Bengaluru
DNR505805,1,45.46,45.46,Donor 5806,Event,Delhi NCR
DNR505804,1,14.5,14.5,Donor 5805,Hotel,Jaipur
DNR505802,1,42.71,42.71,Donor 5803,Restaurant,Hyderabad
DNR505800,1,14.24,14.24,Donor 5801,Hotel,Pune
DNR505794,1,17.23,17.23,Donor 5795,Event,Delhi NCR
DNR505791,1,19.8,19.8,Donor 5792,Hotel,Mumbai
DNR508291,1,10.31,10.31,Donor 8292,Household,Jaipur
DNR508289,1,2.81,2.81,Donor 8290,Cafeteria,Mumbai
DNR508285,1,43.2,43.2,Donor 8286,Cafeteria,Kolkata
DNR508284,1,5.54,5.54,Donor 8285,Household,Ahmedabad
DNR508280,1,48.06,48.06,Donor 8281,Restaurant,Mumbai
DNR505826,1,25.28,25.28,Donor 5827,Restaurant,Delhi NCR
DNR505820,1,26.93,26.93,Donor 5821,Restaurant,Hyderabad
DNR505810,1,39.57,39.57,Donor 5811,Bakery,Hyderabad
DNR505731,1,13.05,13.05,Donor 5732,Restaurant,Pune
DNR505728,1,24.46,24.46,Donor 5729,Bakery,Chennai
DNR505766,1,18.44,18.44,Donor 5767,Restaurant,Remote
DNR505765,1,34.15,34.15,Donor 5766,Event,Ahmedabad
DNR505764,1,35.48,35.48,Donor 5765,Household,Delhi NCR
DNR505761,1,20.79,20.79,Donor 5762,Bakery,Jaipur
DNR505753,1,43.22,43.22,Donor 5754,Event,Hyderabad
DNR505752,1,28.79,28.79,Donor 5753,Household,Mumbai
DNR505751,1,37.98,37.98,Donor 5752,Restaurant,Chennai
DNR505747,1,61.89,61.89,Donor 5748,Restaurant,Delhi NCR
DNR508310,1,17.23,17.23,Donor 8311,Restaurant,Delhi NCR
DNR508305,1,9.73,9.73,Donor 8306,Grocery Store,Hyderabad
DNR508301,1,20.04,20.04,Donor 8302,Restaurant,Hyderabad
DNR508297,1,13.6,13.6,Donor 8298,Household,Mumbai
DNR505783,1,15.8,15.8,Donor 5784,Event,Delhi NCR
DNR505779,1,26.95,26.95,Donor 5780,Restaurant,Kolkata
DNR505727,1,42.88,42.88,Donor 5728,Restaurant,Jaipur
DNR505724,1,13.4,13.4,Donor 5725,Hotel,Hyderabad
DNR505713,1,14.12,14.12,Donor 5714,Hotel,Ahmedabad
DNR505712,1,7.08,7.08,Donor 5713,Cafeteria,Pune
DNR505710,1,11.61,11.61,Donor 5711,Cafeteria,Ahmedabad
DNR505709,1,24.78,24.78,Donor 5710,Restaurant,Jaipur
DNR505708,1,13.55,13.55,Donor 5709,Household,Chennai
DNR508333,1,13.68,13.68,Donor 8334,Hotel,Delhi NCR
DNR508328,1,17.66,17.66,Donor 8329,Household,Bengaluru
DNR508325,1,29.27,29.27,Donor 8326,Grocery Store,Ahmedabad
DNR508322,1,19.96,19.96,Donor 8323,Hotel,Remote
DNR508319,1,30.61,30.61,Donor 8320,Grocery Store,Jaipur
DNR508317,1,40.88,40.88,Donor 8318,Restaurant,Kolkata
DNR508314,1,47.54,47.54,Donor 8315,Restaurant,Bengaluru
DNR505740,1,17.5,17.5,Donor 5741,Restaurant,Jaipur
DNR505732,1,35.76,35.76,Donor 5733,Event,Jaipur
DNR505680,1,9.32,9.32,Donor 5681,Bakery,Bengaluru
DNR505675,1,52.4,52.4,Donor 5676,Household,Kolkata
DNR505707,1,16.15,16.15,Donor 5708,Household,Pune
DNR505703,1,4.73,4.73,Donor 5704,Bakery,Pune
DNR505701,1,13.36,13.36,Donor 5702,Grocery Store,Ahmedabad
DNR505700,1,81.38,81.38,Donor 5701,Restaurant,Chennai
DNR505696,1,24.74,24.74,Donor 5697,Hotel,Kolkata
DNR508352,1,35.28,35.28,Donor 8353,Restaurant,Kolkata
DNR508350,1,6.66,6.66,Donor 8351,Hotel,Delhi NCR
DNR508349,1,39.19,39.19,Donor 8350,Event,Delhi NCR
DNR508347,1,25.63,25.63,Donor 8348,Bakery,Ahmedabad
DNR508343,1,16.37,16.37,Donor 8344,Hotel,Jaipur
DNR508337,1,29.2,29.2,Donor 8338,Bakery,Delhi NCR
DNR508336,1,5.88,5.88,Donor 8337,Cafeteria,Delhi NCR
DNR508335,1,15.62,15.62,Donor 8336,Restaurant,Pune
DNR508334,1,27.06,27.06,Donor 8335,Household,Bengaluru
DNR505665,1,28.61,28.61,Donor 5666,Household,Delhi NCR
DNR505662,1,23.36,23.36,Donor 5663,Household,Remote
DNR505661,1,19.21,19.21,Donor 5662,Household,Kolkata
DNR505660,1,23.48,23.48,Donor 5661,Cafeteria,Chennai
DNR505657,1,15.77,15.77,Donor 5658,Cafeteria,Hyderabad
DNR505656,1,8.12,8.12,Donor 5657,Grocery Store,Pune
DNR505653,1,11.12,11.12,Donor 5654,Restaurant,Remote
DNR508366,1,24.59,24.59,Donor 8367,Household,Ahmedabad
DNR508363,1,19.23,19.23,Donor 8364,Grocery Store,Chennai
DNR508359,1,27.04,27.04,Donor 8360,Restaurant,Pune
DNR508357,1,17.37,17.37,Donor 8358,Cafeteria,Jaipur
DNR508355,1,43.54,43.54,Donor 8356,Grocery Store,Mumbai
DNR508353,1,10.87,10.87,Donor 8354,Cafeteria,Bengaluru
DNR505688,1,33.87,33.87,Donor 5689,Bakery,Remote
DNR505686,1,23.33,23.33,Donor 5687,Grocery Store,Mumbai
DNR505683,1,54.3,54.3,Donor 5684,Cafeteria,Chennai
DNR505625,1,24.63,24.63,Donor 5626,Household,Ahmedabad
DNR505622,1,58.66,58.66,Donor 5623,Household,Chennai
DNR505621,1,12.99,12.99,Donor 5622,Grocery Store,Hyderabad
DNR505618,1,29.86,29.86,Donor 5619,Cafeteria,Hyderabad
DNR508391,1,52.21,52.21,Donor 8392,Restaurant,Remote
DNR508385,1,35.9,35.9,Donor 8386,Hotel,Hyderabad
DNR508384,1,30.66,30.66,Donor 8385,Cafeteria,Mumbai
DNR508383,1,23.07,23.07,Donor 8384,Restaurant,Chennai
DNR508378,1,27.34,27.34,Donor 8379,Cafeteria,Hyderabad
DNR505651,1,29.49,29.49,Donor 5652,Restaurant,Pune
DNR505650,1,23.24,23.24,Donor 5651,Grocery Store,Remote
DNR505645,1,27.68,27.68,Donor 5646,Hotel,Mumbai
DNR505643,1,20.64,20.64,Donor 5644,Restaurant,Bengaluru
DNR505636,1,22.58,22.58,Donor 5637,Event,Kolkata
DNR505669,1,41.13,41.13,Donor 5670,Cafeteria,Chennai
DNR505666,1,21.12,21.12,Donor 5667,Restaurant,Hyderabad
DNR505582,1,11.55,11.55,Donor 5583,Grocery Store,Delhi NCR
DNR505579,1,41.11,41.11,Donor 5580,Restaurant,Pune
DNR505577,1,37.89,37.89,Donor 5578,Cafeteria,Mumbai
DNR508413,1,53.51,53.51,Donor 8414,Hotel,Mumbai
DNR508412,1,12.98,12.98,Donor 8413,Household,Delhi NCR
DNR508410,1,13.53,13.53,Donor 8411,Grocery Store,Remote
DNR508403,1,8.23,8.23,Donor 8404,Hotel,Kolkata
DNR508398,1,27.82,27.82,Donor 8399,Bakery,Chennai
DNR505612,1,21.6,21.6,Donor 5613,Restaurant,Bengaluru
DNR505611,1,13.05,13.05,Donor 5612,Restaurant,Remote
DNR505603,1,24.02,24.02,Donor 5604,Grocery Store,Pune
DNR505596,1,35.13,35.13,Donor 5597,Restaurant,Chennai
DNR505632,1,11.12,11.12,Donor 5633,Household,Jaipur
DNR505629,1,26.62,26.62,Donor 5630,Event,Jaipur
DNR505628,1,17.65,17.65,Donor 5629,Bakery,Jaipur
DNR505626,1,35.16,35.16,Donor 5627,Event,Delhi NCR
DNR505564,1,27.8,27.8,Donor 5565,Household,Mumbai
DNR505562,1,54.9,54.9,Donor 5563,Restaurant,Pune
DNR505560,1,72.05,72.05,Donor 5561,Household,Pune
DNR505559,1,32.56,32.56,Donor 5560,Cafeteria,Hyderabad
DNR508436,1,33.79,33.79,Donor 8437,Household,Hyderabad
DNR508430,1,25.0,25.0,Donor 8431,Event,Remote
DNR508426,1,40.12,40.12,Donor 8427,Household,Jaipur
DNR508419,1,9.26,9.26,Donor 8420,Restaurant,Kolkata
DNR508416,1,40.79,40.79,Donor 8417,Hotel,Bengaluru
DNR505595,1,26.04,26.04,Donor 5596,Restaurant,Mumbai
DNR505594,1,32.35,32.35,Donor 5595,Hotel,Kolkata
DNR505592,1,13.09,13.09,Donor 5593,Restaurant,Remote
DNR505589,1,42.0,42.0,Donor 5590,Cafeteria,Remote
DNR505588,1,30.76,30.76,Donor 5589,Grocery Store,Ahmedabad
DNR505584,1,7.08,7.08,Donor 5585,Cafeteria,Delhi NCR
DNR505583,1,18.48,18.48,Donor 5584,Restaurant,Pune
DNR505548,1,39.13,39.13,Donor 5549,Cafeteria,Delhi NCR
DNR505545,1,14.92,14.92,Donor 5546,Grocery Store,Remote
DNR505544,1,16.27,16.27,Donor 5545,Restaurant,Hyderabad
DNR505543,1,11.95,11.95,Donor 5544,Restaurant,Jaipur
DNR505537,1,32.04,32.04,Donor 5538,Bakery,Chennai
DNR508455,1,11.66,11.66,Donor 8456,Event,Remote
DNR508454,1,10.82,10.82,Donor 8455,Cafeteria,Hyderabad
DNR508453,1,27.17,27.17,Donor 8454,Cafeteria,Bengaluru
DNR508449,1,3.1,3.1,Donor 8450,Hotel,Ahmedabad
DNR508444,1,44.12,44.12,Donor 8445,Household,Ahmedabad
DNR508443,1,13.43,13.43,Donor 8444,Grocery Store,Bengaluru
DNR508440,1,17.58,17.58,Donor 8441,Restaurant,Ahmedabad
DNR505572,1,15.14,15.14,Donor 5573,Grocery Store,Delhi NCR
DNR505571,1,5.92,5.92,Donor 5572,Hotel,Kolkata
DNR505569,1,11.27,11.27,Donor 5570,Hotel,Remote
DNR505568,1,46.88,46.88,Donor 5569,Restaurant,Delhi NCR
DNR505503,1,27.32,27.32,Donor 5504,Hotel,Kolkata
DNR505502,1,62.06,62.06,Donor 5503,Restaurant,Kolkata
DNR505535,1,5.24,5.24,Donor 5536,Restaurant,Remote
DNR505533,1,24.26,24.26,Donor 5534,Household,Delhi NCR
DNR505528,1,6.05,6.05,Donor 5529,Household,Pune
DNR505525,1,15.06,15.06,Donor 5526,Event,Remote
DNR505523,1,14.04,14.04,Donor 5524,Hotel,Delhi NCR
DNR505522,1,26.77,26.77,Donor 5523,Hotel,Pune
DNR505521,1,19.65,19.65,Donor 5522,Restaurant,Pune
DNR505520,1,31.67,31.67,Donor 5521,Cafeteria,Kolkata
DNR505516,1,20.09,20.09,Donor 5517,Cafeteria,Bengaluru
DNR508473,1,4.34,4.34,Donor 8474,Restaurant,Mumbai
DNR508472,1,17.23,17.23,Donor 8473,Event,Mumbai
DNR508468,1,84.39,84.39,Donor 8469,Grocery Store,Chennai
DNR508458,1,15.72,15.72,Donor 8459,Cafeteria,Jaipur
DNR505554,1,23.0,23.0,Donor 5555,Restaurant,Chennai
DNR505465,1,6.51,6.51,Donor 5466,Grocery Store,Kolkata
DNR505464,1,21.59,21.59,Donor 5465,Household,Mumbai
DNR505493,1,33.89,33.89,Donor 5494,Cafeteria,Ahmedabad
DNR505488,1,19.22,19.22,Donor 5489,Restaurant,Kolkata
DNR505479,1,9.61,9.61,Donor 5480,Restaurant,Kolkata
DNR505477,1,7.44,7.44,Donor 5478,Bakery,Remote
DNR508492,1,29.85,29.85,Donor 8493,Cafeteria,Bengaluru
DNR508491,1,6.76,6.76,Donor 8492,Restaurant,Mumbai
DNR508490,1,16.56,16.56,Donor 8491,Bakery,Pune
DNR508475,1,13.67,13.67,Donor 8476,Event,Ahmedabad
DNR508474,1,22.38,22.38,Donor 8475,Restaurant,Ahmedabad
DNR505514,1,33.75,33.75,Donor 5515,Restaurant,Chennai
DNR505513,1,33.66,33.66,Donor 5514,Restaurant,Bengaluru
DNR505511,1,11.38,11.38,Donor 5512,Household,Ahmedabad
DNR505509,1,39.42,39.42,Donor 5510,Bakery,Mumbai
DNR505504,1,20.22,20.22,Donor 5505,Cafeteria,Bengaluru
DNR505423,1,20.14,20.14,Donor 5424,Event,Mumbai
DNR505420,1,23.75,23.75,Donor 5421,Grocery Store,Chennai
DNR505454,1,30.7,30.7,Donor 5455,Restaurant,Bengaluru
DNR505450,1,13.24,13.24,Donor 5451,Cafeteria,Mumbai
DNR508516,1,49.87,49.87,Donor 8517,Cafeteria,Remote
DNR508510,1,20.06,20.06,Donor 8511,Restaurant,Pune
DNR508507,1,12.29,12.29,Donor 8508,Event,Delhi NCR
DNR508503,1,8.8,8.8,Donor 8504,Household,Pune
DNR508498,1,14.24,14.24,Donor 8499,Cafeteria,Ahmedabad
DNR508496,1,29.64,29.64,Donor 8497,Grocery Store,Chennai
DNR505476,1,58.92,58.92,Donor 5477,Household,Delhi NCR
DNR505474,1,10.8,10.8,Donor 5475,Grocery Store,Ahmedabad
DNR505473,1,11.85,11.85,Donor 5474,Household,Chennai
DNR505470,1,20.23,20.23,Donor 5471,Bakery,Remote
DNR505468,1,43.22,43.22,Donor 5469,Event,Chennai
DNR505467,1,43.7,43.7,Donor 5468,Household,Ahmedabad
DNR508537,1,83.95,83.95,Donor 8538,Hotel,Mumbai
DNR505416,1,14.91,14.91,Donor 5417,Hotel,Remote
DNR505414,1,5.53,5.53,Donor 5415,Restaurant,Jaipur
DNR505411,1,28.11,28.11,Donor 5412,Restaurant,Pune
DNR505402,1,34.06,34.06,Donor 5403,Restaurant,Delhi NCR
DNR508534,1,25.97,25.97,Donor 8535,Grocery Store,Ahmedabad
DNR508529,1,29.01,29.01,Donor 8530,Household,Kolkata
DNR508528,1,31.36,31.36,Donor 8529,Cafeteria,Ahmedabad
DNR508527,1,45.41,45.41,Donor 8528,Household,Hyderabad
DNR508525,1,12.56,12.56,Donor 8526,Hotel,Mumbai
DNR508523,1,25.27,25.27,Donor 8524,Grocery Store,Remote
DNR508522,1,22.26,22.26,Donor 8523,Cafeteria,Hyderabad
DNR508521,1,45.48,45.48,Donor 8522,Restaurant,Delhi NCR
DNR505438,1,11.01,11.01,Donor 5439,Cafeteria,Kolkata
DNR505427,1,15.51,15.51,Donor 5428,Cafeteria,Remote
DNR505426,1,30.42,30.42,Donor 5427,Restaurant,Pune
DNR505368,1,12.28,12.28,Donor 5369,Restaurant,Hyderabad
DNR505365,1,33.57,33.57,Donor 5366,Household,Hyderabad
DNR505398,1,56.17,56.17,Donor 5399,Restaurant,Mumbai
DNR505395,1,25.15,25.15,Donor 5396,Cafeteria,Pune
DNR505394,1,12.13,12.13,Donor 5395,Restaurant,Jaipur
DNR505390,1,21.24,21.24,Donor 5391,Restaurant,Mumbai
DNR505382,1,8.24,8.24,Donor 5383,Household,Remote
DNR505380,1,3.63,3.63,Donor 5381,Restaurant,Hyderabad
DNR508554,1,24.11,24.11,Donor 8555,Restaurant,Delhi NCR
DNR508553,1,49.13,49.13,Donor 8554,Restaurant,Mumbai
DNR508551,1,24.19,24.19,Donor 8552,Grocery Store,Jaipur
DNR508546,1,54.13,54.13,Donor 8547,Restaurant,Pune
DNR508545,1,18.93,18.93,Donor 8546,Hotel,Hyderabad
DNR508543,1,43.43,43.43,Donor 8544,Event,Kolkata
DNR508542,1,36.38,36.38,Donor 8543,Bakery,Mumbai
DNR508541,1,6.82,6.82,Donor 8542,Household,Mumbai
DNR505328,1,28.43,28.43,Donor 5329,Restaurant,Jaipur
DNR505356,1,17.19,17.19,Donor 5357,Cafeteria,Ahmedabad
DNR505351,1,7.2,7.2,Donor 5352,Restaurant,Mumbai
DNR505348,1,36.43,36.43,Donor 5349,Household,Chennai
DNR508573,1,12.15,12.15,Donor 8574,Restaurant,Ahmedabad
DNR508572,1,18.83,18.83,Donor 8573,Restaurant,Chennai
DNR508570,1,12.83,12.83,Donor 8571,Hotel,Pune
DNR508566,1,17.68,17.68,Donor 8567,Hotel,Chennai
DNR508559,1,41.15,41.15,Donor 8560,Event,Bengaluru
DNR508558,1,17.84,17.84,Donor 8559,Restaurant,Kolkata
DNR508557,1,13.07,13.07,Donor 8558,Household,Kolkata
DNR508556,1,36.89,36.89,Donor 8557,Cafeteria,Remote
DNR505378,1,31.55,31.55,Donor 5379,Household,Mumbai
DNR505375,1,25.72,25.72,Donor 5376,Household,Jaipur
DNR505372,1,10.73,10.73,Donor 5373,Household,Bengaluru
DNR505371,1,24.35,24.35,Donor 5372,Restaurant,Chennai
DNR505315,1,3.33,3.33,Donor 5316,Cafeteria,Remote
DNR505311,1,14.95,14.95,Donor 5312,Event,Pune
DNR505309,1,35.85,35.85,Donor 5310,Restaurant,Jaipur
DNR508590,1,12.89,12.89,Donor 8591,Cafeteria,Ahmedabad
DNR508588,1,14.09,14.09,Donor 8589,Event,Remote
DNR508587,1,26.69,26.69,Donor 8588,Event,Ahmedabad
DNR508585,1,32.96,32.96,Donor 8586,Cafeteria,Pune
DNR508582,1,12.66,12.66,Donor 8583,Grocery Store,Bengaluru
DNR508581,1,2.84,2.84,Donor 8582,Event,Ahmedabad
DNR508577,1,34.02,34.02,Donor 8578,Hotel,Kolkata
DNR508576,1,31.34,31.34,Donor 8577,Cafeteria,Mumbai
DNR508575,1,21.4,21.4,Donor 8576,Cafeteria,Ahmedabad
DNR505346,1,36.21,36.21,Donor 5347,Event,Bengaluru
DNR505343,1,11.16,11.16,Donor 5344,Grocery Store,Pune
DNR505339,1,30.55,30.55,Donor 5340,Household,Chennai
DNR505336,1,14.17,14.17,Donor 5337,Grocery Store,Chennai
DNR505276,1,16.99,16.99,Donor 5277,Household,Pune
DNR505274,1,22.87,22.87,Donor 5275,Grocery Store,Delhi NCR
DNR505271,1,2.76,2.76,Donor 5272,Grocery Store,Chennai
DNR508609,1,13.78,13.78,Donor 8610,Bakery,Remote
DNR508607,1,49.72,49.72,Donor 8608,Event,Ahmedabad
DNR508603,1,14.92,14.92,Donor 8604,Grocery Store,Bengaluru
DNR508602,1,24.45,24.45,Donor 8603,Household,Pune
DNR508601,1,11.32,11.32,Donor 8602,Restaurant,Ahmedabad
DNR508596,1,31.26,31.26,Donor 8597,Restaurant,Ahmedabad
DNR508594,1,19.77,19.77,Donor 8595,Restaurant,Ahmedabad
DNR505300,1,9.97,9.97,Donor 5301,Hotel,Bengaluru
DNR505295,1,14.08,14.08,Donor 5296,Bakery,Jaipur
DNR505293,1,8.2,8.2,Donor 5294,Hotel,Remote
DNR505292,1,21.46,21.46,Donor 5293,Restaurant,Pune
DNR505319,1,6.35,6.35,Donor 5320,Bakery,Chennai
DNR505316,1,9.82,9.82,Donor 5317,Hotel,Remote
DNR505264,1,27.36,27.36,Donor 5265,Restaurant,Remote
DNR505255,1,6.1,6.1,Donor 5256,Restaurant,Mumbai
DNR505254,1,15.83,15.83,Donor 5255,Event,Kolkata
DNR508638,1,35.75,35.75,Donor 8639,Hotel,Pune
DNR508634,1,13.04,13.04,Donor 8635,Household,Hyderabad
DNR508633,1,7.32,7.32,Donor 8634,Restaurant,Mumbai
DNR508630,1,22.1,22.1,Donor 8631,Restaurant,Jaipur
DNR508622,1,51.98,51.98,Donor 8623,Cafeteria,Pune
DNR508621,1,29.15,29.15,Donor 8622,Grocery Store,Kolkata
DNR508619,1,10.76,10.76,Donor 8620,Household,Delhi NCR
DNR505291,1,34.77,34.77,Donor 5292,Restaurant,Mumbai
DNR505287,1,10.6,10.6,Donor 5288,Grocery Store,Mumbai
DNR505285,1,6.89,6.89,Donor 5286,Cafeteria,Kolkata
DNR505284,1,16.41,16.41,Donor 5285,Cafeteria,Chennai
DNR505279,1,16.41,16.41,Donor 5280,Restaurant,Jaipur
DNR505278,1,33.55,33.55,Donor 5279,Cafeteria,Hyderabad
DNR505224,1,38.61,38.61,Donor 5225,Bakery,Pune
DNR505223,1,57.5,57.5,Donor 5224,Cafeteria,Pune
DNR505218,1,30.9,30.9,Donor 5219,Household,Delhi NCR
DNR508659,1,11.92,11.92,Donor 8660,Bakery,Mumbai
DNR508658,1,48.62,48.62,Donor 8659,Hotel,Jaipur
DNR508651,1,19.97,19.97,Donor 8652,Household,Delhi NCR
DNR508649,1,24.95,24.95,Donor 8650,Event,Hyderabad
DNR508645,1,15.7,15.7,Donor 8646,Bakery,Kolkata
DNR505251,1,8.46,8.46,Donor 5252,Event,Remote
DNR505250,1,26.06,26.06,Donor 5251,Event,Ahmedabad
DNR505242,1,26.41,26.41,Donor 5243,Bakery,Delhi NCR
DNR505241,1,20.41,20.41,Donor 5242,Restaurant,Pune
DNR505239,1,19.76,19.76,Donor 5240,Event,Mumbai
DNR505268,1,15.81,15.81,Donor 5269,Grocery Store,Bengaluru
DNR505266,1,28.26,28.26,Donor 5267,Restaurant,Jaipur
DNR505265,1,29.13,29.13,Donor 5266,Household,Delhi NCR
DNR505189,1,19.71,19.71,Donor 5190,Household,Hyderabad
DNR505184,1,30.36,30.36,Donor 5185,Restaurant,Remote
DNR505214,1,23.57,23.57,Donor 5215,Event,Kolkata
DNR505212,1,24.95,24.95,Donor 5213,Household,Delhi NCR
DNR505206,1,28.49,28.49,Donor 5207,Household,Mumbai
DNR505202,1,15.78,15.78,Donor 5203,Household,Hyderabad
DNR508680,1,12.12,12.12,Donor 8681,Event,Bengaluru
DNR508679,1,20.66,20.66,Donor 8680,Grocery Store,Delhi NCR
DNR508677,1,26.99,26.99,Donor 8678,Household,Pune
DNR508676,1,14.54,14.54,Donor 8677,Event,Remote
DNR508665,1,20.43,20.43,Donor 8666,Bakery,Mumbai
DNR508660,1,10.65,10.65,Donor 8661,Restaurant,Jaipur
DNR505235,1,46.22,46.22,Donor 5236,Hotel,Mumbai
DNR505233,1,16.17,16.17,Donor 5234,Bakery,Chennai
DNR505231,1,32.95,32.95,Donor 5232,Grocery Store,Pune
DNR505230,1,10.27,10.27,Donor 5231,Grocery Store,Delhi NCR
DNR505151,1,106.93,106.93,Donor 5152,Restaurant,Delhi NCR
DNR505150,1,22.5,22.5,Donor 5151,Household,Delhi NCR
DNR505148,1,43.23,43.23,Donor 5149,Household,Jaipur
DNR508696,1,56.56,56.56,Donor 8697,Household,Jaipur
DNR508695,1,7.62,7.62,Donor 8696,Grocery Store,Jaipur
DNR508688,1,15.15,15.15,Donor 8689,Household,Ahmedabad
DNR508686,1,22.25,22.25,Donor 8687,Restaurant,Remote
DNR508683,1,11.82,11.82,Donor 8684,Event,Delhi NCR
DNR505180,1,18.0,18.0,Donor 5181,Event,Ahmedabad
DNR505178,1,21.57,21.57,Donor 5179,Hotel,Remote
DNR505176,1,20.35,20.35,Donor 5177,Event,Bengaluru
DNR505173,1,4.03,4.03,Donor 5174,Household,Hyderabad
DNR505170,1,29.71,29.71,Donor 5171,Restaurant,Hyderabad
DNR505195,1,21.8,21.8,Donor 5196,Grocery Store,Hyderabad
DNR505192,1,67.43,67.43,Donor 5193,Restaurant,Jaipur
DNR505191,1,48.43,48.43,Donor 5192,Cafeteria,Bengaluru
DNR505136,1,24.68,24.68,Donor 5137,Hotel,Kolkata
DNR505135,1,11.16,11.16,Donor 5136,Restaurant,Jaipur
DNR505134,1,34.4,34.4,Donor 5135,Hotel,Delhi NCR
DNR505127,1,28.16,28.16,Donor 5128,Restaurant,Hyderabad
DNR508720,1,60.83,60.83,Donor 8721,Restaurant,Ahmedabad
DNR508719,1,5.27,5.27,Donor 8720,Hotel,Chennai
DNR508717,1,16.89,16.89,Donor 8718,Restaurant,Bengaluru
DNR508715,1,34.98,34.98,Donor 8716,Household,Kolkata
DNR508713,1,17.73,17.73,Donor 8714,Household,Pune
DNR508709,1,14.32,14.32,Donor 8710,Cafeteria,Hyderabad
DNR505165,1,24.83,24.83,Donor 5166,Grocery Store,Kolkata
DNR505162,1,17.28,17.28,Donor 5163,Restaurant,Chennai
DNR505159,1,24.2,24.2,Donor 5160,Cafeteria,Ahmedabad
DNR505156,1,11.94,11.94,Donor 5157,Restaurant,Jaipur
DNR505154,1,52.55,52.55,Donor 5155,Restaurant,Bengaluru
DNR505152,1,7.17,7.17,Donor 5153,Restaurant,Delhi NCR
DNR505123,1,13.29,13.29,Donor 5124,Event,Jaipur
DNR505122,1,22.56,22.56,Donor 5123,Restaurant,Jaipur
DNR505113,1,35.04,35.04,Donor 5114,Bakery,Pune
DNR505107,1,53.79,53.79,Donor 5108,Restaurant,Remote
DNR505106,1,14.94,14.94,Donor 5107,Household,Hyderabad
DNR505105,1,21.94,21.94,Donor 5106,Grocery Store,Jaipur
DNR508741,1,21.08,21.08,Donor 8742,Restaurant,Chennai
DNR508740,1,3.52,3.52,Donor 8741,Bakery,Jaipur
DNR508736,1,12.64,12.64,Donor 8737,Bakery,Mumbai
DNR508731,1,7.96,7.96,Donor 8732,Event,Ahmedabad
DNR508727,1,12.61,12.61,Donor 8728,Cafeteria,Remote
DNR508725,1,15.37,15.37,Donor 8726,Bakery,Delhi NCR
DNR508723,1,54.97,54.97,Donor 8724,Grocery Store,Delhi NCR
DNR505142,1,24.67,24.67,Donor 5143,Household,Bengaluru
DNR505141,1,10.15,10.15,Donor 5142,Grocery Store,Chennai
DNR505138,1,22.44,22.44,Donor 5139,Cafeteria,Delhi NCR
DNR508771,1,22.99,22.99,Donor 8772,Hotel,Pune
DNR508769,1,32.23,32.23,Donor 8770,Event,Kolkata
DNR505080,1,7.34,7.34,Donor 5081,Restaurant,Jaipur
DNR505076,1,34.64,34.64,Donor 5077,Restaurant,Bengaluru
DNR505065,1,10.33,10.33,Donor 5066,Hotel,Ahmedabad
DNR508761,1,15.6,15.6,Donor 8762,Cafeteria,Bengaluru
DNR508758,1,49.01,49.01,Donor 8759,Restaurant,Pune
DNR508752,1,35.59,35.59,Donor 8753,Restaurant,Hyderabad
DNR508749,1,31.38,31.38,Donor 8750,Restaurant,Pune
DNR505103,1,44.74,44.74,Donor 5104,Event,Jaipur
DNR505100,1,12.75,12.75,Donor 5101,Grocery Store,Ahmedabad
DNR505097,1,17.09,17.09,Donor 5098,Restaurant,Hyderabad
DNR505096,1,24.9,24.9,Donor 5097,Grocery Store,Mumbai
DNR505092,1,24.52,24.52,Donor 5093,Restaurant,Ahmedabad
DNR505089,1,32.88,32.88,Donor 5090,Restaurant,Ahmedabad
DNR505083,1,24.27,24.27,Donor 5084,Cafeteria,Bengaluru
DNR505029,1,16.33,16.33,Donor 5030,Household,Jaipur
DNR505028,1,7.03,7.03,Donor 5029,Household,Jaipur
DNR505063,1,26.68,26.68,Donor 5064,Grocery Store,Mumbai
DNR505058,1,24.8,24.8,Donor 5059,Grocery Store,Chennai
DNR505057,1,8.78,8.78,Donor 5058,Bakery,Chennai
DNR505056,1,19.8,19.8,Donor 5057,Restaurant,Hyderabad
DNR505055,1,20.07,20.07,Donor 5056,Restaurant,Chennai
DNR505052,1,13.31,13.31,Donor 5053,Restaurant,Pune
DNR505048,1,20.38,20.38,Donor 5049,Restaurant,Delhi NCR
DNR505047,1,28.53,28.53,Donor 5048,Event,Hyderabad
DNR505046,1,19.97,19.97,Donor 5047,Restaurant,Chennai
DNR508785,1,35.02,35.02,Donor 8786,Grocery Store,Ahmedabad
DNR508784,1,28.03,28.03,Donor 8785,Restaurant,Ahmedabad
DNR508781,1,25.68,25.68,Donor 8782,Restaurant,Bengaluru
DNR508778,1,35.93,35.93,Donor 8779,Event,Kolkata
DNR508777,1,67.92,67.92,Donor 8778,Restaurant,Bengaluru
DNR504997,1,23.88,23.88,Donor 4998,Hotel,Hyderabad
DNR504996,1,12.76,12.76,Donor 4997,Restaurant,Kolkata
DNR504989,1,25.29,25.29,Donor 4990,Restaurant,Remote
DNR508800,1,43.95,43.95,Donor 8801,Hotel,Bengaluru
DNR508799,1,28.67,28.67,Donor 8800,Hotel,Pune
DNR508798,1,43.86,43.86,Donor 8799,Restaurant,Mumbai
DNR508794,1,21.96,21.96,Donor 8795,Restaurant,Kolkata
DNR508793,1,33.0,33.0,Donor 8794,Hotel,Jaipur
DNR508790,1,25.27,25.27,Donor 8791,Cafeteria,Delhi NCR
DNR505018,1,36.9,36.9,Donor 5019,Event,Delhi NCR
DNR505013,1,18.27,18.27,Donor 5014,Household,Delhi NCR
DNR505009,1,40.91,40.91,Donor 5010,Event,Chennai
DNR505043,1,43.14,43.14,Donor 5044,Cafeteria,Delhi NCR
DNR505038,1,17.64,17.64,Donor 5039,Household,Kolkata
DNR505035,1,49.99,49.99,Donor 5036,Cafeteria,Kolkata
DNR505034,1,19.89,19.89,Donor 5035,Restaurant,Pune
DNR504957,1,17.39,17.39,Donor 4958,Bakery,Bengaluru
DNR504953,1,10.97,10.97,Donor 4954,Bakery,Bengaluru
DNR504988,1,15.37,15.37,Donor 4989,Household,Hyderabad
DNR504982,1,27.68,27.68,Donor 4983,Hotel,Chennai
DNR504978,1,21.15,21.15,Donor 4979,Grocery Store,Remote
DNR504977,1,29.98,29.98,Donor 4978,Household,Delhi NCR
DNR504975,1,22.33,22.33,Donor 4976,Household,Chennai
DNR504973,1,38.12,38.12,Donor 4974,Household,Kolkata
DNR508822,1,24.5,24.5,Donor 8823,Cafeteria,Remote
DNR508820,1,52.99,52.99,Donor 8821,Restaurant,Ahmedabad
DNR508817,1,35.78,35.78,Donor 8818,Hotel,Hyderabad
DNR508807,1,18.13,18.13,Donor 8808,Restaurant,Remote
DNR508805,1,24.36,24.36,Donor 8806,Grocery Store,Mumbai
DNR508804,1,21.25,21.25,Donor 8805,Grocery Store,Hyderabad
DNR505005,1,48.17,48.17,Donor 5006,Event,Delhi NCR
DNR505004,1,14.97,14.97,Donor 5005,Cafeteria,Pune
DNR504945,1,2.96,2.96,Donor 4946,Household,Mumbai
DNR504944,1,48.86,48.86,Donor 4945,Hotel,Delhi NCR
DNR504943,1,28.2,28.2,Donor 4944,Event,Chennai
DNR504942,1,19.49,19.49,Donor 4943,Event,Ahmedabad
DNR504939,1,14.8,14.8,Donor 4940,Event,Ahmedabad
DNR504933,1,21.51,21.51,Donor 4934,Restaurant,Delhi NCR
DNR508844,1,26.79,26.79,Donor 8845,Grocery Store,Delhi NCR
DNR508840,1,31.23,31.23,Donor 8841,Restaurant,Hyderabad
DNR508836,1,14.67,14.67,Donor 8837,Cafeteria,Bengaluru
DNR508834,1,19.93,19.93,Donor 8835,Restaurant,Bengaluru
DNR508833,1,18.41,18.41,Donor 8834,Household,Jaipur
DNR508831,1,26.61,26.61,Donor 8832,Restaurant,Remote
DNR508828,1,29.62,29.62,Donor 8829,Restaurant,Hyderabad
DNR508826,1,12.19,12.19,Donor 8827,Restaurant,Ahmedabad
DNR504964,1,24.99,24.99,Donor 4965,Cafeteria,Kolkata
DNR504960,1,24.68,24.68,Donor 4961,Event,Delhi NCR
DNR504911,1,10.21,10.21,Donor 4912,Bakery,Pune
DNR504906,1,14.62,14.62,Donor 4907,Household,Hyderabad
DNR504898,1,9.66,9.66,Donor 4899,Household,Delhi NCR
DNR504897,1,65.63,65.63,Donor 4898,Restaurant,Delhi NCR
DNR508863,1,18.06,18.06,Donor 8864,Hotel,Delhi NCR
DNR508858,1,12.9,12.9,Donor 8859,Restaurant,Kolkata
DNR508854,1,28.39,28.39,Donor 8855,Hotel,Mumbai
DNR508847,1,50.64,50.64,Donor 8848,Cafeteria,Ahmedabad
DNR504929,1,20.74,20.74,Donor 4930,Hotel,Bengaluru
DNR504927,1,26.9,26.9,Donor 4928,Cafeteria,Mumbai
DNR504926,1,23.45,23.45,Donor 4927,Household,Hyderabad
DNR504925,1,10.87,10.87,Donor 4926,Event,Jaipur
DNR504921,1,35.38,35.38,Donor 4922,Restaurant,Bengaluru
DNR504918,1,20.45,20.45,Donor 4919,Event,Chennai
DNR504917,1,52.74,52.74,Donor 4918,Cafeteria,Kolkata
DNR504947,1,20.32,20.32,Donor 4948,Event,Bengaluru
DNR504860,1,42.18,42.18,Donor 4861,Restaurant,Chennai
DNR504858,1,35.25,35.25,Donor 4859,Restaurant,Bengaluru
DNR504855,1,26.23,26.23,Donor 4856,Grocery Store,Remote
DNR508884,1,41.57,41.57,Donor 8885,Grocery Store,Pune
DNR508881,1,88.27,88.27,Donor 8882,Event,Pune
DNR508878,1,31.71,31.71,Donor 8879,Cafeteria,Bengaluru
DNR508872,1,42.46,42.46,Donor 8873,Restaurant,Chennai
DNR504891,1,9.55,9.55,Donor 4892,Household,Delhi NCR
DNR504884,1,41.69,41.69,Donor 4885,Restaurant,Jaipur
DNR504883,1,36.81,36.81,Donor 4884,Household,Delhi NCR
DNR504882,1,6.83,6.83,Donor 4883,Restaurant,Pune
DNR504881,1,28.38,28.38,Donor 4882,Restaurant,Pune
DNR504880,1,33.61,33.61,Donor 4881,Restaurant,Delhi NCR
DNR504874,1,16.49,16.49,Donor 4875,Hotel,Kolkata
DNR504873,1,31.54,31.54,Donor 4874,Household,Bengaluru
DNR504872,1,21.91,21.91,Donor 4873,Hotel,Ahmedabad
DNR504821,1,21.64,21.64,Donor 4822,Restaurant,Ahmedabad
DNR504820,1,8.75,8.75,Donor 4821,Restaurant,Hyderabad
DNR504819,1,5.67,5.67,Donor 4820,Restaurant,Bengaluru
DNR504811,1,26.89,26.89,Donor 4812,Restaurant,Ahmedabad
DNR508905,1,27.47,27.47,Donor 8906,Event,Jaipur
DNR508901,1,32.24,32.24,Donor 8902,Event,Bengaluru
DNR508900,1,17.91,17.91,Donor 8901,Cafeteria,Hyderabad
DNR508891,1,22.36,22.36,Donor 8892,Grocery Store,Jaipur
DNR508888,1,41.44,41.44,Donor 8889,Hotel,Mumbai
DNR504839,1,13.5,13.5,Donor 4840,Restaurant,Jaipur
DNR504837,1,53.64,53.64,Donor 4838,Restaurant,Hyderabad
DNR504835,1,6.47,6.47,Donor 4836,Bakery,Bengaluru
DNR504832,1,8.87,8.87,Donor 4833,Cafeteria,Jaipur
DNR504866,1,11.92,11.92,Donor 4867,Restaurant,Bengaluru
DNR504863,1,28.91,28.91,Donor 4864,Hotel,Hyderabad
DNR504861,1,48.16,48.16,Donor 4862,Hotel,Ahmedabad
DNR504776,1,6.17,6.17,Donor 4777,Restaurant,Pune
DNR504806,1,17.4,17.4,Donor 4807,Household,Remote
DNR504805,1,19.87,19.87,Donor 4806,Hotel,Jaipur
DNR504803,1,27.23,27.23,Donor 4804,Hotel,Remote
DNR504802,1,14.69,14.69,Donor 4803,Grocery Store,Delhi NCR
DNR504801,1,16.09,16.09,Donor 4802,Household,Pune
DNR504799,1,23.98,23.98,Donor 4800,Household,Ahmedabad
DNR508922,1,24.61,24.61,Donor 8923,Household,Ahmedabad
DNR508921,1,14.2,14.2,Donor 8922,Household,Hyderabad
DNR508917,1,16.53,16.53,Donor 8918,Event,Pune
DNR508916,1,23.04,23.04,Donor 8917,Household,Delhi NCR
DNR508915,1,21.16,21.16,Donor 8916,Grocery Store,Jaipur
DNR508909,1,35.01,35.01,Donor 8910,Event,Delhi NCR
DNR504831,1,55.65,55.65,Donor 4832,Grocery Store,Kolkata
DNR504825,1,3.21,3.21,Donor 4826,Hotel,Mumbai
DNR504824,1,35.46,35.46,Donor 4825,Restaurant,Hyderabad
DNR504763,1,11.93,11.93,Donor 4764,Cafeteria,Jaipur
DNR504760,1,21.92,21.92,Donor 4761,Household,Pune
DNR504758,1,57.42,57.42,Donor 4759,Cafeteria,Bengaluru
DNR504757,1,14.79,14.79,Donor 4758,Hotel,Kolkata
DNR504756,1,13.05,13.05,Donor 4757,Cafeteria,Kolkata
DNR508945,1,27.06,27.06,Donor 8946,Event,Hyderabad
DNR508943,1,27.48,27.48,Donor 8944,Bakery,Mumbai
DNR508941,1,52.96,52.96,Donor 8942,Household,Chennai
DNR508939,1,16.03,16.03,Donor 8940,Household,Hyderabad
DNR508932,1,50.92,50.92,Donor 8933,Grocery Store,Kolkata
DNR508931,1,21.21,21.21,Donor 8932,Household,Bengaluru
DNR504791,1,5.53,5.53,Donor 4792,Bakery,Pune
DNR504790,1,10.07,10.07,Donor 4791,Household,Pune
DNR504787,1,32.56,32.56,Donor 4788,Hotel,Mumbai
DNR504784,1,46.3,46.3,Donor 4785,Hotel,Mumbai
DNR504782,1,35.29,35.29,Donor 4783,Cafeteria,Pune
DNR504749,1,38.57,38.57,Donor 4750,Hotel,Hyderabad
DNR504748,1,9.15,9.15,Donor 4749,Restaurant,Delhi NCR
DNR504745,1,19.31,19.31,Donor 4746,Cafeteria,Hyderabad
DNR504743,1,12.6,12.6,Donor 4744,Hotel,Jaipur
DNR504742,1,26.68,26.68,Donor 4743,Event,Ahmedabad
DNR508962,1,44.24,44.24,Donor 8963,Household,Ahmedabad
DNR508961,1,44.12,44.12,Donor 8962,Hotel,Ahmedabad
DNR508959,1,32.86,32.86,Donor 8960,Bakery,Pune
DNR508956,1,14.48,14.48,Donor 8957,Hotel,Chennai
DNR508953,1,8.48,8.48,Donor 8954,Hotel,Remote
DNR508949,1,19.02,19.02,Donor 8950,Event,Bengaluru
DNR508947,1,18.35,18.35,Donor 8948,Cafeteria,Jaipur
DNR508946,1,13.82,13.82,Donor 8947,Grocery Store,Remote
DNR504773,1,25.56,25.56,Donor 4774,Hotel,Bengaluru
DNR504765,1,36.23,36.23,Donor 4766,Restaurant,Jaipur
DNR504764,1,64.61,64.61,Donor 4765,Household,Delhi NCR
DNR504702,1,19.42,19.42,Donor 4703,Grocery Store,Bengaluru
DNR504697,1,10.83,10.83,Donor 4698,Event,Delhi NCR
DNR504736,1,13.74,13.74,Donor 4737,Household,Jaipur
DNR504735,1,38.19,38.19,Donor 4736,Restaurant,Jaipur
DNR504731,1,9.01,9.01,Donor 4732,Hotel,Pune
DNR504730,1,15.46,15.46,Donor 4731,Household,Kolkata
DNR504728,1,42.29,42.29,Donor 4729,Restaurant,Remote
DNR504727,1,15.43,15.43,Donor 4728,Event,Ahmedabad
DNR504726,1,20.94,20.94,Donor 4727,Hotel,Remote
DNR504720,1,49.35,49.35,Donor 4721,Restaurant,Delhi NCR
DNR504719,1,6.37,6.37,Donor 4720,Bakery,Hyderabad
DNR508980,1,52.47,52.47,Donor 8981,Restaurant,Kolkata
DNR508977,1,8.61,8.61,Donor 8978,Hotel,Hyderabad
DNR508974,1,37.25,37.25,Donor 8975,Hotel,Jaipur
DNR508972,1,27.44,27.44,Donor 8973,Bakery,Hyderabad
DNR508969,1,34.2,34.2,Donor 8970,Household,Remote
DNR504694,1,25.52,25.52,Donor 4695,Event,Mumbai
DNR504693,1,34.98,34.98,Donor 4694,Restaurant,Kolkata
DNR504690,1,16.58,16.58,Donor 4691,Household,Delhi NCR
DNR504687,1,23.36,23.36,Donor 4688,Restaurant,Kolkata
DNR504684,1,26.99,26.99,Donor 4685,Event,Pune
DNR504682,1,35.79,35.79,Donor 4683,Restaurant,Kolkata
DNR504679,1,39.37,39.37,Donor 4680,Restaurant,Delhi NCR
DNR504678,1,36.47,36.47,Donor 4679,Cafeteria,Hyderabad
DNR504676,1,18.53,18.53,Donor 4677,Restaurant,Jaipur
DNR504674,1,10.67,10.67,Donor 4675,Restaurant,Jaipur
DNR509002,1,24.5,24.5,Donor 9003,Cafeteria,Hyderabad
DNR508992,1,19.96,19.96,Donor 8993,Household,Jaipur
DNR508990,1,54.84,54.84,Donor 8991,Restaurant,Hyderabad
DNR508987,1,18.71,18.71,Donor 8988,Event,Chennai
DNR508984,1,30.49,30.49,Donor 8985,Household,Mumbai
DNR504713,1,37.1,37.1,Donor 4714,Cafeteria,Delhi NCR
DNR504619,1,38.83,38.83,Donor 4620,Restaurant,Jaipur
DNR504653,1,18.55,18.55,Donor 4654,Restaurant,Remote
DNR504650,1,14.07,14.07,Donor 4651,Cafeteria,Delhi NCR
DNR504649,1,16.73,16.73,Donor 4650,Household,Bengaluru
DNR504646,1,14.16,14.16,Donor 4647,Cafeteria,Kolkata
DNR504644,1,11.14,11.14,Donor 4645,Grocery Store,Ahmedabad
DNR504643,1,36.87,36.87,Donor 4644,Restaurant,Kolkata
DNR504641,1,34.3,34.3,Donor 4642,Grocery Store,Bengaluru
DNR509012,1,32.81,32.81,Donor 9013,Bakery,Remote
DNR509009,1,16.96,16.96,Donor 9010,Event,Kolkata
DNR509007,1,32.81,32.81,Donor 9008,Restaurant,Jaipur
DNR509006,1,25.06,25.06,Donor 9007,Cafeteria,Pune
DNR504667,1,28.73,28.73,Donor 4668,Grocery Store,Mumbai
DNR504662,1,74.99,74.99,Donor 4663,Household,Jaipur
DNR504661,1,23.29,23.29,Donor 4662,Restaurant,Kolkata
DNR504655,1,25.61,25.61,Donor 4656,Cafeteria,Jaipur
DNR504610,1,30.45,30.45,Donor 4611,Grocery Store,Kolkata
DNR504607,1,38.05,38.05,Donor 4608,Restaurant,Delhi NCR
DNR504601,1,25.89,25.89,Donor 4602,Restaurant,Remote
DNR509038,1,10.24,10.24,Donor 9039,Hotel,Mumbai
DNR509037,1,25.18,25.18,Donor 9038,Event,Chennai
DNR509031,1,7.58,7.58,Donor 9032,Restaurant,Ahmedabad
DNR509027,1,3.32,3.32,Donor 9028,Hotel,Hyderabad
DNR509022,1,18.45,18.45,Donor 9023,Household,Chennai
DNR509021,1,36.06,36.06,Donor 9022,Household,Remote
DNR504637,1,14.28,14.28,Donor 4638,Bakery,Ahmedabad
DNR504635,1,47.64,47.64,Donor 4636,Hotel,Remote
DNR504634,1,28.14,28.14,Donor 4635,Restaurant,Bengaluru
DNR504633,1,36.48,36.48,Donor 4634,Household,Delhi NCR
DNR504625,1,22.45,22.45,Donor 4626,Hotel,Bengaluru
DNR504624,1,20.7,20.7,Donor 4625,Restaurant,Remote
DNR504623,1,40.91,40.91,Donor 4624,Restaurant,Kolkata
DNR504597,1,36.83,36.83,Donor 4598,Cafeteria,Chennai
DNR504595,1,37.75,37.75,Donor 4596,Restaurant,Remote
DNR504594,1,40.6,40.6,Donor 4595,Household,Ahmedabad
DNR504584,1,19.69,19.69,Donor 4585,Household,Mumbai
DNR504581,1,16.05,16.05,Donor 4582,Grocery Store,Pune
DNR509058,1,25.99,25.99,Donor 9059,Restaurant,Jaipur
DNR509057,1,13.21,13.21,Donor 9058,Cafeteria,Bengaluru
DNR509053,1,13.9,13.9,Donor 9054,Restaurant,Jaipur
DNR509052,1,30.83,30.83,Donor 9053,Event,Bengaluru
DNR509051,1,33.88,33.88,Donor 9052,Cafeteria,Chennai
DNR509050,1,22.2,22.2,Donor 9051,Household,Delhi NCR
DNR509046,1,10.19,10.19,Donor 9047,Household,Delhi NCR
DNR509043,1,52.49,52.49,Donor 9044,Restaurant,Bengaluru
DNR509042,1,32.02,32.02,Donor 9043,Restaurant,Delhi NCR
DNR504618,1,20.13,20.13,Donor 4619,Restaurant,Chennai
DNR504615,1,24.59,24.59,Donor 4616,Restaurant,Pune
DNR504551,1,42.72,42.72,Donor 4552,Cafeteria,Ahmedabad
DNR504549,1,4.42,4.42,Donor 4550,Cafeteria,Delhi NCR
DNR504547,1,19.72,19.72,Donor 4548,Cafeteria,Kolkata
DNR504541,1,13.92,13.92,Donor 4542,Bakery,Hyderabad
DNR509078,1,29.39,29.39,Donor 9079,Bakery,Kolkata
DNR509077,1,14.63,14.63,Donor 9078,Household,Bengaluru
DNR509076,1,12.41,12.41,Donor 9077,Household,Bengaluru
DNR509072,1,45.34,45.34,Donor 9073,Household,Mumbai
DNR509068,1,10.19,10.19,Donor 9069,Household,Kolkata
DNR509059,1,21.85,21.85,Donor 9060,Restaurant,Bengaluru
DNR504573,1,14.26,14.26,Donor 4574,Grocery Store,Kolkata
DNR504572,1,34.77,34.77,Donor 4573,Restaurant,Ahmedabad
DNR504571,1,25.84,25.84,Donor 4572,Restaurant,Jaipur
DNR504570,1,40.39,40.39,Donor 4571,Restaurant,Ahmedabad
DNR504569,1,11.0,11.0,Donor 4570,Event,Mumbai
DNR504562,1,10.37,10.37,Donor 4563,Household,Mumbai
DNR504506,1,27.63,27.63,Donor 4507,Restaurant,Mumbai
DNR504502,1,49.44,49.44,Donor 4503,Household,Delhi NCR
DNR504536,1,11.16,11.16,Donor 4537,Restaurant,Bengaluru
DNR504535,1,11.3,11.3,Donor 4536,Household,Hyderabad
DNR504534,1,30.6,30.6,Donor 4535,Cafeteria,Bengaluru
DNR504527,1,18.53,18.53,Donor 4528,Household,Remote
DNR504524,1,16.52,16.52,Donor 4525,Restaurant,Delhi NCR
DNR504518,1,37.39,37.39,Donor 4519,Grocery Store,Bengaluru
DNR509096,1,60.06,60.06,Donor 9097,Household,Jaipur
DNR509094,1,13.5,13.5,Donor 9095,Bakery,Jaipur
DNR509090,1,12.27,12.27,Donor 9091,Restaurant,Remote
DNR509086,1,10.71,10.71,Donor 9087,Bakery,Jaipur
DNR509085,1,20.05,20.05,Donor 9086,Restaurant,Hyderabad
DNR509082,1,13.34,13.34,Donor 9083,Restaurant,Pune
DNR509081,1,48.2,48.2,Donor 9082,Hotel,Hyderabad
DNR504553,1,20.67,20.67,Donor 4554,Restaurant,Chennai
DNR509117,1,23.81,23.81,Donor 9118,Cafeteria,Pune
DNR509116,1,52.32,52.32,Donor 9117,Bakery,Bengaluru
DNR504497,1,20.14,20.14,Donor 4498,Cafeteria,Pune
DNR504491,1,27.98,27.98,Donor 4492,Cafeteria,Hyderabad
DNR504485,1,9.59,9.59,Donor 4486,Restaurant,Hyderabad
DNR504483,1,22.28,22.28,Donor 4484,Restaurant,Kolkata
DNR509115,1,24.97,24.97,Donor 9116,Cafeteria,Kolkata
DNR509110,1,36.24,36.24,Donor 9111,Restaurant,Kolkata
DNR509103,1,37.68,37.68,Donor 9104,Bakery,Jaipur
DNR509101,1,26.59,26.59,Donor 9102,Bakery,Kolkata
DNR504517,1,40.93,40.93,Donor 4518,Restaurant,Mumbai
DNR504516,1,3.54,3.54,Donor 4517,Hotel,Remote
DNR504514,1,21.49,21.49,Donor 4515,Grocery Store,Hyderabad
DNR504512,1,11.69,11.69,Donor 4513,Hotel,Mumbai
DNR504510,1,23.84,23.84,Donor 4511,Grocery Store,Mumbai
DNR504507,1,16.41,16.41,Donor 4508,Grocery Store,Mumbai
DNR504440,1,27.74,27.74,Donor 4441,Grocery Store,Hyderabad
DNR504479,1,31.24,31.24,Donor 4480,Household,Remote
DNR504477,1,24.4,24.4,Donor 4478,Hotel,Remote
DNR504475,1,13.27,13.27,Donor 4476,Restaurant,Chennai
DNR504473,1,37.63,37.63,Donor 4474,Bakery,Kolkata
DNR504471,1,9.21,9.21,Donor 4472,Hotel,Pune
DNR504463,1,18.69,18.69,Donor 4464,Grocery Store,Pune
DNR504460,1,50.83,50.83,Donor 4461,Household,Pune
DNR504459,1,8.06,8.06,Donor 4460,Cafeteria,Delhi NCR
DNR509132,1,22.8,22.8,Donor 9133,Event,Ahmedabad
DNR509131,1,11.21,11.21,Donor 9132,Restaurant,Ahmedabad
DNR509130,1,15.8,15.8,Donor 9131,Household,Jaipur
DNR509123,1,24.25,24.25,Donor 9124,Bakery,Remote
DNR509122,1,6.28,6.28,Donor 9123,Hotel,Jaipur
DNR509120,1,24.73,24.73,Donor 9121,Restaurant,Delhi NCR
DNR509119,1,23.0,23.0,Donor 9120,Event,Bengaluru
DNR504431,1,13.2,13.2,Donor 4432,Event,Jaipur
DNR504429,1,23.52,23.52,Donor 4430,Grocery Store,Hyderabad
DNR504422,1,18.74,18.74,Donor 4423,Cafeteria,Chennai
DNR509154,1,10.23,10.23,Donor 9155,Hotel,Chennai
DNR509151,1,24.65,24.65,Donor 9152,Restaurant,Hyderabad
DNR509148,1,18.99,18.99,Donor 9149,Cafeteria,Ahmedabad
DNR509147,1,43.55,43.55,Donor 9148,Grocery Store,Mumbai
DNR509136,1,13.07,13.07,Donor 9137,Grocery Store,Remote
DNR504458,1,44.14,44.14,Donor 4459,Cafeteria,Delhi NCR
DNR504455,1,37.36,37.36,Donor 4456,Restaurant,Pune
DNR504454,1,24.78,24.78,Donor 4455,Cafeteria,Kolkata
DNR504453,1,32.79,32.79,Donor 4454,Event,Kolkata
DNR504452,1,33.33,33.33,Donor 4453,Household,Ahmedabad
DNR504449,1,4.92,4.92,Donor 4450,Bakery,Remote
DNR504446,1,40.94,40.94,Donor 4447,Restaurant,Kolkata
DNR504443,1,55.23,55.23,Donor 4444,Event,Remote
DNR509178,1,5.47,5.47,Donor 9179,Grocery Store,Hyderabad
DNR504395,1,16.41,16.41,Donor 4396,Hotel,Pune
DNR504394,1,28.52,28.52,Donor 4395,Hotel,Jaipur
DNR504391,1,13.43,13.43,Donor 4392,Household,Ahmedabad
DNR504389,1,32.18,32.18,Donor 4390,Cafeteria,Mumbai
DNR504387,1,27.29,27.29,Donor 4388,Hotel,Pune
DNR504385,1,25.94,25.94,Donor 4386,Cafeteria,Mumbai
DNR504382,1,27.64,27.64,Donor 4383,Grocery Store,Remote
DNR509174,1,31.58,31.58,Donor 9175,Hotel,Mumbai
DNR509165,1,33.67,33.67,Donor 9166,Hotel,Pune
DNR504415,1,32.12,32.12,Donor 4416,Household,Pune
DNR504411,1,33.97,33.97,Donor 4412,Restaurant,Hyderabad
DNR504408,1,60.51,60.51,Donor 4409,Household,Remote
DNR504406,1,15.78,15.78,Donor 4407,Bakery,Ahmedabad
DNR504402,1,18.72,18.72,Donor 4403,Restaurant,Pune
DNR504438,1,31.54,31.54,Donor 4439,Restaurant,Mumbai
DNR504379,1,35.87,35.87,Donor 4380,Restaurant,Chennai
DNR504377,1,45.66,45.66,Donor 4378,Hotel,Kolkata
DNR504376,1,11.65,11.65,Donor 4377,Household,Mumbai
DNR504373,1,25.81,25.81,Donor 4374,Hotel,Bengaluru
DNR504371,1,20.05,20.05,Donor 4372,Bakery,Jaipur
DNR504368,1,25.45,25.45,Donor 4369,Household,Pune
DNR504367,1,24.29,24.29,Donor 4368,Restaurant,Hyderabad
DNR504366,1,8.14,8.14,Donor 4367,Event,Bengaluru
DNR504365,1,24.91,24.91,Donor 4366,Hotel,Remote
DNR509195,1,9.16,9.16,Donor 9196,Household,Remote
DNR509194,1,12.11,12.11,Donor 9195,Restaurant,Bengaluru
DNR509189,1,31.08,31.08,Donor 9190,Restaurant,Bengaluru
DNR509188,1,16.88,16.88,Donor 9189,Event,Ahmedabad
DNR509187,1,21.74,21.74,Donor 9188,Grocery Store,Kolkata
DNR509183,1,20.5,20.5,Donor 9184,Bakery,Kolkata
DNR509180,1,21.34,21.34,Donor 9181,Restaurant,Ahmedabad
DNR509225,1,13.86,13.86,Donor 9226,Restaurant,Mumbai
DNR509221,1,41.77,41.77,Donor 9222,Restaurant,Ahmedabad
DNR509220,1,21.64,21.64,Donor 9221,Cafeteria,Pune
DNR509212,1,16.21,16.21,Donor 9213,Hotel,Delhi NCR
DNR509207,1,20.0,20.0,Donor 9208,Restaurant,Mumbai
DNR509204,1,15.06,15.06,Donor 9205,Household,Jaipur
DNR509198,1,16.32,16.32,Donor 9199,Household,Jaipur
DNR509197,1,12.03,12.03,Donor 9198,Grocery Store,Bengaluru
DNR509196,1,18.27,18.27,Donor 9197,Cafeteria,Hyderabad
DNR504364,1,14.48,14.48,Donor 4365,Household,Ahmedabad
DNR504362,1,43.43,43.43,Donor 4363,Cafeteria,Mumbai
DNR504357,1,11.44,11.44,Donor 4358,Restaurant,Ahmedabad
DNR504350,1,7.12,7.12,Donor 4351,Event,Delhi NCR
DNR504349,1,34.66,34.66,Donor 4350,Bakery,Kolkata
DNR504347,1,9.45,9.45,Donor 4348,Event,Chennai
DNR504381,1,13.88,13.88,Donor 4382,Restaurant,Jaipur
DNR504308,1,27.87,27.87,Donor 4309,Cafeteria,Chennai
DNR504307,1,9.26,9.26,Donor 4308,Cafeteria,Bengaluru
DNR504344,1,28.22,28.22,Donor 4345,Event,Remote
DNR504342,1,48.76,48.76,Donor 4343,Cafeteria,Hyderabad
DNR504341,1,17.09,17.09,Donor 4342,Household,Chennai
DNR504338,1,30.36,30.36,Donor 4339,Household,Pune
DNR504334,1,17.77,17.77,Donor 4335,Cafeteria,Bengaluru
DNR504330,1,25.29,25.29,Donor 4331,Hotel,Mumbai
DNR504328,1,7.44,7.44,Donor 4329,Event,Pune
DNR504327,1,32.96,32.96,Donor 4328,Cafeteria,Mumbai
DNR504326,1,21.99,21.99,Donor 4327,Cafeteria,Delhi NCR
DNR509235,1,5.49,5.49,Donor 9236,Restaurant,Kolkata
DNR509234,1,25.11,25.11,Donor 9235,Household,Bengaluru
DNR509233,1,21.62,21.62,Donor 9234,Restaurant,Bengaluru
DNR509232,1,33.54,33.54,Donor 9233,Restaurant,Mumbai
DNR509230,1,17.42,17.42,Donor 9231,Bakery,Hyderabad
DNR504302,1,26.84,26.84,Donor 4303,Hotel,Kolkata
DNR504301,1,27.21,27.21,Donor 4302,Event,Bengaluru
DNR504297,1,13.77,13.77,Donor 4298,Restaurant,Jaipur
DNR504289,1,12.37,12.37,Donor 4290,Hotel,Chennai
DNR504288,1,46.46,46.46,Donor 4289,Bakery,Pune
DNR504286,1,21.91,21.91,Donor 4287,Event,Chennai
DNR509255,1,26.1,26.1,Donor 9256,Restaurant,Kolkata
DNR509247,1,16.34,16.34,Donor 9248,Restaurant,Kolkata
DNR509245,1,14.11,14.11,Donor 9246,Cafeteria,Remote
DNR509244,1,39.7,39.7,Donor 9245,Household,Ahmedabad
DNR509239,1,18.54,18.54,Donor 9240,Restaurant,Chennai
DNR504323,1,24.02,24.02,Donor 4324,Restaurant,Jaipur
DNR504320,1,41.21,41.21,Donor 4321,Cafeteria,Kolkata
DNR504316,1,53.24,53.24,Donor 4317,Restaurant,Kolkata
DNR504315,1,6.47,6.47,Donor 4316,Restaurant,Hyderabad
DNR504311,1,8.95,8.95,Donor 4312,Restaurant,Kolkata
DNR504232,1,21.81,21.81,Donor 4233,Cafeteria,Mumbai
DNR504262,1,9.64,9.64,Donor 4263,Restaurant,Bengaluru
DNR504259,1,48.71,48.71,Donor 4260,Restaurant,Kolkata
DNR504258,1,27.26,27.26,Donor 4259,Restaurant,Pune
DNR504257,1,33.28,33.28,Donor 4258,Event,Chennai
DNR504256,1,18.9,18.9,Donor 4257,Restaurant,Kolkata
DNR504250,1,17.9,17.9,Donor 4251,Hotel,Pune
DNR504249,1,42.33,42.33,Donor 4250,Restaurant,Ahmedabad
DNR509272,1,64.6,64.6,Donor 9273,Household,Chennai
DNR509270,1,17.7,17.7,Donor 9271,Hotel,Mumbai
DNR509268,1,27.93,27.93,Donor 9269,Event,Mumbai
DNR509266,1,23.1,23.1,Donor 9267,Restaurant,Pune
DNR509264,1,5.6,5.6,Donor 9265,Grocery Store,Remote
DNR509262,1,27.11,27.11,Donor 9263,Hotel,Remote
DNR504285,1,11.96,11.96,Donor 4286,Restaurant,Remote
DNR504280,1,21.73,21.73,Donor 4281,Restaurant,Kolkata
DNR504193,1,22.14,22.14,Donor 4194,Restaurant,Ahmedabad
DNR504192,1,30.4,30.4,Donor 4193,Cafeteria,Mumbai
DNR504230,1,11.93,11.93,Donor 4231,Hotel,Delhi NCR
DNR504221,1,16.48,16.48,Donor 4222,Event,Pune
DNR504216,1,24.66,24.66,Donor 4217,Hotel,Mumbai
DNR509290,1,21.62,21.62,Donor 9291,Hotel,Chennai
DNR509285,1,30.16,30.16,Donor 9286,Event,Mumbai
DNR509281,1,23.82,23.82,Donor 9282,Event,Chennai
DNR509279,1,12.56,12.56,Donor 9280,Hotel,Hyderabad
DNR509274,1,22.18,22.18,Donor 9275,Restaurant,Remote
DNR504248,1,9.12,9.12,Donor 4249,Cafeteria,Hyderabad
DNR504247,1,42.45,42.45,Donor 4248,Cafeteria,Ahmedabad
DNR504244,1,19.38,19.38,Donor 4245,Restaurant,Chennai
DNR504241,1,16.63,16.63,Donor 4242,Hotel,Mumbai
DNR504237,1,26.79,26.79,Donor 4238,Household,Jaipur
DNR504233,1,26.75,26.75,Donor 4234,Restaurant,Delhi NCR
DNR504191,1,15.23,15.23,Donor 4192,Cafeteria,Chennai
DNR504189,1,25.32,25.32,Donor 4190,Household,Jaipur
DNR504180,1,8.38,8.38,Donor 4181,Hotel,Ahmedabad
DNR504179,1,32.03,32.03,Donor 4180,Restaurant,Chennai
DNR504173,1,41.69,41.69,Donor 4174,Cafeteria,Delhi NCR
DNR509308,1,32.58,32.58,Donor 9309,Household,Chennai
DNR509304,1,14.36,14.36,Donor 9305,Cafeteria,Chennai
DNR509302,1,10.34,10.34,Donor 9303,Cafeteria,Pune
DNR509296,1,25.97,25.97,Donor 9297,Hotel,Pune
DNR509293,1,11.56,11.56,Donor 9294,Hotel,Hyderabad
DNR509291,1,21.13,21.13,Donor 9292,Cafeteria,Ahmedabad
DNR504203,1,11.95,11.95,Donor 4204,Hotel,Mumbai
DNR504202,1,27.69,27.69,Donor 4203,Restaurant,Ahmedabad
DNR504201,1,17.17,17.17,Donor 4202,Restaurant,Chennai
DNR504199,1,39.15,39.15,Donor 4200,Grocery Store,Delhi NCR
DNR504195,1,68.36,68.36,Donor 4196,Restaurant,Kolkata
DNR504146,1,35.32,35.32,Donor 4147,Cafeteria,Jaipur
DNR504145,1,29.7,29.7,Donor 4146,Hotel,Hyderabad
DNR504144,1,16.49,16.49,Donor 4145,Event,Remote
DNR504139,1,24.88,24.88,Donor 4140,Restaurant,Kolkata
DNR509328,1,8.35,8.35,Donor 9329,Restaurant,Kolkata
DNR509326,1,20.18,20.18,Donor 9327,Restaurant,Mumbai
DNR509323,1,7.1,7.1,Donor 9324,Bakery,Jaipur
DNR509322,1,25.38,25.38,Donor 9323,Restaurant,Ahmedabad
DNR509320,1,11.2,11.2,Donor 9321,Household,Ahmedabad
DNR509313,1,31.96,31.96,Donor 9314,Restaurant,Remote
DNR504171,1,4.87,4.87,Donor 4172,Bakery,Chennai
DNR504165,1,17.97,17.97,Donor 4166,Event,Chennai
DNR504163,1,15.74,15.74,Donor 4164,Bakery,Remote
DNR504162,1,52.82,52.82,Donor 4163,Cafeteria,Jaipur
DNR504159,1,15.13,15.13,Donor 4160,Household,Hyderabad
DNR504155,1,56.99,56.99,Donor 4156,Hotel,Pune
DNR504084,1,18.3,18.3,Donor 4085,Household,Kolkata
DNR504081,1,22.44,22.44,Donor 4082,Restaurant,Delhi NCR
DNR504080,1,7.75,7.75,Donor 4081,Restaurant,Chennai
DNR509340,1,43.6,43.6,Donor 9341,Grocery Store,Mumbai
DNR509335,1,22.53,22.53,Donor 9336,Restaurant,Chennai
DNR509332,1,24.39,24.39,Donor 9333,Restaurant,Chennai
DNR509331,1,8.42,8.42,Donor 9332,Grocery Store,Jaipur
DNR504110,1,22.04,22.04,Donor 4111,Household,Delhi NCR
DNR504109,1,30.99,30.99,Donor 4110,Hotel,Ahmedabad
DNR504100,1,7.92,7.92,Donor 4101,Restaurant,Jaipur
DNR504133,1,14.67,14.67,Donor 4134,Grocery Store,Kolkata
DNR504131,1,33.96,33.96,Donor 4132,Hotel,Delhi NCR
DNR504119,1,9.87,9.87,Donor 4120,Grocery Store,Chennai
DNR504153,1,46.82,46.82,Donor 4154,Restaurant,Pune
DNR504152,1,31.24,31.24,Donor 4153,Event,Pune
DNR504149,1,13.75,13.75,Donor 4150,Hotel,Delhi NCR
DNR504071,1,31.96,31.96,Donor 4072,Event,Remote
DNR504069,1,31.61,31.61,Donor 4070,Bakery,Kolkata
DNR504066,1,18.02,18.02,Donor 4067,Restaurant,Hyderabad
DNR504065,1,16.39,16.39,Donor 4066,Cafeteria,Remote
DNR504064,1,39.95,39.95,Donor 4065,Cafeteria,Remote
DNR504063,1,4.36,4.36,Donor 4064,Restaurant,Jaipur
DNR509361,1,4.72,4.72,Donor 9362,Restaurant,Ahmedabad
DNR509359,1,13.54,13.54,Donor 9360,Household,Remote
DNR509352,1,28.95,28.95,Donor 9353,Household,Ahmedabad
DNR509351,1,13.9,13.9,Donor 9352,Bakery,Pune
DNR504095,1,35.77,35.77,Donor 4096,Hotel,Remote
DNR504094,1,24.37,24.37,Donor 4095,Hotel,Chennai
DNR504093,1,10.87,10.87,Donor 4094,Hotel,Pune
DNR504092,1,13.13,13.13,Donor 4093,Cafeteria,Kolkata
DNR504086,1,22.78,22.78,Donor 4087,Household,Pune
DNR504085,1,33.36,33.36,Donor 4086,Restaurant,Jaipur
DNR504057,1,20.11,20.11,Donor 4058,Grocery Store,Kolkata
DNR504056,1,11.65,11.65,Donor 4057,Restaurant,Mumbai
DNR504048,1,27.46,27.46,Donor 4049,Event,Kolkata
DNR504041,1,22.89,22.89,Donor 4042,Hotel,Kolkata
DNR509388,1,3.78,3.78,Donor 9389,Cafeteria,Hyderabad
DNR509385,1,14.52,14.52,Donor 9386,Cafeteria,Delhi NCR
DNR509384,1,42.47,42.47,Donor 9385,Hotel,Delhi NCR
DNR509383,1,14.77,14.77,Donor 9384,Restaurant,Hyderabad
DNR509382,1,44.56,44.56,Donor 9383,Restaurant,Pune
DNR509378,1,26.63,26.63,Donor 9379,Restaurant,Remote
DNR509371,1,30.35,30.35,Donor 9372,Bakery,Delhi NCR
DNR509369,1,14.97,14.97,Donor 9370,Event,Jaipur
DNR504077,1,19.25,19.25,Donor 4078,Cafeteria,Delhi NCR
DNR504076,1,8.95,8.95,Donor 4077,Hotel,Jaipur
DNR504074,1,28.85,28.85,Donor 4075,Restaurant,Bengaluru
DNR504072,1,14.3,14.3,Donor 4073,Hotel,Jaipur
DNR504033,1,38.7,38.7,Donor 4034,Bakery,Mumbai
DNR504032,1,42.11,42.11,Donor 4033,Grocery Store,Hyderabad
DNR504025,1,61.88,61.88,Donor 4026,Household,Jaipur
DNR509408,1,11.32,11.32,Donor 9409,Hotel,Mumbai
DNR509405,1,60.61,60.61,Donor 9406,Hotel,Delhi NCR
DNR509402,1,28.78,28.78,Donor 9403,Hotel,Delhi NCR
DNR509399,1,15.05,15.05,Donor 9400,Restaurant,Pune
DNR509398,1,36.57,36.57,Donor 9399,Hotel,Ahmedabad
DNR509397,1,22.64,22.64,Donor 9398,Hotel,Jaipur
DNR509395,1,33.35,33.35,Donor 9396,Event,Chennai
DNR509394,1,38.94,38.94,Donor 9395,Restaurant,Mumbai
DNR509393,1,7.41,7.41,Donor 9394,Hotel,Pune
DNR504062,1,19.84,19.84,Donor 4063,Hotel,Bengaluru
DNR504061,1,63.21,63.21,Donor 4062,Cafeteria,Kolkata
DNR504060,1,8.53,8.53,Donor 4061,Cafeteria,Bengaluru
DNR504058,1,6.68,6.68,Donor 4059,Household,Delhi NCR
DNR504017,1,26.09,26.09,Donor 4018,Restaurant,Hyderabad
DNR504007,1,28.66,28.66,Donor 4008,Grocery Store,Ahmedabad
DNR504006,1,9.77,9.77,Donor 4007,Cafeteria,Jaipur
DNR504005,1,12.42,12.42,Donor 4006,Household,Jaipur
DNR504001,1,11.76,11.76,Donor 4002,Restaurant,Remote
DNR503999,1,25.58,25.58,Donor 4000,Event,Pune
DNR509426,1,42.52,42.52,Donor 9427,Household,Bengaluru
DNR509425,1,23.76,23.76,Donor 9426,Event,Pune
DNR509424,1,29.75,29.75,Donor 9425,Hotel,Mumbai
DNR509420,1,44.37,44.37,Donor 9421,Restaurant,Remote
DNR509416,1,33.5,33.5,Donor 9417,Household,Ahmedabad
DNR509415,1,51.35,51.35,Donor 9416,Hotel,Pune
DNR509413,1,34.99,34.99,Donor 9414,Restaurant,Pune
DNR509411,1,20.14,20.14,Donor 9412,Household,Chennai
DNR504037,1,52.68,52.68,Donor 4038,Cafeteria,Delhi NCR
DNR504036,1,25.42,25.42,Donor 4037,Restaurant,Chennai
DNR503974,1,26.53,26.53,Donor 3975,Household,Pune
DNR503972,1,13.66,13.66,Donor 3973,Event,Delhi NCR
DNR503971,1,12.64,12.64,Donor 3972,Event,Pune
DNR503970,1,54.7,54.7,Donor 3971,Restaurant,Pune
DNR503968,1,8.9,8.9,Donor 3969,Event,Delhi NCR
DNR503964,1,17.71,17.71,Donor 3965,Restaurant,Pune
DNR503962,1,32.93,32.93,Donor 3963,Household,Bengaluru
DNR509436,1,47.9,47.9,Donor 9437,Restaurant,Bengaluru
DNR509432,1,35.66,35.66,Donor 9433,Event,Remote
DNR509431,1,15.3,15.3,Donor 9432,Restaurant,Delhi NCR
DNR509429,1,40.56,40.56,Donor 9430,Hotel,Bengaluru
DNR509428,1,26.35,26.35,Donor 9429,Restaurant,Delhi NCR
DNR503998,1,16.72,16.72,Donor 3999,Restaurant,Pune
DNR503997,1,13.83,13.83,Donor 3998,Cafeteria,Kolkata
DNR503996,1,23.25,23.25,Donor 3997,Event,Ahmedabad
DNR503990,1,58.76,58.76,Donor 3991,Household,Bengaluru
DNR503930,1,41.31,41.31,Donor 3931,Restaurant,Delhi NCR
DNR503924,1,43.4,43.4,Donor 3925,Cafeteria,Kolkata
DNR503923,1,35.89,35.89,Donor 3924,Hotel,Jaipur
DNR503921,1,31.43,31.43,Donor 3922,Household,Remote
DNR503920,1,14.32,14.32,Donor 3921,Bakery,Hyderabad
DNR503919,1,19.51,19.51,Donor 3920,Household,Chennai
DNR503918,1,16.74,16.74,Donor 3919,Grocery Store,Bengaluru
DNR509459,1,19.72,19.72,Donor 9460,Hotel,Hyderabad
DNR509449,1,13.85,13.85,Donor 9450,Event,Bengaluru
DNR509447,1,14.25,14.25,Donor 9448,Household,Hyderabad
DNR503958,1,70.3,70.3,Donor 3959,Restaurant,Chennai
DNR503949,1,19.1,19.1,Donor 3950,Household,Kolkata
DNR503948,1,41.17,41.17,Donor 3949,Household,Chennai
DNR503939,1,37.55,37.55,Donor 3940,Household,Remote
DNR503980,1,13.25,13.25,Donor 3981,Restaurant,Kolkata
DNR503979,1,32.23,32.23,Donor 3980,Cafeteria,Hyderabad
DNR503894,1,4.82,4.82,Donor 3895,Hotel,Ahmedabad
DNR503893,1,37.14,37.14,Donor 3894,Grocery Store,Ahmedabad
DNR503889,1,17.8,17.8,Donor 3890,Event,Ahmedabad
DNR509485,1,22.77,22.77,Donor 9486,Household,Chennai
DNR509475,1,21.76,21.76,Donor 9476,Household,Bengaluru
DNR509471,1,14.23,14.23,Donor 9472,Hotel,Jaipur
DNR509469,1,28.2,28.2,Donor 9470,Event,Remote
DNR509467,1,14.9,14.9,Donor 9468,Cafeteria,Ahmedabad
DNR503917,1,15.59,15.59,Donor 3918,Event,Delhi NCR
DNR503916,1,19.37,19.37,Donor 3917,Cafeteria,Mumbai
DNR503914,1,35.59,35.59,Donor 3915,Event,Pune
DNR503912,1,33.35,33.35,Donor 3913,Household,Hyderabad
DNR503911,1,12.0,12.0,Donor 3912,Grocery Store,Delhi NCR
DNR503910,1,22.49,22.49,Donor 3911,Restaurant,Kolkata
DNR503908,1,20.75,20.75,Donor 3909,Restaurant,Jaipur
DNR503907,1,17.16,17.16,Donor 3908,Grocery Store,Chennai
DNR503847,1,26.37,26.37,Donor 3848,Cafeteria,Remote
DNR503846,1,49.95,49.95,Donor 3847,Cafeteria,Kolkata
DNR503843,1,44.91,44.91,Donor 3844,Hotel,Mumbai
DNR503842,1,34.77,34.77,Donor 3843,Event,Bengaluru
DNR503841,1,13.43,13.43,Donor 3842,Household,Pune
DNR503840,1,24.69,24.69,Donor 3841,Household,Jaipur
DNR503837,1,43.3,43.3,Donor 3838,Restaurant,Remote
DNR509504,1,5.43,5.43,Donor 9505,Restaurant,Chennai
DNR509503,1,12.4,12.4,Donor 9504,Restaurant,Ahmedabad
DNR509497,1,21.75,21.75,Donor 9498,Household,Remote
DNR509495,1,11.98,11.98,Donor 9496,Cafeteria,Bengaluru
DNR509494,1,27.91,27.91,Donor 9495,Hotel,Chennai
DNR509493,1,16.87,16.87,Donor 9494,Household,Mumbai
DNR503868,1,49.28,49.28,Donor 3869,Grocery Store,Bengaluru
DNR503865,1,21.2,21.2,Donor 3866,Household,Chennai
DNR503862,1,18.17,18.17,Donor 3863,Hotel,Bengaluru
DNR503833,1,9.58,9.58,Donor 3834,Restaurant,Ahmedabad
DNR503832,1,17.68,17.68,Donor 3833,Restaurant,Jaipur
DNR503831,1,24.61,24.61,Donor 3832,Event,Kolkata
DNR503830,1,13.44,13.44,Donor 3831,Cafeteria,Hyderabad
DNR503829,1,27.87,27.87,Donor 3830,Restaurant,Bengaluru
DNR503825,1,26.49,26.49,Donor 3826,Household,Chennai
DNR503819,1,12.36,12.36,Donor 3820,Event,Hyderabad
DNR503818,1,26.58,26.58,Donor 3819,Household,Chennai
DNR503817,1,53.29,53.29,Donor 3818,Restaurant,Jaipur
DNR509520,1,10.93,10.93,Donor 9521,Event,Mumbai
DNR509518,1,18.89,18.89,Donor 9519,Restaurant,Delhi NCR
DNR509513,1,9.61,9.61,Donor 9514,Hotel,Ahmedabad
DNR503854,1,44.34,44.34,Donor 3855,Cafeteria,Ahmedabad
DNR503853,1,18.55,18.55,Donor 3854,Household,Mumbai
DNR503850,1,18.51,18.51,Donor 3851,Hotel,Hyderabad
DNR503849,1,19.83,19.83,Donor 3850,Event,Bengaluru
DNR503814,1,21.08,21.08,Donor 3815,Restaurant,Chennai
DNR503813,1,69.38,69.38,Donor 3814,Cafeteria,Pune
DNR503810,1,42.09,42.09,Donor 3811,Event,Pune
DNR503809,1,8.92,8.92,Donor 3810,Restaurant,Remote
DNR503808,1,24.34,24.34,Donor 3809,Household,Hyderabad
DNR503806,1,17.83,17.83,Donor 3807,Hotel,Jaipur
DNR503805,1,5.09,5.09,Donor 3806,Event,Bengaluru
DNR503801,1,43.73,43.73,Donor 3802,Hotel,Bengaluru
DNR503800,1,55.06,55.06,Donor 3801,Household,Chennai
DNR509544,1,32.08,32.08,Donor 9545,Cafeteria,Mumbai
DNR509543,1,16.18,16.18,Donor 9544,Restaurant,Kolkata
DNR509541,1,39.73,39.73,Donor 9542,Household,Delhi NCR
DNR509540,1,5.97,5.97,Donor 9541,Cafeteria,Jaipur
DNR509534,1,19.46,19.46,Donor 9535,Household,Ahmedabad
DNR509530,1,20.05,20.05,Donor 9531,Restaurant,Pune
DNR509526,1,58.58,58.58,Donor 9527,Hotel,Delhi NCR
DNR503736,1,23.62,23.62,Donor 3737,Restaurant,Kolkata
DNR503772,1,33.24,33.24,Donor 3773,Event,Chennai
DNR503765,1,25.99,25.99,Donor 3766,Household,Ahmedabad
DNR503761,1,34.62,34.62,Donor 3762,Event,Chennai
DNR509555,1,29.05,29.05,Donor 9556,Restaurant,Jaipur
DNR509553,1,18.21,18.21,Donor 9554,Cafeteria,Mumbai
DNR509548,1,20.53,20.53,Donor 9549,Restaurant,Delhi NCR
DNR509545,1,26.72,26.72,Donor 9546,Household,Hyderabad
DNR503792,1,22.72,22.72,Donor 3793,Cafeteria,Jaipur
DNR503791,1,46.3,46.3,Donor 3792,Hotel,Bengaluru
DNR503789,1,39.63,39.63,Donor 3790,Cafeteria,Hyderabad
DNR503786,1,29.29,29.29,Donor 3787,Restaurant,Jaipur
DNR503778,1,7.72,7.72,Donor 3779,Household,Jaipur
DNR503777,1,8.18,8.18,Donor 3778,Household,Hyderabad
DNR503776,1,12.52,12.52,Donor 3777,Restaurant,Delhi NCR
DNR503815,1,16.07,16.07,Donor 3816,Cafeteria,Mumbai
DNR503709,1,24.11,24.11,Donor 3710,Household,Ahmedabad
DNR503708,1,51.57,51.57,Donor 3709,Grocery Store,Delhi NCR
DNR503707,1,20.44,20.44,Donor 3708,Restaurant,Jaipur
DNR503699,1,7.63,7.63,Donor 3700,Cafeteria,Jaipur
DNR509578,1,80.84,80.84,Donor 9579,Household,Bengaluru
DNR509576,1,32.86,32.86,Donor 9577,Restaurant,Remote
DNR509572,1,10.85,10.85,Donor 9573,Restaurant,Remote
DNR509567,1,17.76,17.76,Donor 9568,Restaurant,Kolkata
DNR509562,1,22.06,22.06,Donor 9563,Household,Ahmedabad
DNR503728,1,16.86,16.86,Donor 3729,Hotel,Mumbai
DNR503726,1,6.1,6.1,Donor 3727,Cafeteria,Chennai
DNR503725,1,18.09,18.09,Donor 3726,Restaurant,Remote
DNR503720,1,30.03,30.03,Donor 3721,Restaurant,Pune
DNR503719,1,41.07,41.07,Donor 3720,Household,Delhi NCR
DNR503744,1,46.25,46.25,Donor 3745,Restaurant,Mumbai
DNR503743,1,24.22,24.22,Donor 3744,Household,Jaipur
DNR503670,1,28.77,28.77,Donor 3671,Cafeteria,Bengaluru
DNR503698,1,18.22,18.22,Donor 3699,Household,Delhi NCR
DNR503697,1,20.36,20.36,Donor 3698,Bakery,Remote
DNR503696,1,18.27,18.27,Donor 3697,Cafeteria,Pune
DNR503692,1,15.82,15.82,Donor 3693,Cafeteria,Kolkata
DNR503687,1,19.03,19.03,Donor 3688,Hotel,Remote
DNR503677,1,8.9,8.9,Donor 3678,Household,Mumbai
DNR503676,1,8.76,8.76,Donor 3677,Cafeteria,Bengaluru
DNR509597,1,18.52,18.52,Donor 9598,Cafeteria,Ahmedabad
DNR509595,1,23.75,23.75,Donor 9596,Restaurant,Mumbai
DNR509593,1,23.73,23.73,Donor 9594,Cafeteria,Pune
DNR509583,1,47.9,47.9,Donor 9584,Household,Delhi NCR
DNR503715,1,23.89,23.89,Donor 3716,Cafeteria,Delhi NCR
DNR503714,1,16.79,16.79,Donor 3715,Event,Jaipur
DNR503711,1,35.4,35.4,Donor 3712,Cafeteria,Delhi NCR
DNR503710,1,29.42,29.42,Donor 3711,Restaurant,Ahmedabad
DNR509624,1,12.11,12.11,Donor 9625,Restaurant,Bengaluru
DNR509617,1,11.78,11.78,Donor 9618,Household,Mumbai
DNR503653,1,37.81,37.81,Donor 3654,Restaurant,Delhi NCR
DNR503652,1,17.61,17.61,Donor 3653,Event,Hyderabad
DNR503650,1,16.14,16.14,Donor 3651,Household,Ahmedabad
DNR503645,1,34.8,34.8,Donor 3646,Household,Remote
DNR503641,1,20.9,20.9,Donor 3642,Bakery,Ahmedabad
DNR503639,1,21.66,21.66,Donor 3640,Restaurant,Jaipur
DNR503636,1,57.05,57.05,Donor 3637,Bakery,Jaipur
DNR509614,1,10.62,10.62,Donor 9615,Grocery Store,Delhi NCR
DNR509613,1,22.76,22.76,Donor 9614,Household,Hyderabad
DNR509612,1,10.83,10.83,Donor 9613,Cafeteria,Delhi NCR
DNR509608,1,28.86,28.86,Donor 9609,Grocery Store,Mumbai
DNR509601,1,33.88,33.88,Donor 9602,Hotel,Hyderabad
DNR503674,1,44.21,44.21,Donor 3675,Event,Ahmedabad
DNR503672,1,18.67,18.67,Donor 3673,Household,Mumbai
DNR509641,1,19.67,19.67,Donor 9642,Grocery Store,Pune
DNR503631,1,54.0,54.0,Donor 3632,Cafeteria,Hyderabad
DNR503628,1,34.65,34.65,Donor 3629,Event,Hyderabad
DNR503627,1,7.63,7.63,Donor 3628,Household,Kolkata
DNR503622,1,22.52,22.52,Donor 3623,Cafeteria,Remote
DNR503621,1,13.19,13.19,Donor 3622,Bakery,Jaipur
DNR503620,1,54.65,54.65,Donor 3621,Grocery Store,Delhi NCR
DNR503619,1,38.41,38.41,Donor 3620,Restaurant,Jaipur
DNR503618,1,12.78,12.78,Donor 3619,Grocery Store,Kolkata
DNR503615,1,17.82,17.82,Donor 3616,Hotel,Chennai
DNR509639,1,40.71,40.71,Donor 9640,Household,Hyderabad
DNR509638,1,32.93,32.93,Donor 9639,Household,Ahmedabad
DNR509635,1,50.1,50.1,Donor 9636,Restaurant,Jaipur
DNR509628,1,7.33,7.33,Donor 9629,Household,Hyderabad
DNR509627,1,29.02,29.02,Donor 9628,Household,Jaipur
DNR509625,1,37.5,37.5,Donor 9626,Grocery Store,Bengaluru
DNR503579,1,39.45,39.45,Donor 3580,Restaurant,Bengaluru
DNR503614,1,19.54,19.54,Donor 3615,Restaurant,Jaipur
DNR503612,1,15.73,15.73,Donor 3613,Restaurant,Kolkata
DNR503611,1,8.18,8.18,Donor 3612,Restaurant,Bengaluru
DNR503610,1,12.79,12.79,Donor 3611,Cafeteria,Ahmedabad
DNR503606,1,11.34,11.34,Donor 3607,Grocery Store,Jaipur
DNR503604,1,22.83,22.83,Donor 3605,Household,Ahmedabad
DNR503599,1,44.51,44.51,Donor 3600,Event,Remote
DNR503598,1,39.12,39.12,Donor 3599,Bakery,Pune
DNR509659,1,29.82,29.82,Donor 9660,Household,Jaipur
DNR509657,1,17.16,17.16,Donor 9658,Restaurant,Delhi NCR
DNR509654,1,30.15,30.15,Donor 9655,Grocery Store,Jaipur
DNR509653,1,38.82,38.82,Donor 9654,Household,Hyderabad
DNR509652,1,5.78,5.78,Donor 9653,Restaurant,Hyderabad
DNR509651,1,30.69,30.69,Donor 9652,Cafeteria,Pune
DNR509649,1,12.9,12.9,Donor 9650,Household,Delhi NCR
DNR503569,1,32.81,32.81,Donor 3570,Cafeteria,Delhi NCR
DNR503565,1,29.6,29.6,Donor 3566,Grocery Store,Jaipur
DNR503564,1,50.3,50.3,Donor 3565,Bakery,Mumbai
DNR503562,1,73.43,73.43,Donor 3563,Hotel,Chennai
DNR503558,1,6.96,6.96,Donor 3559,Restaurant,Pune
DNR509678,1,1.32,1.32,Donor 9679,Restaurant,Delhi NCR
DNR509673,1,24.87,24.87,Donor 9674,Restaurant,Remote
DNR509672,1,46.63,46.63,Donor 9673,Restaurant,Kolkata
DNR509669,1,5.14,5.14,Donor 9670,Cafeteria,Delhi NCR
DNR509664,1,20.11,20.11,Donor 9665,Event,Mumbai
DNR509660,1,11.57,11.57,Donor 9661,Cafeteria,Hyderabad
DNR503596,1,20.68,20.68,Donor 3597,Hotel,Hyderabad
DNR503592,1,67.42,67.42,Donor 3593,Hotel,Chennai
DNR503588,1,14.33,14.33,Donor 3589,Grocery Store,Remote
DNR503587,1,22.53,22.53,Donor 3588,Bakery,Remote
DNR503584,1,64.23,64.23,Donor 3585,Restaurant,Pune
DNR503551,1,13.32,13.32,Donor 3552,Restaurant,Mumbai
DNR503545,1,49.5,49.5,Donor 3546,Restaurant,Hyderabad
DNR503543,1,15.98,15.98,Donor 3544,Cafeteria,Jaipur
DNR503541,1,29.71,29.71,Donor 3542,Hotel,Chennai
DNR503540,1,49.92,49.92,Donor 3541,Bakery,Delhi NCR
DNR509695,1,25.47,25.47,Donor 9696,Grocery Store,Chennai
DNR509694,1,23.72,23.72,Donor 9695,Hotel,Bengaluru
DNR509689,1,32.37,32.37,Donor 9690,Cafeteria,Ahmedabad
DNR509688,1,19.91,19.91,Donor 9689,Household,Remote
DNR509687,1,18.64,18.64,Donor 9688,Cafeteria,Mumbai
DNR509686,1,14.87,14.87,Donor 9687,Household,Chennai
DNR509685,1,21.16,21.16,Donor 9686,Restaurant,Hyderabad
DNR509682,1,36.13,36.13,Donor 9683,Bakery,Jaipur
DNR509680,1,20.0,20.0,Donor 9681,Restaurant,Ahmedabad
DNR509679,1,26.93,26.93,Donor 9680,Bakery,Delhi NCR
DNR503576,1,12.34,12.34,Donor 3577,Bakery,Hyderabad
DNR503507,1,31.67,31.67,Donor 3508,Restaurant,Chennai
DNR503502,1,29.33,29.33,Donor 3503,Household,Mumbai
DNR503498,1,17.3,17.3,Donor 3499,Restaurant,Pune
DNR503497,1,26.38,26.38,Donor 3498,Grocery Store,Mumbai
DNR509714,1,20.78,20.78,Donor 9715,Hotel,Pune
DNR509713,1,11.87,11.87,Donor 9714,Cafeteria,Mumbai
DNR509705,1,14.14,14.14,Donor 9706,Household,Bengaluru
DNR509700,1,16.5,16.5,Donor 9701,Event,Ahmedabad
DNR509698,1,10.73,10.73,Donor 9699,Event,Delhi NCR
DNR503532,1,20.54,20.54,Donor 3533,Restaurant,Kolkata
DNR503524,1,32.35,32.35,Donor 3525,Cafeteria,Chennai
DNR503521,1,58.1,58.1,Donor 3522,Cafeteria,Jaipur
DNR503517,1,37.11,37.11,Donor 3518,Restaurant,Hyderabad
DNR503516,1,16.45,16.45,Donor 3517,Cafeteria,Hyderabad
DNR503514,1,43.43,43.43,Donor 3515,Household,Mumbai
DNR503556,1,24.24,24.24,Donor 3557,Bakery,Jaipur
DNR503462,1,10.81,10.81,Donor 3463,Event,Mumbai
DNR503494,1,12.28,12.28,Donor 3495,Hotel,Pune
DNR503492,1,15.67,15.67,Donor 3493,Household,Remote
DNR503491,1,10.55,10.55,Donor 3492,Restaurant,Remote
DNR503490,1,20.42,20.42,Donor 3491,Household,Jaipur
DNR503488,1,51.36,51.36,Donor 3489,Restaurant,Remote
DNR503485,1,15.83,15.83,Donor 3486,Cafeteria,Jaipur
DNR509731,1,30.59,30.59,Donor 9732,Restaurant,Mumbai
DNR509730,1,14.98,14.98,Donor 9731,Grocery Store,Chennai
DNR509729,1,26.34,26.34,Donor 9730,Household,Mumbai
DNR509728,1,7.47,7.47,Donor 9729,Hotel,Ahmedabad
DNR509726,1,8.62,8.62,Donor 9727,Event,Bengaluru
DNR509723,1,18.95,18.95,Donor 9724,Restaurant,Ahmedabad
DNR509721,1,29.05,29.05,Donor 9722,Household,Delhi NCR
DNR509717,1,32.82,32.82,Donor 9718,Grocery Store,Hyderabad
DNR503511,1,6.96,6.96,Donor 3512,Restaurant,Pune
DNR503452,1,21.44,21.44,Donor 3453,Hotel,Hyderabad
DNR503447,1,18.55,18.55,Donor 3448,Restaurant,Chennai
DNR503446,1,32.54,32.54,Donor 3447,Household,Kolkata
DNR503445,1,34.99,34.99,Donor 3446,Restaurant,Pune
DNR509748,1,32.35,32.35,Donor 9749,Restaurant,Bengaluru
DNR509745,1,27.61,27.61,Donor 9746,Hotel,Remote
DNR509743,1,12.77,12.77,Donor 9744,Grocery Store,Jaipur
DNR509740,1,3.32,3.32,Donor 9741,Grocery Store,Pune
DNR509739,1,14.59,14.59,Donor 9740,Event,Kolkata
DNR509737,1,32.87,32.87,Donor 9738,Restaurant,Hyderabad
DNR509736,1,35.28,35.28,Donor 9737,Restaurant,Kolkata
DNR509734,1,25.39,25.39,Donor 9735,Hotel,Bengaluru
DNR503474,1,23.29,23.29,Donor 3475,Restaurant,Kolkata
DNR503472,1,15.84,15.84,Donor 3473,Household,Kolkata
DNR503470,1,20.52,20.52,Donor 3471,Cafeteria,Mumbai
DNR503466,1,41.01,41.01,Donor 3467,Grocery Store,Chennai
DNR503434,1,32.3,32.3,Donor 3435,Hotel,Pune
DNR503428,1,19.47,19.47,Donor 3429,Household,Pune
DNR503427,1,46.85,46.85,Donor 3428,Restaurant,Ahmedabad
DNR503424,1,34.91,34.91,Donor 3425,Cafeteria,Kolkata
DNR503422,1,53.66,53.66,Donor 3423,Restaurant,Ahmedabad
DNR503420,1,8.52,8.52,Donor 3421,Cafeteria,Kolkata
DNR503418,1,21.58,21.58,Donor 3419,Grocery Store,Delhi NCR
DNR509771,1,14.27,14.27,Donor 9772,Event,Bengaluru
DNR509770,1,44.43,44.43,Donor 9771,Grocery Store,Jaipur
DNR509769,1,23.29,23.29,Donor 9770,Restaurant,Pune
DNR509767,1,57.33,57.33,Donor 9768,Hotel,Kolkata
DNR509760,1,66.42,66.42,Donor 9761,Household,Hyderabad
DNR509758,1,34.85,34.85,Donor 9759,Grocery Store,Delhi NCR
DNR509757,1,45.32,45.32,Donor 9758,Grocery Store,Ahmedabad
DNR509753,1,9.3,9.3,Donor 9754,Household,Mumbai
DNR503459,1,47.3,47.3,Donor 3460,Cafeteria,Kolkata
DNR503416,1,5.19,5.19,Donor 3417,Restaurant,Pune
DNR503415,1,27.6,27.6,Donor 3416,Household,Jaipur
DNR503414,1,10.58,10.58,Donor 3415,Household,Ahmedabad
DNR503413,1,6.72,6.72,Donor 3414,Restaurant,Remote
DNR503406,1,5.93,5.93,Donor 3407,Restaurant,Jaipur
DNR503404,1,30.82,30.82,Donor 3405,Grocery Store,Delhi NCR
DNR503402,1,36.38,36.38,Donor 3403,Restaurant,Bengaluru
DNR509788,1,35.19,35.19,Donor 9789,Event,Bengaluru
DNR509780,1,24.18,24.18,Donor 9781,Restaurant,Chennai
DNR509779,1,23.26,23.26,Donor 9780,Cafeteria,Pune
DNR509778,1,32.47,32.47,Donor 9779,Restaurant,Delhi NCR
DNR509776,1,16.52,16.52,Donor 9777,Grocery Store,Hyderabad
DNR509774,1,30.97,30.97,Donor 9775,Restaurant,Pune
DNR503439,1,21.49,21.49,Donor 3440,Restaurant,Jaipur
DNR503438,1,20.41,20.41,Donor 3439,Household,Remote
DNR503436,1,15.24,15.24,Donor 3437,Restaurant,Mumbai
DNR503369,1,42.35,42.35,Donor 3370,Household,Remote
DNR503368,1,9.59,9.59,Donor 3369,Event,Mumbai
DNR503364,1,16.28,16.28,Donor 3365,Hotel,Bengaluru
DNR503363,1,22.42,22.42,Donor 3364,Event,Ahmedabad
DNR503361,1,19.96,19.96,Donor 3362,Cafeteria,Ahmedabad
DNR503360,1,52.0,52.0,Donor 3361,Household,Ahmedabad
DNR503359,1,41.54,41.54,Donor 3360,Household,Chennai
DNR509810,1,23.34,23.34,Donor 9811,Cafeteria,Chennai
DNR509804,1,11.17,11.17,Donor 9805,Household,Ahmedabad
DNR509802,1,67.59,67.59,Donor 9803,Cafeteria,Bengaluru
DNR509793,1,16.07,16.07,Donor 9794,Hotel,Jaipur
DNR503397,1,36.63,36.63,Donor 3398,Restaurant,Jaipur
DNR503395,1,29.55,29.55,Donor 3396,Household,Pune
DNR503393,1,59.53,59.53,Donor 3394,Restaurant,Chennai
DNR503386,1,21.88,21.88,Donor 3387,Hotel,Ahmedabad
DNR503378,1,35.25,35.25,Donor 3379,Bakery,Kolkata
DNR503333,1,38.63,38.63,Donor 3334,Cafeteria,Remote
DNR503322,1,25.89,25.89,Donor 3323,Cafeteria,Mumbai
DNR503319,1,20.93,20.93,Donor 3320,Restaurant,Mumbai
DNR509828,1,10.15,10.15,Donor 9829,Restaurant,Chennai
DNR509822,1,32.85,32.85,Donor 9823,Restaurant,Pune
DNR509818,1,37.54,37.54,Donor 9819,Grocery Store,Chennai
DNR503357,1,16.14,16.14,Donor 3358,Restaurant,Chennai
DNR503355,1,43.62,43.62,Donor 3356,Event,Kolkata
DNR503352,1,8.61,8.61,Donor 3353,Cafeteria,Mumbai
DNR503345,1,43.96,43.96,Donor 3346,Household,Ahmedabad
DNR503343,1,33.56,33.56,Donor 3344,Restaurant,Kolkata
DNR503342,1,9.22,9.22,Donor 3343,Hotel,Jaipur
DNR503340,1,40.59,40.59,Donor 3341,Event,Remote
DNR503338,1,9.45,9.45,Donor 3339,Restaurant,Hyderabad
DNR503376,1,19.33,19.33,Donor 3377,Restaurant,Kolkata
DNR503370,1,37.93,37.93,Donor 3371,Grocery Store,Mumbai
DNR503298,1,55.86,55.86,Donor 3299,Grocery Store,Jaipur
DNR503295,1,4.39,4.39,Donor 3296,Cafeteria,Delhi NCR
DNR503293,1,30.04,30.04,Donor 3294,Restaurant,Chennai
DNR503284,1,19.46,19.46,Donor 3285,Household,Jaipur
DNR503283,1,37.99,37.99,Donor 3284,Event,Chennai
DNR509842,1,23.72,23.72,Donor 9843,Household,Hyderabad
DNR509838,1,35.72,35.72,Donor 9839,Household,Remote
DNR509837,1,10.0,10.0,Donor 9838,Bakery,Remote
DNR509830,1,14.08,14.08,Donor 9831,Cafeteria,Kolkata
DNR503317,1,21.24,21.24,Donor 3318,Restaurant,Jaipur
DNR503313,1,6.44,6.44,Donor 3314,Restaurant,Hyderabad
DNR503312,1,48.32,48.32,Donor 3313,Restaurant,Chennai
DNR503311,1,34.72,34.72,Donor 3312,Household,Chennai
DNR503306,1,9.03,9.03,Donor 3307,Event,Remote
DNR503304,1,22.54,22.54,Donor 3305,Cafeteria,Jaipur
DNR503334,1,13.79,13.79,Donor 3335,Event,Delhi NCR
DNR503271,1,51.67,51.67,Donor 3272,Grocery Store,Delhi NCR
DNR503269,1,35.35,35.35,Donor 3270,Grocery Store,Kolkata
DNR503268,1,31.72,31.72,Donor 3269,Hotel,Mumbai
DNR503267,1,23.18,23.18,Donor 3268,Cafeteria,Delhi NCR
DNR503263,1,17.66,17.66,Donor 3264,Restaurant,Pune
DNR503262,1,27.21,27.21,Donor 3263,Hotel,Pune
DNR509868,1,18.37,18.37,Donor 9869,Restaurant,Delhi NCR
DNR509867,1,18.86,18.86,Donor 9868,Event,Pune
DNR509863,1,29.89,29.89,Donor 9864,Restaurant,Delhi NCR
DNR509861,1,20.95,20.95,Donor 9862,Cafeteria,Remote
DNR509860,1,41.28,41.28,Donor 9861,Cafeteria,Delhi NCR
DNR509856,1,24.81,24.81,Donor 9857,Restaurant,Hyderabad
DNR509853,1,21.24,21.24,Donor 9854,Hotel,Hyderabad
DNR509850,1,11.61,11.61,Donor 9851,Cafeteria,Mumbai
DNR509849,1,26.68,26.68,Donor 9850,Event,Bengaluru
DNR503299,1,25.18,25.18,Donor 3300,Cafeteria,Remote
DNR503226,1,19.79,19.79,Donor 3227,Restaurant,Bengaluru
DNR503248,1,52.19,52.19,Donor 3249,Cafeteria,Ahmedabad
DNR503247,1,29.18,29.18,Donor 3248,Restaurant,Jaipur
DNR503246,1,23.63,23.63,Donor 3247,Restaurant,Delhi NCR
DNR503245,1,9.21,9.21,Donor 3246,Restaurant,Chennai
DNR503240,1,44.64,44.64,Donor 3241,Hotel,Pune
DNR503239,1,6.92,6.92,Donor 3240,Restaurant,Ahmedabad
DNR509890,1,15.35,15.35,Donor 9891,Cafeteria,Jaipur
DNR509888,1,7.37,7.37,Donor 9889,Household,Delhi NCR
DNR509882,1,21.1,21.1,Donor 9883,Hotel,Jaipur
DNR509881,1,19.05,19.05,Donor 9882,Hotel,Ahmedabad
DNR509875,1,30.44,30.44,Donor 9876,Cafeteria,Kolkata
DNR509873,1,61.66,61.66,Donor 9874,Cafeteria,Jaipur
DNR509871,1,13.88,13.88,Donor 9872,Event,Remote
DNR503279,1,5.64,5.64,Donor 3280,Hotel,Kolkata
DNR503276,1,32.07,32.07,Donor 3277,Restaurant,Pune
DNR503186,1,14.83,14.83,Donor 3187,Hotel,Remote
DNR503185,1,30.11,30.11,Donor 3186,Cafeteria,Bengaluru
DNR503215,1,21.39,21.39,Donor 3216,Household,Pune
DNR503213,1,48.19,48.19,Donor 3214,Household,Pune
DNR503209,1,43.94,43.94,Donor 3210,Hotel,Chennai
DNR503208,1,15.33,15.33,Donor 3209,Bakery,Mumbai
DNR503206,1,15.66,15.66,Donor 3207,Bakery,Jaipur
DNR503201,1,48.14,48.14,Donor 3202,Grocery Store,Remote
DNR509911,1,12.21,12.21,Donor 9912,Restaurant,Chennai
DNR509907,1,15.25,15.25,Donor 9908,Household,Ahmedabad
DNR509904,1,43.75,43.75,Donor 9905,Cafeteria,Chennai
DNR509903,1,27.22,27.22,Donor 9904,Household,Kolkata
DNR509901,1,9.68,9.68,Donor 9902,Restaurant,Jaipur
DNR509896,1,26.36,26.36,Donor 9897,Hotel,Hyderabad
DNR503232,1,13.62,13.62,Donor 3233,Cafeteria,Bengaluru
DNR503229,1,18.73,18.73,Donor 3230,Cafeteria,Bengaluru
DNR503169,1,20.87,20.87,Donor 3170,Hotel,Bengaluru
DNR503161,1,30.14,30.14,Donor 3162,Restaurant,Kolkata
DNR503159,1,19.68,19.68,Donor 3160,Hotel,Kolkata
DNR503156,1,9.37,9.37,Donor 3157,Restaurant,Delhi NCR
DNR509932,1,20.17,20.17,Donor 9933,Restaurant,Pune
DNR509931,1,37.83,37.83,Donor 9932,Grocery Store,Hyderabad
DNR509930,1,31.44,31.44,Donor 9931,Household,Pune
DNR509926,1,23.52,23.52,Donor 9927,Restaurant,Chennai
DNR509925,1,22.38,22.38,Donor 9926,Restaurant,Kolkata
DNR509923,1,9.64,9.64,Donor 9924,Hotel,Mumbai
DNR509919,1,16.79,16.79,Donor 9920,Restaurant,Delhi NCR
DNR509918,1,40.65,40.65,Donor 9919,Cafeteria,Delhi NCR
DNR503194,1,16.3,16.3,Donor 3195,Hotel,Bengaluru
DNR503192,1,34.63,34.63,Donor 3193,Restaurant,Bengaluru
DNR503188,1,9.02,9.02,Donor 3189,Event,Mumbai
DNR503187,1,32.21,32.21,Donor 3188,Bakery,Mumbai
DNR503150,1,32.48,32.48,Donor 3151,Grocery Store,Chennai
DNR503148,1,27.94,27.94,Donor 3149,Restaurant,Kolkata
DNR503144,1,50.21,50.21,Donor 3145,Event,Bengaluru
DNR503137,1,36.49,36.49,Donor 3138,Cafeteria,Bengaluru
DNR509952,1,22.22,22.22,Donor 9953,Restaurant,Jaipur
DNR509951,1,43.85,43.85,Donor 9952,Event,Remote
DNR509950,1,20.51,20.51,Donor 9951,Event,Delhi NCR
DNR509949,1,53.59,53.59,Donor 9950,Restaurant,Remote
DNR509948,1,18.76,18.76,Donor 9949,Bakery,Remote
DNR509947,1,6.95,6.95,Donor 9948,Restaurant,Delhi NCR
DNR509946,1,28.85,28.85,Donor 9947,Hotel,Kolkata
DNR509944,1,18.94,18.94,Donor 9945,Grocery Store,Pune
DNR509941,1,39.37,39.37,Donor 9942,Event,Pune
DNR503176,1,13.96,13.96,Donor 3177,Restaurant,Delhi NCR
DNR503175,1,25.17,25.17,Donor 3176,Event,Delhi NCR
DNR503170,1,18.36,18.36,Donor 3171,Restaurant,Hyderabad
DNR503104,1,31.7,31.7,Donor 3105,Cafeteria,Kolkata
DNR503103,1,34.95,34.95,Donor 3104,Restaurant,Delhi NCR
DNR503102,1,14.19,14.19,Donor 3103,Restaurant,Kolkata
DNR503101,1,17.2,17.2,Donor 3102,Grocery Store,Pune
DNR509969,1,11.39,11.39,Donor 9970,Hotel,Chennai
DNR509967,1,57.2,57.2,Donor 9968,Restaurant,Hyderabad
DNR509964,1,21.36,21.36,Donor 9965,Cafeteria,Delhi NCR
DNR509957,1,36.8,36.8,Donor 9958,Cafeteria,Remote
DNR509955,1,43.06,43.06,Donor 9956,Restaurant,Jaipur
DNR503135,1,15.08,15.08,Donor 3136,Hotel,Pune
DNR503131,1,20.09,20.09,Donor 3132,Household,Remote
DNR503130,1,42.59,42.59,Donor 3131,Event,Pune
DNR503126,1,20.42,20.42,Donor 3127,Hotel,Jaipur
DNR503125,1,20.32,20.32,Donor 3126,Household,Bengaluru
DNR503154,1,19.87,19.87,Donor 3155,Hotel,Bengaluru
DNR503152,1,18.07,18.07,Donor 3153,Cafeteria,Pune
DNR503094,1,9.57,9.57,Donor 3095,Household,Bengaluru
DNR503093,1,45.47,45.47,Donor 3094,Event,Remote
DNR503090,1,44.58,44.58,Donor 3091,Household,Delhi NCR
DNR503086,1,15.01,15.01,Donor 3087,Hotel,Mumbai
DNR503085,1,18.96,18.96,Donor 3086,Cafeteria,Bengaluru
DNR509992,1,22.54,22.54,Donor 9993,Event,Remote
DNR509987,1,26.14,26.14,Donor 9988,Restaurant,Ahmedabad
DNR509983,1,28.18,28.18,Donor 9984,Grocery Store,Bengaluru
DNR509977,1,28.35,28.35,Donor 9978,Household,Bengaluru
DNR509975,1,16.74,16.74,Donor 9976,Restaurant,Ahmedabad
DNR509972,1,26.71,26.71,Donor 9973,Grocery Store,Bengaluru
DNR503118,1,21.63,21.63,Donor 3119,Restaurant,Delhi NCR
DNR503110,1,12.42,12.42,Donor 3111,Household,Remote
DNR503108,1,14.69,14.69,Donor 3109,Cafeteria,Jaipur
DNR503106,1,23.03,23.03,Donor 3107,Household,Mumbai
DNR503105,1,30.79,30.79,Donor 3106,Restaurant,Remote
DNR503046,1,13.04,13.04,Donor 3047,Restaurant,Jaipur
DNR503045,1,3.46,3.46,Donor 3046,Household,Jaipur
DNR503043,1,13.79,13.79,Donor 3044,Hotel,Remote
DNR510003,1,39.84,39.84,Donor 10004,Household,Bengaluru
DNR510002,1,22.82,22.82,Donor 10003,Restaurant,Ahmedabad
DNR510000,1,37.23,37.23,Donor 10001,Cafeteria,Kolkata
DNR509998,1,33.77,33.77,Donor 9999,Restaurant,Jaipur
DNR509997,1,35.05,35.05,Donor 9998,Restaurant,Remote
DNR503076,1,10.44,10.44,Donor 3077,Household,Bengaluru
DNR503075,1,30.6,30.6,Donor 3076,Event,Remote
DNR503073,1,10.11,10.11,Donor 3074,Restaurant,Chennai
DNR503065,1,12.2,12.2,Donor 3066,Restaurant,Mumbai
DNR503062,1,35.77,35.77,Donor 3063,Cafeteria,Bengaluru
DNR503100,1,2.99,2.99,Donor 3101,Bakery,Bengaluru
DNR503097,1,24.04,24.04,Donor 3098,Restaurant,Pune
DNR503095,1,22.03,22.03,Donor 3096,Grocery Store,Mumbai
DNR503004,1,18.0,18.0,Donor 3005,Household,Jaipur
DNR503042,1,17.13,17.13,Donor 3043,Grocery Store,Pune
DNR503031,1,47.97,47.97,Donor 3032,Event,Jaipur
DNR503030,1,6.71,6.71,Donor 3031,Bakery,Bengaluru
DNR503029,1,36.39,36.39,Donor 3030,Household,Pune
DNR503028,1,54.66,54.66,Donor 3029,Restaurant,Remote
DNR503027,1,7.25,7.25,Donor 3028,Restaurant,Remote
DNR503025,1,7.0,7.0,Donor 3026,Hotel,Chennai
DNR503022,1,17.68,17.68,Donor 3023,Restaurant,Jaipur
DNR510024,1,11.94,11.94,Donor 10025,Cafeteria,Pune
DNR510020,1,30.94,30.94,Donor 10021,Household,Bengaluru
DNR510019,1,29.1,29.1,Donor 10020,Grocery Store,Chennai
DNR510018,1,40.18,40.18,Donor 10019,Bakery,Remote
DNR503057,1,29.21,29.21,Donor 3058,Restaurant,Ahmedabad
DNR503049,1,18.56,18.56,Donor 3050,Restaurant,Jaipur
DNR503047,1,37.5,37.5,Donor 3048,Restaurant,Ahmedabad
DNR502968,1,51.31,51.31,Donor 2969,Hotel,Mumbai
DNR503001,1,22.34,22.34,Donor 3002,Restaurant,Ahmedabad
DNR503000,1,13.74,13.74,Donor 3001,Event,Delhi NCR
DNR502998,1,12.02,12.02,Donor 2999,Restaurant,Chennai
DNR502995,1,3.74,3.74,Donor 2996,Hotel,Delhi NCR
DNR502993,1,28.21,28.21,Donor 2994,Restaurant,Pune
DNR502992,1,19.22,19.22,Donor 2993,Grocery Store,Ahmedabad
DNR510049,1,28.31,28.31,Donor 10050,Cafeteria,Ahmedabad
DNR510047,1,9.58,9.58,Donor 10048,Grocery Store,Bengaluru
DNR510045,1,12.71,12.71,Donor 10046,Restaurant,Delhi NCR
DNR510043,1,12.63,12.63,Donor 10044,Cafeteria,Bengaluru
DNR510039,1,20.01,20.01,Donor 10040,Household,Kolkata
DNR503021,1,75.43,75.43,Donor 3022,Hotel,Mumbai
DNR503017,1,12.6,12.6,Donor 3018,Cafeteria,Hyderabad
DNR503013,1,14.96,14.96,Donor 3014,Cafeteria,Mumbai
DNR503005,1,17.34,17.34,Donor 3006,Event,Remote
DNR502934,1,42.34,42.34,Donor 2935,Hotel,Remote
DNR502967,1,37.29,37.29,Donor 2968,Restaurant,Pune
DNR502965,1,37.5,37.5,Donor 2966,Event,Pune
DNR502962,1,22.72,22.72,Donor 2963,Grocery Store,Chennai
DNR502959,1,34.04,34.04,Donor 2960,Bakery,Mumbai
DNR502957,1,24.32,24.32,Donor 2958,Cafeteria,Kolkata
DNR502956,1,12.76,12.76,Donor 2957,Restaurant,Delhi NCR
DNR502954,1,34.25,34.25,Donor 2955,Restaurant,Chennai
DNR502953,1,26.08,26.08,Donor 2954,Household,Chennai
DNR510066,1,32.47,32.47,Donor 10067,Hotel,Hyderabad
DNR510061,1,37.3,37.3,Donor 10062,Event,Chennai
DNR510054,1,5.02,5.02,Donor 10055,Cafeteria,Ahmedabad
DNR510051,1,22.08,22.08,Donor 10052,Restaurant,Pune
DNR502982,1,19.01,19.01,Donor 2983,Household,Mumbai
DNR502981,1,63.92,63.92,Donor 2982,Cafeteria,Remote
DNR502978,1,8.35,8.35,Donor 2979,Restaurant,Delhi NCR
DNR502927,1,27.27,27.27,Donor 2928,Household,Mumbai
DNR502926,1,9.1,9.1,Donor 2927,Cafeteria,Remote
DNR502924,1,26.62,26.62,Donor 2925,Hotel,Remote
DNR502923,1,5.17,5.17,Donor 2924,Restaurant,Hyderabad
DNR502921,1,15.13,15.13,Donor 2922,Household,Bengaluru
DNR502920,1,25.41,25.41,Donor 2921,Hotel,Remote
DNR502918,1,11.05,11.05,Donor 2919,Hotel,Hyderabad
DNR510087,1,52.17,52.17,Donor 10088,Event,Jaipur
DNR510080,1,44.98,44.98,Donor 10081,Hotel,Chennai
DNR510078,1,8.6,8.6,Donor 10079,Event,Delhi NCR
DNR510077,1,26.4,26.4,Donor 10078,Cafeteria,Kolkata
DNR510076,1,16.66,16.66,Donor 10077,Cafeteria,Remote
DNR510071,1,8.73,8.73,Donor 10072,Household,Jaipur
DNR510068,1,45.99,45.99,Donor 10069,Cafeteria,Chennai
DNR502939,1,40.49,40.49,Donor 2940,Cafeteria,Jaipur
DNR502937,1,20.68,20.68,Donor 2938,Cafeteria,Bengaluru
DNR502895,1,22.63,22.63,Donor 2896,Restaurant,Ahmedabad
DNR502894,1,9.99,9.99,Donor 2895,Restaurant,Remote
DNR502887,1,25.5,25.5,Donor 2888,Restaurant,Hyderabad
DNR502886,1,22.88,22.88,Donor 2887,Restaurant,Hyderabad
DNR502877,1,17.19,17.19,Donor 2878,Restaurant,Remote
DNR502874,1,38.12,38.12,Donor 2875,Grocery Store,Pune
DNR510104,1,15.59,15.59,Donor 10105,Household,Remote
DNR510102,1,26.63,26.63,Donor 10103,Hotel,Kolkata
DNR510096,1,43.78,43.78,Donor 10097,Household,Remote
DNR502912,1,27.16,27.16,Donor 2913,Event,Mumbai
DNR502907,1,37.49,37.49,Donor 2908,Household,Chennai
DNR502905,1,26.29,26.29,Donor 2906,Grocery Store,Chennai
DNR502900,1,21.05,21.05,Donor 2901,Restaurant,Chennai
DNR502896,1,18.44,18.44,Donor 2897,Restaurant,Chennai
DNR502931,1,17.46,17.46,Donor 2932,Household,Delhi NCR
DNR502930,1,47.75,47.75,Donor 2931,Restaurant,Chennai
DNR502847,1,32.13,32.13,Donor 2848,Hotel,Jaipur
DNR502841,1,50.02,50.02,Donor 2842,Restaurant,Jaipur
DNR502839,1,22.06,22.06,Donor 2840,Hotel,Delhi NCR
DNR502838,1,5.06,5.06,Donor 2839,Household,Bengaluru
DNR502836,1,17.95,17.95,Donor 2837,Restaurant,Remote
DNR510124,1,30.17,30.17,Donor 10125,Bakery,Chennai
DNR510123,1,44.75,44.75,Donor 10124,Cafeteria,Mumbai
DNR510117,1,28.54,28.54,Donor 10118,Restaurant,Jaipur
DNR510116,1,31.85,31.85,Donor 10117,Restaurant,Kolkata
DNR510112,1,37.42,37.42,Donor 10113,Cafeteria,Ahmedabad
DNR510108,1,11.43,11.43,Donor 10109,Grocery Store,Hyderabad
DNR502872,1,49.77,49.77,Donor 2873,Household,Chennai
DNR502864,1,24.38,24.38,Donor 2865,Household,Pune
DNR502859,1,25.82,25.82,Donor 2860,Restaurant,Jaipur
DNR502857,1,4.9,4.9,Donor 2858,Hotel,Jaipur
DNR502852,1,15.22,15.22,Donor 2853,Restaurant,Chennai
DNR502798,1,39.93,39.93,Donor 2799,Event,Delhi NCR
DNR502795,1,34.28,34.28,Donor 2796,Hotel,Kolkata
DNR502826,1,30.44,30.44,Donor 2827,Event,Ahmedabad
DNR502824,1,68.4,68.4,Donor 2825,Cafeteria,Ahmedabad
DNR502821,1,15.16,15.16,Donor 2822,Hotel,Kolkata
DNR502820,1,37.29,37.29,Donor 2821,Household,Kolkata
DNR502819,1,7.88,7.88,Donor 2820,Bakery,Remote
DNR502816,1,5.42,5.42,Donor 2817,Restaurant,Ahmedabad
DNR502814,1,15.9,15.9,Donor 2815,Hotel,Ahmedabad
DNR510147,1,37.33,37.33,Donor 10148,Grocery Store,Remote
DNR510145,1,16.67,16.67,Donor 10146,Hotel,Jaipur
DNR510141,1,65.05,65.05,Donor 10142,Grocery Store,Chennai
DNR510133,1,31.67,31.67,Donor 10134,Restaurant,Remote
DNR510132,1,24.3,24.3,Donor 10133,Restaurant,Hyderabad
DNR510128,1,40.35,40.35,Donor 10129,Hotel,Mumbai
DNR502851,1,19.21,19.21,Donor 2852,Event,Remote
DNR502780,1,29.46,29.46,Donor 2781,Bakery,Delhi NCR
DNR502778,1,12.86,12.86,Donor 2779,Cafeteria,Ahmedabad
DNR502774,1,37.07,37.07,Donor 2775,Cafeteria,Remote
DNR510163,1,8.87,8.87,Donor 10164,Cafeteria,Remote
DNR510161,1,26.29,26.29,Donor 10162,Cafeteria,Bengaluru
DNR510160,1,29.93,29.93,Donor 10161,Household,Jaipur
DNR510158,1,6.6,6.6,Donor 10159,Hotel,Ahmedabad
DNR510153,1,15.67,15.67,Donor 10154,Household,Hyderabad
DNR510150,1,39.83,39.83,Donor 10151,Restaurant,Pune
DNR502811,1,10.3,10.3,Donor 2812,Grocery Store,Jaipur
DNR502807,1,30.38,30.38,Donor 2808,Event,Bengaluru
DNR502806,1,25.07,25.07,Donor 2807,Restaurant,Ahmedabad
DNR502804,1,15.5,15.5,Donor 2805,Restaurant,Delhi NCR
DNR502803,1,34.54,34.54,Donor 2804,Household,Remote
DNR502802,1,10.16,10.16,Donor 2803,Cafeteria,Jaipur
DNR502801,1,17.53,17.53,Donor 2802,Household,Remote
DNR510185,1,10.39,10.39,Donor 10186,Household,Mumbai
DNR502767,1,27.24,27.24,Donor 2768,Cafeteria,Bengaluru
DNR502765,1,21.55,21.55,Donor 2766,Household,Remote
DNR502762,1,7.15,7.15,Donor 2763,Household,Hyderabad
DNR502758,1,28.04,28.04,Donor 2759,Cafeteria,Delhi NCR
DNR502757,1,23.59,23.59,Donor 2758,Event,Chennai
DNR510184,1,14.07,14.07,Donor 10185,Event,Ahmedabad
DNR510182,1,43.73,43.73,Donor 10183,Household,Jaipur
DNR510180,1,31.93,31.93,Donor 10181,Bakery,Mumbai
DNR510178,1,21.4,21.4,Donor 10179,Household,Kolkata
DNR510177,1,27.64,27.64,Donor 10178,Hotel,Remote
DNR510176,1,40.86,40.86,Donor 10177,Restaurant,Kolkata
DNR510170,1,17.87,17.87,Donor 10171,Household,Hyderabad
DNR510168,1,30.8,30.8,Donor 10169,Cafeteria,Bengaluru
DNR502786,1,63.07,63.07,Donor 2787,Household,Kolkata
DNR502782,1,26.4,26.4,Donor 2783,Restaurant,Bengaluru
DNR502716,1,33.36,33.36,Donor 2717,Household,Chennai
DNR502751,1,16.34,16.34,Donor 2752,Cafeteria,Pune
DNR502748,1,40.06,40.06,Donor 2749,Cafeteria,Chennai
DNR502747,1,33.89,33.89,Donor 2748,Hotel,Pune
DNR502742,1,15.8,15.8,Donor 2743,Event,Hyderabad
DNR502736,1,28.83,28.83,Donor 2737,Restaurant,Remote
DNR502735,1,64.69,64.69,Donor 2736,Hotel,Mumbai
DNR510200,1,15.92,15.92,Donor 10201,Event,Bengaluru
DNR510199,1,42.18,42.18,Donor 10200,Bakery,Bengaluru
DNR510197,1,24.49,24.49,Donor 10198,Restaurant,Pune
DNR510195,1,37.13,37.13,Donor 10196,Household,Jaipur
DNR510194,1,13.97,13.97,Donor 10195,Restaurant,Mumbai
DNR510193,1,31.22,31.22,Donor 10194,Event,Ahmedabad
DNR510192,1,39.14,39.14,Donor 10193,Event,Kolkata
DNR510190,1,17.88,17.88,Donor 10191,Cafeteria,Delhi NCR
DNR510188,1,36.55,36.55,Donor 10189,Restaurant,Chennai
DNR502704,1,30.93,30.93,Donor 2705,Grocery Store,Chennai
DNR502700,1,35.85,35.85,Donor 2701,Bakery,Jaipur
DNR502694,1,13.91,13.91,Donor 2695,Hotel,Hyderabad
DNR502693,1,23.8,23.8,Donor 2694,Event,Bengaluru
DNR502692,1,15.55,15.55,Donor 2693,Event,Remote
DNR510218,1,30.63,30.63,Donor 10219,Restaurant,Chennai
DNR510212,1,14.8,14.8,Donor 10213,Restaurant,Delhi NCR
DNR510211,1,17.01,17.01,Donor 10212,Restaurant,Hyderabad
DNR510208,1,21.54,21.54,Donor 10209,Restaurant,Kolkata
DNR510202,1,19.57,19.57,Donor 10203,Cafeteria,Pune
DNR510201,1,18.14,18.14,Donor 10202,Event,Mumbai
DNR502726,1,14.45,14.45,Donor 2727,Restaurant,Remote
DNR502724,1,15.73,15.73,Donor 2725,Cafeteria,Mumbai
DNR502723,1,10.08,10.08,Donor 2724,Cafeteria,Bengaluru
DNR502722,1,38.24,38.24,Donor 2723,Restaurant,Bengaluru
DNR502721,1,10.0,10.0,Donor 2722,Cafeteria,Pune
DNR502679,1,17.38,17.38,Donor 2680,Restaurant,Pune
DNR502677,1,15.47,15.47,Donor 2678,Hotel,Jaipur
DNR502676,1,36.84,36.84,Donor 2677,Restaurant,Bengaluru
DNR502674,1,18.79,18.79,Donor 2675,Bakery,Pune
DNR502673,1,13.52,13.52,Donor 2674,Hotel,Hyderabad
DNR502671,1,21.11,21.11,Donor 2672,Bakery,Ahmedabad
DNR510239,1,20.86,20.86,Donor 10240,Hotel,Bengaluru
DNR510235,1,10.18,10.18,Donor 10236,Event,Delhi NCR
DNR510234,1,5.86,5.86,Donor 10235,Grocery Store,Kolkata
DNR510233,1,64.27,64.27,Donor 10234,Household,Kolkata
DNR510230,1,11.84,11.84,Donor 10231,Grocery Store,Ahmedabad
DNR510227,1,32.05,32.05,Donor 10228,Restaurant,Chennai
DNR510224,1,40.65,40.65,Donor 10225,Event,Ahmedabad
DNR510221,1,33.12,33.12,Donor 10222,Cafeteria,Chennai
DNR502708,1,68.62,68.62,Donor 2709,Restaurant,Mumbai
DNR502707,1,18.3,18.3,Donor 2708,Cafeteria,Bengaluru
DNR502669,1,34.57,34.57,Donor 2670,Grocery Store,Remote
DNR502668,1,44.0,44.0,Donor 2669,Household,Bengaluru
DNR502664,1,22.55,22.55,Donor 2665,Household,Pune
DNR502662,1,47.08,47.08,Donor 2663,Restaurant,Ahmedabad
DNR502661,1,30.63,30.63,Donor 2662,Hotel,Mumbai
DNR502657,1,13.41,13.41,Donor 2658,Restaurant,Mumbai
DNR502652,1,10.64,10.64,Donor 2653,Cafeteria,Mumbai
DNR510255,1,8.45,8.45,Donor 10256,Cafeteria,Remote
DNR510247,1,26.66,26.66,Donor 10248,Restaurant,Hyderabad
DNR510245,1,73.34,73.34,Donor 10246,Restaurant,Chennai
DNR510243,1,17.3,17.3,Donor 10244,Cafeteria,Ahmedabad
DNR510240,1,30.72,30.72,Donor 10241,Hotel,Kolkata
DNR502687,1,23.41,23.41,Donor 2688,Grocery Store,Pune
DNR502684,1,31.21,31.21,Donor 2685,Household,Jaipur
DNR502681,1,15.53,15.53,Donor 2682,Hotel,Kolkata
DNR502680,1,7.54,7.54,Donor 2681,Hotel,Kolkata
DNR502607,1,21.69,21.69,Donor 2608,Grocery Store,Ahmedabad
DNR502604,1,9.47,9.47,Donor 2605,Restaurant,Pune
DNR502601,1,48.05,48.05,Donor 2602,Household,Bengaluru
DNR510270,1,19.65,19.65,Donor 10271,Event,Hyderabad
DNR510262,1,47.05,47.05,Donor 10263,Restaurant,Bengaluru
DNR510260,1,12.79,12.79,Donor 10261,Event,Mumbai
DNR502633,1,7.31,7.31,Donor 2634,Restaurant,Jaipur
DNR502627,1,14.52,14.52,Donor 2628,Hotel,Chennai
DNR502624,1,19.68,19.68,Donor 2625,Restaurant,Mumbai
DNR502622,1,28.93,28.93,Donor 2623,Event,Bengaluru
DNR502620,1,16.78,16.78,Donor 2621,Cafeteria,Bengaluru
DNR502618,1,18.92,18.92,Donor 2619,Cafeteria,Chennai
DNR502651,1,69.14,69.14,Donor 2652,Household,Kolkata
DNR502646,1,21.18,21.18,Donor 2647,Household,Ahmedabad
DNR502644,1,40.17,40.17,Donor 2645,Bakery,Ahmedabad
DNR502637,1,8.98,8.98,Donor 2638,Restaurant,Remote
DNR502555,1,9.43,9.43,Donor 2556,Cafeteria,Chennai
DNR502597,1,49.33,49.33,Donor 2598,Household,Bengaluru
DNR502594,1,34.28,34.28,Donor 2595,Event,Mumbai
DNR502590,1,44.91,44.91,Donor 2591,Event,Bengaluru
DNR502587,1,33.23,33.23,Donor 2588,Cafeteria,Mumbai
DNR502585,1,22.32,22.32,Donor 2586,Hotel,Delhi NCR
DNR502577,1,41.61,41.61,Donor 2578,Grocery Store,Hyderabad
DNR510292,1,17.24,17.24,Donor 10293,Event,Remote
DNR510289,1,13.14,13.14,Donor 10290,Cafeteria,Bengaluru
DNR510286,1,20.1,20.1,Donor 10287,Restaurant,Mumbai
DNR510283,1,34.7,34.7,Donor 10284,Restaurant,Kolkata
DNR510282,1,49.42,49.42,Donor 10283,Household,Pune
DNR510281,1,28.32,28.32,Donor 10282,Restaurant,Ahmedabad
DNR510276,1,44.23,44.23,Donor 10277,Restaurant,Kolkata
DNR510273,1,54.96,54.96,Donor 10274,Restaurant,Delhi NCR
DNR502609,1,20.87,20.87,Donor 2610,Grocery Store,Mumbai
DNR502548,1,20.1,20.1,Donor 2549,Hotel,Remote
DNR502547,1,14.92,14.92,Donor 2548,Bakery,Hyderabad
DNR502545,1,26.24,26.24,Donor 2546,Hotel,Pune
DNR502544,1,6.25,6.25,Donor 2545,Restaurant,Jaipur
DNR502536,1,19.89,19.89,Donor 2537,Restaurant,Ahmedabad
DNR510306,1,32.05,32.05,Donor 10307,Grocery Store,Kolkata
DNR510303,1,14.83,14.83,Donor 10304,Hotel,Mumbai
DNR510301,1,13.51,13.51,Donor 10302,Event,Delhi NCR
DNR510298,1,24.23,24.23,Donor 10299,Cafeteria,Delhi NCR
DNR510297,1,35.72,35.72,Donor 10298,Hotel,Bengaluru
DNR502570,1,16.29,16.29,Donor 2571,Household,Pune
DNR502567,1,10.63,10.63,Donor 2568,Cafeteria,Chennai
DNR502566,1,19.21,19.21,Donor 2567,Restaurant,Ahmedabad
DNR502561,1,14.83,14.83,Donor 2562,Restaurant,Bengaluru
DNR502560,1,46.04,46.04,Donor 2561,Restaurant,Chennai
DNR502558,1,11.11,11.11,Donor 2559,Bakery,Remote
DNR502529,1,25.66,25.66,Donor 2530,Hotel,Pune
DNR502527,1,28.4,28.4,Donor 2528,Hotel,Mumbai
DNR502526,1,11.99,11.99,Donor 2527,Household,Jaipur
DNR502522,1,53.5,53.5,Donor 2523,Restaurant,Remote
DNR502521,1,11.92,11.92,Donor 2522,Hotel,Hyderabad
DNR502520,1,13.64,13.64,Donor 2521,Restaurant,Jaipur
DNR502519,1,14.63,14.63,Donor 2520,Restaurant,Chennai
DNR502516,1,65.27,65.27,Donor 2517,Grocery Store,Hyderabad
DNR502515,1,50.5,50.5,Donor 2516,Restaurant,Chennai
DNR510330,1,26.48,26.48,Donor 10331,Hotel,Hyderabad
DNR510328,1,8.28,8.28,Donor 10329,Restaurant,Delhi NCR
DNR510326,1,26.18,26.18,Donor 10327,Restaurant,Kolkata
DNR510325,1,11.37,11.37,Donor 10326,Bakery,Chennai
DNR510315,1,55.83,55.83,Donor 10316,Hotel,Mumbai
DNR502551,1,6.36,6.36,Donor 2552,Household,Ahmedabad
DNR502550,1,19.59,19.59,Donor 2551,Restaurant,Pune
DNR502489,1,46.43,46.43,Donor 2490,Bakery,Jaipur
DNR502488,1,46.07,46.07,Donor 2489,Household,Chennai
DNR502481,1,16.44,16.44,Donor 2482,Restaurant,Hyderabad
DNR502478,1,31.48,31.48,Donor 2479,Cafeteria,Ahmedabad
DNR510353,1,13.09,13.09,Donor 10354,Restaurant,Mumbai
DNR510351,1,45.37,45.37,Donor 10352,Household,Pune
DNR510350,1,25.35,25.35,Donor 10351,Household,Ahmedabad
DNR510347,1,35.9,35.9,Donor 10348,Restaurant,Pune
DNR510343,1,9.03,9.03,Donor 10344,Restaurant,Kolkata
DNR510335,1,13.56,13.56,Donor 10336,Household,Mumbai
DNR502507,1,10.72,10.72,Donor 2508,Event,Delhi NCR
DNR502506,1,35.74,35.74,Donor 2507,Household,Delhi NCR
DNR502504,1,32.34,32.34,Donor 2505,Event,Hyderabad
DNR502496,1,21.76,21.76,Donor 2497,Event,Chennai
DNR502495,1,15.44,15.44,Donor 2496,Grocery Store,Jaipur
DNR502532,1,42.12,42.12,Donor 2533,Restaurant,Kolkata
DNR502448,1,7.72,7.72,Donor 2449,Hotel,Jaipur
DNR502440,1,25.2,25.2,Donor 2441,Household,Pune
DNR502438,1,23.66,23.66,Donor 2439,Grocery Store,Jaipur
DNR510374,1,29.54,29.54,Donor 10375,Hotel,Delhi NCR
DNR510373,1,20.4,20.4,Donor 10374,Cafeteria,Pune
DNR510364,1,13.61,13.61,Donor 10365,Cafeteria,Mumbai
DNR510361,1,8.47,8.47,Donor 10362,Cafeteria,Bengaluru
DNR510358,1,5.41,5.41,Donor 10359,Hotel,Hyderabad
DNR502470,1,15.29,15.29,Donor 2471,Restaurant,Hyderabad
DNR502468,1,36.46,36.46,Donor 2469,Restaurant,Hyderabad
DNR502467,1,16.43,16.43,Donor 2468,Household,Mumbai
DNR502465,1,31.4,31.4,Donor 2466,Bakery,Jaipur
DNR502456,1,10.61,10.61,Donor 2457,Grocery Store,Ahmedabad
DNR502453,1,37.45,37.45,Donor 2454,Restaurant,Kolkata
DNR502493,1,19.8,19.8,Donor 2494,Cafeteria,Chennai
DNR502490,1,10.72,10.72,Donor 2491,Restaurant,Remote
DNR502405,1,8.41,8.41,Donor 2406,Restaurant,Delhi NCR
DNR502400,1,47.58,47.58,Donor 2401,Restaurant,Delhi NCR
DNR502396,1,30.63,30.63,Donor 2397,Grocery Store,Remote
DNR502394,1,12.96,12.96,Donor 2395,Cafeteria,Jaipur
DNR502390,1,34.66,34.66,Donor 2391,Event,Delhi NCR
DNR510400,1,9.68,9.68,Donor 10401,Restaurant,Bengaluru
DNR510396,1,23.21,23.21,Donor 10397,Restaurant,Kolkata
DNR510393,1,15.16,15.16,Donor 10394,Hotel,Delhi NCR
DNR510385,1,40.06,40.06,Donor 10386,Household,Pune
DNR510377,1,34.12,34.12,Donor 10378,Household,Mumbai
DNR502434,1,58.56,58.56,Donor 2435,Grocery Store,Chennai
DNR502429,1,45.75,45.75,Donor 2430,Bakery,Hyderabad
DNR502425,1,23.62,23.62,Donor 2426,Bakery,Jaipur
DNR502415,1,25.12,25.12,Donor 2416,Household,Pune
DNR502450,1,17.0,17.0,Donor 2451,Cafeteria,Remote
DNR502449,1,49.54,49.54,Donor 2450,Grocery Store,Delhi NCR
DNR502353,1,57.67,57.67,Donor 2354,Restaurant,Kolkata
DNR502351,1,61.7,61.7,Donor 2352,Restaurant,Pune
DNR502387,1,7.43,7.43,Donor 2388,Household,Chennai
DNR502386,1,41.34,41.34,Donor 2387,Restaurant,Pune
DNR502385,1,25.31,25.31,Donor 2386,Cafeteria,Remote
DNR502379,1,15.77,15.77,Donor 2380,Household,Remote
DNR502378,1,12.21,12.21,Donor 2379,Restaurant,Chennai
DNR502376,1,13.38,13.38,Donor 2377,Bakery,Chennai
DNR502375,1,21.98,21.98,Donor 2376,Grocery Store,Bengaluru
DNR510410,1,39.93,39.93,Donor 10411,Restaurant,Hyderabad
DNR510407,1,30.12,30.12,Donor 10408,Cafeteria,Chennai
DNR510406,1,23.17,23.17,Donor 10407,Bakery,Bengaluru
DNR502412,1,16.01,16.01,Donor 2413,Household,Remote
DNR502411,1,23.75,23.75,Donor 2412,Restaurant,Kolkata
DNR502407,1,27.76,27.76,Donor 2408,Event,Bengaluru
DNR502406,1,14.25,14.25,Donor 2407,Restaurant,Jaipur
DNR502349,1,10.65,10.65,Donor 2350,Hotel,Kolkata
DNR502345,1,7.92,7.92,Donor 2346,Cafeteria,Ahmedabad
DNR502336,1,26.26,26.26,Donor 2337,Bakery,Hyderabad
DNR502335,1,24.33,24.33,Donor 2336,Cafeteria,Pune
DNR502334,1,12.47,12.47,Donor 2335,Restaurant,Jaipur
DNR502332,1,41.54,41.54,Donor 2333,Grocery Store,Hyderabad
DNR502331,1,9.07,9.07,Donor 2332,Household,Chennai
DNR510440,1,20.8,20.8,Donor 10441,Bakery,Delhi NCR
DNR510436,1,20.71,20.71,Donor 10437,Cafeteria,Chennai
DNR510429,1,28.69,28.69,Donor 10430,Grocery Store,Kolkata
DNR510425,1,37.75,37.75,Donor 10426,Event,Delhi NCR
DNR502370,1,12.4,12.4,Donor 2371,Restaurant,Ahmedabad
DNR502368,1,21.38,21.38,Donor 2369,Hotel,Hyderabad
DNR502367,1,12.21,12.21,Donor 2368,Cafeteria,Pune
DNR502366,1,29.94,29.94,Donor 2367,Cafeteria,Ahmedabad
DNR502354,1,12.39,12.39,Donor 2355,Grocery Store,Chennai
DNR502306,1,11.82,11.82,Donor 2307,Grocery Store,Mumbai
DNR502305,1,20.17,20.17,Donor 2306,Cafeteria,Jaipur
DNR502304,1,15.11,15.11,Donor 2305,Restaurant,Delhi NCR
DNR502300,1,22.57,22.57,Donor 2301,Restaurant,Chennai
DNR510461,1,40.08,40.08,Donor 10462,Household,Ahmedabad
DNR510457,1,5.32,5.32,Donor 10458,Cafeteria,Kolkata
DNR510456,1,15.31,15.31,Donor 10457,Household,Mumbai
DNR510453,1,6.71,6.71,Donor 10454,Restaurant,Mumbai
DNR510450,1,64.5,64.5,Donor 10451,Hotel,Mumbai
DNR502330,1,38.95,38.95,Donor 2331,Cafeteria,Delhi NCR
DNR502328,1,37.56,37.56,Donor 2329,Restaurant,Pune
DNR502326,1,14.74,14.74,Donor 2327,Cafeteria,Remote
DNR502325,1,27.85,27.85,Donor 2326,Event,Chennai
DNR502319,1,13.11,13.11,Donor 2320,Restaurant,Pune
DNR502315,1,58.91,58.91,Donor 2316,Bakery,Kolkata
DNR502311,1,27.39,27.39,Donor 2312,Event,Chennai
DNR502290,1,20.25,20.25,Donor 2291,Grocery Store,Delhi NCR
DNR502287,1,6.83,6.83,Donor 2288,Hotel,Remote
DNR502284,1,47.89,47.89,Donor 2285,Cafeteria,Hyderabad
DNR502281,1,13.64,13.64,Donor 2282,Cafeteria,Jaipur
DNR502279,1,26.5,26.5,Donor 2280,Bakery,Chennai
DNR502277,1,7.7,7.7,Donor 2278,Cafeteria,Kolkata
DNR510479,1,10.04,10.04,Donor 10480,Restaurant,Mumbai
DNR510478,1,29.56,29.56,Donor 10479,Cafeteria,Pune
DNR510476,1,21.63,21.63,Donor 10477,Restaurant,Ahmedabad
DNR510474,1,19.58,19.58,Donor 10475,Household,Ahmedabad
DNR510469,1,31.86,31.86,Donor 10470,Restaurant,Remote
DNR510467,1,16.41,16.41,Donor 10468,Event,Ahmedabad
DNR510466,1,31.57,31.57,Donor 10467,Hotel,Delhi NCR
DNR510465,1,45.27,45.27,Donor 10466,Cafeteria,Kolkata
DNR510464,1,7.75,7.75,Donor 10465,Bakery,Chennai
DNR502309,1,3.22,3.22,Donor 2310,Cafeteria,Bengaluru
DNR502245,1,8.67,8.67,Donor 2246,Restaurant,Bengaluru
DNR502244,1,19.21,19.21,Donor 2245,Hotel,Mumbai
DNR502243,1,32.17,32.17,Donor 2244,Event,Hyderabad
DNR502242,1,22.77,22.77,Donor 2243,Restaurant,Delhi NCR
DNR502236,1,15.72,15.72,Donor 2237,Cafeteria,Hyderabad
DNR510494,1,30.62,30.62,Donor 10495,Bakery,Mumbai
DNR510493,1,29.96,29.96,Donor 10494,Cafeteria,Hyderabad
DNR510492,1,13.77,13.77,Donor 10493,Restaurant,Hyderabad
DNR510490,1,24.72,24.72,Donor 10491,Bakery,Chennai
DNR502272,1,11.82,11.82,Donor 2273,Bakery,Pune
DNR502271,1,78.86,78.86,Donor 2272,Household,Jaipur
DNR502270,1,12.72,12.72,Donor 2271,Grocery Store,Hyderabad
DNR502266,1,17.9,17.9,Donor 2267,Cafeteria,Remote
DNR502263,1,40.92,40.92,Donor 2264,Restaurant,Delhi NCR
DNR502258,1,49.87,49.87,Donor 2259,Restaurant,Delhi NCR
DNR502257,1,40.3,40.3,Donor 2258,Restaurant,Mumbai
DNR502224,1,43.83,43.83,Donor 2225,Event,Delhi NCR
DNR502220,1,27.34,27.34,Donor 2221,Restaurant,Pune
DNR502217,1,43.07,43.07,Donor 2218,Household,Jaipur
DNR502216,1,42.6,42.6,Donor 2217,Household,Ahmedabad
DNR510517,1,26.8,26.8,Donor 10518,Cafeteria,Mumbai
DNR510512,1,104.01,104.01,Donor 10513,Bakery,Kolkata
DNR510511,1,51.69,51.69,Donor 10512,Cafeteria,Jaipur
DNR510509,1,34.62,34.62,Donor 10510,Household,Mumbai
DNR510506,1,15.6,15.6,Donor 10507,Grocery Store,Kolkata
DNR510505,1,18.89,18.89,Donor 10506,Hotel,Remote
DNR510504,1,30.58,30.58,Donor 10505,Event,Jaipur
DNR510503,1,17.38,17.38,Donor 10504,Cafeteria,Jaipur
DNR510501,1,34.76,34.76,Donor 10502,Grocery Store,Jaipur
DNR502254,1,83.34,83.34,Donor 2255,Household,Bengaluru
DNR502248,1,8.38,8.38,Donor 2249,Event,Mumbai
DNR502246,1,25.52,25.52,Donor 2247,Household,Remote
DNR502179,1,32.33,32.33,Donor 2180,Event,Delhi NCR
DNR502178,1,20.87,20.87,Donor 2179,Household,Mumbai
DNR502176,1,18.19,18.19,Donor 2177,Cafeteria,Bengaluru
DNR502175,1,17.84,17.84,Donor 2176,Restaurant,Chennai
DNR510532,1,29.13,29.13,Donor 10533,Event,Hyderabad
DNR510531,1,44.61,44.61,Donor 10532,Cafeteria,Chennai
DNR510530,1,12.95,12.95,Donor 10531,Restaurant,Remote
DNR510529,1,67.61,67.61,Donor 10530,Household,Mumbai
DNR510523,1,15.35,15.35,Donor 10524,Restaurant,Hyderabad
DNR510519,1,5.29,5.29,Donor 10520,Event,Bengaluru
DNR502212,1,57.45,57.45,Donor 2213,Household,Mumbai
DNR502198,1,21.61,21.61,Donor 2199,Restaurant,Hyderabad
DNR502234,1,25.67,25.67,Donor 2235,Hotel,Remote
DNR502233,1,35.81,35.81,Donor 2234,Event,Bengaluru
DNR502231,1,18.64,18.64,Donor 2232,Restaurant,Delhi NCR
DNR502226,1,16.18,16.18,Donor 2227,Household,Pune
DNR502162,1,39.46,39.46,Donor 2163,Grocery Store,Chennai
DNR502161,1,24.29,24.29,Donor 2162,Bakery,Kolkata
DNR502160,1,17.45,17.45,Donor 2161,Grocery Store,Ahmedabad
DNR502159,1,3.37,3.37,Donor 2160,Hotel,Remote
DNR502155,1,14.05,14.05,Donor 2156,Cafeteria,Ahmedabad
DNR510553,1,30.85,30.85,Donor 10554,Hotel,Mumbai
DNR510552,1,22.31,22.31,Donor 10553,Restaurant,Delhi NCR
DNR510551,1,34.63,34.63,Donor 10552,Grocery Store,Remote
DNR510550,1,18.22,18.22,Donor 10551,Bakery,Kolkata
DNR510545,1,33.39,33.39,Donor 10546,Household,Chennai
DNR510544,1,15.27,15.27,Donor 10545,Hotel,Mumbai
DNR510542,1,8.86,8.86,Donor 10543,Bakery,Hyderabad
DNR510537,1,35.96,35.96,Donor 10538,Hotel,Remote
DNR502188,1,24.61,24.61,Donor 2189,Cafeteria,Ahmedabad
DNR502187,1,20.09,20.09,Donor 2188,Restaurant,Ahmedabad
DNR502183,1,29.38,29.38,Donor 2184,Bakery,Mumbai
DNR502149,1,18.81,18.81,Donor 2150,Household,Ahmedabad
DNR502148,1,12.33,12.33,Donor 2149,Household,Kolkata
DNR502144,1,23.13,23.13,Donor 2145,Restaurant,Hyderabad
DNR502143,1,6.19,6.19,Donor 2144,Restaurant,Ahmedabad
DNR502139,1,13.16,13.16,Donor 2140,Event,Bengaluru
DNR510581,1,30.23,30.23,Donor 10582,Bakery,Jaipur
DNR510569,1,24.73,24.73,Donor 10570,Cafeteria,Chennai
DNR510557,1,15.71,15.71,Donor 10558,Bakery,Hyderabad
DNR502174,1,42.88,42.88,Donor 2175,Bakery,Remote
DNR502173,1,47.61,47.61,Donor 2174,Bakery,Remote
DNR502172,1,12.54,12.54,Donor 2173,Household,Hyderabad
DNR502169,1,28.58,28.58,Donor 2170,Cafeteria,Chennai
DNR502168,1,25.98,25.98,Donor 2169,Cafeteria,Ahmedabad
DNR502166,1,35.24,35.24,Donor 2167,Grocery Store,Delhi NCR
DNR502165,1,20.14,20.14,Donor 2166,Restaurant,Jaipur
DNR502164,1,20.87,20.87,Donor 2165,Cafeteria,Jaipur
DNR502133,1,24.41,24.41,Donor 2134,Cafeteria,Jaipur
DNR502126,1,50.29,50.29,Donor 2127,Grocery Store,Chennai
DNR502123,1,43.71,43.71,Donor 2124,Restaurant,Delhi NCR
DNR502120,1,10.88,10.88,Donor 2121,Household,Delhi NCR
DNR502117,1,13.8,13.8,Donor 2118,Household,Kolkata
DNR510600,1,14.91,14.91,Donor 10601,Grocery Store,Delhi NCR
DNR510599,1,31.76,31.76,Donor 10600,Household,Remote
DNR510597,1,40.04,40.04,Donor 10598,Grocery Store,Mumbai
DNR510595,1,44.38,44.38,Donor 10596,Restaurant,Chennai
DNR510594,1,34.1,34.1,Donor 10595,Restaurant,Mumbai
DNR510593,1,8.27,8.27,Donor 10594,Restaurant,Remote
DNR510592,1,27.28,27.28,Donor 10593,Grocery Store,Chennai
DNR510583,1,32.16,32.16,Donor 10584,Grocery Store,Hyderabad
DNR502154,1,40.35,40.35,Donor 2155,Hotel,Hyderabad
DNR502153,1,18.15,18.15,Donor 2154,Household,Kolkata
DNR502151,1,42.61,42.61,Donor 2152,Household,Chennai
DNR502105,1,43.14,43.14,Donor 2106,Grocery Store,Mumbai
DNR502104,1,8.22,8.22,Donor 2105,Household,Remote
DNR502103,1,11.47,11.47,Donor 2104,Restaurant,Chennai
DNR502102,1,34.48,34.48,Donor 2103,Restaurant,Remote
DNR502100,1,17.93,17.93,Donor 2101,Restaurant,Chennai
DNR502099,1,48.61,48.61,Donor 2100,Hotel,Ahmedabad
DNR510617,1,22.82,22.82,Donor 10618,Household,Kolkata
DNR510616,1,42.04,42.04,Donor 10617,Household,Jaipur
DNR510615,1,14.46,14.46,Donor 10616,Event,Remote
DNR510610,1,55.12,55.12,Donor 10611,Household,Remote
DNR510609,1,22.08,22.08,Donor 10610,Household,Chennai
DNR510607,1,18.09,18.09,Donor 10608,Bakery,Ahmedabad
DNR510604,1,15.89,15.89,Donor 10605,Cafeteria,Kolkata
DNR510603,1,18.99,18.99,Donor 10604,Grocery Store,Jaipur
DNR510601,1,49.43,49.43,Donor 10602,Cafeteria,Delhi NCR
DNR502135,1,21.63,21.63,Donor 2136,Event,Ahmedabad
DNR502064,1,25.26,25.26,Donor 2065,Restaurant,Pune
DNR502063,1,21.62,21.62,Donor 2064,Hotel,Kolkata
DNR502060,1,76.75,76.75,Donor 2061,Bakery,Kolkata
DNR510642,1,15.17,15.17,Donor 10643,Restaurant,Ahmedabad
DNR510641,1,67.84,67.84,Donor 10642,Restaurant,Bengaluru
DNR510639,1,42.05,42.05,Donor 10640,Restaurant,Jaipur
DNR510634,1,8.49,8.49,Donor 10635,Household,Remote
DNR510633,1,20.28,20.28,Donor 10634,Event,Ahmedabad
DNR510625,1,14.85,14.85,Donor 10626,Household,Kolkata
DNR502094,1,36.06,36.06,Donor 2095,Hotel,Pune
DNR502090,1,14.6,14.6,Donor 2091,Cafeteria,Ahmedabad
DNR502089,1,19.48,19.48,Donor 2090,Household,Kolkata
DNR502088,1,9.59,9.59,Donor 2089,Cafeteria,Bengaluru
DNR502083,1,34.91,34.91,Donor 2084,Household,Pune
DNR502080,1,86.78,86.78,Donor 2081,Restaurant,Pune
DNR502106,1,38.37,38.37,Donor 2107,Restaurant,Hyderabad
DNR502015,1,39.74,39.74,Donor 2016,Grocery Store,Delhi NCR
DNR502055,1,41.9,41.9,Donor 2056,Household,Hyderabad
DNR502054,1,22.35,22.35,Donor 2055,Hotel,Kolkata
DNR502052,1,22.26,22.26,Donor 2053,Hotel,Ahmedabad
DNR502048,1,51.96,51.96,Donor 2049,Household,Delhi NCR
DNR502038,1,14.28,14.28,Donor 2039,Hotel,Mumbai
DNR502035,1,39.59,39.59,Donor 2036,Restaurant,Hyderabad
DNR510665,1,15.2,15.2,Donor 10666,Household,Delhi NCR
DNR510663,1,35.05,35.05,Donor 10664,Bakery,Bengaluru
DNR510656,1,22.94,22.94,Donor 10657,Household,Mumbai
DNR510647,1,14.74,14.74,Donor 10648,Household,Delhi NCR
DNR510645,1,23.09,23.09,Donor 10646,Event,Hyderabad
DNR510644,1,33.21,33.21,Donor 10645,Hotel,Hyderabad
DNR502070,1,30.69,30.69,Donor 2071,Grocery Store,Jaipur
DNR502069,1,29.29,29.29,Donor 2070,Event,Kolkata
DNR502067,1,4.39,4.39,Donor 2068,Cafeteria,Hyderabad
DNR502007,1,24.53,24.53,Donor 2008,Restaurant,Kolkata
DNR502005,1,18.69,18.69,Donor 2006,Event,Pune
DNR502002,1,20.44,20.44,Donor 2003,Event,Mumbai
DNR510685,1,9.51,9.51,Donor 10686,Household,Ahmedabad
DNR510684,1,28.1,28.1,Donor 10685,Hotel,Chennai
DNR510681,1,24.15,24.15,Donor 10682,Hotel,Pune
DNR510677,1,13.0,13.0,Donor 10678,Restaurant,Ahmedabad
DNR510674,1,37.1,37.1,Donor 10675,Household,Delhi NCR
DNR510672,1,3.49,3.49,Donor 10673,Event,Chennai
DNR510666,1,21.93,21.93,Donor 10667,Restaurant,Pune
DNR502034,1,21.28,21.28,Donor 2035,Household,Kolkata
DNR502032,1,7.82,7.82,Donor 2033,Hotel,Remote
DNR502024,1,6.87,6.87,Donor 2025,Restaurant,Chennai
DNR502023,1,15.07,15.07,Donor 2024,Restaurant,Jaipur
DNR502020,1,13.75,13.75,Donor 2021,Restaurant,Mumbai
DNR502016,1,44.82,44.82,Donor 2017,Household,Bengaluru
DNR501988,1,24.46,24.46,Donor 1989,Grocery Store,Mumbai
DNR501985,1,40.96,40.96,Donor 1986,Cafeteria,Pune
DNR501981,1,36.55,36.55,Donor 1982,Restaurant,Jaipur
DNR501977,1,16.14,16.14,Donor 1978,Bakery,Kolkata
DNR510703,1,23.09,23.09,Donor 10704,Cafeteria,Jaipur
DNR510701,1,21.66,21.66,Donor 10702,Event,Bengaluru
DNR510700,1,36.84,36.84,Donor 10701,Hotel,Pune
DNR510699,1,75.21,75.21,Donor 10700,Household,Jaipur
DNR510694,1,32.01,32.01,Donor 10695,Event,Chennai
DNR510689,1,14.76,14.76,Donor 10690,Cafeteria,Mumbai
DNR510688,1,32.01,32.01,Donor 10689,Household,Hyderabad
DNR510686,1,6.31,6.31,Donor 10687,Household,Pune
DNR502012,1,21.49,21.49,Donor 2013,Household,Ahmedabad
DNR502011,1,8.11,8.11,Donor 2012,Hotel,Delhi NCR
DNR502009,1,14.55,14.55,Donor 2010,Restaurant,Hyderabad
DNR502008,1,11.99,11.99,Donor 2009,Cafeteria,Pune
DNR501948,1,41.69,41.69,Donor 1949,Bakery,Remote
DNR501945,1,14.32,14.32,Donor 1946,Hotel,Delhi NCR
DNR501943,1,105.25,105.25,Donor 1944,Restaurant,Chennai
DNR510723,1,23.07,23.07,Donor 10724,Restaurant,Pune
DNR510715,1,16.08,16.08,Donor 10716,Household,Ahmedabad
DNR510713,1,21.26,21.26,Donor 10714,Cafeteria,Mumbai
DNR510711,1,37.65,37.65,Donor 10712,Restaurant,Kolkata
DNR510706,1,24.52,24.52,Donor 10707,Cafeteria,Bengaluru
DNR510705,1,7.31,7.31,Donor 10706,Bakery,Remote
DNR501975,1,15.72,15.72,Donor 1976,Restaurant,Hyderabad
DNR501971,1,14.24,14.24,Donor 1972,Bakery,Bengaluru
DNR501970,1,36.4,36.4,Donor 1971,Event,Remote
DNR501965,1,32.86,32.86,Donor 1966,Household,Delhi NCR
DNR501964,1,30.82,30.82,Donor 1965,Household,Hyderabad
DNR501961,1,18.05,18.05,Donor 1962,Cafeteria,Chennai
DNR501994,1,11.76,11.76,Donor 1995,Hotel,Remote
DNR501937,1,13.86,13.86,Donor 1938,Hotel,Delhi NCR
DNR501931,1,28.67,28.67,Donor 1932,Household,Chennai
DNR501927,1,37.39,37.39,Donor 1928,Restaurant,Kolkata
DNR501926,1,19.6,19.6,Donor 1927,Restaurant,Jaipur
DNR501925,1,20.92,20.92,Donor 1926,Restaurant,Pune
DNR510746,1,28.41,28.41,Donor 10747,Grocery Store,Ahmedabad
DNR510745,1,19.63,19.63,Donor 10746,Hotel,Remote
DNR510743,1,40.38,40.38,Donor 10744,Restaurant,Ahmedabad
DNR510740,1,12.91,12.91,Donor 10741,Bakery,Pune
DNR510737,1,24.83,24.83,Donor 10738,Cafeteria,Hyderabad
DNR510735,1,1.96,1.96,Donor 10736,Restaurant,Delhi NCR
DNR510727,1,17.22,17.22,Donor 10728,Cafeteria,Bengaluru
DNR501956,1,26.87,26.87,Donor 1957,Restaurant,Remote
DNR501954,1,21.57,21.57,Donor 1955,Hotel,Mumbai
DNR501951,1,31.86,31.86,Donor 1952,Grocery Store,Pune
DNR501949,1,14.74,14.74,Donor 1950,Grocery Store,Ahmedabad
DNR501891,1,18.05,18.05,Donor 1892,Restaurant,Jaipur
DNR501889,1,22.7,22.7,Donor 1890,Hotel,Hyderabad
DNR501888,1,18.53,18.53,Donor 1889,Cafeteria,Bengaluru
DNR510765,1,29.63,29.63,Donor 10766,Restaurant,Remote
DNR510759,1,31.99,31.99,Donor 10760,Event,Chennai
DNR510758,1,47.43,47.43,Donor 10759,Restaurant,Hyderabad
DNR510757,1,6.56,6.56,Donor 10758,Cafeteria,Kolkata
DNR510753,1,46.36,46.36,Donor 10754,Household,Remote
DNR510752,1,20.12,20.12,Donor 10753,Cafeteria,Chennai
DNR510747,1,19.02,19.02,Donor 10748,Grocery Store,Delhi NCR
DNR501921,1,20.01,20.01,Donor 1922,Grocery Store,Ahmedabad
DNR501914,1,36.63,36.63,Donor 1915,Event,Hyderabad
DNR501912,1,4.93,4.93,Donor 1913,Restaurant,Kolkata
DNR501908,1,23.93,23.93,Donor 1909,Grocery Store,Delhi NCR
DNR501906,1,33.71,33.71,Donor 1907,Restaurant,Chennai
DNR501938,1,23.05,23.05,Donor 1939,Hotel,Hyderabad
DNR501874,1,24.77,24.77,Donor 1875,Restaurant,Remote
DNR501872,1,30.94,30.94,Donor 1873,Cafeteria,Jaipur
DNR501868,1,27.98,27.98,Donor 1869,Household,Delhi NCR
DNR501866,1,13.8,13.8,Donor 1867,Hotel,Pune
DNR510784,1,30.11,30.11,Donor 10785,Restaurant,Bengaluru
DNR510782,1,22.64,22.64,Donor 10783,Household,Delhi NCR
DNR510778,1,28.57,28.57,Donor 10779,Cafeteria,Mumbai
DNR510776,1,24.53,24.53,Donor 10777,Grocery Store,Pune
DNR510772,1,5.9,5.9,Donor 10773,Restaurant,Remote
DNR510767,1,5.01,5.01,Donor 10768,Cafeteria,Hyderabad
DNR510766,1,75.03,75.03,Donor 10767,Event,Mumbai
DNR501904,1,10.43,10.43,Donor 1905,Cafeteria,Mumbai
DNR501903,1,20.32,20.32,Donor 1904,Event,Ahmedabad
DNR501898,1,26.67,26.67,Donor 1899,Hotel,Remote
DNR501896,1,22.32,22.32,Donor 1897,Restaurant,Delhi NCR
DNR501895,1,7.46,7.46,Donor 1896,Restaurant,Kolkata
DNR501833,1,35.69,35.69,Donor 1834,Hotel,Mumbai
DNR501831,1,15.07,15.07,Donor 1832,Grocery Store,Remote
DNR501829,1,21.81,21.81,Donor 1830,Event,Chennai
DNR501824,1,53.58,53.58,Donor 1825,Hotel,Ahmedabad
DNR510806,1,26.24,26.24,Donor 10807,Household,Chennai
DNR510798,1,16.7,16.7,Donor 10799,Hotel,Remote
DNR510795,1,46.47,46.47,Donor 10796,Household,Pune
DNR510788,1,10.37,10.37,Donor 10789,Hotel,Delhi NCR
DNR501865,1,14.01,14.01,Donor 1866,Cafeteria,Pune
DNR501859,1,39.15,39.15,Donor 1860,Cafeteria,Bengaluru
DNR501846,1,40.63,40.63,Donor 1847,Hotel,Jaipur
DNR501884,1,55.95,55.95,Donor 1885,Hotel,Remote
DNR501882,1,30.32,30.32,Donor 1883,Cafeteria,Hyderabad
DNR501881,1,27.62,27.62,Donor 1882,Restaurant,Bengaluru
DNR501879,1,8.54,8.54,Donor 1880,Hotel,Delhi NCR
DNR501878,1,18.58,18.58,Donor 1879,Hotel,Mumbai
DNR510830,1,39.54,39.54,Donor 10831,Household,Jaipur
DNR510827,1,20.89,20.89,Donor 10828,Household,Chennai
DNR510826,1,24.31,24.31,Donor 10827,Bakery,Jaipur
DNR510824,1,13.73,13.73,Donor 10825,Restaurant,Chennai
DNR510823,1,56.72,56.72,Donor 10824,Restaurant,Delhi NCR
DNR510821,1,20.32,20.32,Donor 10822,Restaurant,Chennai
DNR510820,1,55.66,55.66,Donor 10821,Event,Chennai
DNR510817,1,24.24,24.24,Donor 10818,Grocery Store,Ahmedabad
DNR510816,1,12.52,12.52,Donor 10817,Grocery Store,Pune
DNR510815,1,33.59,33.59,Donor 10816,Household,Jaipur
DNR510810,1,39.68,39.68,Donor 10811,Bakery,Jaipur
DNR510808,1,18.8,18.8,Donor 10809,Restaurant,Pune
DNR501844,1,40.03,40.03,Donor 1845,Restaurant,Bengaluru
DNR501840,1,20.42,20.42,Donor 1841,Restaurant,Bengaluru
DNR501836,1,22.32,22.32,Donor 1837,Restaurant,Kolkata
DNR501834,1,14.46,14.46,Donor 1835,Cafeteria,Kolkata
DNR501822,1,20.17,20.17,Donor 1823,Event,Jaipur
DNR501819,1,33.43,33.43,Donor 1820,Restaurant,Delhi NCR
DNR501814,1,48.54,48.54,Donor 1815,Grocery Store,Kolkata
DNR501813,1,11.9,11.9,Donor 1814,Household,Remote
DNR501812,1,25.55,25.55,Donor 1813,Grocery Store,Pune
DNR501811,1,35.65,35.65,Donor 1812,Restaurant,Jaipur
DNR501810,1,22.0,22.0,Donor 1811,Event,Chennai
DNR501809,1,31.79,31.79,Donor 1810,Household,Jaipur
DNR501806,1,28.45,28.45,Donor 1807,Household,Hyderabad
DNR510843,1,32.85,32.85,Donor 10844,Cafeteria,Bengaluru
DNR510842,1,13.33,13.33,Donor 10843,Event,Pune
DNR510839,1,35.54,35.54,Donor 10840,Household,Bengaluru
DNR510838,1,18.55,18.55,Donor 10839,Hotel,Jaipur
DNR510835,1,5.36,5.36,Donor 10836,Hotel,Remote
DNR510833,1,18.53,18.53,Donor 10834,Restaurant,Chennai
DNR510832,1,16.58,16.58,Donor 10833,Event,Remote
DNR501774,1,26.82,26.82,Donor 1775,Cafeteria,Ahmedabad
DNR501772,1,22.26,22.26,Donor 1773,Restaurant,Hyderabad
DNR501770,1,29.08,29.08,Donor 1771,Restaurant,Ahmedabad
DNR501765,1,32.25,32.25,Donor 1766,Hotel,Delhi NCR
DNR510864,1,11.45,11.45,Donor 10865,Restaurant,Chennai
DNR510862,1,29.77,29.77,Donor 10863,Household,Hyderabad
DNR510858,1,10.0,10.0,Donor 10859,Cafeteria,Chennai
DNR510857,1,42.27,42.27,Donor 10858,Cafeteria,Remote
DNR510855,1,12.23,12.23,Donor 10856,Cafeteria,Jaipur
DNR510853,1,22.16,22.16,Donor 10854,Hotel,Pune
DNR501799,1,7.46,7.46,Donor 1800,Grocery Store,Hyderabad
DNR501795,1,30.89,30.89,Donor 1796,Hotel,Mumbai
DNR501788,1,13.05,13.05,Donor 1789,Hotel,Bengaluru
DNR501787,1,4.36,4.36,Donor 1788,Restaurant,Pune
DNR501785,1,58.93,58.93,Donor 1786,Event,Mumbai
DNR501823,1,21.06,21.06,Donor 1824,Grocery Store,Bengaluru
DNR501755,1,49.84,49.84,Donor 1756,Event,Jaipur
DNR501753,1,21.91,21.91,Donor 1754,Cafeteria,Mumbai
DNR501752,1,45.36,45.36,Donor 1753,Hotel,Mumbai
DNR501751,1,25.08,25.08,Donor 1752,Cafeteria,Delhi NCR
DNR501749,1,32.99,32.99,Donor 1750,Restaurant,Chennai
DNR501746,1,29.12,29.12,Donor 1747,Restaurant,Kolkata
DNR501745,1,53.92,53.92,Donor 1746,Bakery,Chennai
DNR510885,1,22.39,22.39,Donor 10886,Restaurant,Pune
DNR510884,1,28.85,28.85,Donor 10885,Household,Jaipur
DNR510883,1,25.68,25.68,Donor 10884,Hotel,Remote
DNR510881,1,12.44,12.44,Donor 10882,Household,Remote
DNR510880,1,65.44,65.44,Donor 10881,Restaurant,Hyderabad
DNR510875,1,79.66,79.66,Donor 10876,Household,Bengaluru
DNR510868,1,10.36,10.36,Donor 10869,Hotel,Jaipur
DNR501780,1,11.2,11.2,Donor 1781,Cafeteria,Bengaluru
DNR501775,1,53.41,53.41,Donor 1776,Household,Bengaluru
DNR501710,1,18.26,18.26,Donor 1711,Cafeteria,Remote
DNR501744,1,30.15,30.15,Donor 1745,Restaurant,Remote
DNR501743,1,16.3,16.3,Donor 1744,Household,Pune
DNR501739,1,43.37,43.37,Donor 1740,Hotel,Pune
DNR501737,1,32.94,32.94,Donor 1738,Household,Chennai
DNR501735,1,26.14,26.14,Donor 1736,Restaurant,Hyderabad
DNR501732,1,25.35,25.35,Donor 1733,Cafeteria,Jaipur
DNR501731,1,24.44,24.44,Donor 1732,Household,Bengaluru
DNR501727,1,32.4,32.4,Donor 1728,Cafeteria,Chennai
DNR510899,1,26.33,26.33,Donor 10900,Hotel,Bengaluru
DNR510898,1,33.43,33.43,Donor 10899,Household,Jaipur
DNR510895,1,27.65,27.65,Donor 10896,Hotel,Hyderabad
DNR510894,1,32.54,32.54,Donor 10895,Restaurant,Pune
DNR510891,1,42.31,42.31,Donor 10892,Bakery,Remote
DNR510889,1,27.14,27.14,Donor 10890,Grocery Store,Jaipur
DNR510887,1,16.97,16.97,Donor 10888,Bakery,Jaipur
DNR501688,1,33.44,33.44,Donor 1689,Restaurant,Kolkata
DNR501687,1,52.88,52.88,Donor 1688,Event,Kolkata
DNR501679,1,28.67,28.67,Donor 1680,Household,Pune
DNR510914,1,30.67,30.67,Donor 10915,Hotel,Ahmedabad
DNR510908,1,23.57,23.57,Donor 10909,Restaurant,Pune
DNR501707,1,17.18,17.18,Donor 1708,Cafeteria,Ahmedabad
DNR501702,1,24.63,24.63,Donor 1703,Cafeteria,Hyderabad
DNR501700,1,30.72,30.72,Donor 1701,Cafeteria,Mumbai
DNR501699,1,6.72,6.72,Donor 1700,Grocery Store,Remote
DNR501697,1,9.25,9.25,Donor 1698,Household,Delhi NCR
DNR501724,1,13.75,13.75,Donor 1725,Restaurant,Chennai
DNR501717,1,29.11,29.11,Donor 1718,Household,Kolkata
DNR501714,1,64.91,64.91,Donor 1715,Restaurant,Mumbai
DNR501713,1,11.18,11.18,Donor 1714,Cafeteria,Ahmedabad
DNR501712,1,15.46,15.46,Donor 1713,Hotel,Jaipur
DNR501711,1,10.84,10.84,Donor 1712,Household,Jaipur
DNR501675,1,30.79,30.79,Donor 1676,Event,Remote
DNR501674,1,24.61,24.61,Donor 1675,Grocery Store,Ahmedabad
DNR501669,1,29.61,29.61,Donor 1670,Cafeteria,Pune
DNR501667,1,24.29,24.29,Donor 1668,Household,Kolkata
DNR501666,1,23.66,23.66,Donor 1667,Household,Kolkata
DNR501664,1,36.0,36.0,Donor 1665,Household,Mumbai
DNR501663,1,32.61,32.61,Donor 1664,Hotel,Hyderabad
DNR501662,1,12.61,12.61,Donor 1663,Restaurant,Mumbai
DNR510937,1,4.24,4.24,Donor 10938,Restaurant,Kolkata
DNR510936,1,40.4,40.4,Donor 10937,Hotel,Remote
DNR510932,1,55.96,55.96,Donor 10933,Restaurant,Hyderabad
DNR510927,1,16.01,16.01,Donor 10928,Hotel,Pune
DNR510926,1,30.03,30.03,Donor 10927,Restaurant,Delhi NCR
DNR510921,1,49.78,49.78,Donor 10922,Household,Kolkata
DNR501690,1,25.19,25.19,Donor 1691,Hotel,Jaipur
DNR501689,1,21.69,21.69,Donor 1690,Cafeteria,Jaipur
DNR501608,1,15.97,15.97,Donor 1609,Event,Mumbai
DNR501604,1,27.52,27.52,Donor 1605,Cafeteria,Remote
DNR501634,1,35.23,35.23,Donor 1635,Restaurant,Pune
DNR501630,1,16.04,16.04,Donor 1631,Cafeteria,Ahmedabad
DNR501628,1,15.65,15.65,Donor 1629,Household,Ahmedabad
DNR510953,1,31.35,31.35,Donor 10954,Household,Chennai
DNR510947,1,21.81,21.81,Donor 10948,Grocery Store,Jaipur
DNR501654,1,3.54,3.54,Donor 1655,Event,Ahmedabad
DNR501653,1,10.68,10.68,Donor 1654,Grocery Store,Kolkata
DNR501652,1,13.97,13.97,Donor 1653,Hotel,Delhi NCR
DNR501651,1,49.12,49.12,Donor 1652,Restaurant,Delhi NCR
DNR501648,1,45.52,45.52,Donor 1649,Cafeteria,Jaipur
DNR501646,1,72.69,72.69,Donor 1647,Household,Delhi NCR
DNR501643,1,22.5,22.5,Donor 1644,Cafeteria,Kolkata
DNR501642,1,37.51,37.51,Donor 1643,Household,Jaipur
DNR501638,1,17.94,17.94,Donor 1639,Restaurant,Ahmedabad
DNR501563,1,8.12,8.12,Donor 1564,Cafeteria,Remote
DNR501600,1,26.75,26.75,Donor 1601,Cafeteria,Kolkata
DNR501594,1,32.35,32.35,Donor 1595,Restaurant,Bengaluru
DNR501587,1,21.77,21.77,Donor 1588,Restaurant,Chennai
DNR501586,1,20.34,20.34,Donor 1587,Hotel,Remote
DNR501584,1,14.84,14.84,Donor 1585,Household,Chennai
DNR510970,1,20.67,20.67,Donor 10971,Cafeteria,Delhi NCR
DNR510964,1,35.09,35.09,Donor 10965,Restaurant,Chennai
DNR510961,1,17.88,17.88,Donor 10962,Grocery Store,Hyderabad
DNR510960,1,5.84,5.84,Donor 10961,Restaurant,Ahmedabad
DNR510959,1,17.45,17.45,Donor 10960,Household,Delhi NCR
DNR510956,1,22.72,22.72,Donor 10957,Restaurant,Delhi NCR
DNR510955,1,10.39,10.39,Donor 10956,Restaurant,Ahmedabad
DNR501617,1,14.99,14.99,Donor 1618,Event,Jaipur
DNR501616,1,26.5,26.5,Donor 1617,Cafeteria,Pune
DNR501615,1,20.41,20.41,Donor 1616,Bakery,Remote
DNR501558,1,46.01,46.01,Donor 1559,Grocery Store,Mumbai
DNR501557,1,59.27,59.27,Donor 1558,Hotel,Ahmedabad
DNR501549,1,36.63,36.63,Donor 1550,Event,Bengaluru
DNR501548,1,21.29,21.29,Donor 1549,Restaurant,Remote
DNR501547,1,21.86,21.86,Donor 1548,Hotel,Remote
DNR501546,1,48.88,48.88,Donor 1547,Hotel,Jaipur
DNR501545,1,10.69,10.69,Donor 1546,Restaurant,Bengaluru
DNR510991,1,20.99,20.99,Donor 10992,Cafeteria,Mumbai
DNR510989,1,20.01,20.01,Donor 10990,Restaurant,Kolkata
DNR510987,1,43.93,43.93,Donor 10988,Cafeteria,Ahmedabad
DNR510977,1,39.12,39.12,Donor 10978,Bakery,Bengaluru
DNR501580,1,20.12,20.12,Donor 1581,Restaurant,Pune
DNR501579,1,26.62,26.62,Donor 1580,Bakery,Jaipur
DNR501573,1,16.35,16.35,Donor 1574,Cafeteria,Ahmedabad
DNR501571,1,67.02,67.02,Donor 1572,Household,Ahmedabad
DNR501565,1,19.46,19.46,Donor 1566,Event,Kolkata
DNR501513,1,25.44,25.44,Donor 1514,Hotel,Hyderabad
DNR501511,1,62.26,62.26,Donor 1512,Restaurant,Bengaluru
DNR501508,1,41.68,41.68,Donor 1509,Cafeteria,Remote
DNR501507,1,47.49,47.49,Donor 1508,Restaurant,Pune
DNR501506,1,27.5,27.5,Donor 1507,Restaurant,Mumbai
DNR511008,1,11.41,11.41,Donor 11009,Event,Ahmedabad
DNR511006,1,19.98,19.98,Donor 11007,Grocery Store,Jaipur
DNR511004,1,47.09,47.09,Donor 11005,Grocery Store,Delhi NCR
DNR510998,1,41.08,41.08,Donor 10999,Restaurant,Delhi NCR
DNR510997,1,9.01,9.01,Donor 10998,Hotel,Mumbai
DNR510995,1,26.66,26.66,Donor 10996,Hotel,Chennai
DNR510994,1,12.91,12.91,Donor 10995,Cafeteria,Mumbai
DNR501539,1,36.84,36.84,Donor 1540,Grocery Store,Ahmedabad
DNR501536,1,17.91,17.91,Donor 1537,Hotel,Kolkata
DNR501535,1,33.7,33.7,Donor 1536,Event,Chennai
DNR501530,1,16.97,16.97,Donor 1531,Hotel,Jaipur
DNR501496,1,17.08,17.08,Donor 1497,Grocery Store,Delhi NCR
DNR501495,1,14.98,14.98,Donor 1496,Restaurant,Hyderabad
DNR501494,1,36.98,36.98,Donor 1495,Household,Ahmedabad
DNR501492,1,20.62,20.62,Donor 1493,Hotel,Delhi NCR
DNR501488,1,23.55,23.55,Donor 1489,Grocery Store,Mumbai
DNR501485,1,17.64,17.64,Donor 1486,Restaurant,Hyderabad
DNR501484,1,20.94,20.94,Donor 1485,Hotel,Hyderabad
DNR511033,1,16.73,16.73,Donor 11034,Restaurant,Jaipur
DNR511025,1,7.59,7.59,Donor 11026,Restaurant,Kolkata
DNR511022,1,21.61,21.61,Donor 11023,Grocery Store,Pune
DNR511020,1,20.77,20.77,Donor 11021,Hotel,Pune
DNR501521,1,38.35,38.35,Donor 1522,Event,Bengaluru
DNR501520,1,45.58,45.58,Donor 1521,Restaurant,Jaipur
DNR501518,1,27.3,27.3,Donor 1519,Hotel,Jaipur
DNR501516,1,22.28,22.28,Donor 1517,Event,Mumbai
DNR501514,1,30.26,30.26,Donor 1515,Restaurant,Pune
DNR501482,1,29.53,29.53,Donor 1483,Grocery Store,Hyderabad
DNR501480,1,18.75,18.75,Donor 1481,Household,Delhi NCR
DNR501477,1,41.58,41.58,Donor 1478,Household,Pune
DNR501476,1,12.07,12.07,Donor 1477,Cafeteria,Remote
DNR501475,1,29.2,29.2,Donor 1476,Event,Ahmedabad
DNR501470,1,21.83,21.83,Donor 1471,Household,Kolkata
DNR501468,1,28.35,28.35,Donor 1469,Event,Remote
DNR501461,1,18.9,18.9,Donor 1462,Cafeteria,Kolkata
DNR511048,1,34.6,34.6,Donor 11049,Household,Pune
DNR511043,1,63.25,63.25,Donor 11044,Restaurant,Hyderabad
DNR511039,1,12.38,12.38,Donor 11040,Cafeteria,Pune
DNR511038,1,35.7,35.7,Donor 11039,Cafeteria,Ahmedabad
DNR511036,1,13.38,13.38,Donor 11037,Hotel,Pune
DNR501500,1,17.4,17.4,Donor 1501,Household,Remote
DNR501499,1,42.02,42.02,Donor 1500,Hotel,Kolkata
DNR501497,1,6.32,6.32,Donor 1498,Event,Delhi NCR
DNR501432,1,33.79,33.79,Donor 1433,Hotel,Remote
DNR501431,1,40.38,40.38,Donor 1432,Event,Delhi NCR
DNR501429,1,58.5,58.5,Donor 1430,Bakery,Jaipur
DNR501426,1,16.97,16.97,Donor 1427,Household,Delhi NCR
DNR511067,1,23.25,23.25,Donor 11068,Household,Remote
DNR511066,1,22.01,22.01,Donor 11067,Restaurant,Jaipur
DNR511065,1,23.63,23.63,Donor 11066,Household,Delhi NCR
DNR511064,1,21.86,21.86,Donor 11065,Household,Chennai
DNR511058,1,35.67,35.67,Donor 11059,Hotel,Mumbai
DNR511057,1,19.11,19.11,Donor 11058,Restaurant,Kolkata
DNR511054,1,23.3,23.3,Donor 11055,Household,Ahmedabad
DNR501455,1,17.45,17.45,Donor 1456,Event,Bengaluru
DNR501453,1,44.36,44.36,Donor 1454,Grocery Store,Bengaluru
DNR501448,1,12.37,12.37,Donor 1449,Cafeteria,Jaipur
DNR501447,1,24.36,24.36,Donor 1448,Household,Jaipur
DNR501446,1,28.41,28.41,Donor 1447,Event,Pune
DNR511092,1,26.23,26.23,Donor 11093,Household,Chennai
DNR501414,1,17.26,17.26,Donor 1415,Event,Ahmedabad
DNR501409,1,26.92,26.92,Donor 1410,Cafeteria,Pune
DNR501404,1,14.39,14.39,Donor 1405,Cafeteria,Remote
DNR501403,1,34.88,34.88,Donor 1404,Grocery Store,Delhi NCR
DNR511085,1,13.59,13.59,Donor 11086,Cafeteria,Remote
DNR511082,1,13.49,13.49,Donor 11083,Grocery Store,Ahmedabad
DNR511081,1,25.66,25.66,Donor 11082,Hotel,Bengaluru
DNR511076,1,6.07,6.07,Donor 11077,Grocery Store,Mumbai
DNR511075,1,17.31,17.31,Donor 11076,Household,Delhi NCR
DNR511071,1,45.37,45.37,Donor 11072,Bakery,Remote
DNR501441,1,18.47,18.47,Donor 1442,Restaurant,Mumbai
DNR501439,1,29.71,29.71,Donor 1440,Hotel,Pune
DNR501438,1,52.54,52.54,Donor 1439,Household,Bengaluru
DNR501434,1,40.81,40.81,Donor 1435,Hotel,Jaipur
DNR501433,1,24.42,24.42,Donor 1434,Restaurant,Hyderabad
DNR501371,1,25.64,25.64,Donor 1372,Household,Mumbai
DNR501362,1,56.05,56.05,Donor 1363,Restaurant,Kolkata
DNR501399,1,21.66,21.66,Donor 1400,Restaurant,Mumbai
DNR501396,1,23.44,23.44,Donor 1397,Restaurant,Ahmedabad
DNR501395,1,23.83,23.83,Donor 1396,Grocery Store,Kolkata
DNR501393,1,43.33,43.33,Donor 1394,Restaurant,Bengaluru
DNR501389,1,12.59,12.59,Donor 1390,Cafeteria,Ahmedabad
DNR501387,1,27.15,27.15,Donor 1388,Cafeteria,Bengaluru
DNR501383,1,54.47,54.47,Donor 1384,Restaurant,Delhi NCR
DNR501382,1,16.98,16.98,Donor 1383,Cafeteria,Hyderabad
DNR511103,1,10.49,10.49,Donor 11104,Restaurant,Delhi NCR
DNR511102,1,26.84,26.84,Donor 11103,Household,Bengaluru
DNR511101,1,11.24,11.24,Donor 11102,Bakery,Kolkata
DNR511097,1,30.31,30.31,Donor 11098,Restaurant,Remote
DNR511095,1,7.9,7.9,Donor 11096,Household,Remote
DNR511093,1,30.57,30.57,Donor 11094,Household,Remote
DNR511132,1,22.06,22.06,Donor 11133,Bakery,Chennai
DNR511128,1,27.81,27.81,Donor 11129,Household,Jaipur
DNR511126,1,28.98,28.98,Donor 11127,Event,Chennai
DNR511123,1,46.78,46.78,Donor 11124,Cafeteria,Remote
DNR511120,1,18.61,18.61,Donor 11121,Bakery,Remote
DNR511115,1,44.27,44.27,Donor 11116,Cafeteria,Delhi NCR
DNR511114,1,59.4,59.4,Donor 11115,Restaurant,Hyderabad
DNR511112,1,16.8,16.8,Donor 11113,Cafeteria,Remote
DNR511111,1,32.95,32.95,Donor 11112,Household,Chennai
DNR501356,1,34.12,34.12,Donor 1357,Household,Pune
DNR501348,1,33.02,33.02,Donor 1349,Restaurant,Kolkata
DNR501346,1,18.25,18.25,Donor 1347,Hotel,Ahmedabad
DNR501345,1,30.53,30.53,Donor 1346,Event,Remote
DNR501377,1,16.01,16.01,Donor 1378,Restaurant,Chennai
DNR501376,1,15.18,15.18,Donor 1377,Hotel,Hyderabad
DNR501372,1,37.13,37.13,Donor 1373,Hotel,Ahmedabad
DNR501305,1,35.08,35.08,Donor 1306,Hotel,Delhi NCR
DNR501304,1,20.74,20.74,Donor 1305,Grocery Store,Jaipur
DNR501344,1,22.19,22.19,Donor 1345,Cafeteria,Bengaluru
DNR501343,1,21.86,21.86,Donor 1344,Household,Ahmedabad
DNR501341,1,39.73,39.73,Donor 1342,Restaurant,Kolkata
DNR501337,1,17.68,17.68,Donor 1338,Restaurant,Bengaluru
DNR501336,1,40.45,40.45,Donor 1337,Cafeteria,Hyderabad
DNR501334,1,10.29,10.29,Donor 1335,Household,Kolkata
DNR501331,1,19.61,19.61,Donor 1332,Event,Chennai
DNR501329,1,63.05,63.05,Donor 1330,Grocery Store,Hyderabad
DNR501327,1,11.23,11.23,Donor 1328,Restaurant,Kolkata
DNR511142,1,6.12,6.12,Donor 11143,Restaurant,Kolkata
DNR511141,1,21.66,21.66,Donor 11142,Grocery Store,Jaipur
DNR511138,1,20.59,20.59,Donor 11139,Event,Remote
DNR511137,1,6.71,6.71,Donor 11138,Restaurant,Bengaluru
DNR511135,1,14.68,14.68,Donor 11136,Cafeteria,Ahmedabad
DNR501290,1,28.7,28.7,Donor 1291,Hotel,Hyderabad
DNR501288,1,35.38,35.38,Donor 1289,Hotel,Bengaluru
DNR501286,1,28.41,28.41,Donor 1287,Hotel,Pune
DNR501284,1,24.39,24.39,Donor 1285,Hotel,Pune
DNR511160,1,54.14,54.14,Donor 11161,Cafeteria,Delhi NCR
DNR511159,1,5.28,5.28,Donor 11160,Hotel,Remote
DNR511156,1,9.28,9.28,Donor 11157,Hotel,Ahmedabad
DNR511152,1,8.2,8.2,Donor 11153,Restaurant,Hyderabad
DNR511149,1,23.97,23.97,Donor 11150,Hotel,Kolkata
DNR511148,1,38.57,38.57,Donor 11149,Household,Delhi NCR
DNR511146,1,19.64,19.64,Donor 11147,Restaurant,Remote
DNR501319,1,28.35,28.35,Donor 1320,Household,Chennai
DNR501316,1,14.7,14.7,Donor 1317,Cafeteria,Mumbai
DNR501313,1,23.81,23.81,Donor 1314,Household,Delhi NCR
DNR501309,1,11.8,11.8,Donor 1310,Household,Remote
DNR501306,1,22.44,22.44,Donor 1307,Household,Bengaluru
DNR501252,1,11.49,11.49,Donor 1253,Event,Delhi NCR
DNR501250,1,18.29,18.29,Donor 1251,Event,Kolkata
DNR501244,1,43.77,43.77,Donor 1245,Household,Remote
DNR511181,1,27.0,27.0,Donor 11182,Household,Kolkata
DNR511173,1,21.03,21.03,Donor 11174,Household,Jaipur
DNR511172,1,10.49,10.49,Donor 11173,Restaurant,Pune
DNR511170,1,8.72,8.72,Donor 11171,Household,Remote
DNR511169,1,5.0,5.0,Donor 11170,Cafeteria,Jaipur
DNR501275,1,18.62,18.62,Donor 1276,Cafeteria,Hyderabad
DNR501274,1,9.36,9.36,Donor 1275,Grocery Store,Hyderabad
DNR501269,1,58.43,58.43,Donor 1270,Household,Bengaluru
DNR501262,1,7.88,7.88,Donor 1263,Hotel,Remote
DNR501297,1,35.66,35.66,Donor 1298,Hotel,Mumbai
DNR501296,1,5.86,5.86,Donor 1297,Household,Jaipur
DNR501292,1,12.13,12.13,Donor 1293,Cafeteria,Pune
DNR501291,1,15.82,15.82,Donor 1292,Cafeteria,Jaipur
DNR511205,1,19.32,19.32,Donor 11206,Cafeteria,Delhi NCR
DNR511204,1,13.98,13.98,Donor 11205,Restaurant,Kolkata
DNR511199,1,7.7,7.7,Donor 11200,Hotel,Mumbai
DNR511198,1,63.92,63.92,Donor 11199,Household,Ahmedabad
DNR511196,1,17.22,17.22,Donor 11197,Household,Delhi NCR
DNR511191,1,24.02,24.02,Donor 11192,Household,Pune
DNR511190,1,7.79,7.79,Donor 11191,Restaurant,Jaipur
DNR511189,1,9.42,9.42,Donor 11190,Restaurant,Ahmedabad
DNR511188,1,23.83,23.83,Donor 11189,Hotel,Mumbai
DNR511186,1,10.1,10.1,Donor 11187,Event,Jaipur
DNR511183,1,30.17,30.17,Donor 11184,Hotel,Chennai
DNR501240,1,36.59,36.59,Donor 1241,Grocery Store,Jaipur
DNR501239,1,20.44,20.44,Donor 1240,Hotel,Kolkata
DNR501232,1,29.3,29.3,Donor 1233,Hotel,Jaipur
DNR501255,1,23.48,23.48,Donor 1256,Bakery,Kolkata
DNR501253,1,11.54,11.54,Donor 1254,Restaurant,Remote
DNR501221,1,23.89,23.89,Donor 1222,Cafeteria,Ahmedabad
DNR501220,1,9.53,9.53,Donor 1221,Cafeteria,Remote
DNR501217,1,20.8,20.8,Donor 1218,Grocery Store,Kolkata
DNR501216,1,13.92,13.92,Donor 1217,Hotel,Remote
DNR501213,1,27.37,27.37,Donor 1214,Bakery,Hyderabad
DNR501212,1,30.83,30.83,Donor 1213,Hotel,Jaipur
DNR501210,1,26.9,26.9,Donor 1211,Restaurant,Remote
DNR501203,1,38.52,38.52,Donor 1204,Restaurant,Remote
DNR501202,1,23.4,23.4,Donor 1203,Cafeteria,Remote
DNR511219,1,24.65,24.65,Donor 11220,Cafeteria,Chennai
DNR511218,1,45.29,45.29,Donor 11219,Restaurant,Delhi NCR
DNR511216,1,28.32,28.32,Donor 11217,Household,Ahmedabad
DNR511215,1,27.64,27.64,Donor 11216,Restaurant,Jaipur
DNR511214,1,57.2,57.2,Donor 11215,Household,Ahmedabad
DNR511213,1,25.38,25.38,Donor 11214,Grocery Store,Jaipur
DNR511212,1,26.04,26.04,Donor 11213,Cafeteria,Remote
DNR511249,1,46.65,46.65,Donor 11250,Cafeteria,Bengaluru
DNR511247,1,43.42,43.42,Donor 11248,Grocery Store,Hyderabad
DNR511246,1,52.44,52.44,Donor 11247,Cafeteria,Delhi NCR
DNR511244,1,19.21,19.21,Donor 11245,Household,Mumbai
DNR511243,1,22.97,22.97,Donor 11244,Restaurant,Kolkata
DNR511242,1,10.87,10.87,Donor 11243,Restaurant,Chennai
DNR511240,1,14.65,14.65,Donor 11241,Restaurant,Chennai
DNR511237,1,19.56,19.56,Donor 11238,Household,Mumbai
DNR511233,1,31.71,31.71,Donor 11234,Household,Mumbai
DNR511221,1,14.23,14.23,Donor 11222,Restaurant,Chennai
DNR511220,1,9.41,9.41,Donor 11221,Restaurant,Delhi NCR
DNR501192,1,57.76,57.76,Donor 1193,Grocery Store,Jaipur
DNR501188,1,26.16,26.16,Donor 1189,Household,Chennai
DNR501186,1,33.83,33.83,Donor 1187,Restaurant,Jaipur
DNR501185,1,10.43,10.43,Donor 1186,Cafeteria,Bengaluru
DNR501182,1,17.92,17.92,Donor 1183,Household,Delhi NCR
DNR501149,1,28.37,28.37,Donor 1150,Household,Pune
DNR501148,1,27.41,27.41,Donor 1149,Event,Jaipur
DNR501172,1,22.43,22.43,Donor 1173,Bakery,Bengaluru
DNR501169,1,30.95,30.95,Donor 1170,Cafeteria,Hyderabad
DNR501168,1,60.34,60.34,Donor 1169,Restaurant,Ahmedabad
DNR501162,1,29.98,29.98,Donor 1163,Cafeteria,Bengaluru
DNR501161,1,16.39,16.39,Donor 1162,Restaurant,Hyderabad
DNR501157,1,6.11,6.11,Donor 1158,Bakery,Ahmedabad
DNR501152,1,15.06,15.06,Donor 1153,Restaurant,Remote
DNR511260,1,11.14,11.14,Donor 11261,Cafeteria,Mumbai
DNR511258,1,18.11,18.11,Donor 11259,Household,Ahmedabad
DNR511257,1,10.95,10.95,Donor 11258,Hotel,Bengaluru
DNR511256,1,7.36,7.36,Donor 11257,Restaurant,Chennai
DNR511255,1,21.87,21.87,Donor 11256,Cafeteria,Chennai
DNR511251,1,47.31,47.31,Donor 11252,Hotel,Hyderabad
DNR511250,1,5.31,5.31,Donor 11251,Household,Remote
DNR501109,1,17.65,17.65,Donor 1110,Cafeteria,Delhi NCR
DNR501107,1,21.44,21.44,Donor 1108,Restaurant,Delhi NCR
DNR501104,1,20.36,20.36,Donor 1105,Cafeteria,Kolkata
DNR501100,1,57.01,57.01,Donor 1101,Restaurant,Kolkata
DNR511271,1,7.86,7.86,Donor 11272,Restaurant,Jaipur
DNR511269,1,12.93,12.93,Donor 11270,Event,Chennai
DNR511263,1,41.15,41.15,Donor 11264,Hotel,Bengaluru
DNR501129,1,18.74,18.74,Donor 1130,Restaurant,Mumbai
DNR501128,1,19.76,19.76,Donor 1129,Event,Kolkata
DNR501127,1,27.52,27.52,Donor 1128,Hotel,Chennai
DNR501126,1,24.92,24.92,Donor 1127,Cafeteria,Kolkata
DNR501125,1,37.93,37.93,Donor 1126,Hotel,Remote
DNR501124,1,17.19,17.19,Donor 1125,Event,Bengaluru
DNR501123,1,58.93,58.93,Donor 1124,Restaurant,Kolkata
DNR501122,1,25.49,25.49,Donor 1123,Hotel,Kolkata
DNR501115,1,20.08,20.08,Donor 1116,Event,Jaipur
DNR501070,1,13.31,13.31,Donor 1071,Grocery Store,Delhi NCR
DNR501064,1,25.85,25.85,Donor 1065,Household,Remote
DNR501059,1,14.43,14.43,Donor 1060,Restaurant,Remote
DNR511303,1,13.73,13.73,Donor 11304,Restaurant,Mumbai
DNR511299,1,20.56,20.56,Donor 11300,Household,Pune
DNR511297,1,47.39,47.39,Donor 11298,Hotel,Mumbai
DNR511292,1,24.59,24.59,Donor 11293,Restaurant,Hyderabad
DNR511281,1,12.17,12.17,Donor 11282,Household,Ahmedabad
DNR501097,1,9.94,9.94,Donor 1098,Bakery,Remote
DNR501092,1,11.65,11.65,Donor 1093,Hotel,Kolkata
DNR501091,1,13.29,13.29,Donor 1092,Cafeteria,Chennai
DNR501089,1,44.3,44.3,Donor 1090,Restaurant,Remote
DNR501087,1,33.29,33.29,Donor 1088,Cafeteria,Kolkata
DNR501081,1,22.49,22.49,Donor 1082,Cafeteria,Bengaluru
DNR501114,1,19.08,19.08,Donor 1115,Restaurant,Delhi NCR
DNR501111,1,49.73,49.73,Donor 1112,Hotel,Remote
DNR501024,1,23.31,23.31,Donor 1025,Household,Jaipur
DNR501052,1,48.87,48.87,Donor 1053,Bakery,Bengaluru
DNR501045,1,10.37,10.37,Donor 1046,Hotel,Bengaluru
DNR501044,1,31.78,31.78,Donor 1045,Household,Kolkata
DNR501042,1,50.17,50.17,Donor 1043,Bakery,Bengaluru
DNR501039,1,15.38,15.38,Donor 1040,Household,Hyderabad
DNR511323,1,18.35,18.35,Donor 11324,Cafeteria,Chennai
DNR511322,1,11.91,11.91,Donor 11323,Cafeteria,Chennai
DNR511319,1,21.14,21.14,Donor 11320,Hotel,Hyderabad
DNR511318,1,38.85,38.85,Donor 11319,Restaurant,Ahmedabad
DNR511312,1,29.85,29.85,Donor 11313,Hotel,Chennai
DNR511310,1,18.48,18.48,Donor 11311,Hotel,Hyderabad
DNR511307,1,33.76,33.76,Donor 11308,Grocery Store,Jaipur
DNR511306,1,20.89,20.89,Donor 11307,Grocery Store,Jaipur
DNR501077,1,12.03,12.03,Donor 1078,Hotel,Ahmedabad
DNR501073,1,7.34,7.34,Donor 1074,Bakery,Remote
DNR500985,1,13.4,13.4,Donor 986,Event,Delhi NCR
DNR501018,1,27.7,27.7,Donor 1019,Household,Hyderabad
DNR501016,1,20.97,20.97,Donor 1017,Event,Mumbai
DNR501015,1,6.94,6.94,Donor 1016,Grocery Store,Chennai
DNR501007,1,32.52,32.52,Donor 1008,Household,Pune
DNR501005,1,27.9,27.9,Donor 1006,Restaurant,Jaipur
DNR501004,1,43.93,43.93,Donor 1005,Bakery,Kolkata
DNR511342,1,15.87,15.87,Donor 11343,Event,Mumbai
DNR511340,1,32.81,32.81,Donor 11341,Cafeteria,Ahmedabad
DNR511338,1,24.13,24.13,Donor 11339,Cafeteria,Jaipur
DNR511333,1,11.54,11.54,Donor 11334,Restaurant,Delhi NCR
DNR511327,1,7.52,7.52,Donor 11328,Grocery Store,Remote
DNR501035,1,26.4,26.4,Donor 1036,Restaurant,Mumbai
DNR501034,1,3.86,3.86,Donor 1035,Bakery,Bengaluru
DNR501033,1,29.58,29.58,Donor 1034,Household,Ahmedabad
DNR501026,1,18.79,18.79,Donor 1027,Household,Kolkata
DNR500953,1,21.97,21.97,Donor 954,Hotel,Kolkata
DNR500952,1,14.69,14.69,Donor 953,Household,Mumbai
DNR500949,1,12.98,12.98,Donor 950,Restaurant,Jaipur
DNR500946,1,7.22,7.22,Donor 947,Household,Bengaluru
DNR511363,1,21.9,21.9,Donor 11364,Bakery,Mumbai
DNR511357,1,25.85,25.85,Donor 11358,Household,Chennai
DNR511351,1,34.36,34.36,Donor 11352,Cafeteria,Mumbai
DNR511343,1,6.45,6.45,Donor 11344,Event,Mumbai
DNR500981,1,37.41,37.41,Donor 982,Household,Kolkata
DNR500979,1,61.61,61.61,Donor 980,Restaurant,Jaipur
DNR500976,1,66.87,66.87,Donor 977,Cafeteria,Remote
DNR500971,1,32.95,32.95,Donor 972,Household,Chennai
DNR500966,1,12.62,12.62,Donor 967,Household,Mumbai
DNR501000,1,32.05,32.05,Donor 1001,Household,Pune
DNR500998,1,13.75,13.75,Donor 999,Household,Kolkata
DNR500997,1,11.02,11.02,Donor 998,Cafeteria,Kolkata
DNR500921,1,23.0,23.0,Donor 922,Restaurant,Mumbai
DNR500918,1,5.32,5.32,Donor 919,Cafeteria,Ahmedabad
DNR500942,1,5.08,5.08,Donor 943,Restaurant,Jaipur
DNR500940,1,27.04,27.04,Donor 941,Cafeteria,Delhi NCR
DNR500934,1,8.33,8.33,Donor 935,Restaurant,Delhi NCR
DNR500932,1,25.41,25.41,Donor 933,Event,Chennai
DNR500931,1,40.37,40.37,Donor 932,Event,Remote
DNR511385,1,7.87,7.87,Donor 11386,Restaurant,Pune
DNR511379,1,7.19,7.19,Donor 11380,Grocery Store,Remote
DNR511377,1,34.06,34.06,Donor 11378,Bakery,Pune
DNR511375,1,13.35,13.35,Donor 11376,Cafeteria,Hyderabad
DNR511371,1,17.72,17.72,Donor 11372,Hotel,Chennai
DNR500962,1,57.57,57.57,Donor 963,Restaurant,Chennai
DNR500959,1,18.56,18.56,Donor 960,Grocery Store,Delhi NCR
DNR500956,1,22.38,22.38,Donor 957,Household,Remote
DNR500955,1,60.63,60.63,Donor 956,Bakery,Ahmedabad
DNR500910,1,15.2,15.2,Donor 911,Event,Hyderabad
DNR500907,1,37.99,37.99,Donor 908,Hotel,Bengaluru
DNR500898,1,12.08,12.08,Donor 899,Cafeteria,Ahmedabad
DNR500897,1,26.87,26.87,Donor 898,Restaurant,Bengaluru
DNR511407,1,32.94,32.94,Donor 11408,Hotel,Hyderabad
DNR511404,1,37.42,37.42,Donor 11405,Event,Pune
DNR511399,1,26.58,26.58,Donor 11400,Household,Kolkata
DNR511398,1,18.61,18.61,Donor 11399,Hotel,Pune
DNR511397,1,6.17,6.17,Donor 11398,Restaurant,Delhi NCR
DNR511396,1,18.66,18.66,Donor 11397,Hotel,Ahmedabad
DNR511395,1,21.46,21.46,Donor 11396,Grocery Store,Remote
DNR500926,1,13.54,13.54,Donor 927,Cafeteria,Ahmedabad
DNR500925,1,25.79,25.79,Donor 926,Restaurant,Remote
DNR500924,1,21.31,21.31,Donor 925,Hotel,Chennai
DNR500923,1,32.21,32.21,Donor 924,Restaurant,Pune
DNR500922,1,13.5,13.5,Donor 923,Household,Hyderabad
DNR500872,1,17.3,17.3,Donor 873,Bakery,Chennai
DNR500869,1,14.48,14.48,Donor 870,Restaurant,Chennai
DNR500866,1,13.33,13.33,Donor 867,Cafeteria,Bengaluru
DNR511427,1,15.89,15.89,Donor 11428,Household,Pune
DNR511419,1,16.32,16.32,Donor 11420,Bakery,Bengaluru
DNR511417,1,34.96,34.96,Donor 11418,Cafeteria,Ahmedabad
DNR511414,1,24.4,24.4,Donor 11415,Household,Hyderabad
DNR511413,1,42.76,42.76,Donor 11414,Household,Ahmedabad
DNR511411,1,5.29,5.29,Donor 11412,Household,Chennai
DNR511410,1,30.04,30.04,Donor 11411,Restaurant,Remote
DNR500891,1,7.4,7.4,Donor 892,Restaurant,Pune
DNR500886,1,16.68,16.68,Donor 887,Restaurant,Delhi NCR
DNR500880,1,14.06,14.06,Donor 881,Hotel,Ahmedabad
DNR500879,1,16.28,16.28,Donor 880,Hotel,Delhi NCR
DNR500913,1,8.17,8.17,Donor 914,Bakery,Chennai
DNR500912,1,30.66,30.66,Donor 913,Hotel,Remote
DNR500814,1,24.71,24.71,Donor 815,Household,Delhi NCR
DNR500813,1,35.37,35.37,Donor 814,Restaurant,Kolkata
DNR500853,1,12.98,12.98,Donor 854,Event,Bengaluru
DNR500849,1,30.69,30.69,Donor 850,Restaurant,Pune
DNR500844,1,4.89,4.89,Donor 845,Cafeteria,Pune
DNR500843,1,22.99,22.99,Donor 844,Cafeteria,Bengaluru
DNR500841,1,25.72,25.72,Donor 842,Cafeteria,Delhi NCR
DNR511448,1,19.52,19.52,Donor 11449,Cafeteria,Mumbai
DNR511447,1,11.41,11.41,Donor 11448,Cafeteria,Kolkata
DNR511446,1,21.63,21.63,Donor 11447,Event,Hyderabad
DNR511444,1,17.25,17.25,Donor 11445,Restaurant,Ahmedabad
DNR511440,1,12.41,12.41,Donor 11441,Restaurant,Kolkata
DNR511434,1,24.86,24.86,Donor 11435,Cafeteria,Kolkata
DNR511433,1,10.7,10.7,Donor 11434,Bakery,Hyderabad
DNR511429,1,28.04,28.04,Donor 11430,Restaurant,Remote
DNR500877,1,17.86,17.86,Donor 878,Hotel,Hyderabad
DNR500808,1,6.94,6.94,Donor 809,Hotel,Ahmedabad
DNR500805,1,46.33,46.33,Donor 806,Restaurant,Jaipur
DNR500803,1,23.45,23.45,Donor 804,Hotel,Hyderabad
DNR500802,1,21.29,21.29,Donor 803,Hotel,Bengaluru
DNR500801,1,52.75,52.75,Donor 802,Cafeteria,Pune
DNR500800,1,25.11,25.11,Donor 801,Restaurant,Hyderabad
DNR511463,1,16.81,16.81,Donor 11464,Restaurant,Mumbai
DNR511460,1,11.86,11.86,Donor 11461,Bakery,Bengaluru
DNR511457,1,52.73,52.73,Donor 11458,Cafeteria,Ahmedabad
DNR511456,1,12.75,12.75,Donor 11457,Restaurant,Ahmedabad
DNR500834,1,24.42,24.42,Donor 835,Household,Pune
DNR500832,1,19.99,19.99,Donor 833,Event,Remote
DNR500831,1,12.28,12.28,Donor 832,Restaurant,Ahmedabad
DNR500821,1,34.85,34.85,Donor 822,Household,Ahmedabad
DNR500820,1,40.88,40.88,Donor 821,Household,Remote
DNR500815,1,37.87,37.87,Donor 816,Restaurant,Mumbai
DNR500793,1,18.89,18.89,Donor 794,Household,Remote
DNR500789,1,27.54,27.54,Donor 790,Household,Ahmedabad
DNR500787,1,4.62,4.62,Donor 788,Cafeteria,Ahmedabad
DNR500786,1,31.38,31.38,Donor 787,Cafeteria,Hyderabad
DNR500785,1,23.23,23.23,Donor 786,Restaurant,Delhi NCR
DNR500782,1,41.32,41.32,Donor 783,Restaurant,Remote
DNR500781,1,22.27,22.27,Donor 782,Restaurant,Hyderabad
DNR500776,1,12.92,12.92,Donor 777,Event,Pune
DNR511494,1,18.22,18.22,Donor 11495,Grocery Store,Hyderabad
DNR511488,1,15.89,15.89,Donor 11489,Restaurant,Kolkata
DNR511486,1,12.17,12.17,Donor 11487,Bakery,Remote
DNR511476,1,10.44,10.44,Donor 11477,Household,Hyderabad
DNR511473,1,17.44,17.44,Donor 11474,Household,Jaipur
DNR511472,1,11.98,11.98,Donor 11473,Bakery,Remote
DNR500812,1,17.37,17.37,Donor 813,Restaurant,Mumbai
DNR500811,1,15.19,15.19,Donor 812,Hotel,Mumbai
DNR500768,1,12.72,12.72,Donor 769,Household,Remote
DNR500767,1,34.23,34.23,Donor 768,Household,Remote
DNR500765,1,25.65,25.65,Donor 766,Restaurant,Remote
DNR500764,1,9.03,9.03,Donor 765,Cafeteria,Remote
DNR500762,1,24.05,24.05,Donor 763,Restaurant,Jaipur
DNR500760,1,47.52,47.52,Donor 761,Hotel,Chennai
DNR511516,1,14.64,14.64,Donor 11517,Household,Kolkata
DNR511511,1,22.17,22.17,Donor 11512,Grocery Store,Hyderabad
DNR511508,1,34.21,34.21,Donor 11509,Grocery Store,Bengaluru
DNR511507,1,8.32,8.32,Donor 11508,Cafeteria,Hyderabad
DNR511506,1,28.07,28.07,Donor 11507,Grocery Store,Mumbai
DNR511500,1,17.93,17.93,Donor 11501,Grocery Store,Hyderabad
DNR511499,1,19.41,19.41,Donor 11500,Household,Mumbai
DNR511498,1,50.11,50.11,Donor 11499,Grocery Store,Pune
DNR511496,1,34.33,34.33,Donor 11497,Restaurant,Pune
DNR500795,1,50.11,50.11,Donor 796,Hotel,Delhi NCR
DNR500721,1,6.66,6.66,Donor 722,Event,Mumbai
DNR500719,1,22.53,22.53,Donor 720,Hotel,Bengaluru
DNR500716,1,16.72,16.72,Donor 717,Grocery Store,Hyderabad
DNR511538,1,12.51,12.51,Donor 11539,Restaurant,Jaipur
DNR511535,1,31.8,31.8,Donor 11536,Restaurant,Kolkata
DNR511534,1,10.77,10.77,Donor 11535,Hotel,Pune
DNR511531,1,9.14,9.14,Donor 11532,Cafeteria,Jaipur
DNR511526,1,26.48,26.48,Donor 11527,Hotel,Delhi NCR
DNR511525,1,31.28,31.28,Donor 11526,Event,Bengaluru
DNR500754,1,8.85,8.85,Donor 755,Event,Remote
DNR500749,1,18.47,18.47,Donor 750,Grocery Store,Pune
DNR500741,1,18.76,18.76,Donor 742,Bakery,Mumbai
DNR500735,1,30.43,30.43,Donor 736,Restaurant,Kolkata
DNR500772,1,14.11,14.11,Donor 773,Event,Kolkata
DNR500771,1,39.34,39.34,Donor 772,Cafeteria,Jaipur
DNR500769,1,19.73,19.73,Donor 770,Household,Remote
DNR500714,1,35.69,35.69,Donor 715,Event,Delhi NCR
DNR500713,1,22.37,22.37,Donor 714,Restaurant,Kolkata
DNR500712,1,13.83,13.83,Donor 713,Household,Bengaluru
DNR500706,1,24.73,24.73,Donor 707,Bakery,Chennai
DNR500701,1,46.55,46.55,Donor 702,Event,Mumbai
DNR500700,1,33.42,33.42,Donor 701,Event,Delhi NCR
DNR500699,1,37.52,37.52,Donor 700,Restaurant,Chennai
DNR500697,1,18.19,18.19,Donor 698,Hotel,Mumbai
DNR511556,1,16.64,16.64,Donor 11557,Bakery,Delhi NCR
DNR511553,1,8.4,8.4,Donor 11554,Restaurant,Mumbai
DNR511552,1,16.69,16.69,Donor 11553,Restaurant,Mumbai
DNR511549,1,13.63,13.63,Donor 11550,Household,Chennai
DNR511542,1,47.59,47.59,Donor 11543,Household,Kolkata
DNR500728,1,37.53,37.53,Donor 729,Restaurant,Bengaluru
DNR500726,1,25.0,25.0,Donor 727,Household,Mumbai
DNR500725,1,22.19,22.19,Donor 726,Event,Hyderabad
DNR500673,1,17.46,17.46,Donor 674,Cafeteria,Mumbai
DNR500663,1,11.49,11.49,Donor 664,Restaurant,Hyderabad
DNR500656,1,55.15,55.15,Donor 657,Cafeteria,Ahmedabad
DNR511574,1,21.6,21.6,Donor 11575,Cafeteria,Remote
DNR511571,1,60.38,60.38,Donor 11572,Hotel,Hyderabad
DNR511567,1,35.01,35.01,Donor 11568,Restaurant,Delhi NCR
DNR511566,1,20.29,20.29,Donor 11567,Hotel,Kolkata
DNR511560,1,27.61,27.61,Donor 11561,Cafeteria,Remote
DNR500696,1,19.27,19.27,Donor 697,Restaurant,Jaipur
DNR500695,1,31.15,31.15,Donor 696,Event,Ahmedabad
DNR500689,1,28.28,28.28,Donor 690,Cafeteria,Bengaluru
DNR500686,1,40.87,40.87,Donor 687,Event,Chennai
DNR500677,1,10.74,10.74,Donor 678,Household,Jaipur
DNR500676,1,39.27,39.27,Donor 677,Restaurant,Delhi NCR
DNR500675,1,71.74,71.74,Donor 676,Restaurant,Delhi NCR
DNR500715,1,42.47,42.47,Donor 716,Cafeteria,Mumbai
DNR500627,1,28.96,28.96,Donor 628,Event,Remote
DNR500621,1,27.96,27.96,Donor 622,Bakery,Bengaluru
DNR500620,1,15.18,15.18,Donor 621,Event,Bengaluru
DNR500619,1,19.93,19.93,Donor 620,Bakery,Pune
DNR500616,1,46.24,46.24,Donor 617,Event,Bengaluru
DNR500615,1,15.27,15.27,Donor 616,Hotel,Hyderabad
DNR511595,1,37.39,37.39,Donor 11596,Household,Kolkata
DNR511593,1,17.93,17.93,Donor 11594,Cafeteria,Pune
DNR511589,1,22.56,22.56,Donor 11590,Cafeteria,Hyderabad
DNR511586,1,3.14,3.14,Donor 11587,Household,Delhi NCR
DNR511580,1,8.38,8.38,Donor 11581,Household,Mumbai
DNR500648,1,11.46,11.46,Donor 649,Cafeteria,Chennai
DNR500643,1,35.35,35.35,Donor 644,Bakery,Remote
DNR500641,1,27.56,27.56,Donor 642,Restaurant,Ahmedabad
DNR500640,1,9.8,9.8,Donor 641,Hotel,Bengaluru
DNR500634,1,10.63,10.63,Donor 635,Restaurant,Remote
DNR500581,1,12.7,12.7,Donor 582,Cafeteria,Delhi NCR
DNR500580,1,16.1,16.1,Donor 581,Household,Bengaluru
DNR500610,1,38.49,38.49,Donor 611,Restaurant,Bengaluru
DNR500605,1,10.28,10.28,Donor 606,Restaurant,Hyderabad
DNR500602,1,14.13,14.13,Donor 603,Cafeteria,Chennai
DNR500598,1,52.05,52.05,Donor 599,Grocery Store,Kolkata
DNR500594,1,25.18,25.18,Donor 595,Hotel,Jaipur
DNR511616,1,5.73,5.73,Donor 11617,Cafeteria,Kolkata
DNR511614,1,31.56,31.56,Donor 11615,Restaurant,Ahmedabad
DNR511613,1,13.4,13.4,Donor 11614,Restaurant,Jaipur
DNR511612,1,15.58,15.58,Donor 11613,Restaurant,Ahmedabad
DNR511610,1,24.63,24.63,Donor 11611,Event,Ahmedabad
DNR511598,1,37.25,37.25,Donor 11599,Grocery Store,Bengaluru
DNR511597,1,30.98,30.98,Donor 11598,Event,Mumbai
DNR500632,1,32.62,32.62,Donor 633,Restaurant,Hyderabad
DNR500631,1,14.18,14.18,Donor 632,Restaurant,Jaipur
DNR500538,1,33.38,33.38,Donor 539,Grocery Store,Pune
DNR500537,1,17.9,17.9,Donor 538,Event,Ahmedabad
DNR500577,1,32.46,32.46,Donor 578,Household,Chennai
DNR500575,1,21.28,21.28,Donor 576,Household,Mumbai
DNR500570,1,17.44,17.44,Donor 571,Restaurant,Bengaluru
DNR500567,1,24.81,24.81,Donor 568,Cafeteria,Bengaluru
DNR500560,1,26.25,26.25,Donor 561,Event,Jaipur
DNR511636,1,9.44,9.44,Donor 11637,Grocery Store,Pune
DNR511635,1,17.6,17.6,Donor 11636,Cafeteria,Ahmedabad
DNR511634,1,24.15,24.15,Donor 11635,Household,Mumbai
DNR511631,1,18.96,18.96,Donor 11632,Event,Bengaluru
DNR511628,1,36.1,36.1,Donor 11629,Household,Mumbai
DNR511624,1,25.73,25.73,Donor 11625,Household,Hyderabad
DNR511619,1,40.57,40.57,Donor 11620,Restaurant,Delhi NCR
DNR500589,1,13.66,13.66,Donor 590,Restaurant,Pune
DNR500587,1,52.65,52.65,Donor 588,Cafeteria,Jaipur
DNR500508,1,44.07,44.07,Donor 509,Event,Pune
DNR500506,1,29.93,29.93,Donor 507,Restaurant,Mumbai
DNR500498,1,22.53,22.53,Donor 499,Grocery Store,Mumbai
DNR511655,1,16.97,16.97,Donor 11656,Restaurant,Pune
DNR511650,1,32.58,32.58,Donor 11651,Grocery Store,Ahmedabad
DNR511642,1,34.19,34.19,Donor 11643,Household,Mumbai
DNR511640,1,39.06,39.06,Donor 11641,Household,Remote
DNR511639,1,53.47,53.47,Donor 11640,Household,Jaipur
DNR500535,1,32.95,32.95,Donor 536,Household,Bengaluru
DNR500530,1,11.46,11.46,Donor 531,Household,Mumbai
DNR500524,1,22.51,22.51,Donor 525,Cafeteria,Ahmedabad
DNR500521,1,44.13,44.13,Donor 522,Restaurant,Jaipur
DNR500553,1,28.3,28.3,Donor 554,Cafeteria,Bengaluru
DNR500548,1,20.84,20.84,Donor 549,Restaurant,Mumbai
DNR500546,1,19.63,19.63,Donor 547,Household,Remote
DNR500543,1,30.8,30.8,Donor 544,Restaurant,Chennai
DNR500494,1,19.33,19.33,Donor 495,Restaurant,Hyderabad
DNR500491,1,53.8,53.8,Donor 492,Restaurant,Bengaluru
DNR500488,1,26.86,26.86,Donor 489,Household,Mumbai
DNR500483,1,38.28,38.28,Donor 484,Event,Kolkata
DNR500480,1,24.68,24.68,Donor 481,Household,Delhi NCR
DNR500479,1,40.07,40.07,Donor 480,Restaurant,Remote
DNR511675,1,5.56,5.56,Donor 11676,Event,Bengaluru
DNR511672,1,30.02,30.02,Donor 11673,Bakery,Mumbai
DNR511671,1,20.2,20.2,Donor 11672,Grocery Store,Kolkata
DNR511668,1,7.86,7.86,Donor 11669,Event,Kolkata
DNR511667,1,15.85,15.85,Donor 11668,Event,Ahmedabad
DNR511666,1,11.77,11.77,Donor 11667,Household,Pune
DNR511664,1,43.37,43.37,Donor 11665,Bakery,Hyderabad
DNR511662,1,33.43,33.43,Donor 11663,Grocery Store,Bengaluru
DNR511660,1,31.58,31.58,Donor 11661,Grocery Store,Ahmedabad
DNR511659,1,15.1,15.1,Donor 11660,Household,Bengaluru
DNR500430,1,19.8,19.8,Donor 431,Restaurant,Hyderabad
DNR500428,1,22.23,22.23,Donor 429,Hotel,Remote
DNR500427,1,22.1,22.1,Donor 428,Restaurant,Bengaluru
DNR500420,1,8.1,8.1,Donor 421,Restaurant,Chennai
DNR500419,1,12.38,12.38,Donor 420,Restaurant,Hyderabad
DNR511691,1,20.61,20.61,Donor 11692,Event,Delhi NCR
DNR511686,1,12.39,12.39,Donor 11687,Restaurant,Kolkata
DNR511684,1,35.03,35.03,Donor 11685,Hotel,Mumbai
DNR511678,1,31.87,31.87,Donor 11679,Grocery Store,Jaipur
DNR500452,1,43.2,43.2,Donor 453,Event,Remote
DNR500446,1,6.97,6.97,Donor 447,Restaurant,Mumbai
DNR500476,1,25.06,25.06,Donor 477,Hotel,Hyderabad
DNR500474,1,71.77,71.77,Donor 475,Household,Jaipur
DNR500472,1,18.72,18.72,Donor 473,Restaurant,Hyderabad
DNR500467,1,22.26,22.26,Donor 468,Restaurant,Chennai
DNR500463,1,14.14,14.14,Donor 464,Household,Remote
DNR500417,1,52.66,52.66,Donor 418,Grocery Store,Ahmedabad
DNR500414,1,20.25,20.25,Donor 415,Hotel,Hyderabad
DNR500412,1,49.91,49.91,Donor 413,Household,Remote
DNR500411,1,14.7,14.7,Donor 412,Restaurant,Delhi NCR
DNR500409,1,16.6,16.6,Donor 410,Hotel,Bengaluru
DNR500407,1,51.42,51.42,Donor 408,Cafeteria,Jaipur
DNR500403,1,7.04,7.04,Donor 404,Restaurant,Delhi NCR
DNR500402,1,10.38,10.38,Donor 403,Hotel,Jaipur
DNR500401,1,78.05,78.05,Donor 402,Hotel,Ahmedabad
DNR500400,1,17.74,17.74,Donor 401,Household,Pune
DNR511705,1,43.12,43.12,Donor 11706,Restaurant,Remote
DNR511702,1,33.33,33.33,Donor 11703,Bakery,Pune
DNR511699,1,72.73,72.73,Donor 11700,Hotel,Bengaluru
DNR511695,1,24.02,24.02,Donor 11696,Household,Mumbai
DNR500435,1,22.59,22.59,Donor 436,Restaurant,Remote
DNR500433,1,34.6,34.6,Donor 434,Hotel,Jaipur
DNR500396,1,22.64,22.64,Donor 397,Restaurant,Pune
DNR500395,1,16.38,16.38,Donor 396,Hotel,Ahmedabad
DNR500393,1,21.4,21.4,Donor 394,Cafeteria,Bengaluru
DNR500391,1,26.41,26.41,Donor 392,Restaurant,Kolkata
DNR500389,1,18.61,18.61,Donor 390,Restaurant,Pune
DNR500388,1,27.88,27.88,Donor 389,Hotel,Kolkata
DNR500386,1,35.82,35.82,Donor 387,Cafeteria,Remote
DNR500382,1,14.93,14.93,Donor 383,Hotel,Chennai
DNR511733,1,34.29,34.29,Donor 11734,Restaurant,Delhi NCR
DNR511729,1,48.96,48.96,Donor 11730,Restaurant,Hyderabad
DNR511723,1,11.01,11.01,Donor 11724,Hotel,Remote
DNR511718,1,50.29,50.29,Donor 11719,Bakery,Jaipur
DNR511717,1,15.36,15.36,Donor 11718,Hotel,Hyderabad
DNR511716,1,16.86,16.86,Donor 11717,Event,Delhi NCR
DNR511715,1,20.65,20.65,Donor 11716,Hotel,Chennai
DNR500418,1,39.65,39.65,Donor 419,Restaurant,Ahmedabad
DNR500346,1,11.37,11.37,Donor 347,Grocery Store,Delhi NCR
DNR500375,1,31.31,31.31,Donor 376,Grocery Store,Ahmedabad
DNR500371,1,14.26,14.26,Donor 372,Hotel,Bengaluru
DNR500368,1,16.63,16.63,Donor 369,Event,Delhi NCR
DNR500367,1,39.32,39.32,Donor 368,Cafeteria,Delhi NCR
DNR500366,1,37.33,37.33,Donor 367,Household,Ahmedabad
DNR500365,1,18.3,18.3,Donor 366,Hotel,Chennai
DNR500362,1,18.22,18.22,Donor 363,Hotel,Remote
DNR511754,1,35.9,35.9,Donor 11755,Restaurant,Hyderabad
DNR511751,1,41.53,41.53,Donor 11752,Hotel,Pune
DNR511746,1,10.73,10.73,Donor 11747,Restaurant,Chennai
DNR511745,1,8.31,8.31,Donor 11746,Grocery Store,Pune
DNR511743,1,3.91,3.91,Donor 11744,Household,Pune
DNR511742,1,32.24,32.24,Donor 11743,Cafeteria,Delhi NCR
DNR511740,1,56.39,56.39,Donor 11741,Household,Delhi NCR
DNR511738,1,60.4,60.4,Donor 11739,Event,Mumbai
DNR500309,1,31.41,31.41,Donor 310,Restaurant,Jaipur
DNR500306,1,20.83,20.83,Donor 307,Restaurant,Remote
DNR500303,1,8.75,8.75,Donor 304,Event,Delhi NCR
DNR500300,1,24.31,24.31,Donor 301,Event,Mumbai
DNR500299,1,26.49,26.49,Donor 300,Cafeteria,Delhi NCR
DNR500298,1,35.18,35.18,Donor 299,Event,Ahmedabad
DNR511770,1,9.76,9.76,Donor 11771,Event,Bengaluru
DNR511767,1,13.55,13.55,Donor 11768,Household,Chennai
DNR511761,1,14.39,14.39,Donor 11762,Hotel,Jaipur
DNR511757,1,34.02,34.02,Donor 11758,Grocery Store,Chennai
DNR500336,1,7.38,7.38,Donor 337,Cafeteria,Kolkata
DNR500327,1,22.1,22.1,Donor 328,Cafeteria,Delhi NCR
DNR500321,1,17.49,17.49,Donor 322,Bakery,Kolkata
DNR500319,1,20.07,20.07,Donor 320,Household,Delhi NCR
DNR500318,1,24.87,24.87,Donor 319,Restaurant,Pune
DNR500357,1,52.63,52.63,Donor 358,Grocery Store,Remote
DNR500294,1,8.84,8.84,Donor 295,Restaurant,Pune
DNR500292,1,45.75,45.75,Donor 293,Household,Bengaluru
DNR500290,1,10.82,10.82,Donor 291,Event,Pune
DNR500288,1,47.47,47.47,Donor 289,Grocery Store,Remote
DNR500287,1,13.01,13.01,Donor 288,Cafeteria,Hyderabad
DNR500286,1,49.45,49.45,Donor 287,Restaurant,Pune
DNR500281,1,64.43,64.43,Donor 282,Cafeteria,Kolkata
DNR511789,1,39.3,39.3,Donor 11790,Household,Pune
DNR511788,1,64.02,64.02,Donor 11789,Hotel,Kolkata
DNR511786,1,17.97,17.97,Donor 11787,Grocery Store,Jaipur
DNR511783,1,18.28,18.28,Donor 11784,Cafeteria,Ahmedabad
DNR511777,1,33.91,33.91,Donor 11778,Cafeteria,Pune
DNR511774,1,94.81,94.81,Donor 11775,Cafeteria,Bengaluru
DNR500316,1,19.77,19.77,Donor 317,Event,Delhi NCR
DNR500314,1,40.95,40.95,Donor 315,Household,Ahmedabad
DNR500310,1,30.11,30.11,Donor 311,Restaurant,Kolkata
DNR511817,1,22.61,22.61,Donor 11818,Household,Bengaluru
DNR500278,1,25.34,25.34,Donor 279,Household,Remote
DNR500274,1,12.06,12.06,Donor 275,Cafeteria,Chennai
DNR500272,1,15.8,15.8,Donor 273,Event,Kolkata
DNR500270,1,32.43,32.43,Donor 271,Cafeteria,Jaipur
DNR500267,1,19.94,19.94,Donor 268,Cafeteria,Hyderabad
DNR500266,1,51.42,51.42,Donor 267,Cafeteria,Ahmedabad
DNR500264,1,26.77,26.77,Donor 265,Restaurant,Jaipur
DNR500261,1,25.26,25.26,Donor 262,Restaurant,Chennai
DNR511816,1,36.93,36.93,Donor 11817,Cafeteria,Delhi NCR
DNR511814,1,31.65,31.65,Donor 11815,Hotel,Hyderabad
DNR511812,1,18.54,18.54,Donor 11813,Hotel,Kolkata
DNR511810,1,22.78,22.78,Donor 11811,Restaurant,Delhi NCR
DNR511808,1,70.15,70.15,Donor 11809,Cafeteria,Chennai
DNR511807,1,44.07,44.07,Donor 11808,Event,Jaipur
DNR500297,1,28.2,28.2,Donor 298,Restaurant,Ahmedabad
DNR511839,1,27.6,27.6,Donor 11840,Household,Chennai
DNR500259,1,25.97,25.97,Donor 260,Restaurant,Delhi NCR
DNR500257,1,43.06,43.06,Donor 258,Restaurant,Kolkata
DNR500255,1,17.78,17.78,Donor 256,Bakery,Ahmedabad
DNR500249,1,64.22,64.22,Donor 250,Grocery Store,Bengaluru
DNR500248,1,56.43,56.43,Donor 249,Restaurant,Jaipur
DNR500246,1,39.59,39.59,Donor 247,Household,Hyderabad
DNR500245,1,27.53,27.53,Donor 246,Hotel,Hyderabad
DNR500243,1,18.79,18.79,Donor 244,Event,Delhi NCR
DNR511836,1,37.38,37.38,Donor 11837,Cafeteria,Ahmedabad
DNR511833,1,17.3,17.3,Donor 11834,Household,Pune
DNR511829,1,9.28,9.28,Donor 11830,Cafeteria,Chennai
DNR511827,1,11.45,11.45,Donor 11828,Grocery Store,Kolkata
DNR511824,1,22.82,22.82,Donor 11825,Hotel,Kolkata
DNR511822,1,30.49,30.49,Donor 11823,Grocery Store,Hyderabad
DNR511821,1,22.83,22.83,Donor 11822,Household,Ahmedabad
DNR500207,1,23.5,23.5,Donor 208,Restaurant,Delhi NCR
DNR500205,1,36.45,36.45,Donor 206,Restaurant,Delhi NCR
DNR500239,1,46.76,46.76,Donor 240,Event,Kolkata
DNR500235,1,41.67,41.67,Donor 236,Restaurant,Pune
DNR500231,1,40.49,40.49,Donor 232,Grocery Store,Delhi NCR
DNR500229,1,10.51,10.51,Donor 230,Hotel,Delhi NCR
DNR500228,1,26.35,26.35,Donor 229,Event,Remote
DNR500227,1,75.32,75.32,Donor 228,Hotel,Pune
DNR500223,1,21.25,21.25,Donor 224,Restaurant,Remote
DNR500221,1,33.94,33.94,Donor 222,Hotel,Ahmedabad
DNR511856,1,21.68,21.68,Donor 11857,Restaurant,Pune
DNR511854,1,15.59,15.59,Donor 11855,Event,Bengaluru
DNR511848,1,26.54,26.54,Donor 11849,Cafeteria,Ahmedabad
DNR511847,1,16.7,16.7,Donor 11848,Hotel,Mumbai
DNR511843,1,28.94,28.94,Donor 11844,Household,Delhi NCR
DNR511842,1,30.24,30.24,Donor 11843,Restaurant,Delhi NCR
DNR500199,1,55.32,55.32,Donor 200,Restaurant,Bengaluru
DNR500198,1,13.03,13.03,Donor 199,Restaurant,Chennai
DNR500197,1,34.22,34.22,Donor 198,Restaurant,Ahmedabad
DNR500193,1,97.25,97.25,Donor 194,Restaurant,Chennai
DNR500189,1,72.57,72.57,Donor 190,Cafeteria,Bengaluru
DNR500186,1,24.32,24.32,Donor 187,Household,Kolkata
DNR511877,1,18.27,18.27,Donor 11878,Hotel,Mumbai
DNR511876,1,36.92,36.92,Donor 11877,Restaurant,Delhi NCR
DNR511874,1,30.2,30.2,Donor 11875,Cafeteria,Ahmedabad
DNR511872,1,9.92,9.92,Donor 11873,Hotel,Chennai
DNR511870,1,14.64,14.64,Donor 11871,Hotel,Ahmedabad
DNR511864,1,37.8,37.8,Donor 11865,Event,Remote
DNR511861,1,22.44,22.44,Donor 11862,Household,Bengaluru
DNR500213,1,7.42,7.42,Donor 214,Restaurant,Pune
DNR500212,1,14.92,14.92,Donor 213,Event,Remote
DNR500208,1,21.41,21.41,Donor 209,Cafeteria,Remote
DNR500151,1,40.35,40.35,Donor 152,Household,Jaipur
DNR500150,1,17.14,17.14,Donor 151,Household,Delhi NCR
DNR500146,1,34.28,34.28,Donor 147,Restaurant,Remote
DNR500144,1,13.78,13.78,Donor 145,Cafeteria,Mumbai
DNR511893,1,59.94,59.94,Donor 11894,Cafeteria,Mumbai
DNR511890,1,31.49,31.49,Donor 11891,Event,Pune
DNR511888,1,19.2,19.2,Donor 11889,Household,Ahmedabad
DNR511886,1,74.32,74.32,Donor 11887,Household,Remote
DNR511885,1,8.5,8.5,Donor 11886,Grocery Store,Jaipur
DNR511883,1,42.14,42.14,Donor 11884,Hotel,Delhi NCR
DNR500184,1,28.76,28.76,Donor 185,Hotel,Bengaluru
DNR500179,1,18.4,18.4,Donor 180,Hotel,Pune
DNR500178,1,30.64,30.64,Donor 179,Hotel,Delhi NCR
DNR500172,1,36.0,36.0,Donor 173,Hotel,Ahmedabad
DNR500204,1,27.14,27.14,Donor 205,Restaurant,Pune
DNR500201,1,56.38,56.38,Donor 202,Bakery,Remote
DNR500110,1,13.92,13.92,Donor 111,Household,Bengaluru
DNR500142,1,33.42,33.42,Donor 143,Cafeteria,Chennai
DNR500137,1,10.85,10.85,Donor 138,Restaurant,Mumbai
DNR500136,1,16.28,16.28,Donor 137,Hotel,Ahmedabad
DNR500135,1,40.62,40.62,Donor 136,Event,Delhi NCR
DNR500132,1,31.67,31.67,Donor 133,Household,Hyderabad
DNR500130,1,13.87,13.87,Donor 131,Grocery Store,Ahmedabad
DNR500127,1,42.05,42.05,Donor 128,Household,Bengaluru
DNR511915,1,25.72,25.72,Donor 11916,Cafeteria,Delhi NCR
DNR511912,1,33.02,33.02,Donor 11913,Hotel,Delhi NCR
DNR511911,1,27.29,27.29,Donor 11912,Cafeteria,Jaipur
DNR511909,1,26.41,26.41,Donor 11910,Household,Pune
DNR511907,1,41.64,41.64,Donor 11908,Cafeteria,Ahmedabad
DNR511902,1,20.82,20.82,Donor 11903,Household,Chennai
DNR500164,1,54.21,54.21,Donor 165,Cafeteria,Delhi NCR
DNR500161,1,56.79,56.79,Donor 162,Cafeteria,Pune
DNR500102,1,38.29,38.29,Donor 103,Cafeteria,Kolkata
DNR500101,1,7.77,7.77,Donor 102,Grocery Store,Ahmedabad
DNR500095,1,42.75,42.75,Donor 96,Household,Hyderabad
DNR500094,1,11.17,11.17,Donor 95,Household,Hyderabad
DNR500090,1,22.64,22.64,Donor 91,Household,Jaipur
DNR511929,1,29.19,29.19,Donor 11930,Restaurant,Hyderabad
DNR511927,1,23.63,23.63,Donor 11928,Event,Jaipur
DNR511926,1,22.2,22.2,Donor 11927,Event,Ahmedabad
DNR511924,1,17.93,17.93,Donor 11925,Restaurant,Kolkata
DNR511920,1,26.06,26.06,Donor 11921,Hotel,Pune
DNR511919,1,18.72,18.72,Donor 11920,Restaurant,Delhi NCR
DNR500122,1,14.91,14.91,Donor 123,Cafeteria,Delhi NCR
DNR500116,1,46.2,46.2,Donor 117,Grocery Store,Hyderabad
DNR500115,1,17.78,17.78,Donor 116,Household,Chennai
DNR500113,1,17.9,17.9,Donor 114,Restaurant,Ahmedabad
DNR500111,1,21.87,21.87,Donor 112,Grocery Store,Jaipur
DNR500029,1,13.68,13.68,Donor 30,Hotel,Bengaluru
DNR500011,1,9.32,9.32,Donor 12,Grocery Store,Mumbai
DNR500016,1,12.59,12.59,Donor 17,Event,Kolkata
DNR511971,1,20.73,20.73,Donor 11972,Event,Chennai
DNR511962,1,15.98,15.98,Donor 11963,Hotel,Hyderabad
DNR511953,1,32.75,32.75,Donor 11954,Household,Ahmedabad
DNR500052,1,10.44,10.44,Donor 53,Grocery Store,Jaipur
DNR500071,1,24.82,24.82,Donor 72,Restaurant,Kolkata
DNR500066,1,30.91,30.91,Donor 67,Bakery,Remote
DNR500065,1,51.34,51.34,Donor 66,Cafeteria,Bengaluru
DNR500062,1,19.75,19.75,Donor 63,Household,Chennai
DNR500059,1,41.22,41.22,Donor 60,Restaurant,Kolkata
DNR500058,1,32.91,32.91,Donor 59,Event,Kolkata
DNR500057,1,18.26,18.26,Donor 58,Household,Jaipur
DNR500056,1,20.83,20.83,Donor 57,Household,Remote
DNR500082,1,19.88,19.88,Donor 83,Household,Jaipur
DNR507302,1,23.24,23.24,Donor 7303,Grocery Store,Delhi NCR
DNR507337,1,8.56,8.56,Donor 7338,Restaurant,Delhi NCR
DNR507336,1,38.73,38.73,Donor 7337,Household,Pune
DNR507334,1,8.77,8.77,Donor 7335,Cafeteria,Bengaluru
DNR507328,1,14.91,14.91,Donor 7329,Restaurant,Ahmedabad
DNR507325,1,35.63,35.63,Donor 7326,Restaurant,Hyderabad
DNR507323,1,29.43,29.43,Donor 7324,Event,Chennai
DNR511996,1,51.03,51.03,Donor 11997,Restaurant,Kolkata
DNR511994,1,20.54,20.54,Donor 11995,Event,Kolkata
DNR511992,1,15.93,15.93,Donor 11993,Restaurant,Jaipur
DNR511991,1,21.51,21.51,Donor 11992,Bakery,Kolkata
DNR511988,1,23.21,23.21,Donor 11989,Household,Jaipur
DNR511984,1,25.31,25.31,Donor 11985,Hotel,Pune
DNR511980,1,31.15,31.15,Donor 11981,Household,Kolkata
DNR511979,1,35.1,35.1,Donor 11980,Cafeteria,Ahmedabad
DNR500032,1,24.16,24.16,Donor 33,Household,Hyderabad
