NGO_ID,User_ID,Organization_Name,Phone,Address,Capacity,Food_Types,Latitude,Longitude
NGO700000,USER_NGO700000,Community NGO 1,Not Provided,Chennai - North,8240,Mixed,13.0827,80.2707
NGO700009,USER_NGO700009,Community NGO 10,Not Provided,Pune - North,8610,Mixed,18.5204,73.8567
NGO700999,USER_NGO700999,Community NGO 1000,Not Provided,Jaipur - South,9785,Mixed,26.9124,75.7873
NGO701000,USER_NGO701000,Community NGO 1001,Not Provided,Ahmedabad - South,4300,Mixed,23.0225,72.5714
NGO701001,USER_NGO701001,Community NGO 1002,Not Provided,Remote - South,11245,Mixed,20.5937,78.9629
NGO701002,USER_NGO701002,Community NGO 1003,Not Provided,Delhi NCR - Citywide,9045,Mixed,28.6139,77.209
NGO701005,USER_NGO701005,Community NGO 1006,Not Provided,Ahmedabad - West,11170,Mixed,23.0225,72.5714
NGO701006,USER_NGO701006,Community NGO 1007,Not Provided,Chennai - Citywide,11140,Mixed,13.0827,80.2707
NGO701008,USER_NGO701008,Community NGO 1009,Not Provided,Pune - Citywide,14470,Mixed,18.5204,73.8567
NGO701010,USER_NGO701010,Community NGO 1011,Not Provided,Jaipur - Central,4860,Mixed,26.9124,75.7873
NGO701011,USER_NGO701011,Community NGO 1012,Not Provided,Mumbai - West,4305,Mixed,19.076,72.8777
NGO701012,USER_NGO701012,Community NGO 1013,Not Provided,Bengaluru - South,7800,Mixed,12.9716,77.5946
NGO701013,USER_NGO701013,Community NGO 1014,Not Provided,Bengaluru - West,10780,Mixed,12.9716,77.5946
NGO701014,USER_NGO701014,Community NGO 1015,Not Provided,Pune - East,2040,Mixed,18.5204,73.8567
NGO701015,USER_NGO701015,Community NGO 1016,Not Provided,Mumbai - North,1510,Mixed,19.076,72.8777
NGO701016,USER_NGO701016,Community NGO 1017,Not Provided,Jaipur - Citywide,3600,Mixed,26.9124,75.7873
NGO701017,USER_NGO701017,Community NGO 1018,Not Provided,Delhi NCR - West,970,Mixed,28.6139,77.209
NGO701018,USER_NGO701018,Community NGO 1019,Not Provided,Kolkata - North,10235,Mixed,22.5726,88.3639
NGO701019,USER_NGO701019,Community NGO 1020,Not Provided,Pune - Citywide,4020,Mixed,18.5204,73.8567
NGO701020,USER_NGO701020,Community NGO 1021,Not Provided,Pune - South,14270,Mixed,18.5204,73.8567
NGO701021,USER_NGO701021,Community NGO 1022,Not Provided,Kolkata - Citywide,985,Mixed,22.5726,88.3639
NGO701023,USER_NGO701023,Community NGO 1024,Not Provided,Ahmedabad - Central,2635,Mixed,23.0225,72.5714
NGO701024,USER_NGO701024,Community NGO 1025,Not Provided,Delhi NCR - Central,5645,Mixed,28.6139,77.209
NGO701026,USER_NGO701026,Community NGO 1027,Not Provided,Ahmedabad - North,3080,Mixed,23.0225,72.5714
NGO701027,USER_NGO701027,Community NGO 1028,Not Provided,Kolkata - East,12080,Mixed,22.5726,88.3639
NGO701028,USER_NGO701028,Community NGO 1029,Not Provided,Remote - East,705,Mixed,20.5937,78.9629
NGO700102,USER_NGO700102,Community NGO 103,Not Provided,Remote - North,14645,Mixed,20.5937,78.9629
NGO701029,USER_NGO701029,Community NGO 1030,Not Provided,Kolkata - Citywide,6325,Mixed,22.5726,88.3639
NGO701030,USER_NGO701030,Community NGO 1031,Not Provided,Jaipur - South,13220,Mixed,26.9124,75.7873
NGO701031,USER_NGO701031,Community NGO 1032,Not Provided,Kolkata - North,1455,Mixed,22.5726,88.3639
NGO701032,USER_NGO701032,Community NGO 1033,Not Provided,Delhi NCR - Central,4680,Mixed,28.6139,77.209
NGO701033,USER_NGO701033,Community NGO 1034,Not Provided,Pune - East,11765,Mixed,18.5204,73.8567
NGO701034,USER_NGO701034,Community NGO 1035,Not Provided,Chennai - North,12575,Mixed,13.0827,80.2707
NGO701035,USER_NGO701035,Community NGO 1036,Not Provided,Bengaluru - North,13390,Mixed,12.9716,77.5946
NGO701038,USER_NGO701038,Community NGO 1039,Not Provided,Bengaluru - South,3475,Mixed,12.9716,77.5946
NGO700103,USER_NGO700103,Community NGO 104,Not Provided,Ahmedabad - East,9280,Mixed,23.0225,72.5714
NGO701040,USER_NGO701040,Community NGO 1041,Not Provided,Kolkata - South,625,Mixed,22.5726,88.3639
NGO701041,USER_NGO701041,Community NGO 1042,Not Provided,Pune - Citywide,9230,Mixed,18.5204,73.8567
NGO701042,USER_NGO701042,Community NGO 1043,Not Provided,Kolkata - Citywide,4725,Mixed,22.5726,88.3639
NGO701043,USER_NGO701043,Community NGO 1044,Not Provided,Remote - East,9225,Mixed,20.5937,78.9629
NGO701045,USER_NGO701045,Community NGO 1046,Not Provided,Jaipur - Citywide,14475,Mixed,26.9124,75.7873
NGO701046,USER_NGO701046,Community NGO 1047,Not Provided,Hyderabad - Citywide,8475,Mixed,17.385,78.4867
NGO701047,USER_NGO701047,Community NGO 1048,Not Provided,Delhi NCR - East,14535,Mixed,28.6139,77.209
NGO701048,USER_NGO701048,Community NGO 1049,Not Provided,Hyderabad - Citywide,115,Mixed,17.385,78.4867
NGO700104,USER_NGO700104,Community NGO 105,Not Provided,Remote - East,10530,Mixed,20.5937,78.9629
NGO701049,USER_NGO701049,Community NGO 1050,Not Provided,Delhi NCR - West,490,Mixed,28.6139,77.209
NGO701050,USER_NGO701050,Community NGO 1051,Not Provided,Bengaluru - East,5830,Mixed,12.9716,77.5946
NGO701052,USER_NGO701052,Community NGO 1053,Not Provided,Delhi NCR - West,5775,Mixed,28.6139,77.209
NGO701053,USER_NGO701053,Community NGO 1054,Not Provided,Chennai - North,3025,Mixed,13.0827,80.2707
NGO701055,USER_NGO701055,Community NGO 1056,Not Provided,Delhi NCR - East,140,Mixed,28.6139,77.209
NGO701056,USER_NGO701056,Community NGO 1057,Not Provided,Delhi NCR - North,9260,Mixed,28.6139,77.209
NGO701057,USER_NGO701057,Community NGO 1058,Not Provided,Pune - South,12730,Mixed,18.5204,73.8567
NGO701058,USER_NGO701058,Community NGO 1059,Not Provided,Chennai - South,4540,Mixed,13.0827,80.2707
NGO700105,USER_NGO700105,Community NGO 106,Not Provided,Delhi NCR - West,10320,Mixed,28.6139,77.209
NGO701061,USER_NGO701061,Community NGO 1062,Not Provided,Ahmedabad - West,9505,Mixed,23.0225,72.5714
NGO701062,USER_NGO701062,Community NGO 1063,Not Provided,Jaipur - South,13665,Mixed,26.9124,75.7873
NGO701063,USER_NGO701063,Community NGO 1064,Not Provided,Chennai - South,4755,Mixed,13.0827,80.2707
NGO701064,USER_NGO701064,Community NGO 1065,Not Provided,Bengaluru - North,6475,Mixed,12.9716,77.5946
NGO701065,USER_NGO701065,Community NGO 1066,Not Provided,Ahmedabad - East,8955,Mixed,23.0225,72.5714
NGO701067,USER_NGO701067,Community NGO 1068,Not Provided,Chennai - Citywide,1250,Mixed,13.0827,80.2707
NGO701068,USER_NGO701068,Community NGO 1069,Not Provided,Delhi NCR - West,12210,Mixed,28.6139,77.209
NGO700106,USER_NGO700106,Community NGO 107,Not Provided,Mumbai - South,5170,Mixed,19.076,72.8777
NGO701070,USER_NGO701070,Community NGO 1071,Not Provided,Jaipur - South,5605,Mixed,26.9124,75.7873
NGO701071,USER_NGO701071,Community NGO 1072,Not Provided,Kolkata - South,1995,Mixed,22.5726,88.3639
NGO701072,USER_NGO701072,Community NGO 1073,Not Provided,Delhi NCR - Central,8550,Mixed,28.6139,77.209
NGO701073,USER_NGO701073,Community NGO 1074,Not Provided,Hyderabad - Citywide,8970,Mixed,17.385,78.4867
NGO701075,USER_NGO701075,Community NGO 1076,Not Provided,Kolkata - North,12965,Mixed,22.5726,88.3639
NGO701076,USER_NGO701076,Community NGO 1077,Not Provided,Kolkata - Central,7260,Mixed,22.5726,88.3639
NGO701077,USER_NGO701077,Community NGO 1078,Not Provided,Mumbai - West,2930,Mixed,19.076,72.8777
NGO701078,USER_NGO701078,Community NGO 1079,Not Provided,Remote - Central,12935,Mixed,20.5937,78.9629
NGO700107,USER_NGO700107,Community NGO 108,Not Provided,Bengaluru - Central,4930,Mixed,12.9716,77.5946
NGO701080,USER_NGO701080,Community NGO 1081,Not Provided,Bengaluru - West,1215,Mixed,12.9716,77.5946
NGO701083,USER_NGO701083,Community NGO 1084,Not Provided,Hyderabad - South,13775,Mixed,17.385,78.4867
NGO701086,USER_NGO701086,Community NGO 1087,Not Provided,Chennai - North,400,Mixed,13.0827,80.2707
NGO701087,USER_NGO701087,Community NGO 1088,Not Provided,Chennai - Citywide,5910,Mixed,13.0827,80.2707
NGO701089,USER_NGO701089,Community NGO 1090,Not Provided,Mumbai - Central,13620,Mixed,19.076,72.8777
NGO701090,USER_NGO701090,Community NGO 1091,Not Provided,Remote - North,10650,Mixed,20.5937,78.9629
NGO701091,USER_NGO701091,Community NGO 1092,Not Provided,Kolkata - North,13075,Mixed,22.5726,88.3639
NGO701092,USER_NGO701092,Community NGO 1093,Not Provided,Mumbai - East,1745,Mixed,19.076,72.8777
NGO701093,USER_NGO701093,Community NGO 1094,Not Provided,Mumbai - East,13145,Mixed,19.076,72.8777
NGO701096,USER_NGO701096,Community NGO 1097,Not Provided,Ahmedabad - Central,1490,Mixed,23.0225,72.5714
NGO701097,USER_NGO701097,Community NGO 1098,Not Provided,Ahmedabad - East,6785,Mixed,23.0225,72.5714
NGO701098,USER_NGO701098,Community NGO 1099,Not Provided,Mumbai - East,11125,Mixed,19.076,72.8777
NGO700010,USER_NGO700010,Community NGO 11,Not Provided,Hyderabad - North,6695,Mixed,17.385,78.4867
NGO700109,USER_NGO700109,Community NGO 110,Not Provided,Delhi NCR - South,7910,Mixed,28.6139,77.209
NGO701101,USER_NGO701101,Community NGO 1102,Not Provided,Hyderabad - Central,11815,Mixed,17.385,78.4867
NGO701102,USER_NGO701102,Community NGO 1103,Not Provided,Bengaluru - East,13875,Mixed,12.9716,77.5946
NGO701104,USER_NGO701104,Community NGO 1105,Not Provided,Mumbai - South,5290,Mixed,19.076,72.8777
NGO701105,USER_NGO701105,Community NGO 1106,Not Provided,Chennai - East,1070,Mixed,13.0827,80.2707
NGO701106,USER_NGO701106,Community NGO 1107,Not Provided,Remote - East,6705,Mixed,20.5937,78.9629
NGO701107,USER_NGO701107,Community NGO 1108,Not Provided,Pune - South,10660,Mixed,18.5204,73.8567
NGO701108,USER_NGO701108,Community NGO 1109,Not Provided,Chennai - North,5895,Mixed,13.0827,80.2707
NGO700110,USER_NGO700110,Community NGO 111,Not Provided,Delhi NCR - North,14985,Mixed,28.6139,77.209
NGO701109,USER_NGO701109,Community NGO 1110,Not Provided,Mumbai - West,4360,Mixed,19.076,72.8777
NGO701110,USER_NGO701110,Community NGO 1111,Not Provided,Hyderabad - South,1350,Mixed,17.385,78.4867
NGO701111,USER_NGO701111,Community NGO 1112,Not Provided,Jaipur - West,7705,Mixed,26.9124,75.7873
NGO701114,USER_NGO701114,Community NGO 1115,Not Provided,Kolkata - South,14915,Mixed,22.5726,88.3639
NGO701116,USER_NGO701116,Community NGO 1117,Not Provided,Hyderabad - West,11920,Mixed,17.385,78.4867
NGO701117,USER_NGO701117,Community NGO 1118,Not Provided,Ahmedabad - South,12645,Mixed,23.0225,72.5714
NGO701119,USER_NGO701119,Community NGO 1120,Not Provided,Remote - North,1530,Mixed,20.5937,78.9629
NGO701120,USER_NGO701120,Community NGO 1121,Not Provided,Ahmedabad - East,4735,Mixed,23.0225,72.5714
NGO701121,USER_NGO701121,Community NGO 1122,Not Provided,Remote - West,11430,Mixed,20.5937,78.9629
NGO701122,USER_NGO701122,Community NGO 1123,Not Provided,Jaipur - South,1885,Mixed,26.9124,75.7873
NGO701124,USER_NGO701124,Community NGO 1125,Not Provided,Pune - West,5025,Mixed,18.5204,73.8567
NGO701125,USER_NGO701125,Community NGO 1126,Not Provided,Mumbai - Central,8400,Mixed,19.076,72.8777
NGO701126,USER_NGO701126,Community NGO 1127,Not Provided,Delhi NCR - East,9125,Mixed,28.6139,77.209
NGO701129,USER_NGO701129,Community NGO 1130,Not Provided,Mumbai - North,11645,Mixed,19.076,72.8777
NGO701130,USER_NGO701130,Community NGO 1131,Not Provided,Ahmedabad - North,7150,Mixed,23.0225,72.5714
NGO701131,USER_NGO701131,Community NGO 1132,Not Provided,Bengaluru - South,11105,Mixed,12.9716,77.5946
NGO701132,USER_NGO701132,Community NGO 1133,Not Provided,Remote - South,9365,Mixed,20.5937,78.9629
NGO701133,USER_NGO701133,Community NGO 1134,Not Provided,Remote - East,3735,Mixed,20.5937,78.9629
NGO701134,USER_NGO701134,Community NGO 1135,Not Provided,Chennai - North,12475,Mixed,13.0827,80.2707
NGO701136,USER_NGO701136,Community NGO 1137,Not Provided,Kolkata - North,10830,Mixed,22.5726,88.3639
NGO701137,USER_NGO701137,Community NGO 1138,Not Provided,Chennai - North,12385,Mixed,13.0827,80.2707
NGO701138,USER_NGO701138,Community NGO 1139,Not Provided,Kolkata - South,4835,Mixed,22.5726,88.3639
NGO701139,USER_NGO701139,Community NGO 1140,Not Provided,Kolkata - Central,10905,Mixed,22.5726,88.3639
NGO701140,USER_NGO701140,Community NGO 1141,Not Provided,Chennai - Citywide,11765,Mixed,13.0827,80.2707
NGO701141,USER_NGO701141,Community NGO 1142,Not Provided,Chennai - South,2945,Mixed,13.0827,80.2707
NGO701142,USER_NGO701142,Community NGO 1143,Not Provided,Remote - East,6390,Mixed,20.5937,78.9629
NGO701143,USER_NGO701143,Community NGO 1144,Not Provided,Bengaluru - North,3735,Mixed,12.9716,77.5946
NGO701144,USER_NGO701144,Community NGO 1145,Not Provided,Remote - East,3100,Mixed,20.5937,78.9629
NGO701145,USER_NGO701145,Community NGO 1146,Not Provided,Kolkata - Citywide,9875,Mixed,22.5726,88.3639
NGO701146,USER_NGO701146,Community NGO 1147,Not Provided,Chennai - North,1565,Mixed,13.0827,80.2707
NGO701148,USER_NGO701148,Community NGO 1149,Not Provided,Pune - South,8310,Mixed,18.5204,73.8567
NGO701149,USER_NGO701149,Community NGO 1150,Not Provided,Chennai - Central,5515,Mixed,13.0827,80.2707
NGO701151,USER_NGO701151,Community NGO 1152,Not Provided,Hyderabad - West,14335,Mixed,17.385,78.4867
NGO701152,USER_NGO701152,Community NGO 1153,Not Provided,Chennai - West,8330,Mixed,13.0827,80.2707
NGO701153,USER_NGO701153,Community NGO 1154,Not Provided,Mumbai - Citywide,3940,Mixed,19.076,72.8777
NGO701155,USER_NGO701155,Community NGO 1156,Not Provided,Jaipur - Citywide,6490,Mixed,26.9124,75.7873
NGO701156,USER_NGO701156,Community NGO 1157,Not Provided,Chennai - Citywide,8705,Mixed,13.0827,80.2707
NGO701157,USER_NGO701157,Community NGO 1158,Not Provided,Chennai - West,6730,Mixed,13.0827,80.2707
NGO701158,USER_NGO701158,Community NGO 1159,Not Provided,Pune - North,2860,Mixed,18.5204,73.8567
NGO700115,USER_NGO700115,Community NGO 116,Not Provided,Chennai - South,8745,Mixed,13.0827,80.2707
NGO701159,USER_NGO701159,Community NGO 1160,Not Provided,Delhi NCR - West,8495,Mixed,28.6139,77.209
NGO701160,USER_NGO701160,Community NGO 1161,Not Provided,Chennai - North,10375,Mixed,13.0827,80.2707
NGO701162,USER_NGO701162,Community NGO 1163,Not Provided,Ahmedabad - North,10390,Mixed,23.0225,72.5714
NGO701163,USER_NGO701163,Community NGO 1164,Not Provided,Delhi NCR - North,6740,Mixed,28.6139,77.209
NGO701164,USER_NGO701164,Community NGO 1165,Not Provided,Ahmedabad - Citywide,7485,Mixed,23.0225,72.5714
NGO701165,USER_NGO701165,Community NGO 1166,Not Provided,Mumbai - West,2810,Mixed,19.076,72.8777
NGO701167,USER_NGO701167,Community NGO 1168,Not Provided,Delhi NCR - South,14660,Mixed,28.6139,77.209
NGO701168,USER_NGO701168,Community NGO 1169,Not Provided,Ahmedabad - North,7400,Mixed,23.0225,72.5714
NGO700116,USER_NGO700116,Community NGO 117,Not Provided,Jaipur - Citywide,3035,Mixed,26.9124,75.7873
NGO701170,USER_NGO701170,Community NGO 1171,Not Provided,Chennai - South,7515,Mixed,13.0827,80.2707
NGO701171,USER_NGO701171,Community NGO 1172,Not Provided,Hyderabad - North,3885,Mixed,17.385,78.4867
NGO701172,USER_NGO701172,Community NGO 1173,Not Provided,Delhi NCR - South,7545,Mixed,28.6139,77.209
NGO701173,USER_NGO701173,Community NGO 1174,Not Provided,Hyderabad - West,4105,Mixed,17.385,78.4867
NGO701175,USER_NGO701175,Community NGO 1176,Not Provided,Jaipur - South,11835,Mixed,26.9124,75.7873
NGO701176,USER_NGO701176,Community NGO 1177,Not Provided,Pune - West,1285,Mixed,18.5204,73.8567
NGO701177,USER_NGO701177,Community NGO 1178,Not Provided,Kolkata - North,9145,Mixed,22.5726,88.3639
NGO701178,USER_NGO701178,Community NGO 1179,Not Provided,Kolkata - North,10325,Mixed,22.5726,88.3639
NGO700117,USER_NGO700117,Community NGO 118,Not Provided,Mumbai - Citywide,4690,Mixed,19.076,72.8777
NGO701179,USER_NGO701179,Community NGO 1180,Not Provided,Kolkata - East,13330,Mixed,22.5726,88.3639
NGO701180,USER_NGO701180,Community NGO 1181,Not Provided,Hyderabad - North,13465,Mixed,17.385,78.4867
NGO701181,USER_NGO701181,Community NGO 1182,Not Provided,Remote - South,3555,Mixed,20.5937,78.9629
NGO701182,USER_NGO701182,Community NGO 1183,Not Provided,Kolkata - Citywide,4615,Mixed,22.5726,88.3639
NGO701183,USER_NGO701183,Community NGO 1184,Not Provided,Kolkata - North,8235,Mixed,22.5726,88.3639
NGO701185,USER_NGO701185,Community NGO 1186,Not Provided,Delhi NCR - South,8525,Mixed,28.6139,77.209
NGO701187,USER_NGO701187,Community NGO 1188,Not Provided,Mumbai - Central,9040,Mixed,19.076,72.8777
NGO701188,USER_NGO701188,Community NGO 1189,Not Provided,Bengaluru - West,5245,Mixed,12.9716,77.5946
NGO700118,USER_NGO700118,Community NGO 119,Not Provided,Kolkata - South,9855,Mixed,22.5726,88.3639
NGO701189,USER_NGO701189,Community NGO 1190,Not Provided,Pune - East,7435,Mixed,18.5204,73.8567
NGO701190,USER_NGO701190,Community NGO 1191,Not Provided,Hyderabad - Central,3770,Mixed,17.385,78.4867
NGO701191,USER_NGO701191,Community NGO 1192,Not Provided,Delhi NCR - Citywide,5985,Mixed,28.6139,77.209
NGO701192,USER_NGO701192,Community NGO 1193,Not Provided,Ahmedabad - Central,9155,Mixed,23.0225,72.5714
NGO701193,USER_NGO701193,Community NGO 1194,Not Provided,Hyderabad - Central,8510,Mixed,17.385,78.4867
NGO701195,USER_NGO701195,Community NGO 1196,Not Provided,Hyderabad - West,13080,Mixed,17.385,78.4867
NGO701197,USER_NGO701197,Community NGO 1198,Not Provided,Bengaluru - Central,2910,Mixed,12.9716,77.5946
NGO701198,USER_NGO701198,Community NGO 1199,Not Provided,Remote - North,2660,Mixed,20.5937,78.9629
NGO700011,USER_NGO700011,Community NGO 12,Not Provided,Remote - Citywide,830,Mixed,20.5937,78.9629
NGO700119,USER_NGO700119,Community NGO 120,Not Provided,Ahmedabad - North,14495,Mixed,23.0225,72.5714
NGO701202,USER_NGO701202,Community NGO 1203,Not Provided,Remote - South,12230,Mixed,20.5937,78.9629
NGO701203,USER_NGO701203,Community NGO 1204,Not Provided,Mumbai - South,1840,Mixed,19.076,72.8777
NGO701204,USER_NGO701204,Community NGO 1205,Not Provided,Jaipur - North,6955,Mixed,26.9124,75.7873
NGO701205,USER_NGO701205,Community NGO 1206,Not Provided,Mumbai - West,9985,Mixed,19.076,72.8777
NGO701206,USER_NGO701206,Community NGO 1207,Not Provided,Mumbai - South,4980,Mixed,19.076,72.8777
NGO701207,USER_NGO701207,Community NGO 1208,Not Provided,Mumbai - North,1530,Mixed,19.076,72.8777
NGO701208,USER_NGO701208,Community NGO 1209,Not Provided,Delhi NCR - Citywide,3290,Mixed,28.6139,77.209
NGO700120,USER_NGO700120,Community NGO 121,Not Provided,Hyderabad - Central,5815,Mixed,17.385,78.4867
NGO701209,USER_NGO701209,Community NGO 1210,Not Provided,Kolkata - North,5015,Mixed,22.5726,88.3639
NGO701210,USER_NGO701210,Community NGO 1211,Not Provided,Bengaluru - North,3465,Mixed,12.9716,77.5946
NGO701211,USER_NGO701211,Community NGO 1212,Not Provided,Chennai - West,1405,Mixed,13.0827,80.2707
NGO701213,USER_NGO701213,Community NGO 1214,Not Provided,Kolkata - West,4515,Mixed,22.5726,88.3639
NGO701214,USER_NGO701214,Community NGO 1215,Not Provided,Hyderabad - North,2440,Mixed,17.385,78.4867
NGO701215,USER_NGO701215,Community NGO 1216,Not Provided,Chennai - Central,14825,Mixed,13.0827,80.2707
NGO701216,USER_NGO701216,Community NGO 1217,Not Provided,Mumbai - South,9140,Mixed,19.076,72.8777
NGO701217,USER_NGO701217,Community NGO 1218,Not Provided,Remote - North,180,Mixed,20.5937,78.9629
NGO700121,USER_NGO700121,Community NGO 122,Not Provided,Chennai - West,5260,Mixed,13.0827,80.2707
NGO701219,USER_NGO701219,Community NGO 1220,Not Provided,Pune - West,1010,Mixed,18.5204,73.8567
NGO701220,USER_NGO701220,Community NGO 1221,Not Provided,Chennai - Central,945,Mixed,13.0827,80.2707
NGO701221,USER_NGO701221,Community NGO 1222,Not Provided,Ahmedabad - North,3960,Mixed,23.0225,72.5714
NGO701224,USER_NGO701224,Community NGO 1225,Not Provided,Jaipur - North,6100,Mixed,26.9124,75.7873
NGO701225,USER_NGO701225,Community NGO 1226,Not Provided,Mumbai - Citywide,11155,Mixed,19.076,72.8777
NGO701226,USER_NGO701226,Community NGO 1227,Not Provided,Ahmedabad - South,8730,Mixed,23.0225,72.5714
NGO701227,USER_NGO701227,Community NGO 1228,Not Provided,Jaipur - Citywide,8490,Mixed,26.9124,75.7873
NGO700122,USER_NGO700122,Community NGO 123,Not Provided,Mumbai - West,10830,Mixed,19.076,72.8777
NGO701231,USER_NGO701231,Community NGO 1232,Not Provided,Remote - South,8740,Mixed,20.5937,78.9629
NGO701232,USER_NGO701232,Community NGO 1233,Not Provided,Hyderabad - West,11130,Mixed,17.385,78.4867
NGO701233,USER_NGO701233,Community NGO 1234,Not Provided,Bengaluru - Citywide,12775,Mixed,12.9716,77.5946
NGO701234,USER_NGO701234,Community NGO 1235,Not Provided,Chennai - Citywide,12070,Mixed,13.0827,80.2707
NGO701236,USER_NGO701236,Community NGO 1237,Not Provided,Delhi NCR - Citywide,8870,Mixed,28.6139,77.209
NGO701237,USER_NGO701237,Community NGO 1238,Not Provided,Mumbai - North,2915,Mixed,19.076,72.8777
NGO701238,USER_NGO701238,Community NGO 1239,Not Provided,Pune - Citywide,5105,Mixed,18.5204,73.8567
NGO701239,USER_NGO701239,Community NGO 1240,Not Provided,Bengaluru - Citywide,5895,Mixed,12.9716,77.5946
NGO701240,USER_NGO701240,Community NGO 1241,Not Provided,Hyderabad - North,2675,Mixed,17.385,78.4867
NGO701243,USER_NGO701243,Community NGO 1244,Not Provided,Hyderabad - Citywide,5745,Mixed,17.385,78.4867
NGO701244,USER_NGO701244,Community NGO 1245,Not Provided,Remote - North,11500,Mixed,20.5937,78.9629
NGO701245,USER_NGO701245,Community NGO 1246,Not Provided,Pune - East,7450,Mixed,18.5204,73.8567
NGO701246,USER_NGO701246,Community NGO 1247,Not Provided,Kolkata - South,9470,Mixed,22.5726,88.3639
NGO701247,USER_NGO701247,Community NGO 1248,Not Provided,Ahmedabad - South,12275,Mixed,23.0225,72.5714
NGO701248,USER_NGO701248,Community NGO 1249,Not Provided,Chennai - Citywide,7690,Mixed,13.0827,80.2707
NGO701249,USER_NGO701249,Community NGO 1250,Not Provided,Delhi NCR - North,14590,Mixed,28.6139,77.209
NGO701250,USER_NGO701250,Community NGO 1251,Not Provided,Kolkata - South,430,Mixed,22.5726,88.3639
NGO701252,USER_NGO701252,Community NGO 1253,Not Provided,Jaipur - East,10545,Mixed,26.9124,75.7873
NGO701253,USER_NGO701253,Community NGO 1254,Not Provided,Chennai - North,13930,Mixed,13.0827,80.2707
NGO701254,USER_NGO701254,Community NGO 1255,Not Provided,Ahmedabad - North,8375,Mixed,23.0225,72.5714
NGO701256,USER_NGO701256,Community NGO 1257,Not Provided,Pune - South,14635,Mixed,18.5204,73.8567
NGO701257,USER_NGO701257,Community NGO 1258,Not Provided,Kolkata - West,5055,Mixed,22.5726,88.3639
NGO701258,USER_NGO701258,Community NGO 1259,Not Provided,Remote - North,13400,Mixed,20.5937,78.9629
NGO700125,USER_NGO700125,Community NGO 126,Not Provided,Kolkata - North,990,Mixed,22.5726,88.3639
NGO701259,USER_NGO701259,Community NGO 1260,Not Provided,Remote - South,12690,Mixed,20.5937,78.9629
NGO701260,USER_NGO701260,Community NGO 1261,Not Provided,Mumbai - North,1395,Mixed,19.076,72.8777
NGO701261,USER_NGO701261,Community NGO 1262,Not Provided,Ahmedabad - West,11320,Mixed,23.0225,72.5714
NGO701262,USER_NGO701262,Community NGO 1263,Not Provided,Pune - East,13230,Mixed,18.5204,73.8567
NGO701263,USER_NGO701263,Community NGO 1264,Not Provided,Delhi NCR - East,7390,Mixed,28.6139,77.209
NGO701264,USER_NGO701264,Community NGO 1265,Not Provided,Remote - Central,8435,Mixed,20.5937,78.9629
NGO701265,USER_NGO701265,Community NGO 1266,Not Provided,Bengaluru - East,5895,Mixed,12.9716,77.5946
NGO701266,USER_NGO701266,Community NGO 1267,Not Provided,Bengaluru - West,12375,Mixed,12.9716,77.5946
NGO701267,USER_NGO701267,Community NGO 1268,Not Provided,Ahmedabad - West,11765,Mixed,23.0225,72.5714
NGO701268,USER_NGO701268,Community NGO 1269,Not Provided,Ahmedabad - Central,14785,Mixed,23.0225,72.5714
NGO700126,USER_NGO700126,Community NGO 127,Not Provided,Pune - Central,12195,Mixed,18.5204,73.8567
NGO701269,USER_NGO701269,Community NGO 1270,Not Provided,Kolkata - North,2085,Mixed,22.5726,88.3639
NGO701271,USER_NGO701271,Community NGO 1272,Not Provided,Delhi NCR - Central,8720,Mixed,28.6139,77.209
NGO701272,USER_NGO701272,Community NGO 1273,Not Provided,Bengaluru - South,9830,Mixed,12.9716,77.5946
NGO701273,USER_NGO701273,Community NGO 1274,Not Provided,Jaipur - West,10660,Mixed,26.9124,75.7873
NGO701274,USER_NGO701274,Community NGO 1275,Not Provided,Pune - Central,2370,Mixed,18.5204,73.8567
NGO701276,USER_NGO701276,Community NGO 1277,Not Provided,Remote - Citywide,305,Mixed,20.5937,78.9629
NGO701277,USER_NGO701277,Community NGO 1278,Not Provided,Jaipur - North,14315,Mixed,26.9124,75.7873
NGO700127,USER_NGO700127,Community NGO 128,Not Provided,Hyderabad - West,3540,Mixed,17.385,78.4867
NGO701279,USER_NGO701279,Community NGO 1280,Not Provided,Kolkata - South,8630,Mixed,22.5726,88.3639
NGO701281,USER_NGO701281,Community NGO 1282,Not Provided,Mumbai - West,985,Mixed,19.076,72.8777
NGO701282,USER_NGO701282,Community NGO 1283,Not Provided,Chennai - Citywide,8145,Mixed,13.0827,80.2707
NGO701283,USER_NGO701283,Community NGO 1284,Not Provided,Ahmedabad - North,10820,Mixed,23.0225,72.5714
NGO701285,USER_NGO701285,Community NGO 1286,Not Provided,Chennai - Central,9465,Mixed,13.0827,80.2707
NGO701287,USER_NGO701287,Community NGO 1288,Not Provided,Jaipur - Central,11895,Mixed,26.9124,75.7873
NGO701288,USER_NGO701288,Community NGO 1289,Not Provided,Bengaluru - South,11395,Mixed,12.9716,77.5946
NGO700128,USER_NGO700128,Community NGO 129,Not Provided,Delhi NCR - East,12055,Mixed,28.6139,77.209
NGO701289,USER_NGO701289,Community NGO 1290,Not Provided,Jaipur - East,180,Mixed,26.9124,75.7873
NGO701290,USER_NGO701290,Community NGO 1291,Not Provided,Pune - North,14785,Mixed,18.5204,73.8567
NGO701291,USER_NGO701291,Community NGO 1292,Not Provided,Ahmedabad - North,6450,Mixed,23.0225,72.5714
NGO701293,USER_NGO701293,Community NGO 1294,Not Provided,Hyderabad - West,5465,Mixed,17.385,78.4867
NGO701294,USER_NGO701294,Community NGO 1295,Not Provided,Delhi NCR - South,7170,Mixed,28.6139,77.209
NGO701295,USER_NGO701295,Community NGO 1296,Not Provided,Chennai - North,14635,Mixed,13.0827,80.2707
NGO701297,USER_NGO701297,Community NGO 1298,Not Provided,Hyderabad - West,10285,Mixed,17.385,78.4867
NGO700012,USER_NGO700012,Community NGO 13,Not Provided,Hyderabad - East,13735,Mixed,17.385,78.4867
NGO700129,USER_NGO700129,Community NGO 130,Not Provided,Bengaluru - Citywide,900,Mixed,12.9716,77.5946
NGO701300,USER_NGO701300,Community NGO 1301,Not Provided,Pune - West,1555,Mixed,18.5204,73.8567
NGO701301,USER_NGO701301,Community NGO 1302,Not Provided,Ahmedabad - East,3945,Mixed,23.0225,72.5714
NGO701302,USER_NGO701302,Community NGO 1303,Not Provided,Delhi NCR - East,5820,Mixed,28.6139,77.209
NGO701303,USER_NGO701303,Community NGO 1304,Not Provided,Bengaluru - East,4920,Mixed,12.9716,77.5946
NGO701304,USER_NGO701304,Community NGO 1305,Not Provided,Bengaluru - East,14210,Mixed,12.9716,77.5946
NGO701305,USER_NGO701305,Community NGO 1306,Not Provided,Chennai - South,160,Mixed,13.0827,80.2707
NGO701306,USER_NGO701306,Community NGO 1307,Not Provided,Remote - Central,4515,Mixed,20.5937,78.9629
NGO701308,USER_NGO701308,Community NGO 1309,Not Provided,Hyderabad - Central,4095,Mixed,17.385,78.4867
NGO700130,USER_NGO700130,Community NGO 131,Not Provided,Hyderabad - Citywide,11895,Mixed,17.385,78.4867
NGO701309,USER_NGO701309,Community NGO 1310,Not Provided,Bengaluru - West,5680,Mixed,12.9716,77.5946
NGO701311,USER_NGO701311,Community NGO 1312,Not Provided,Mumbai - South,14930,Mixed,19.076,72.8777
NGO701313,USER_NGO701313,Community NGO 1314,Not Provided,Chennai - West,2040,Mixed,13.0827,80.2707
NGO701315,USER_NGO701315,Community NGO 1316,Not Provided,Kolkata - North,13470,Mixed,22.5726,88.3639
NGO701316,USER_NGO701316,Community NGO 1317,Not Provided,Mumbai - North,1350,Mixed,19.076,72.8777
NGO701317,USER_NGO701317,Community NGO 1318,Not Provided,Jaipur - South,7605,Mixed,26.9124,75.7873
NGO700131,USER_NGO700131,Community NGO 132,Not Provided,Bengaluru - East,9080,Mixed,12.9716,77.5946
NGO701320,USER_NGO701320,Community NGO 1321,Not Provided,Pune - East,3115,Mixed,18.5204,73.8567
NGO701321,USER_NGO701321,Community NGO 1322,Not Provided,Remote - West,11980,Mixed,20.5937,78.9629
NGO701322,USER_NGO701322,Community NGO 1323,Not Provided,Mumbai - East,3645,Mixed,19.076,72.8777
NGO701324,USER_NGO701324,Community NGO 1325,Not Provided,Chennai - Citywide,705,Mixed,13.0827,80.2707
NGO701325,USER_NGO701325,Community NGO 1326,Not Provided,Hyderabad - West,5365,Mixed,17.385,78.4867
NGO701326,USER_NGO701326,Community NGO 1327,Not Provided,Bengaluru - East,14645,Mixed,12.9716,77.5946
NGO701327,USER_NGO701327,Community NGO 1328,Not Provided,Mumbai - West,13115,Mixed,19.076,72.8777
NGO701329,USER_NGO701329,Community NGO 1330,Not Provided,Mumbai - East,14765,Mixed,19.076,72.8777
NGO701330,USER_NGO701330,Community NGO 1331,Not Provided,Bengaluru - South,5765,Mixed,12.9716,77.5946
NGO701331,USER_NGO701331,Community NGO 1332,Not Provided,Pune - North,2000,Mixed,18.5204,73.8567
NGO701332,USER_NGO701332,Community NGO 1333,Not Provided,Hyderabad - South,10820,Mixed,17.385,78.4867
NGO701333,USER_NGO701333,Community NGO 1334,Not Provided,Chennai - East,7535,Mixed,13.0827,80.2707
NGO701334,USER_NGO701334,Community NGO 1335,Not Provided,Remote - North,11155,Mixed,20.5937,78.9629
NGO701335,USER_NGO701335,Community NGO 1336,Not Provided,Mumbai - Central,1185,Mixed,19.076,72.8777
NGO701337,USER_NGO701337,Community NGO 1338,Not Provided,Hyderabad - Citywide,9735,Mixed,17.385,78.4867
NGO701338,USER_NGO701338,Community NGO 1339,Not Provided,Kolkata - East,7755,Mixed,22.5726,88.3639
NGO700133,USER_NGO700133,Community NGO 134,Not Provided,Jaipur - South,1995,Mixed,26.9124,75.7873
NGO701339,USER_NGO701339,Community NGO 1340,Not Provided,Bengaluru - Central,9160,Mixed,12.9716,77.5946
NGO701340,USER_NGO701340,Community NGO 1341,Not Provided,Chennai - West,7450,Mixed,13.0827,80.2707
NGO701341,USER_NGO701341,Community NGO 1342,Not Provided,Delhi NCR - Central,6055,Mixed,28.6139,77.209
NGO701342,USER_NGO701342,Community NGO 1343,Not Provided,Kolkata - West,8310,Mixed,22.5726,88.3639
NGO701343,USER_NGO701343,Community NGO 1344,Not Provided,Remote - East,6445,Mixed,20.5937,78.9629
NGO701344,USER_NGO701344,Community NGO 1345,Not Provided,Jaipur - East,4950,Mixed,26.9124,75.7873
NGO701345,USER_NGO701345,Community NGO 1346,Not Provided,Bengaluru - Citywide,3450,Mixed,12.9716,77.5946
NGO701346,USER_NGO701346,Community NGO 1347,Not Provided,Mumbai - North,1820,Mixed,19.076,72.8777
NGO701347,USER_NGO701347,Community NGO 1348,Not Provided,Kolkata - Citywide,11740,Mixed,22.5726,88.3639
NGO701348,USER_NGO701348,Community NGO 1349,Not Provided,Jaipur - Central,1200,Mixed,26.9124,75.7873
NGO700134,USER_NGO700134,Community NGO 135,Not Provided,Mumbai - South,13160,Mixed,19.076,72.8777
NGO701350,USER_NGO701350,Community NGO 1351,Not Provided,Pune - West,12620,Mixed,18.5204,73.8567
NGO701351,USER_NGO701351,Community NGO 1352,Not Provided,Remote - Citywide,8435,Mixed,20.5937,78.9629
NGO701352,USER_NGO701352,Community NGO 1353,Not Provided,Pune - West,2040,Mixed,18.5204,73.8567
NGO701353,USER_NGO701353,Community NGO 1354,Not Provided,Pune - East,13895,Mixed,18.5204,73.8567
NGO701354,USER_NGO701354,Community NGO 1355,Not Provided,Mumbai - East,5565,Mixed,19.076,72.8777
NGO701355,USER_NGO701355,Community NGO 1356,Not Provided,Chennai - North,13335,Mixed,13.0827,80.2707
NGO701356,USER_NGO701356,Community NGO 1357,Not Provided,Kolkata - East,10910,Mixed,22.5726,88.3639
NGO701357,USER_NGO701357,Community NGO 1358,Not Provided,Jaipur - South,3915,Mixed,26.9124,75.7873
NGO701358,USER_NGO701358,Community NGO 1359,Not Provided,Kolkata - South,6725,Mixed,22.5726,88.3639
NGO700135,USER_NGO700135,Community NGO 136,Not Provided,Remote - North,14470,Mixed,20.5937,78.9629
NGO701359,USER_NGO701359,Community NGO 1360,Not Provided,Remote - Citywide,8060,Mixed,20.5937,78.9629
NGO701361,USER_NGO701361,Community NGO 1362,Not Provided,Delhi NCR - South,13405,Mixed,28.6139,77.209
NGO701362,USER_NGO701362,Community NGO 1363,Not Provided,Hyderabad - Citywide,3515,Mixed,17.385,78.4867
NGO701366,USER_NGO701366,Community NGO 1367,Not Provided,Mumbai - Central,8430,Mixed,19.076,72.8777
NGO701367,USER_NGO701367,Community NGO 1368,Not Provided,Remote - North,14270,Mixed,20.5937,78.9629
NGO701368,USER_NGO701368,Community NGO 1369,Not Provided,Pune - East,9915,Mixed,18.5204,73.8567
NGO700136,USER_NGO700136,Community NGO 137,Not Provided,Mumbai - South,13345,Mixed,19.076,72.8777
NGO701371,USER_NGO701371,Community NGO 1372,Not Provided,Chennai - Central,2685,Mixed,13.0827,80.2707
NGO701374,USER_NGO701374,Community NGO 1375,Not Provided,Kolkata - North,13020,Mixed,22.5726,88.3639
NGO701375,USER_NGO701375,Community NGO 1376,Not Provided,Ahmedabad - Central,7325,Mixed,23.0225,72.5714
NGO701378,USER_NGO701378,Community NGO 1379,Not Provided,Hyderabad - North,2530,Mixed,17.385,78.4867
NGO700137,USER_NGO700137,Community NGO 138,Not Provided,Remote - Central,2565,Mixed,20.5937,78.9629
NGO701379,USER_NGO701379,Community NGO 1380,Not Provided,Hyderabad - West,13350,Mixed,17.385,78.4867
NGO701380,USER_NGO701380,Community NGO 1381,Not Provided,Remote - South,4270,Mixed,20.5937,78.9629
NGO701381,USER_NGO701381,Community NGO 1382,Not Provided,Jaipur - North,2955,Mixed,26.9124,75.7873
NGO701382,USER_NGO701382,Community NGO 1383,Not Provided,Mumbai - South,14330,Mixed,19.076,72.8777
NGO701383,USER_NGO701383,Community NGO 1384,Not Provided,Kolkata - North,14845,Mixed,22.5726,88.3639
NGO701384,USER_NGO701384,Community NGO 1385,Not Provided,Delhi NCR - East,5275,Mixed,28.6139,77.209
NGO701385,USER_NGO701385,Community NGO 1386,Not Provided,Pune - Citywide,1970,Mixed,18.5204,73.8567
NGO701386,USER_NGO701386,Community NGO 1387,Not Provided,Remote - West,2395,Mixed,20.5937,78.9629
NGO701387,USER_NGO701387,Community NGO 1388,Not Provided,Jaipur - Citywide,12755,Mixed,26.9124,75.7873
NGO701388,USER_NGO701388,Community NGO 1389,Not Provided,Bengaluru - Citywide,13160,Mixed,12.9716,77.5946
NGO700138,USER_NGO700138,Community NGO 139,Not Provided,Mumbai - East,11795,Mixed,19.076,72.8777
NGO701389,USER_NGO701389,Community NGO 1390,Not Provided,Bengaluru - West,4030,Mixed,12.9716,77.5946
NGO701390,USER_NGO701390,Community NGO 1391,Not Provided,Bengaluru - West,1380,Mixed,12.9716,77.5946
NGO701393,USER_NGO701393,Community NGO 1394,Not Provided,Bengaluru - East,12420,Mixed,12.9716,77.5946
NGO701394,USER_NGO701394,Community NGO 1395,Not Provided,Mumbai - West,375,Mixed,19.076,72.8777
NGO701395,USER_NGO701395,Community NGO 1396,Not Provided,Mumbai - Central,6400,Mixed,19.076,72.8777
NGO701397,USER_NGO701397,Community NGO 1398,Not Provided,Kolkata - South,4590,Mixed,22.5726,88.3639
NGO700139,USER_NGO700139,Community NGO 140,Not Provided,Ahmedabad - East,8115,Mixed,23.0225,72.5714
NGO701399,USER_NGO701399,Community NGO 1400,Not Provided,Pune - East,450,Mixed,18.5204,73.8567
NGO701400,USER_NGO701400,Community NGO 1401,Not Provided,Pune - East,8595,Mixed,18.5204,73.8567
NGO701402,USER_NGO701402,Community NGO 1403,Not Provided,Jaipur - Central,11720,Mixed,26.9124,75.7873
NGO701403,USER_NGO701403,Community NGO 1404,Not Provided,Mumbai - West,12700,Mixed,19.076,72.8777
NGO701404,USER_NGO701404,Community NGO 1405,Not Provided,Remote - East,6095,Mixed,20.5937,78.9629
NGO701405,USER_NGO701405,Community NGO 1406,Not Provided,Kolkata - Central,13380,Mixed,22.5726,88.3639
NGO701406,USER_NGO701406,Community NGO 1407,Not Provided,Jaipur - West,8235,Mixed,26.9124,75.7873
NGO701407,USER_NGO701407,Community NGO 1408,Not Provided,Bengaluru - Citywide,14245,Mixed,12.9716,77.5946
NGO701408,USER_NGO701408,Community NGO 1409,Not Provided,Bengaluru - East,365,Mixed,12.9716,77.5946
NGO700140,USER_NGO700140,Community NGO 141,Not Provided,Mumbai - Central,4970,Mixed,19.076,72.8777
NGO701409,USER_NGO701409,Community NGO 1410,Not Provided,Delhi NCR - South,9795,Mixed,28.6139,77.209
NGO701411,USER_NGO701411,Community NGO 1412,Not Provided,Chennai - North,6605,Mixed,13.0827,80.2707
NGO701413,USER_NGO701413,Community NGO 1414,Not Provided,Pune - Citywide,6705,Mixed,18.5204,73.8567
NGO701414,USER_NGO701414,Community NGO 1415,Not Provided,Bengaluru - East,11990,Mixed,12.9716,77.5946
NGO701415,USER_NGO701415,Community NGO 1416,Not Provided,Delhi NCR - Central,9020,Mixed,28.6139,77.209
NGO701416,USER_NGO701416,Community NGO 1417,Not Provided,Jaipur - East,3310,Mixed,26.9124,75.7873
NGO700141,USER_NGO700141,Community NGO 142,Not Provided,Hyderabad - Citywide,14695,Mixed,17.385,78.4867
NGO701419,USER_NGO701419,Community NGO 1420,Not Provided,Chennai - South,10730,Mixed,13.0827,80.2707
NGO701420,USER_NGO701420,Community NGO 1421,Not Provided,Pune - West,5285,Mixed,18.5204,73.8567
NGO701422,USER_NGO701422,Community NGO 1423,Not Provided,Ahmedabad - West,12310,Mixed,23.0225,72.5714
NGO701424,USER_NGO701424,Community NGO 1425,Not Provided,Remote - North,3825,Mixed,20.5937,78.9629
NGO701427,USER_NGO701427,Community NGO 1428,Not Provided,Bengaluru - North,3590,Mixed,12.9716,77.5946
NGO701428,USER_NGO701428,Community NGO 1429,Not Provided,Ahmedabad - South,9160,Mixed,23.0225,72.5714
NGO700142,USER_NGO700142,Community NGO 143,Not Provided,Remote - Citywide,6855,Mixed,20.5937,78.9629
NGO701432,USER_NGO701432,Community NGO 1433,Not Provided,Delhi NCR - North,940,Mixed,28.6139,77.209
NGO701433,USER_NGO701433,Community NGO 1434,Not Provided,Hyderabad - East,11890,Mixed,17.385,78.4867
NGO701434,USER_NGO701434,Community NGO 1435,Not Provided,Mumbai - East,3745,Mixed,19.076,72.8777
NGO701435,USER_NGO701435,Community NGO 1436,Not Provided,Chennai - East,13100,Mixed,13.0827,80.2707
NGO701436,USER_NGO701436,Community NGO 1437,Not Provided,Pune - North,10185,Mixed,18.5204,73.8567
NGO701437,USER_NGO701437,Community NGO 1438,Not Provided,Remote - West,10580,Mixed,20.5937,78.9629
NGO701438,USER_NGO701438,Community NGO 1439,Not Provided,Chennai - Citywide,515,Mixed,13.0827,80.2707
NGO700143,USER_NGO700143,Community NGO 144,Not Provided,Chennai - East,4480,Mixed,13.0827,80.2707
NGO701440,USER_NGO701440,Community NGO 1441,Not Provided,Remote - Central,14565,Mixed,20.5937,78.9629
NGO701441,USER_NGO701441,Community NGO 1442,Not Provided,Kolkata - North,14655,Mixed,22.5726,88.3639
NGO701442,USER_NGO701442,Community NGO 1443,Not Provided,Jaipur - West,7095,Mixed,26.9124,75.7873
NGO701443,USER_NGO701443,Community NGO 1444,Not Provided,Mumbai - Central,14195,Mixed,19.076,72.8777
NGO701444,USER_NGO701444,Community NGO 1445,Not Provided,Kolkata - South,13790,Mixed,22.5726,88.3639
NGO701445,USER_NGO701445,Community NGO 1446,Not Provided,Delhi NCR - North,3325,Mixed,28.6139,77.209
NGO701446,USER_NGO701446,Community NGO 1447,Not Provided,Pune - North,590,Mixed,18.5204,73.8567
NGO701447,USER_NGO701447,Community NGO 1448,Not Provided,Jaipur - Citywide,600,Mixed,26.9124,75.7873
NGO700144,USER_NGO700144,Community NGO 145,Not Provided,Ahmedabad - West,4795,Mixed,23.0225,72.5714
NGO701449,USER_NGO701449,Community NGO 1450,Not Provided,Mumbai - North,11365,Mixed,19.076,72.8777
NGO701450,USER_NGO701450,Community NGO 1451,Not Provided,Kolkata - East,1735,Mixed,22.5726,88.3639
NGO701451,USER_NGO701451,Community NGO 1452,Not Provided,Pune - Citywide,4795,Mixed,18.5204,73.8567
NGO701452,USER_NGO701452,Community NGO 1453,Not Provided,Pune - Citywide,3225,Mixed,18.5204,73.8567
NGO701453,USER_NGO701453,Community NGO 1454,Not Provided,Remote - East,7640,Mixed,20.5937,78.9629
NGO701454,USER_NGO701454,Community NGO 1455,Not Provided,Chennai - Central,1385,Mixed,13.0827,80.2707
NGO701456,USER_NGO701456,Community NGO 1457,Not Provided,Bengaluru - West,14720,Mixed,12.9716,77.5946
NGO701457,USER_NGO701457,Community NGO 1458,Not Provided,Delhi NCR - East,4605,Mixed,28.6139,77.209
NGO701458,USER_NGO701458,Community NGO 1459,Not Provided,Jaipur - West,5205,Mixed,26.9124,75.7873
NGO700145,USER_NGO700145,Community NGO 146,Not Provided,Ahmedabad - Central,5145,Mixed,23.0225,72.5714
NGO701459,USER_NGO701459,Community NGO 1460,Not Provided,Kolkata - Central,5780,Mixed,22.5726,88.3639
NGO701460,USER_NGO701460,Community NGO 1461,Not Provided,Jaipur - West,915,Mixed,26.9124,75.7873
NGO701461,USER_NGO701461,Community NGO 1462,Not Provided,Hyderabad - West,3730,Mixed,17.385,78.4867
NGO701462,USER_NGO701462,Community NGO 1463,Not Provided,Jaipur - Citywide,400,Mixed,26.9124,75.7873
NGO701463,USER_NGO701463,Community NGO 1464,Not Provided,Jaipur - North,8955,Mixed,26.9124,75.7873
NGO701464,USER_NGO701464,Community NGO 1465,Not Provided,Kolkata - Citywide,12305,Mixed,22.5726,88.3639
NGO701465,USER_NGO701465,Community NGO 1466,Not Provided,Mumbai - West,6860,Mixed,19.076,72.8777
NGO701466,USER_NGO701466,Community NGO 1467,Not Provided,Bengaluru - East,8970,Mixed,12.9716,77.5946
NGO701467,USER_NGO701467,Community NGO 1468,Not Provided,Hyderabad - West,8010,Mixed,17.385,78.4867
NGO701468,USER_NGO701468,Community NGO 1469,Not Provided,Hyderabad - South,14160,Mixed,17.385,78.4867
NGO701469,USER_NGO701469,Community NGO 1470,Not Provided,Delhi NCR - East,10805,Mixed,28.6139,77.209
NGO701470,USER_NGO701470,Community NGO 1471,Not Provided,Bengaluru - South,10140,Mixed,12.9716,77.5946
NGO701471,USER_NGO701471,Community NGO 1472,Not Provided,Delhi NCR - South,5175,Mixed,28.6139,77.209
NGO701472,USER_NGO701472,Community NGO 1473,Not Provided,Kolkata - Central,1515,Mixed,22.5726,88.3639
NGO701475,USER_NGO701475,Community NGO 1476,Not Provided,Ahmedabad - East,2310,Mixed,23.0225,72.5714
NGO701476,USER_NGO701476,Community NGO 1477,Not Provided,Hyderabad - North,14115,Mixed,17.385,78.4867
NGO701477,USER_NGO701477,Community NGO 1478,Not Provided,Delhi NCR - North,3860,Mixed,28.6139,77.209
NGO701478,USER_NGO701478,Community NGO 1479,Not Provided,Remote - North,12050,Mixed,20.5937,78.9629
NGO700147,USER_NGO700147,Community NGO 148,Not Provided,Jaipur - East,9780,Mixed,26.9124,75.7873
NGO701479,USER_NGO701479,Community NGO 1480,Not Provided,Pune - South,9525,Mixed,18.5204,73.8567
NGO701482,USER_NGO701482,Community NGO 1483,Not Provided,Mumbai - North,1055,Mixed,19.076,72.8777
NGO701483,USER_NGO701483,Community NGO 1484,Not Provided,Pune - Citywide,8705,Mixed,18.5204,73.8567
NGO701484,USER_NGO701484,Community NGO 1485,Not Provided,Bengaluru - East,7195,Mixed,12.9716,77.5946
NGO701488,USER_NGO701488,Community NGO 1489,Not Provided,Delhi NCR - Central,12550,Mixed,28.6139,77.209
NGO700148,USER_NGO700148,Community NGO 149,Not Provided,Mumbai - East,320,Mixed,19.076,72.8777
NGO701489,USER_NGO701489,Community NGO 1490,Not Provided,Ahmedabad - Citywide,8435,Mixed,23.0225,72.5714
NGO701490,USER_NGO701490,Community NGO 1491,Not Provided,Kolkata - East,9005,Mixed,22.5726,88.3639
NGO701491,USER_NGO701491,Community NGO 1492,Not Provided,Remote - West,13055,Mixed,20.5937,78.9629
NGO701492,USER_NGO701492,Community NGO 1493,Not Provided,Jaipur - West,1545,Mixed,26.9124,75.7873
NGO701494,USER_NGO701494,Community NGO 1495,Not Provided,Remote - South,9435,Mixed,20.5937,78.9629
NGO701495,USER_NGO701495,Community NGO 1496,Not Provided,Delhi NCR - East,10115,Mixed,28.6139,77.209
NGO701497,USER_NGO701497,Community NGO 1498,Not Provided,Hyderabad - Central,12115,Mixed,17.385,78.4867
NGO701498,USER_NGO701498,Community NGO 1499,Not Provided,Bengaluru - West,10910,Mixed,12.9716,77.5946
NGO700014,USER_NGO700014,Community NGO 15,Not Provided,Bengaluru - Citywide,8980,Mixed,12.9716,77.5946
NGO700149,USER_NGO700149,Community NGO 150,Not Provided,Delhi NCR - Central,6300,Mixed,28.6139,77.209
NGO701499,USER_NGO701499,Community NGO 1500,Not Provided,Hyderabad - Citywide,14665,Mixed,17.385,78.4867
NGO701500,USER_NGO701500,Community NGO 1501,Not Provided,Delhi NCR - Central,960,Mixed,28.6139,77.209
NGO701501,USER_NGO701501,Community NGO 1502,Not Provided,Ahmedabad - North,2115,Mixed,23.0225,72.5714
NGO701502,USER_NGO701502,Community NGO 1503,Not Provided,Mumbai - East,3180,Mixed,19.076,72.8777
NGO701503,USER_NGO701503,Community NGO 1504,Not Provided,Kolkata - West,5045,Mixed,22.5726,88.3639
NGO701506,USER_NGO701506,Community NGO 1507,Not Provided,Ahmedabad - West,6040,Mixed,23.0225,72.5714
NGO701507,USER_NGO701507,Community NGO 1508,Not Provided,Jaipur - North,12120,Mixed,26.9124,75.7873
NGO701508,USER_NGO701508,Community NGO 1509,Not Provided,Mumbai - West,11515,Mixed,19.076,72.8777
NGO700150,USER_NGO700150,Community NGO 151,Not Provided,Delhi NCR - North,7485,Mixed,28.6139,77.209
NGO701509,USER_NGO701509,Community NGO 1510,Not Provided,Delhi NCR - West,5660,Mixed,28.6139,77.209
NGO701510,USER_NGO701510,Community NGO 1511,Not Provided,Hyderabad - Citywide,13215,Mixed,17.385,78.4867
NGO701511,USER_NGO701511,Community NGO 1512,Not Provided,Bengaluru - Central,8435,Mixed,12.9716,77.5946
NGO701514,USER_NGO701514,Community NGO 1515,Not Provided,Remote - North,3085,Mixed,20.5937,78.9629
NGO701515,USER_NGO701515,Community NGO 1516,Not Provided,Chennai - Central,12435,Mixed,13.0827,80.2707
NGO701516,USER_NGO701516,Community NGO 1517,Not Provided,Jaipur - Citywide,9145,Mixed,26.9124,75.7873
NGO701517,USER_NGO701517,Community NGO 1518,Not Provided,Ahmedabad - North,12185,Mixed,23.0225,72.5714
NGO701518,USER_NGO701518,Community NGO 1519,Not Provided,Bengaluru - South,7040,Mixed,12.9716,77.5946
NGO700151,USER_NGO700151,Community NGO 152,Not Provided,Chennai - Citywide,10905,Mixed,13.0827,80.2707
NGO701519,USER_NGO701519,Community NGO 1520,Not Provided,Jaipur - South,3370,Mixed,26.9124,75.7873
NGO701520,USER_NGO701520,Community NGO 1521,Not Provided,Bengaluru - South,8835,Mixed,12.9716,77.5946
NGO701521,USER_NGO701521,Community NGO 1522,Not Provided,Kolkata - West,6880,Mixed,22.5726,88.3639
NGO701522,USER_NGO701522,Community NGO 1523,Not Provided,Pune - East,11880,Mixed,18.5204,73.8567
NGO701523,USER_NGO701523,Community NGO 1524,Not Provided,Delhi NCR - Citywide,9255,Mixed,28.6139,77.209
NGO701524,USER_NGO701524,Community NGO 1525,Not Provided,Ahmedabad - West,5985,Mixed,23.0225,72.5714
NGO701525,USER_NGO701525,Community NGO 1526,Not Provided,Hyderabad - Citywide,14290,Mixed,17.385,78.4867
NGO701526,USER_NGO701526,Community NGO 1527,Not Provided,Kolkata - Central,4080,Mixed,22.5726,88.3639
NGO701527,USER_NGO701527,Community NGO 1528,Not Provided,Jaipur - Central,10555,Mixed,26.9124,75.7873
NGO700152,USER_NGO700152,Community NGO 153,Not Provided,Hyderabad - North,14610,Mixed,17.385,78.4867
NGO701529,USER_NGO701529,Community NGO 1530,Not Provided,Ahmedabad - East,11420,Mixed,23.0225,72.5714
NGO701530,USER_NGO701530,Community NGO 1531,Not Provided,Remote - South,12880,Mixed,20.5937,78.9629
NGO701531,USER_NGO701531,Community NGO 1532,Not Provided,Kolkata - North,14520,Mixed,22.5726,88.3639
NGO701533,USER_NGO701533,Community NGO 1534,Not Provided,Hyderabad - North,13385,Mixed,17.385,78.4867
NGO701534,USER_NGO701534,Community NGO 1535,Not Provided,Kolkata - Citywide,8850,Mixed,22.5726,88.3639
NGO701535,USER_NGO701535,Community NGO 1536,Not Provided,Mumbai - West,12800,Mixed,19.076,72.8777
NGO701536,USER_NGO701536,Community NGO 1537,Not Provided,Ahmedabad - East,9085,Mixed,23.0225,72.5714
NGO701537,USER_NGO701537,Community NGO 1538,Not Provided,Jaipur - North,2770,Mixed,26.9124,75.7873
NGO701538,USER_NGO701538,Community NGO 1539,Not Provided,Ahmedabad - Citywide,785,Mixed,23.0225,72.5714
NGO700153,USER_NGO700153,Community NGO 154,Not Provided,Ahmedabad - West,8270,Mixed,23.0225,72.5714
NGO701539,USER_NGO701539,Community NGO 1540,Not Provided,Hyderabad - West,4760,Mixed,17.385,78.4867
NGO701542,USER_NGO701542,Community NGO 1543,Not Provided,Jaipur - North,13115,Mixed,26.9124,75.7873
NGO701543,USER_NGO701543,Community NGO 1544,Not Provided,Mumbai - South,12810,Mixed,19.076,72.8777
NGO701544,USER_NGO701544,Community NGO 1545,Not Provided,Kolkata - North,2630,Mixed,22.5726,88.3639
NGO701545,USER_NGO701545,Community NGO 1546,Not Provided,Bengaluru - West,1910,Mixed,12.9716,77.5946
NGO701546,USER_NGO701546,Community NGO 1547,Not Provided,Ahmedabad - East,2445,Mixed,23.0225,72.5714
NGO701548,USER_NGO701548,Community NGO 1549,Not Provided,Remote - South,14700,Mixed,20.5937,78.9629
NGO700154,USER_NGO700154,Community NGO 155,Not Provided,Remote - East,9835,Mixed,20.5937,78.9629
NGO701549,USER_NGO701549,Community NGO 1550,Not Provided,Pune - North,14780,Mixed,18.5204,73.8567
NGO701550,USER_NGO701550,Community NGO 1551,Not Provided,Hyderabad - North,12640,Mixed,17.385,78.4867
NGO701551,USER_NGO701551,Community NGO 1552,Not Provided,Ahmedabad - Citywide,7840,Mixed,23.0225,72.5714
NGO701552,USER_NGO701552,Community NGO 1553,Not Provided,Kolkata - West,3075,Mixed,22.5726,88.3639
NGO701553,USER_NGO701553,Community NGO 1554,Not Provided,Mumbai - Citywide,11635,Mixed,19.076,72.8777
NGO701554,USER_NGO701554,Community NGO 1555,Not Provided,Hyderabad - Central,9370,Mixed,17.385,78.4867
NGO701556,USER_NGO701556,Community NGO 1557,Not Provided,Hyderabad - South,4720,Mixed,17.385,78.4867
NGO701558,USER_NGO701558,Community NGO 1559,Not Provided,Bengaluru - East,8065,Mixed,12.9716,77.5946
NGO700155,USER_NGO700155,Community NGO 156,Not Provided,Bengaluru - West,14305,Mixed,12.9716,77.5946
NGO701559,USER_NGO701559,Community NGO 1560,Not Provided,Kolkata - East,695,Mixed,22.5726,88.3639
NGO701561,USER_NGO701561,Community NGO 1562,Not Provided,Mumbai - East,7040,Mixed,19.076,72.8777
NGO701562,USER_NGO701562,Community NGO 1563,Not Provided,Chennai - East,9750,Mixed,13.0827,80.2707
NGO701563,USER_NGO701563,Community NGO 1564,Not Provided,Delhi NCR - Central,11000,Mixed,28.6139,77.209
NGO701567,USER_NGO701567,Community NGO 1568,Not Provided,Chennai - South,9245,Mixed,13.0827,80.2707
NGO700156,USER_NGO700156,Community NGO 157,Not Provided,Ahmedabad - South,6820,Mixed,23.0225,72.5714
NGO701569,USER_NGO701569,Community NGO 1570,Not Provided,Pune - Citywide,4725,Mixed,18.5204,73.8567
NGO701570,USER_NGO701570,Community NGO 1571,Not Provided,Jaipur - West,14820,Mixed,26.9124,75.7873
NGO701571,USER_NGO701571,Community NGO 1572,Not Provided,Hyderabad - West,4720,Mixed,17.385,78.4867
NGO701572,USER_NGO701572,Community NGO 1573,Not Provided,Jaipur - Central,13215,Mixed,26.9124,75.7873
NGO701574,USER_NGO701574,Community NGO 1575,Not Provided,Chennai - Citywide,3550,Mixed,13.0827,80.2707
NGO701575,USER_NGO701575,Community NGO 1576,Not Provided,Jaipur - North,2390,Mixed,26.9124,75.7873
NGO701576,USER_NGO701576,Community NGO 1577,Not Provided,Remote - West,5995,Mixed,20.5937,78.9629
NGO701577,USER_NGO701577,Community NGO 1578,Not Provided,Bengaluru - East,4230,Mixed,12.9716,77.5946
NGO701578,USER_NGO701578,Community NGO 1579,Not Provided,Delhi NCR - West,8960,Mixed,28.6139,77.209
NGO701579,USER_NGO701579,Community NGO 1580,Not Provided,Bengaluru - Central,2170,Mixed,12.9716,77.5946
NGO701580,USER_NGO701580,Community NGO 1581,Not Provided,Ahmedabad - East,8195,Mixed,23.0225,72.5714
NGO701581,USER_NGO701581,Community NGO 1582,Not Provided,Delhi NCR - East,1570,Mixed,28.6139,77.209
NGO701582,USER_NGO701582,Community NGO 1583,Not Provided,Jaipur - East,13055,Mixed,26.9124,75.7873
NGO701583,USER_NGO701583,Community NGO 1584,Not Provided,Pune - Citywide,14640,Mixed,18.5204,73.8567
NGO701584,USER_NGO701584,Community NGO 1585,Not Provided,Jaipur - West,7130,Mixed,26.9124,75.7873
NGO701585,USER_NGO701585,Community NGO 1586,Not Provided,Hyderabad - South,2165,Mixed,17.385,78.4867
NGO701586,USER_NGO701586,Community NGO 1587,Not Provided,Remote - Citywide,11585,Mixed,20.5937,78.9629
NGO701587,USER_NGO701587,Community NGO 1588,Not Provided,Ahmedabad - North,3295,Mixed,23.0225,72.5714
NGO701588,USER_NGO701588,Community NGO 1589,Not Provided,Remote - North,9675,Mixed,20.5937,78.9629
NGO700158,USER_NGO700158,Community NGO 159,Not Provided,Pune - North,13610,Mixed,18.5204,73.8567
NGO701590,USER_NGO701590,Community NGO 1591,Not Provided,Remote - Central,2840,Mixed,20.5937,78.9629
NGO701592,USER_NGO701592,Community NGO 1593,Not Provided,Jaipur - East,455,Mixed,26.9124,75.7873
NGO701593,USER_NGO701593,Community NGO 1594,Not Provided,Kolkata - South,5875,Mixed,22.5726,88.3639
NGO701594,USER_NGO701594,Community NGO 1595,Not Provided,Mumbai - North,7675,Mixed,19.076,72.8777
NGO701596,USER_NGO701596,Community NGO 1597,Not Provided,Ahmedabad - Central,4270,Mixed,23.0225,72.5714
NGO701598,USER_NGO701598,Community NGO 1599,Not Provided,Chennai - East,225,Mixed,13.0827,80.2707
NGO700159,USER_NGO700159,Community NGO 160,Not Provided,Mumbai - West,925,Mixed,19.076,72.8777
NGO701599,USER_NGO701599,Community NGO 1600,Not Provided,Ahmedabad - West,7975,Mixed,23.0225,72.5714
NGO701600,USER_NGO701600,Community NGO 1601,Not Provided,Hyderabad - Citywide,6815,Mixed,17.385,78.4867
NGO701601,USER_NGO701601,Community NGO 1602,Not Provided,Remote - East,12380,Mixed,20.5937,78.9629
NGO701603,USER_NGO701603,Community NGO 1604,Not Provided,Ahmedabad - West,2635,Mixed,23.0225,72.5714
NGO701604,USER_NGO701604,Community NGO 1605,Not Provided,Hyderabad - Citywide,9795,Mixed,17.385,78.4867
NGO701605,USER_NGO701605,Community NGO 1606,Not Provided,Pune - Central,14945,Mixed,18.5204,73.8567
NGO701606,USER_NGO701606,Community NGO 1607,Not Provided,Delhi NCR - East,11465,Mixed,28.6139,77.209
NGO701607,USER_NGO701607,Community NGO 1608,Not Provided,Hyderabad - South,8055,Mixed,17.385,78.4867
NGO701608,USER_NGO701608,Community NGO 1609,Not Provided,Bengaluru - Citywide,10820,Mixed,12.9716,77.5946
NGO701609,USER_NGO701609,Community NGO 1610,Not Provided,Ahmedabad - South,4375,Mixed,23.0225,72.5714
NGO701610,USER_NGO701610,Community NGO 1611,Not Provided,Delhi NCR - Citywide,995,Mixed,28.6139,77.209
NGO701612,USER_NGO701612,Community NGO 1613,Not Provided,Ahmedabad - East,13775,Mixed,23.0225,72.5714
NGO701614,USER_NGO701614,Community NGO 1615,Not Provided,Hyderabad - South,9645,Mixed,17.385,78.4867
NGO701615,USER_NGO701615,Community NGO 1616,Not Provided,Delhi NCR - South,6745,Mixed,28.6139,77.209
NGO701616,USER_NGO701616,Community NGO 1617,Not Provided,Kolkata - South,14970,Mixed,22.5726,88.3639
NGO701617,USER_NGO701617,Community NGO 1618,Not Provided,Remote - Central,2115,Mixed,20.5937,78.9629
NGO701618,USER_NGO701618,Community NGO 1619,Not Provided,Pune - Central,5735,Mixed,18.5204,73.8567
NGO701619,USER_NGO701619,Community NGO 1620,Not Provided,Chennai - Citywide,13640,Mixed,13.0827,80.2707
NGO701623,USER_NGO701623,Community NGO 1624,Not Provided,Ahmedabad - Citywide,10785,Mixed,23.0225,72.5714
NGO701626,USER_NGO701626,Community NGO 1627,Not Provided,Mumbai - Central,3850,Mixed,19.076,72.8777
NGO701627,USER_NGO701627,Community NGO 1628,Not Provided,Pune - West,13375,Mixed,18.5204,73.8567
NGO701628,USER_NGO701628,Community NGO 1629,Not Provided,Ahmedabad - Citywide,9225,Mixed,23.0225,72.5714
NGO700162,USER_NGO700162,Community NGO 163,Not Provided,Mumbai - South,9945,Mixed,19.076,72.8777
NGO701629,USER_NGO701629,Community NGO 1630,Not Provided,Bengaluru - West,7900,Mixed,12.9716,77.5946
NGO701630,USER_NGO701630,Community NGO 1631,Not Provided,Chennai - East,3940,Mixed,13.0827,80.2707
NGO701631,USER_NGO701631,Community NGO 1632,Not Provided,Hyderabad - Citywide,1605,Mixed,17.385,78.4867
NGO701633,USER_NGO701633,Community NGO 1634,Not Provided,Pune - Central,5120,Mixed,18.5204,73.8567
NGO701634,USER_NGO701634,Community NGO 1635,Not Provided,Kolkata - Citywide,14940,Mixed,22.5726,88.3639
NGO701635,USER_NGO701635,Community NGO 1636,Not Provided,Chennai - Central,10310,Mixed,13.0827,80.2707
NGO701637,USER_NGO701637,Community NGO 1638,Not Provided,Ahmedabad - West,11540,Mixed,23.0225,72.5714
NGO701638,USER_NGO701638,Community NGO 1639,Not Provided,Hyderabad - South,7575,Mixed,17.385,78.4867
NGO700163,USER_NGO700163,Community NGO 164,Not Provided,Mumbai - North,2865,Mixed,19.076,72.8777
NGO701639,USER_NGO701639,Community NGO 1640,Not Provided,Pune - West,3890,Mixed,18.5204,73.8567
NGO701641,USER_NGO701641,Community NGO 1642,Not Provided,Mumbai - West,5350,Mixed,19.076,72.8777
NGO701642,USER_NGO701642,Community NGO 1643,Not Provided,Jaipur - South,1665,Mixed,26.9124,75.7873
NGO701644,USER_NGO701644,Community NGO 1645,Not Provided,Ahmedabad - Citywide,5145,Mixed,23.0225,72.5714
NGO701645,USER_NGO701645,Community NGO 1646,Not Provided,Chennai - Citywide,5335,Mixed,13.0827,80.2707
NGO701647,USER_NGO701647,Community NGO 1648,Not Provided,Pune - Citywide,4995,Mixed,18.5204,73.8567
NGO701648,USER_NGO701648,Community NGO 1649,Not Provided,Chennai - North,11535,Mixed,13.0827,80.2707
NGO701649,USER_NGO701649,Community NGO 1650,Not Provided,Chennai - West,12675,Mixed,13.0827,80.2707
NGO701650,USER_NGO701650,Community NGO 1651,Not Provided,Mumbai - Citywide,8165,Mixed,19.076,72.8777
NGO701651,USER_NGO701651,Community NGO 1652,Not Provided,Mumbai - Central,7860,Mixed,19.076,72.8777
NGO701652,USER_NGO701652,Community NGO 1653,Not Provided,Mumbai - West,8030,Mixed,19.076,72.8777
NGO701653,USER_NGO701653,Community NGO 1654,Not Provided,Delhi NCR - North,5705,Mixed,28.6139,77.209
NGO701654,USER_NGO701654,Community NGO 1655,Not Provided,Delhi NCR - South,7445,Mixed,28.6139,77.209
NGO701656,USER_NGO701656,Community NGO 1657,Not Provided,Hyderabad - Citywide,11730,Mixed,17.385,78.4867
NGO701657,USER_NGO701657,Community NGO 1658,Not Provided,Mumbai - West,755,Mixed,19.076,72.8777
NGO701658,USER_NGO701658,Community NGO 1659,Not Provided,Chennai - Citywide,12800,Mixed,13.0827,80.2707
NGO701659,USER_NGO701659,Community NGO 1660,Not Provided,Jaipur - West,9995,Mixed,26.9124,75.7873
NGO701660,USER_NGO701660,Community NGO 1661,Not Provided,Bengaluru - Citywide,14655,Mixed,12.9716,77.5946
NGO701661,USER_NGO701661,Community NGO 1662,Not Provided,Ahmedabad - South,4970,Mixed,23.0225,72.5714
NGO701662,USER_NGO701662,Community NGO 1663,Not Provided,Delhi NCR - West,4695,Mixed,28.6139,77.209
NGO701663,USER_NGO701663,Community NGO 1664,Not Provided,Delhi NCR - South,14910,Mixed,28.6139,77.209
NGO701664,USER_NGO701664,Community NGO 1665,Not Provided,Jaipur - South,3855,Mixed,26.9124,75.7873
NGO701665,USER_NGO701665,Community NGO 1666,Not Provided,Remote - South,2365,Mixed,20.5937,78.9629
NGO701666,USER_NGO701666,Community NGO 1667,Not Provided,Ahmedabad - South,8325,Mixed,23.0225,72.5714
NGO701667,USER_NGO701667,Community NGO 1668,Not Provided,Hyderabad - Citywide,10455,Mixed,17.385,78.4867
NGO701668,USER_NGO701668,Community NGO 1669,Not Provided,Ahmedabad - Central,13925,Mixed,23.0225,72.5714
NGO700166,USER_NGO700166,Community NGO 167,Not Provided,Remote - Citywide,3430,Mixed,20.5937,78.9629
NGO701671,USER_NGO701671,Community NGO 1672,Not Provided,Chennai - South,14075,Mixed,13.0827,80.2707
NGO701673,USER_NGO701673,Community NGO 1674,Not Provided,Kolkata - Citywide,11290,Mixed,22.5726,88.3639
NGO701675,USER_NGO701675,Community NGO 1676,Not Provided,Delhi NCR - North,6050,Mixed,28.6139,77.209
NGO701676,USER_NGO701676,Community NGO 1677,Not Provided,Bengaluru - Citywide,6840,Mixed,12.9716,77.5946
NGO701677,USER_NGO701677,Community NGO 1678,Not Provided,Chennai - Citywide,3575,Mixed,13.0827,80.2707
NGO700167,USER_NGO700167,Community NGO 168,Not Provided,Kolkata - East,2195,Mixed,22.5726,88.3639
NGO701680,USER_NGO701680,Community NGO 1681,Not Provided,Hyderabad - Central,2620,Mixed,17.385,78.4867
NGO701681,USER_NGO701681,Community NGO 1682,Not Provided,Pune - North,2340,Mixed,18.5204,73.8567
NGO701683,USER_NGO701683,Community NGO 1684,Not Provided,Kolkata - Citywide,2515,Mixed,22.5726,88.3639
NGO701684,USER_NGO701684,Community NGO 1685,Not Provided,Remote - North,325,Mixed,20.5937,78.9629
NGO701685,USER_NGO701685,Community NGO 1686,Not Provided,Mumbai - South,2925,Mixed,19.076,72.8777
NGO701686,USER_NGO701686,Community NGO 1687,Not Provided,Hyderabad - South,4250,Mixed,17.385,78.4867
NGO701687,USER_NGO701687,Community NGO 1688,Not Provided,Hyderabad - Central,12250,Mixed,17.385,78.4867
NGO701688,USER_NGO701688,Community NGO 1689,Not Provided,Kolkata - Central,240,Mixed,22.5726,88.3639
NGO701689,USER_NGO701689,Community NGO 1690,Not Provided,Mumbai - Central,11360,Mixed,19.076,72.8777
NGO701692,USER_NGO701692,Community NGO 1693,Not Provided,Remote - Citywide,1795,Mixed,20.5937,78.9629
NGO701693,USER_NGO701693,Community NGO 1694,Not Provided,Kolkata - Central,6890,Mixed,22.5726,88.3639
NGO701694,USER_NGO701694,Community NGO 1695,Not Provided,Remote - West,1845,Mixed,20.5937,78.9629
NGO701696,USER_NGO701696,Community NGO 1697,Not Provided,Remote - Citywide,8995,Mixed,20.5937,78.9629
NGO701697,USER_NGO701697,Community NGO 1698,Not Provided,Jaipur - West,8515,Mixed,26.9124,75.7873
NGO701698,USER_NGO701698,Community NGO 1699,Not Provided,Bengaluru - Central,4065,Mixed,12.9716,77.5946
NGO700016,USER_NGO700016,Community NGO 17,Not Provided,Delhi NCR - Citywide,8345,Mixed,28.6139,77.209
NGO700169,USER_NGO700169,Community NGO 170,Not Provided,Delhi NCR - South,6020,Mixed,28.6139,77.209
NGO701699,USER_NGO701699,Community NGO 1700,Not Provided,Delhi NCR - West,3730,Mixed,28.6139,77.209
NGO701700,USER_NGO701700,Community NGO 1701,Not Provided,Kolkata - Citywide,2135,Mixed,22.5726,88.3639
NGO701702,USER_NGO701702,Community NGO 1703,Not Provided,Jaipur - Central,7930,Mixed,26.9124,75.7873
NGO701703,USER_NGO701703,Community NGO 1704,Not Provided,Remote - East,7465,Mixed,20.5937,78.9629
NGO701704,USER_NGO701704,Community NGO 1705,Not Provided,Hyderabad - East,6550,Mixed,17.385,78.4867
NGO701705,USER_NGO701705,Community NGO 1706,Not Provided,Mumbai - Citywide,13055,Mixed,19.076,72.8777
NGO701706,USER_NGO701706,Community NGO 1707,Not Provided,Bengaluru - South,375,Mixed,12.9716,77.5946
NGO701709,USER_NGO701709,Community NGO 1710,Not Provided,Jaipur - North,1900,Mixed,26.9124,75.7873
NGO701710,USER_NGO701710,Community NGO 1711,Not Provided,Kolkata - East,2680,Mixed,22.5726,88.3639
NGO701711,USER_NGO701711,Community NGO 1712,Not Provided,Kolkata - Citywide,3020,Mixed,22.5726,88.3639
NGO701712,USER_NGO701712,Community NGO 1713,Not Provided,Kolkata - West,13545,Mixed,22.5726,88.3639
NGO701713,USER_NGO701713,Community NGO 1714,Not Provided,Bengaluru - East,9000,Mixed,12.9716,77.5946
NGO701714,USER_NGO701714,Community NGO 1715,Not Provided,Bengaluru - North,13395,Mixed,12.9716,77.5946
NGO701715,USER_NGO701715,Community NGO 1716,Not Provided,Bengaluru - North,10150,Mixed,12.9716,77.5946
NGO701716,USER_NGO701716,Community NGO 1717,Not Provided,Remote - North,12915,Mixed,20.5937,78.9629
NGO701718,USER_NGO701718,Community NGO 1719,Not Provided,Bengaluru - West,10570,Mixed,12.9716,77.5946
NGO701719,USER_NGO701719,Community NGO 1720,Not Provided,Hyderabad - North,9770,Mixed,17.385,78.4867
NGO701720,USER_NGO701720,Community NGO 1721,Not Provided,Chennai - North,11805,Mixed,13.0827,80.2707
NGO701721,USER_NGO701721,Community NGO 1722,Not Provided,Delhi NCR - South,6055,Mixed,28.6139,77.209
NGO701722,USER_NGO701722,Community NGO 1723,Not Provided,Hyderabad - Central,2320,Mixed,17.385,78.4867
NGO701723,USER_NGO701723,Community NGO 1724,Not Provided,Remote - Citywide,1175,Mixed,20.5937,78.9629
NGO701725,USER_NGO701725,Community NGO 1726,Not Provided,Delhi NCR - South,11535,Mixed,28.6139,77.209
NGO701726,USER_NGO701726,Community NGO 1727,Not Provided,Delhi NCR - East,9095,Mixed,28.6139,77.209
NGO701727,USER_NGO701727,Community NGO 1728,Not Provided,Ahmedabad - West,8655,Mixed,23.0225,72.5714
NGO701728,USER_NGO701728,Community NGO 1729,Not Provided,Mumbai - East,4195,Mixed,19.076,72.8777
NGO700172,USER_NGO700172,Community NGO 173,Not Provided,Mumbai - East,1110,Mixed,19.076,72.8777
NGO701729,USER_NGO701729,Community NGO 1730,Not Provided,Hyderabad - Central,1220,Mixed,17.385,78.4867
NGO701730,USER_NGO701730,Community NGO 1731,Not Provided,Chennai - Central,3300,Mixed,13.0827,80.2707
NGO701731,USER_NGO701731,Community NGO 1732,Not Provided,Ahmedabad - West,6410,Mixed,23.0225,72.5714
NGO701733,USER_NGO701733,Community NGO 1734,Not Provided,Chennai - Central,8060,Mixed,13.0827,80.2707
NGO701734,USER_NGO701734,Community NGO 1735,Not Provided,Bengaluru - North,4725,Mixed,12.9716,77.5946
NGO701735,USER_NGO701735,Community NGO 1736,Not Provided,Delhi NCR - North,2700,Mixed,28.6139,77.209
NGO701738,USER_NGO701738,Community NGO 1739,Not Provided,Delhi NCR - East,5500,Mixed,28.6139,77.209
NGO701739,USER_NGO701739,Community NGO 1740,Not Provided,Jaipur - North,9715,Mixed,26.9124,75.7873
NGO701740,USER_NGO701740,Community NGO 1741,Not Provided,Delhi NCR - North,6910,Mixed,28.6139,77.209
NGO701741,USER_NGO701741,Community NGO 1742,Not Provided,Hyderabad - Citywide,560,Mixed,17.385,78.4867
NGO701742,USER_NGO701742,Community NGO 1743,Not Provided,Chennai - Central,13205,Mixed,13.0827,80.2707
NGO701743,USER_NGO701743,Community NGO 1744,Not Provided,Chennai - South,13590,Mixed,13.0827,80.2707
NGO701744,USER_NGO701744,Community NGO 1745,Not Provided,Remote - North,115,Mixed,20.5937,78.9629
NGO701745,USER_NGO701745,Community NGO 1746,Not Provided,Pune - North,8340,Mixed,18.5204,73.8567
NGO701746,USER_NGO701746,Community NGO 1747,Not Provided,Delhi NCR - Central,14755,Mixed,28.6139,77.209
NGO701747,USER_NGO701747,Community NGO 1748,Not Provided,Chennai - North,4565,Mixed,13.0827,80.2707
NGO701748,USER_NGO701748,Community NGO 1749,Not Provided,Remote - Central,6715,Mixed,20.5937,78.9629
NGO700174,USER_NGO700174,Community NGO 175,Not Provided,Remote - South,6290,Mixed,20.5937,78.9629
NGO701749,USER_NGO701749,Community NGO 1750,Not Provided,Hyderabad - Citywide,1770,Mixed,17.385,78.4867
NGO701750,USER_NGO701750,Community NGO 1751,Not Provided,Delhi NCR - South,12230,Mixed,28.6139,77.209
NGO701751,USER_NGO701751,Community NGO 1752,Not Provided,Ahmedabad - South,13460,Mixed,23.0225,72.5714
NGO701752,USER_NGO701752,Community NGO 1753,Not Provided,Chennai - Citywide,8490,Mixed,13.0827,80.2707
NGO701755,USER_NGO701755,Community NGO 1756,Not Provided,Delhi NCR - Citywide,11860,Mixed,28.6139,77.209
NGO701756,USER_NGO701756,Community NGO 1757,Not Provided,Bengaluru - Central,10850,Mixed,12.9716,77.5946
NGO701757,USER_NGO701757,Community NGO 1758,Not Provided,Jaipur - East,2970,Mixed,26.9124,75.7873
NGO701758,USER_NGO701758,Community NGO 1759,Not Provided,Kolkata - Central,5355,Mixed,22.5726,88.3639
NGO700175,USER_NGO700175,Community NGO 176,Not Provided,Mumbai - East,7645,Mixed,19.076,72.8777
NGO701759,USER_NGO701759,Community NGO 1760,Not Provided,Chennai - West,14260,Mixed,13.0827,80.2707
NGO701762,USER_NGO701762,Community NGO 1763,Not Provided,Remote - North,11520,Mixed,20.5937,78.9629
NGO701763,USER_NGO701763,Community NGO 1764,Not Provided,Delhi NCR - South,12750,Mixed,28.6139,77.209
NGO701764,USER_NGO701764,Community NGO 1765,Not Provided,Delhi NCR - Citywide,2860,Mixed,28.6139,77.209
NGO701765,USER_NGO701765,Community NGO 1766,Not Provided,Hyderabad - North,6540,Mixed,17.385,78.4867
NGO701766,USER_NGO701766,Community NGO 1767,Not Provided,Remote - Central,7355,Mixed,20.5937,78.9629
NGO701767,USER_NGO701767,Community NGO 1768,Not Provided,Chennai - Citywide,14515,Mixed,13.0827,80.2707
NGO700176,USER_NGO700176,Community NGO 177,Not Provided,Delhi NCR - Citywide,11120,Mixed,28.6139,77.209
NGO701770,USER_NGO701770,Community NGO 1771,Not Provided,Hyderabad - North,4970,Mixed,17.385,78.4867
NGO701771,USER_NGO701771,Community NGO 1772,Not Provided,Delhi NCR - East,1190,Mixed,28.6139,77.209
NGO701772,USER_NGO701772,Community NGO 1773,Not Provided,Delhi NCR - Citywide,1660,Mixed,28.6139,77.209
NGO701773,USER_NGO701773,Community NGO 1774,Not Provided,Remote - Citywide,12925,Mixed,20.5937,78.9629
NGO701774,USER_NGO701774,Community NGO 1775,Not Provided,Jaipur - Central,9390,Mixed,26.9124,75.7873
NGO701775,USER_NGO701775,Community NGO 1776,Not Provided,Kolkata - North,720,Mixed,22.5726,88.3639
NGO701777,USER_NGO701777,Community NGO 1778,Not Provided,Delhi NCR - Central,9690,Mixed,28.6139,77.209
NGO701778,USER_NGO701778,Community NGO 1779,Not Provided,Hyderabad - North,645,Mixed,17.385,78.4867
NGO701779,USER_NGO701779,Community NGO 1780,Not Provided,Bengaluru - North,13045,Mixed,12.9716,77.5946
NGO701780,USER_NGO701780,Community NGO 1781,Not Provided,Remote - West,3675,Mixed,20.5937,78.9629
NGO701782,USER_NGO701782,Community NGO 1783,Not Provided,Kolkata - North,1540,Mixed,22.5726,88.3639
NGO701784,USER_NGO701784,Community NGO 1785,Not Provided,Remote - West,7735,Mixed,20.5937,78.9629
NGO701787,USER_NGO701787,Community NGO 1788,Not Provided,Delhi NCR - East,11070,Mixed,28.6139,77.209
NGO701788,USER_NGO701788,Community NGO 1789,Not Provided,Delhi NCR - North,5335,Mixed,28.6139,77.209
NGO700178,USER_NGO700178,Community NGO 179,Not Provided,Delhi NCR - Central,12360,Mixed,28.6139,77.209
NGO701789,USER_NGO701789,Community NGO 1790,Not Provided,Hyderabad - Central,11895,Mixed,17.385,78.4867
NGO701790,USER_NGO701790,Community NGO 1791,Not Provided,Jaipur - East,10725,Mixed,26.9124,75.7873
NGO701791,USER_NGO701791,Community NGO 1792,Not Provided,Jaipur - Citywide,4400,Mixed,26.9124,75.7873
NGO701792,USER_NGO701792,Community NGO 1793,Not Provided,Delhi NCR - Central,4110,Mixed,28.6139,77.209
NGO701793,USER_NGO701793,Community NGO 1794,Not Provided,Pune - East,8270,Mixed,18.5204,73.8567
NGO701794,USER_NGO701794,Community NGO 1795,Not Provided,Hyderabad - South,5735,Mixed,17.385,78.4867
NGO701795,USER_NGO701795,Community NGO 1796,Not Provided,Hyderabad - South,5270,Mixed,17.385,78.4867
NGO701796,USER_NGO701796,Community NGO 1797,Not Provided,Delhi NCR - West,9540,Mixed,28.6139,77.209
NGO701797,USER_NGO701797,Community NGO 1798,Not Provided,Bengaluru - South,9455,Mixed,12.9716,77.5946
NGO701798,USER_NGO701798,Community NGO 1799,Not Provided,Ahmedabad - Citywide,14570,Mixed,23.0225,72.5714
NGO700017,USER_NGO700017,Community NGO 18,Not Provided,Delhi NCR - Central,4135,Mixed,28.6139,77.209
NGO700179,USER_NGO700179,Community NGO 180,Not Provided,Chennai - East,6365,Mixed,13.0827,80.2707
NGO701799,USER_NGO701799,Community NGO 1800,Not Provided,Pune - East,1990,Mixed,18.5204,73.8567
NGO701800,USER_NGO701800,Community NGO 1801,Not Provided,Jaipur - South,14815,Mixed,26.9124,75.7873
NGO701801,USER_NGO701801,Community NGO 1802,Not Provided,Ahmedabad - Citywide,8560,Mixed,23.0225,72.5714
NGO701802,USER_NGO701802,Community NGO 1803,Not Provided,Mumbai - North,12875,Mixed,19.076,72.8777
NGO701803,USER_NGO701803,Community NGO 1804,Not Provided,Mumbai - South,905,Mixed,19.076,72.8777
NGO701804,USER_NGO701804,Community NGO 1805,Not Provided,Mumbai - South,14920,Mixed,19.076,72.8777
NGO701805,USER_NGO701805,Community NGO 1806,Not Provided,Jaipur - East,5980,Mixed,26.9124,75.7873
NGO701806,USER_NGO701806,Community NGO 1807,Not Provided,Jaipur - West,7690,Mixed,26.9124,75.7873
NGO701807,USER_NGO701807,Community NGO 1808,Not Provided,Remote - West,4565,Mixed,20.5937,78.9629
NGO701808,USER_NGO701808,Community NGO 1809,Not Provided,Chennai - Central,4515,Mixed,13.0827,80.2707
NGO701809,USER_NGO701809,Community NGO 1810,Not Provided,Delhi NCR - East,8080,Mixed,28.6139,77.209
NGO701810,USER_NGO701810,Community NGO 1811,Not Provided,Jaipur - Central,8655,Mixed,26.9124,75.7873
NGO701811,USER_NGO701811,Community NGO 1812,Not Provided,Ahmedabad - West,6215,Mixed,23.0225,72.5714
NGO701813,USER_NGO701813,Community NGO 1814,Not Provided,Chennai - Citywide,280,Mixed,13.0827,80.2707
NGO701814,USER_NGO701814,Community NGO 1815,Not Provided,Jaipur - East,13680,Mixed,26.9124,75.7873
NGO701817,USER_NGO701817,Community NGO 1818,Not Provided,Mumbai - Citywide,6180,Mixed,19.076,72.8777
NGO701818,USER_NGO701818,Community NGO 1819,Not Provided,Jaipur - West,2555,Mixed,26.9124,75.7873
NGO701820,USER_NGO701820,Community NGO 1821,Not Provided,Bengaluru - Citywide,7305,Mixed,12.9716,77.5946
NGO701821,USER_NGO701821,Community NGO 1822,Not Provided,Remote - West,4265,Mixed,20.5937,78.9629
NGO701822,USER_NGO701822,Community NGO 1823,Not Provided,Remote - East,14355,Mixed,20.5937,78.9629
NGO701823,USER_NGO701823,Community NGO 1824,Not Provided,Chennai - North,11365,Mixed,13.0827,80.2707
NGO701824,USER_NGO701824,Community NGO 1825,Not Provided,Chennai - Citywide,13380,Mixed,13.0827,80.2707
NGO701825,USER_NGO701825,Community NGO 1826,Not Provided,Pune - South,12390,Mixed,18.5204,73.8567
NGO701826,USER_NGO701826,Community NGO 1827,Not Provided,Kolkata - Central,13005,Mixed,22.5726,88.3639
NGO701827,USER_NGO701827,Community NGO 1828,Not Provided,Pune - North,7775,Mixed,18.5204,73.8567
NGO701828,USER_NGO701828,Community NGO 1829,Not Provided,Delhi NCR - North,4745,Mixed,28.6139,77.209
NGO700182,USER_NGO700182,Community NGO 183,Not Provided,Pune - South,7730,Mixed,18.5204,73.8567
NGO701829,USER_NGO701829,Community NGO 1830,Not Provided,Bengaluru - West,1665,Mixed,12.9716,77.5946
NGO701830,USER_NGO701830,Community NGO 1831,Not Provided,Jaipur - Citywide,9935,Mixed,26.9124,75.7873
NGO701831,USER_NGO701831,Community NGO 1832,Not Provided,Ahmedabad - North,9330,Mixed,23.0225,72.5714
NGO701832,USER_NGO701832,Community NGO 1833,Not Provided,Pune - South,10795,Mixed,18.5204,73.8567
NGO701833,USER_NGO701833,Community NGO 1834,Not Provided,Hyderabad - West,14850,Mixed,17.385,78.4867
NGO701834,USER_NGO701834,Community NGO 1835,Not Provided,Ahmedabad - South,5325,Mixed,23.0225,72.5714
NGO701835,USER_NGO701835,Community NGO 1836,Not Provided,Hyderabad - West,10500,Mixed,17.385,78.4867
NGO701836,USER_NGO701836,Community NGO 1837,Not Provided,Jaipur - South,6030,Mixed,26.9124,75.7873
NGO701837,USER_NGO701837,Community NGO 1838,Not Provided,Delhi NCR - Central,7140,Mixed,28.6139,77.209
NGO701838,USER_NGO701838,Community NGO 1839,Not Provided,Bengaluru - Central,6770,Mixed,12.9716,77.5946
NGO700183,USER_NGO700183,Community NGO 184,Not Provided,Remote - North,2540,Mixed,20.5937,78.9629
NGO701839,USER_NGO701839,Community NGO 1840,Not Provided,Ahmedabad - East,10355,Mixed,23.0225,72.5714
NGO701840,USER_NGO701840,Community NGO 1841,Not Provided,Remote - South,7070,Mixed,20.5937,78.9629
NGO701841,USER_NGO701841,Community NGO 1842,Not Provided,Chennai - North,5985,Mixed,13.0827,80.2707
NGO701842,USER_NGO701842,Community NGO 1843,Not Provided,Ahmedabad - East,12385,Mixed,23.0225,72.5714
NGO701843,USER_NGO701843,Community NGO 1844,Not Provided,Chennai - East,2680,Mixed,13.0827,80.2707
NGO701844,USER_NGO701844,Community NGO 1845,Not Provided,Hyderabad - Citywide,2015,Mixed,17.385,78.4867
NGO701845,USER_NGO701845,Community NGO 1846,Not Provided,Mumbai - Central,11235,Mixed,19.076,72.8777
NGO701846,USER_NGO701846,Community NGO 1847,Not Provided,Hyderabad - East,10455,Mixed,17.385,78.4867
NGO701847,USER_NGO701847,Community NGO 1848,Not Provided,Jaipur - South,11610,Mixed,26.9124,75.7873
NGO701848,USER_NGO701848,Community NGO 1849,Not Provided,Mumbai - Citywide,7245,Mixed,19.076,72.8777
NGO700184,USER_NGO700184,Community NGO 185,Not Provided,Jaipur - North,1980,Mixed,26.9124,75.7873
NGO701849,USER_NGO701849,Community NGO 1850,Not Provided,Jaipur - South,7085,Mixed,26.9124,75.7873
NGO701851,USER_NGO701851,Community NGO 1852,Not Provided,Ahmedabad - Central,4670,Mixed,23.0225,72.5714
NGO701854,USER_NGO701854,Community NGO 1855,Not Provided,Ahmedabad - Citywide,10075,Mixed,23.0225,72.5714
NGO701855,USER_NGO701855,Community NGO 1856,Not Provided,Jaipur - West,14105,Mixed,26.9124,75.7873
NGO701856,USER_NGO701856,Community NGO 1857,Not Provided,Pune - North,13175,Mixed,18.5204,73.8567
NGO701857,USER_NGO701857,Community NGO 1858,Not Provided,Remote - Citywide,4145,Mixed,20.5937,78.9629
NGO700185,USER_NGO700185,Community NGO 186,Not Provided,Ahmedabad - East,6325,Mixed,23.0225,72.5714
NGO701859,USER_NGO701859,Community NGO 1860,Not Provided,Ahmedabad - South,4755,Mixed,23.0225,72.5714
NGO701861,USER_NGO701861,Community NGO 1862,Not Provided,Remote - East,1020,Mixed,20.5937,78.9629
NGO701864,USER_NGO701864,Community NGO 1865,Not Provided,Chennai - East,405,Mixed,13.0827,80.2707
NGO701865,USER_NGO701865,Community NGO 1866,Not Provided,Delhi NCR - South,10600,Mixed,28.6139,77.209
NGO701866,USER_NGO701866,Community NGO 1867,Not Provided,Chennai - South,13995,Mixed,13.0827,80.2707
NGO701867,USER_NGO701867,Community NGO 1868,Not Provided,Ahmedabad - Central,3320,Mixed,23.0225,72.5714
NGO701868,USER_NGO701868,Community NGO 1869,Not Provided,Kolkata - Central,11010,Mixed,22.5726,88.3639
NGO700186,USER_NGO700186,Community NGO 187,Not Provided,Kolkata - Citywide,7480,Mixed,22.5726,88.3639
NGO701869,USER_NGO701869,Community NGO 1870,Not Provided,Delhi NCR - West,14055,Mixed,28.6139,77.209
NGO701870,USER_NGO701870,Community NGO 1871,Not Provided,Jaipur - West,12890,Mixed,26.9124,75.7873
NGO701871,USER_NGO701871,Community NGO 1872,Not Provided,Delhi NCR - South,8275,Mixed,28.6139,77.209
NGO701872,USER_NGO701872,Community NGO 1873,Not Provided,Remote - West,800,Mixed,20.5937,78.9629
NGO701873,USER_NGO701873,Community NGO 1874,Not Provided,Chennai - Citywide,1475,Mixed,13.0827,80.2707
NGO701874,USER_NGO701874,Community NGO 1875,Not Provided,Chennai - West,235,Mixed,13.0827,80.2707
NGO701875,USER_NGO701875,Community NGO 1876,Not Provided,Hyderabad - Central,2955,Mixed,17.385,78.4867
NGO701876,USER_NGO701876,Community NGO 1877,Not Provided,Remote - West,9155,Mixed,20.5937,78.9629
NGO701878,USER_NGO701878,Community NGO 1879,Not Provided,Kolkata - North,2360,Mixed,22.5726,88.3639
NGO700187,USER_NGO700187,Community NGO 188,Not Provided,Jaipur - North,7490,Mixed,26.9124,75.7873
NGO701879,USER_NGO701879,Community NGO 1880,Not Provided,Pune - Central,860,Mixed,18.5204,73.8567
NGO701880,USER_NGO701880,Community NGO 1881,Not Provided,Remote - Central,6040,Mixed,20.5937,78.9629
NGO701881,USER_NGO701881,Community NGO 1882,Not Provided,Delhi NCR - Citywide,1805,Mixed,28.6139,77.209
NGO701882,USER_NGO701882,Community NGO 1883,Not Provided,Delhi NCR - North,375,Mixed,28.6139,77.209
NGO701883,USER_NGO701883,Community NGO 1884,Not Provided,Mumbai - East,13240,Mixed,19.076,72.8777
NGO701884,USER_NGO701884,Community NGO 1885,Not Provided,Remote - North,11075,Mixed,20.5937,78.9629
NGO701885,USER_NGO701885,Community NGO 1886,Not Provided,Kolkata - East,9950,Mixed,22.5726,88.3639
NGO701886,USER_NGO701886,Community NGO 1887,Not Provided,Chennai - South,1720,Mixed,13.0827,80.2707
NGO701887,USER_NGO701887,Community NGO 1888,Not Provided,Mumbai - Citywide,210,Mixed,19.076,72.8777
NGO701889,USER_NGO701889,Community NGO 1890,Not Provided,Chennai - Citywide,5335,Mixed,13.0827,80.2707
NGO701890,USER_NGO701890,Community NGO 1891,Not Provided,Kolkata - West,11510,Mixed,22.5726,88.3639
NGO701891,USER_NGO701891,Community NGO 1892,Not Provided,Bengaluru - Citywide,14260,Mixed,12.9716,77.5946
NGO701893,USER_NGO701893,Community NGO 1894,Not Provided,Chennai - West,2090,Mixed,13.0827,80.2707
NGO701895,USER_NGO701895,Community NGO 1896,Not Provided,Kolkata - East,12045,Mixed,22.5726,88.3639
NGO701896,USER_NGO701896,Community NGO 1897,Not Provided,Chennai - East,6980,Mixed,13.0827,80.2707
NGO701897,USER_NGO701897,Community NGO 1898,Not Provided,Jaipur - South,7715,Mixed,26.9124,75.7873
NGO701898,USER_NGO701898,Community NGO 1899,Not Provided,Chennai - Central,13170,Mixed,13.0827,80.2707
NGO700189,USER_NGO700189,Community NGO 190,Not Provided,Chennai - North,10615,Mixed,13.0827,80.2707
NGO701899,USER_NGO701899,Community NGO 1900,Not Provided,Pune - Citywide,6540,Mixed,18.5204,73.8567
NGO701900,USER_NGO701900,Community NGO 1901,Not Provided,Remote - Central,8595,Mixed,20.5937,78.9629
NGO701901,USER_NGO701901,Community NGO 1902,Not Provided,Mumbai - East,12185,Mixed,19.076,72.8777
NGO701902,USER_NGO701902,Community NGO 1903,Not Provided,Kolkata - West,1280,Mixed,22.5726,88.3639
NGO701903,USER_NGO701903,Community NGO 1904,Not Provided,Jaipur - West,7535,Mixed,26.9124,75.7873
NGO701904,USER_NGO701904,Community NGO 1905,Not Provided,Pune - West,13330,Mixed,18.5204,73.8567
NGO701905,USER_NGO701905,Community NGO 1906,Not Provided,Delhi NCR - Central,14030,Mixed,28.6139,77.209
NGO701906,USER_NGO701906,Community NGO 1907,Not Provided,Mumbai - West,3245,Mixed,19.076,72.8777
NGO701907,USER_NGO701907,Community NGO 1908,Not Provided,Jaipur - Citywide,1120,Mixed,26.9124,75.7873
NGO700190,USER_NGO700190,Community NGO 191,Not Provided,Jaipur - North,1050,Mixed,26.9124,75.7873
NGO701909,USER_NGO701909,Community NGO 1910,Not Provided,Kolkata - East,7610,Mixed,22.5726,88.3639
NGO701910,USER_NGO701910,Community NGO 1911,Not Provided,Pune - East,11365,Mixed,18.5204,73.8567
NGO701912,USER_NGO701912,Community NGO 1913,Not Provided,Mumbai - West,685,Mixed,19.076,72.8777
NGO701913,USER_NGO701913,Community NGO 1914,Not Provided,Remote - East,9890,Mixed,20.5937,78.9629
NGO701914,USER_NGO701914,Community NGO 1915,Not Provided,Remote - South,10160,Mixed,20.5937,78.9629
NGO701916,USER_NGO701916,Community NGO 1917,Not Provided,Pune - South,11085,Mixed,18.5204,73.8567
NGO701918,USER_NGO701918,Community NGO 1919,Not Provided,Delhi NCR - Central,8855,Mixed,28.6139,77.209
NGO701919,USER_NGO701919,Community NGO 1920,Not Provided,Delhi NCR - Central,6055,Mixed,28.6139,77.209
NGO701920,USER_NGO701920,Community NGO 1921,Not Provided,Bengaluru - Central,9640,Mixed,12.9716,77.5946
NGO701921,USER_NGO701921,Community NGO 1922,Not Provided,Pune - Central,550,Mixed,18.5204,73.8567
NGO701922,USER_NGO701922,Community NGO 1923,Not Provided,Kolkata - Citywide,5450,Mixed,22.5726,88.3639
NGO701923,USER_NGO701923,Community NGO 1924,Not Provided,Delhi NCR - Citywide,7985,Mixed,28.6139,77.209
NGO701924,USER_NGO701924,Community NGO 1925,Not Provided,Hyderabad - South,12960,Mixed,17.385,78.4867
NGO701925,USER_NGO701925,Community NGO 1926,Not Provided,Mumbai - West,8700,Mixed,19.076,72.8777
NGO701926,USER_NGO701926,Community NGO 1927,Not Provided,Ahmedabad - East,9780,Mixed,23.0225,72.5714
NGO701928,USER_NGO701928,Community NGO 1929,Not Provided,Mumbai - Citywide,5665,Mixed,19.076,72.8777
NGO701929,USER_NGO701929,Community NGO 1930,Not Provided,Bengaluru - East,6000,Mixed,12.9716,77.5946
NGO701930,USER_NGO701930,Community NGO 1931,Not Provided,Remote - Citywide,390,Mixed,20.5937,78.9629
NGO701931,USER_NGO701931,Community NGO 1932,Not Provided,Chennai - South,5615,Mixed,13.0827,80.2707
NGO701932,USER_NGO701932,Community NGO 1933,Not Provided,Chennai - South,7755,Mixed,13.0827,80.2707
NGO701933,USER_NGO701933,Community NGO 1934,Not Provided,Jaipur - South,8290,Mixed,26.9124,75.7873
NGO701934,USER_NGO701934,Community NGO 1935,Not Provided,Kolkata - Central,1055,Mixed,22.5726,88.3639
NGO701935,USER_NGO701935,Community NGO 1936,Not Provided,Delhi NCR - South,12750,Mixed,28.6139,77.209
NGO701936,USER_NGO701936,Community NGO 1937,Not Provided,Bengaluru - North,5255,Mixed,12.9716,77.5946
NGO701937,USER_NGO701937,Community NGO 1938,Not Provided,Remote - Citywide,6190,Mixed,20.5937,78.9629
NGO701938,USER_NGO701938,Community NGO 1939,Not Provided,Jaipur - East,850,Mixed,26.9124,75.7873
NGO701939,USER_NGO701939,Community NGO 1940,Not Provided,Delhi NCR - Citywide,845,Mixed,28.6139,77.209
NGO701940,USER_NGO701940,Community NGO 1941,Not Provided,Mumbai - South,9045,Mixed,19.076,72.8777
NGO701941,USER_NGO701941,Community NGO 1942,Not Provided,Delhi NCR - North,8765,Mixed,28.6139,77.209
NGO701942,USER_NGO701942,Community NGO 1943,Not Provided,Hyderabad - East,2885,Mixed,17.385,78.4867
NGO701943,USER_NGO701943,Community NGO 1944,Not Provided,Remote - North,13835,Mixed,20.5937,78.9629
NGO701944,USER_NGO701944,Community NGO 1945,Not Provided,Ahmedabad - West,8690,Mixed,23.0225,72.5714
NGO701945,USER_NGO701945,Community NGO 1946,Not Provided,Bengaluru - Central,8795,Mixed,12.9716,77.5946
NGO701947,USER_NGO701947,Community NGO 1948,Not Provided,Delhi NCR - North,435,Mixed,28.6139,77.209
NGO701948,USER_NGO701948,Community NGO 1949,Not Provided,Ahmedabad - South,6880,Mixed,23.0225,72.5714
NGO700194,USER_NGO700194,Community NGO 195,Not Provided,Hyderabad - West,8765,Mixed,17.385,78.4867
NGO701949,USER_NGO701949,Community NGO 1950,Not Provided,Jaipur - South,11795,Mixed,26.9124,75.7873
NGO701953,USER_NGO701953,Community NGO 1954,Not Provided,Delhi NCR - Central,4520,Mixed,28.6139,77.209
NGO701954,USER_NGO701954,Community NGO 1955,Not Provided,Mumbai - West,4235,Mixed,19.076,72.8777
NGO701955,USER_NGO701955,Community NGO 1956,Not Provided,Jaipur - East,6650,Mixed,26.9124,75.7873
NGO701958,USER_NGO701958,Community NGO 1959,Not Provided,Kolkata - West,10870,Mixed,22.5726,88.3639
NGO701959,USER_NGO701959,Community NGO 1960,Not Provided,Kolkata - East,9360,Mixed,22.5726,88.3639
NGO701960,USER_NGO701960,Community NGO 1961,Not Provided,Hyderabad - Central,13405,Mixed,17.385,78.4867
NGO701961,USER_NGO701961,Community NGO 1962,Not Provided,Delhi NCR - West,9690,Mixed,28.6139,77.209
NGO701962,USER_NGO701962,Community NGO 1963,Not Provided,Kolkata - South,4530,Mixed,22.5726,88.3639
NGO701963,USER_NGO701963,Community NGO 1964,Not Provided,Jaipur - West,4525,Mixed,26.9124,75.7873
NGO701964,USER_NGO701964,Community NGO 1965,Not Provided,Remote - North,2565,Mixed,20.5937,78.9629
NGO701965,USER_NGO701965,Community NGO 1966,Not Provided,Bengaluru - South,11450,Mixed,12.9716,77.5946
NGO701967,USER_NGO701967,Community NGO 1968,Not Provided,Jaipur - Citywide,935,Mixed,26.9124,75.7873
NGO701968,USER_NGO701968,Community NGO 1969,Not Provided,Chennai - Citywide,3925,Mixed,13.0827,80.2707
NGO700196,USER_NGO700196,Community NGO 197,Not Provided,Mumbai - Central,13330,Mixed,19.076,72.8777
NGO701969,USER_NGO701969,Community NGO 1970,Not Provided,Kolkata - North,10965,Mixed,22.5726,88.3639
NGO701970,USER_NGO701970,Community NGO 1971,Not Provided,Ahmedabad - South,170,Mixed,23.0225,72.5714
NGO701972,USER_NGO701972,Community NGO 1973,Not Provided,Bengaluru - East,11280,Mixed,12.9716,77.5946
NGO701974,USER_NGO701974,Community NGO 1975,Not Provided,Bengaluru - Citywide,455,Mixed,12.9716,77.5946
NGO701975,USER_NGO701975,Community NGO 1976,Not Provided,Kolkata - Central,10420,Mixed,22.5726,88.3639
NGO701976,USER_NGO701976,Community NGO 1977,Not Provided,Ahmedabad - West,13860,Mixed,23.0225,72.5714
NGO701977,USER_NGO701977,Community NGO 1978,Not Provided,Remote - Citywide,12100,Mixed,20.5937,78.9629
NGO701978,USER_NGO701978,Community NGO 1979,Not Provided,Remote - Central,6670,Mixed,20.5937,78.9629
NGO701979,USER_NGO701979,Community NGO 1980,Not Provided,Pune - Citywide,12415,Mixed,18.5204,73.8567
NGO701981,USER_NGO701981,Community NGO 1982,Not Provided,Delhi NCR - Central,11880,Mixed,28.6139,77.209
NGO701982,USER_NGO701982,Community NGO 1983,Not Provided,Kolkata - Citywide,13410,Mixed,22.5726,88.3639
NGO701983,USER_NGO701983,Community NGO 1984,Not Provided,Delhi NCR - Central,1950,Mixed,28.6139,77.209
NGO701984,USER_NGO701984,Community NGO 1985,Not Provided,Mumbai - East,14580,Mixed,19.076,72.8777
NGO701985,USER_NGO701985,Community NGO 1986,Not Provided,Ahmedabad - West,6060,Mixed,23.0225,72.5714
NGO701986,USER_NGO701986,Community NGO 1987,Not Provided,Jaipur - West,10320,Mixed,26.9124,75.7873
NGO701987,USER_NGO701987,Community NGO 1988,Not Provided,Kolkata - East,4730,Mixed,22.5726,88.3639
NGO700198,USER_NGO700198,Community NGO 199,Not Provided,Hyderabad - Central,8730,Mixed,17.385,78.4867
NGO701989,USER_NGO701989,Community NGO 1990,Not Provided,Chennai - North,9105,Mixed,13.0827,80.2707
NGO701990,USER_NGO701990,Community NGO 1991,Not Provided,Mumbai - South,10090,Mixed,19.076,72.8777
NGO701991,USER_NGO701991,Community NGO 1992,Not Provided,Kolkata - East,615,Mixed,22.5726,88.3639
NGO701992,USER_NGO701992,Community NGO 1993,Not Provided,Remote - Citywide,2220,Mixed,20.5937,78.9629
NGO701993,USER_NGO701993,Community NGO 1994,Not Provided,Bengaluru - West,9140,Mixed,12.9716,77.5946
NGO701994,USER_NGO701994,Community NGO 1995,Not Provided,Pune - East,985,Mixed,18.5204,73.8567
NGO701995,USER_NGO701995,Community NGO 1996,Not Provided,Remote - East,4730,Mixed,20.5937,78.9629
NGO701996,USER_NGO701996,Community NGO 1997,Not Provided,Pune - East,3150,Mixed,18.5204,73.8567
NGO701997,USER_NGO701997,Community NGO 1998,Not Provided,Kolkata - Citywide,14935,Mixed,22.5726,88.3639
NGO701998,USER_NGO701998,Community NGO 1999,Not Provided,Chennai - Central,3810,Mixed,13.0827,80.2707
NGO700001,USER_NGO700001,Community NGO 2,Not Provided,Bengaluru - East,815,Mixed,12.9716,77.5946
NGO700019,USER_NGO700019,Community NGO 20,Not Provided,Remote - East,4500,Mixed,20.5937,78.9629
NGO700199,USER_NGO700199,Community NGO 200,Not Provided,Delhi NCR - North,13155,Mixed,28.6139,77.209
NGO701999,USER_NGO701999,Community NGO 2000,Not Provided,Chennai - South,8580,Mixed,13.0827,80.2707
NGO702000,USER_NGO702000,Community NGO 2001,Not Provided,Kolkata - East,13430,Mixed,22.5726,88.3639
NGO702002,USER_NGO702002,Community NGO 2003,Not Provided,Pune - Central,2395,Mixed,18.5204,73.8567
NGO702003,USER_NGO702003,Community NGO 2004,Not Provided,Mumbai - West,8915,Mixed,19.076,72.8777
NGO702005,USER_NGO702005,Community NGO 2006,Not Provided,Chennai - Citywide,10250,Mixed,13.0827,80.2707
NGO702006,USER_NGO702006,Community NGO 2007,Not Provided,Delhi NCR - Central,13275,Mixed,28.6139,77.209
NGO702007,USER_NGO702007,Community NGO 2008,Not Provided,Mumbai - West,5310,Mixed,19.076,72.8777
NGO702008,USER_NGO702008,Community NGO 2009,Not Provided,Jaipur - South,12220,Mixed,26.9124,75.7873
NGO702009,USER_NGO702009,Community NGO 2010,Not Provided,Pune - Central,6290,Mixed,18.5204,73.8567
NGO702010,USER_NGO702010,Community NGO 2011,Not Provided,Mumbai - South,13195,Mixed,19.076,72.8777
NGO702011,USER_NGO702011,Community NGO 2012,Not Provided,Ahmedabad - South,3720,Mixed,23.0225,72.5714
NGO702012,USER_NGO702012,Community NGO 2013,Not Provided,Mumbai - South,1690,Mixed,19.076,72.8777
NGO702013,USER_NGO702013,Community NGO 2014,Not Provided,Chennai - North,8240,Mixed,13.0827,80.2707
NGO702014,USER_NGO702014,Community NGO 2015,Not Provided,Jaipur - South,7160,Mixed,26.9124,75.7873
NGO702016,USER_NGO702016,Community NGO 2017,Not Provided,Jaipur - Citywide,11900,Mixed,26.9124,75.7873
NGO702017,USER_NGO702017,Community NGO 2018,Not Provided,Chennai - Citywide,4245,Mixed,13.0827,80.2707
NGO700201,USER_NGO700201,Community NGO 202,Not Provided,Delhi NCR - East,3900,Mixed,28.6139,77.209
NGO702019,USER_NGO702019,Community NGO 2020,Not Provided,Pune - East,6870,Mixed,18.5204,73.8567
NGO702020,USER_NGO702020,Community NGO 2021,Not Provided,Mumbai - Central,8280,Mixed,19.076,72.8777
NGO702022,USER_NGO702022,Community NGO 2023,Not Provided,Remote - South,2455,Mixed,20.5937,78.9629
NGO702024,USER_NGO702024,Community NGO 2025,Not Provided,Pune - North,4160,Mixed,18.5204,73.8567
NGO702025,USER_NGO702025,Community NGO 2026,Not Provided,Pune - South,1795,Mixed,18.5204,73.8567
NGO702026,USER_NGO702026,Community NGO 2027,Not Provided,Kolkata - West,12305,Mixed,22.5726,88.3639
NGO702027,USER_NGO702027,Community NGO 2028,Not Provided,Remote - South,14920,Mixed,20.5937,78.9629
NGO702028,USER_NGO702028,Community NGO 2029,Not Provided,Jaipur - Citywide,1085,Mixed,26.9124,75.7873
NGO702029,USER_NGO702029,Community NGO 2030,Not Provided,Pune - South,10080,Mixed,18.5204,73.8567
NGO702030,USER_NGO702030,Community NGO 2031,Not Provided,Jaipur - West,3205,Mixed,26.9124,75.7873
NGO702031,USER_NGO702031,Community NGO 2032,Not Provided,Jaipur - Citywide,14940,Mixed,26.9124,75.7873
NGO702032,USER_NGO702032,Community NGO 2033,Not Provided,Delhi NCR - East,1460,Mixed,28.6139,77.209
NGO702033,USER_NGO702033,Community NGO 2034,Not Provided,Jaipur - East,13220,Mixed,26.9124,75.7873
NGO702034,USER_NGO702034,Community NGO 2035,Not Provided,Ahmedabad - North,12400,Mixed,23.0225,72.5714
NGO702035,USER_NGO702035,Community NGO 2036,Not Provided,Delhi NCR - West,9030,Mixed,28.6139,77.209
NGO702036,USER_NGO702036,Community NGO 2037,Not Provided,Delhi NCR - Citywide,1730,Mixed,28.6139,77.209
NGO702038,USER_NGO702038,Community NGO 2039,Not Provided,Hyderabad - East,8200,Mixed,17.385,78.4867
NGO700203,USER_NGO700203,Community NGO 204,Not Provided,Jaipur - Central,13320,Mixed,26.9124,75.7873
NGO702039,USER_NGO702039,Community NGO 2040,Not Provided,Jaipur - East,14135,Mixed,26.9124,75.7873
NGO702041,USER_NGO702041,Community NGO 2042,Not Provided,Remote - West,10425,Mixed,20.5937,78.9629
NGO702042,USER_NGO702042,Community NGO 2043,Not Provided,Delhi NCR - Citywide,14260,Mixed,28.6139,77.209
NGO702043,USER_NGO702043,Community NGO 2044,Not Provided,Delhi NCR - East,5015,Mixed,28.6139,77.209
NGO702044,USER_NGO702044,Community NGO 2045,Not Provided,Ahmedabad - East,3775,Mixed,23.0225,72.5714
NGO702045,USER_NGO702045,Community NGO 2046,Not Provided,Kolkata - Citywide,10645,Mixed,22.5726,88.3639
NGO702046,USER_NGO702046,Community NGO 2047,Not Provided,Chennai - West,9425,Mixed,13.0827,80.2707
NGO702047,USER_NGO702047,Community NGO 2048,Not Provided,Remote - Central,2415,Mixed,20.5937,78.9629
NGO702048,USER_NGO702048,Community NGO 2049,Not Provided,Chennai - East,10000,Mixed,13.0827,80.2707
NGO700204,USER_NGO700204,Community NGO 205,Not Provided,Delhi NCR - West,810,Mixed,28.6139,77.209
NGO702049,USER_NGO702049,Community NGO 2050,Not Provided,Chennai - North,6365,Mixed,13.0827,80.2707
NGO702050,USER_NGO702050,Community NGO 2051,Not Provided,Remote - West,5420,Mixed,20.5937,78.9629
NGO702051,USER_NGO702051,Community NGO 2052,Not Provided,Jaipur - South,4955,Mixed,26.9124,75.7873
NGO702052,USER_NGO702052,Community NGO 2053,Not Provided,Remote - West,14335,Mixed,20.5937,78.9629
NGO702053,USER_NGO702053,Community NGO 2054,Not Provided,Ahmedabad - North,13850,Mixed,23.0225,72.5714
NGO702054,USER_NGO702054,Community NGO 2055,Not Provided,Ahmedabad - East,1450,Mixed,23.0225,72.5714
NGO702055,USER_NGO702055,Community NGO 2056,Not Provided,Ahmedabad - South,12890,Mixed,23.0225,72.5714
NGO702057,USER_NGO702057,Community NGO 2058,Not Provided,Kolkata - Central,10255,Mixed,22.5726,88.3639
NGO702058,USER_NGO702058,Community NGO 2059,Not Provided,Mumbai - Citywide,7255,Mixed,19.076,72.8777
NGO700205,USER_NGO700205,Community NGO 206,Not Provided,Delhi NCR - Central,9635,Mixed,28.6139,77.209
NGO702059,USER_NGO702059,Community NGO 2060,Not Provided,Hyderabad - North,5575,Mixed,17.385,78.4867
NGO702061,USER_NGO702061,Community NGO 2062,Not Provided,Mumbai - North,3280,Mixed,19.076,72.8777
NGO702062,USER_NGO702062,Community NGO 2063,Not Provided,Hyderabad - North,14220,Mixed,17.385,78.4867
NGO702063,USER_NGO702063,Community NGO 2064,Not Provided,Chennai - Central,4615,Mixed,13.0827,80.2707
NGO702064,USER_NGO702064,Community NGO 2065,Not Provided,Kolkata - West,1975,Mixed,22.5726,88.3639
NGO702065,USER_NGO702065,Community NGO 2066,Not Provided,Hyderabad - Citywide,12630,Mixed,17.385,78.4867
NGO702066,USER_NGO702066,Community NGO 2067,Not Provided,Delhi NCR - South,1320,Mixed,28.6139,77.209
NGO702067,USER_NGO702067,Community NGO 2068,Not Provided,Ahmedabad - Citywide,3745,Mixed,23.0225,72.5714
NGO702069,USER_NGO702069,Community NGO 2070,Not Provided,Kolkata - North,10050,Mixed,22.5726,88.3639
NGO702070,USER_NGO702070,Community NGO 2071,Not Provided,Jaipur - South,14150,Mixed,26.9124,75.7873
NGO702071,USER_NGO702071,Community NGO 2072,Not Provided,Jaipur - West,11530,Mixed,26.9124,75.7873
NGO702072,USER_NGO702072,Community NGO 2073,Not Provided,Remote - Citywide,14380,Mixed,20.5937,78.9629
NGO702073,USER_NGO702073,Community NGO 2074,Not Provided,Remote - North,14255,Mixed,20.5937,78.9629
NGO702074,USER_NGO702074,Community NGO 2075,Not Provided,Kolkata - South,11070,Mixed,22.5726,88.3639
NGO702075,USER_NGO702075,Community NGO 2076,Not Provided,Mumbai - East,8370,Mixed,19.076,72.8777
NGO702076,USER_NGO702076,Community NGO 2077,Not Provided,Delhi NCR - Citywide,5325,Mixed,28.6139,77.209
NGO702077,USER_NGO702077,Community NGO 2078,Not Provided,Bengaluru - East,160,Mixed,12.9716,77.5946
NGO702078,USER_NGO702078,Community NGO 2079,Not Provided,Chennai - Central,870,Mixed,13.0827,80.2707
NGO700207,USER_NGO700207,Community NGO 208,Not Provided,Bengaluru - East,11815,Mixed,12.9716,77.5946
NGO702079,USER_NGO702079,Community NGO 2080,Not Provided,Remote - North,4470,Mixed,20.5937,78.9629
NGO702080,USER_NGO702080,Community NGO 2081,Not Provided,Pune - Citywide,13010,Mixed,18.5204,73.8567
NGO702081,USER_NGO702081,Community NGO 2082,Not Provided,Bengaluru - Central,14900,Mixed,12.9716,77.5946
NGO702082,USER_NGO702082,Community NGO 2083,Not Provided,Mumbai - West,10275,Mixed,19.076,72.8777
NGO702083,USER_NGO702083,Community NGO 2084,Not Provided,Mumbai - South,7625,Mixed,19.076,72.8777
NGO702084,USER_NGO702084,Community NGO 2085,Not Provided,Remote - South,1000,Mixed,20.5937,78.9629
NGO702085,USER_NGO702085,Community NGO 2086,Not Provided,Ahmedabad - North,410,Mixed,23.0225,72.5714
NGO702087,USER_NGO702087,Community NGO 2088,Not Provided,Kolkata - East,5265,Mixed,22.5726,88.3639
NGO702088,USER_NGO702088,Community NGO 2089,Not Provided,Hyderabad - East,3105,Mixed,17.385,78.4867
NGO700208,USER_NGO700208,Community NGO 209,Not Provided,Bengaluru - South,3235,Mixed,12.9716,77.5946
NGO702089,USER_NGO702089,Community NGO 2090,Not Provided,Ahmedabad - Central,11230,Mixed,23.0225,72.5714
NGO702091,USER_NGO702091,Community NGO 2092,Not Provided,Pune - Citywide,3155,Mixed,18.5204,73.8567
NGO702092,USER_NGO702092,Community NGO 2093,Not Provided,Hyderabad - South,11370,Mixed,17.385,78.4867
NGO702093,USER_NGO702093,Community NGO 2094,Not Provided,Jaipur - Citywide,135,Mixed,26.9124,75.7873
NGO702094,USER_NGO702094,Community NGO 2095,Not Provided,Hyderabad - Central,14115,Mixed,17.385,78.4867
NGO702095,USER_NGO702095,Community NGO 2096,Not Provided,Hyderabad - Citywide,5640,Mixed,17.385,78.4867
NGO702097,USER_NGO702097,Community NGO 2098,Not Provided,Chennai - North,3290,Mixed,13.0827,80.2707
NGO700020,USER_NGO700020,Community NGO 21,Not Provided,Hyderabad - East,7695,Mixed,17.385,78.4867
NGO700209,USER_NGO700209,Community NGO 210,Not Provided,Remote - North,8695,Mixed,20.5937,78.9629
NGO702101,USER_NGO702101,Community NGO 2102,Not Provided,Delhi NCR - East,2440,Mixed,28.6139,77.209
NGO702104,USER_NGO702104,Community NGO 2105,Not Provided,Chennai - West,3570,Mixed,13.0827,80.2707
NGO702105,USER_NGO702105,Community NGO 2106,Not Provided,Pune - North,3425,Mixed,18.5204,73.8567
NGO702106,USER_NGO702106,Community NGO 2107,Not Provided,Chennai - West,5085,Mixed,13.0827,80.2707
NGO702108,USER_NGO702108,Community NGO 2109,Not Provided,Delhi NCR - South,12945,Mixed,28.6139,77.209
NGO700210,USER_NGO700210,Community NGO 211,Not Provided,Bengaluru - West,1130,Mixed,12.9716,77.5946
NGO702109,USER_NGO702109,Community NGO 2110,Not Provided,Hyderabad - East,9195,Mixed,17.385,78.4867
NGO702110,USER_NGO702110,Community NGO 2111,Not Provided,Bengaluru - North,3090,Mixed,12.9716,77.5946
NGO702111,USER_NGO702111,Community NGO 2112,Not Provided,Kolkata - Citywide,10775,Mixed,22.5726,88.3639
NGO702112,USER_NGO702112,Community NGO 2113,Not Provided,Kolkata - Citywide,9395,Mixed,22.5726,88.3639
NGO702113,USER_NGO702113,Community NGO 2114,Not Provided,Hyderabad - Citywide,4785,Mixed,17.385,78.4867
NGO702115,USER_NGO702115,Community NGO 2116,Not Provided,Jaipur - West,1065,Mixed,26.9124,75.7873
NGO702116,USER_NGO702116,Community NGO 2117,Not Provided,Mumbai - South,12325,Mixed,19.076,72.8777
NGO702117,USER_NGO702117,Community NGO 2118,Not Provided,Chennai - Citywide,8320,Mixed,13.0827,80.2707
NGO702118,USER_NGO702118,Community NGO 2119,Not Provided,Kolkata - West,3840,Mixed,22.5726,88.3639
NGO702119,USER_NGO702119,Community NGO 2120,Not Provided,Chennai - East,5965,Mixed,13.0827,80.2707
NGO702120,USER_NGO702120,Community NGO 2121,Not Provided,Ahmedabad - East,4740,Mixed,23.0225,72.5714
NGO702121,USER_NGO702121,Community NGO 2122,Not Provided,Chennai - North,7330,Mixed,13.0827,80.2707
NGO702122,USER_NGO702122,Community NGO 2123,Not Provided,Delhi NCR - South,4145,Mixed,28.6139,77.209
NGO702124,USER_NGO702124,Community NGO 2125,Not Provided,Jaipur - Central,3160,Mixed,26.9124,75.7873
NGO702125,USER_NGO702125,Community NGO 2126,Not Provided,Bengaluru - Citywide,5765,Mixed,12.9716,77.5946
NGO702126,USER_NGO702126,Community NGO 2127,Not Provided,Pune - North,4765,Mixed,18.5204,73.8567
NGO702127,USER_NGO702127,Community NGO 2128,Not Provided,Remote - Central,9060,Mixed,20.5937,78.9629
NGO702128,USER_NGO702128,Community NGO 2129,Not Provided,Mumbai - South,10530,Mixed,19.076,72.8777
NGO700212,USER_NGO700212,Community NGO 213,Not Provided,Delhi NCR - West,9965,Mixed,28.6139,77.209
NGO702129,USER_NGO702129,Community NGO 2130,Not Provided,Remote - South,855,Mixed,20.5937,78.9629
NGO702130,USER_NGO702130,Community NGO 2131,Not Provided,Pune - West,240,Mixed,18.5204,73.8567
NGO702131,USER_NGO702131,Community NGO 2132,Not Provided,Jaipur - East,14330,Mixed,26.9124,75.7873
NGO702132,USER_NGO702132,Community NGO 2133,Not Provided,Jaipur - Central,235,Mixed,26.9124,75.7873
NGO702133,USER_NGO702133,Community NGO 2134,Not Provided,Jaipur - Central,7020,Mixed,26.9124,75.7873
NGO702134,USER_NGO702134,Community NGO 2135,Not Provided,Jaipur - South,10545,Mixed,26.9124,75.7873
NGO702137,USER_NGO702137,Community NGO 2138,Not Provided,Hyderabad - South,14740,Mixed,17.385,78.4867
NGO702138,USER_NGO702138,Community NGO 2139,Not Provided,Ahmedabad - Citywide,10060,Mixed,23.0225,72.5714
NGO700213,USER_NGO700213,Community NGO 214,Not Provided,Hyderabad - East,2400,Mixed,17.385,78.4867
NGO702139,USER_NGO702139,Community NGO 2140,Not Provided,Remote - East,13920,Mixed,20.5937,78.9629
NGO702140,USER_NGO702140,Community NGO 2141,Not Provided,Mumbai - Citywide,4835,Mixed,19.076,72.8777
NGO702141,USER_NGO702141,Community NGO 2142,Not Provided,Hyderabad - Citywide,4345,Mixed,17.385,78.4867
NGO702142,USER_NGO702142,Community NGO 2143,Not Provided,Hyderabad - West,6410,Mixed,17.385,78.4867
NGO702143,USER_NGO702143,Community NGO 2144,Not Provided,Pune - West,10255,Mixed,18.5204,73.8567
NGO702144,USER_NGO702144,Community NGO 2145,Not Provided,Kolkata - North,7635,Mixed,22.5726,88.3639
NGO702146,USER_NGO702146,Community NGO 2147,Not Provided,Hyderabad - West,4930,Mixed,17.385,78.4867
NGO702148,USER_NGO702148,Community NGO 2149,Not Provided,Delhi NCR - West,3020,Mixed,28.6139,77.209
NGO700214,USER_NGO700214,Community NGO 215,Not Provided,Ahmedabad - East,14970,Mixed,23.0225,72.5714
NGO702149,USER_NGO702149,Community NGO 2150,Not Provided,Delhi NCR - East,2690,Mixed,28.6139,77.209
NGO702151,USER_NGO702151,Community NGO 2152,Not Provided,Jaipur - South,6910,Mixed,26.9124,75.7873
NGO702152,USER_NGO702152,Community NGO 2153,Not Provided,Chennai - North,11445,Mixed,13.0827,80.2707
NGO702153,USER_NGO702153,Community NGO 2154,Not Provided,Delhi NCR - South,4005,Mixed,28.6139,77.209
NGO702155,USER_NGO702155,Community NGO 2156,Not Provided,Mumbai - Citywide,11970,Mixed,19.076,72.8777
NGO702156,USER_NGO702156,Community NGO 2157,Not Provided,Pune - Central,5850,Mixed,18.5204,73.8567
NGO702158,USER_NGO702158,Community NGO 2159,Not Provided,Chennai - Citywide,10275,Mixed,13.0827,80.2707
NGO700215,USER_NGO700215,Community NGO 216,Not Provided,Hyderabad - Citywide,8550,Mixed,17.385,78.4867
NGO702159,USER_NGO702159,Community NGO 2160,Not Provided,Kolkata - Central,11095,Mixed,22.5726,88.3639
NGO702160,USER_NGO702160,Community NGO 2161,Not Provided,Kolkata - Central,1590,Mixed,22.5726,88.3639
NGO702161,USER_NGO702161,Community NGO 2162,Not Provided,Remote - North,5535,Mixed,20.5937,78.9629
NGO702162,USER_NGO702162,Community NGO 2163,Not Provided,Bengaluru - North,5225,Mixed,12.9716,77.5946
NGO702164,USER_NGO702164,Community NGO 2165,Not Provided,Mumbai - West,12295,Mixed,19.076,72.8777
NGO702166,USER_NGO702166,Community NGO 2167,Not Provided,Delhi NCR - Citywide,14365,Mixed,28.6139,77.209
NGO702167,USER_NGO702167,Community NGO 2168,Not Provided,Delhi NCR - East,11805,Mixed,28.6139,77.209
NGO702168,USER_NGO702168,Community NGO 2169,Not Provided,Chennai - East,3025,Mixed,13.0827,80.2707
NGO702169,USER_NGO702169,Community NGO 2170,Not Provided,Mumbai - Central,6495,Mixed,19.076,72.8777
NGO702170,USER_NGO702170,Community NGO 2171,Not Provided,Kolkata - East,955,Mixed,22.5726,88.3639
NGO702171,USER_NGO702171,Community NGO 2172,Not Provided,Ahmedabad - Citywide,10735,Mixed,23.0225,72.5714
NGO702172,USER_NGO702172,Community NGO 2173,Not Provided,Mumbai - North,9055,Mixed,19.076,72.8777
NGO702174,USER_NGO702174,Community NGO 2175,Not Provided,Ahmedabad - Central,14195,Mixed,23.0225,72.5714
NGO702175,USER_NGO702175,Community NGO 2176,Not Provided,Mumbai - North,7470,Mixed,19.076,72.8777
NGO702176,USER_NGO702176,Community NGO 2177,Not Provided,Jaipur - Central,7520,Mixed,26.9124,75.7873
NGO702178,USER_NGO702178,Community NGO 2179,Not Provided,Pune - North,1925,Mixed,18.5204,73.8567
NGO700217,USER_NGO700217,Community NGO 218,Not Provided,Ahmedabad - East,9605,Mixed,23.0225,72.5714
NGO702180,USER_NGO702180,Community NGO 2181,Not Provided,Chennai - East,1275,Mixed,13.0827,80.2707
NGO702181,USER_NGO702181,Community NGO 2182,Not Provided,Chennai - North,7610,Mixed,13.0827,80.2707
NGO702182,USER_NGO702182,Community NGO 2183,Not Provided,Ahmedabad - South,10490,Mixed,23.0225,72.5714
NGO702183,USER_NGO702183,Community NGO 2184,Not Provided,Jaipur - East,3595,Mixed,26.9124,75.7873
NGO702186,USER_NGO702186,Community NGO 2187,Not Provided,Delhi NCR - Central,5885,Mixed,28.6139,77.209
NGO702187,USER_NGO702187,Community NGO 2188,Not Provided,Kolkata - East,4055,Mixed,22.5726,88.3639
NGO702188,USER_NGO702188,Community NGO 2189,Not Provided,Chennai - Citywide,14275,Mixed,13.0827,80.2707
NGO700218,USER_NGO700218,Community NGO 219,Not Provided,Pune - East,5520,Mixed,18.5204,73.8567
NGO702189,USER_NGO702189,Community NGO 2190,Not Provided,Bengaluru - East,11425,Mixed,12.9716,77.5946
NGO702190,USER_NGO702190,Community NGO 2191,Not Provided,Ahmedabad - Central,14820,Mixed,23.0225,72.5714
NGO702191,USER_NGO702191,Community NGO 2192,Not Provided,Delhi NCR - Citywide,6325,Mixed,28.6139,77.209
NGO702193,USER_NGO702193,Community NGO 2194,Not Provided,Hyderabad - North,11560,Mixed,17.385,78.4867
NGO702194,USER_NGO702194,Community NGO 2195,Not Provided,Jaipur - Central,4870,Mixed,26.9124,75.7873
NGO702195,USER_NGO702195,Community NGO 2196,Not Provided,Jaipur - East,11645,Mixed,26.9124,75.7873
NGO702196,USER_NGO702196,Community NGO 2197,Not Provided,Bengaluru - Central,8745,Mixed,12.9716,77.5946
NGO702197,USER_NGO702197,Community NGO 2198,Not Provided,Mumbai - Central,6500,Mixed,19.076,72.8777
NGO700021,USER_NGO700021,Community NGO 22,Not Provided,Jaipur - North,9715,Mixed,26.9124,75.7873
NGO700219,USER_NGO700219,Community NGO 220,Not Provided,Pune - Citywide,2405,Mixed,18.5204,73.8567
NGO702199,USER_NGO702199,Community NGO 2200,Not Provided,Bengaluru - Citywide,9570,Mixed,12.9716,77.5946
NGO702200,USER_NGO702200,Community NGO 2201,Not Provided,Bengaluru - South,5545,Mixed,12.9716,77.5946
NGO702201,USER_NGO702201,Community NGO 2202,Not Provided,Bengaluru - North,2500,Mixed,12.9716,77.5946
NGO702202,USER_NGO702202,Community NGO 2203,Not Provided,Hyderabad - West,3270,Mixed,17.385,78.4867
NGO702204,USER_NGO702204,Community NGO 2205,Not Provided,Delhi NCR - East,12055,Mixed,28.6139,77.209
NGO702205,USER_NGO702205,Community NGO 2206,Not Provided,Hyderabad - Central,13985,Mixed,17.385,78.4867
NGO702208,USER_NGO702208,Community NGO 2209,Not Provided,Jaipur - West,6690,Mixed,26.9124,75.7873
NGO700220,USER_NGO700220,Community NGO 221,Not Provided,Mumbai - Citywide,7630,Mixed,19.076,72.8777
NGO702209,USER_NGO702209,Community NGO 2210,Not Provided,Mumbai - North,1575,Mixed,19.076,72.8777
NGO702210,USER_NGO702210,Community NGO 2211,Not Provided,Remote - West,3645,Mixed,20.5937,78.9629
NGO702212,USER_NGO702212,Community NGO 2213,Not Provided,Jaipur - West,1775,Mixed,26.9124,75.7873
NGO702214,USER_NGO702214,Community NGO 2215,Not Provided,Bengaluru - East,8170,Mixed,12.9716,77.5946
NGO702215,USER_NGO702215,Community NGO 2216,Not Provided,Mumbai - South,8595,Mixed,19.076,72.8777
NGO702216,USER_NGO702216,Community NGO 2217,Not Provided,Remote - South,250,Mixed,20.5937,78.9629
NGO702217,USER_NGO702217,Community NGO 2218,Not Provided,Hyderabad - East,6055,Mixed,17.385,78.4867
NGO702218,USER_NGO702218,Community NGO 2219,Not Provided,Hyderabad - South,9980,Mixed,17.385,78.4867
NGO700221,USER_NGO700221,Community NGO 222,Not Provided,Mumbai - South,455,Mixed,19.076,72.8777
NGO702219,USER_NGO702219,Community NGO 2220,Not Provided,Jaipur - Citywide,11045,Mixed,26.9124,75.7873
NGO702220,USER_NGO702220,Community NGO 2221,Not Provided,Bengaluru - West,1615,Mixed,12.9716,77.5946
NGO702221,USER_NGO702221,Community NGO 2222,Not Provided,Delhi NCR - South,5380,Mixed,28.6139,77.209
NGO702222,USER_NGO702222,Community NGO 2223,Not Provided,Remote - West,5280,Mixed,20.5937,78.9629
NGO702224,USER_NGO702224,Community NGO 2225,Not Provided,Bengaluru - West,4180,Mixed,12.9716,77.5946
NGO702225,USER_NGO702225,Community NGO 2226,Not Provided,Kolkata - West,10535,Mixed,22.5726,88.3639
NGO702226,USER_NGO702226,Community NGO 2227,Not Provided,Chennai - Citywide,7465,Mixed,13.0827,80.2707
NGO700222,USER_NGO700222,Community NGO 223,Not Provided,Mumbai - Citywide,6085,Mixed,19.076,72.8777
NGO702229,USER_NGO702229,Community NGO 2230,Not Provided,Kolkata - Citywide,12095,Mixed,22.5726,88.3639
NGO702230,USER_NGO702230,Community NGO 2231,Not Provided,Ahmedabad - Citywide,8785,Mixed,23.0225,72.5714
NGO702232,USER_NGO702232,Community NGO 2233,Not Provided,Chennai - South,3780,Mixed,13.0827,80.2707
NGO702234,USER_NGO702234,Community NGO 2235,Not Provided,Delhi NCR - West,5760,Mixed,28.6139,77.209
NGO702235,USER_NGO702235,Community NGO 2236,Not Provided,Chennai - Citywide,6645,Mixed,13.0827,80.2707
NGO702237,USER_NGO702237,Community NGO 2238,Not Provided,Kolkata - South,9805,Mixed,22.5726,88.3639
NGO702238,USER_NGO702238,Community NGO 2239,Not Provided,Jaipur - North,7840,Mixed,26.9124,75.7873
NGO700223,USER_NGO700223,Community NGO 224,Not Provided,Chennai - North,8510,Mixed,13.0827,80.2707
NGO702240,USER_NGO702240,Community NGO 2241,Not Provided,Delhi NCR - Citywide,6615,Mixed,28.6139,77.209
NGO702241,USER_NGO702241,Community NGO 2242,Not Provided,Bengaluru - North,4275,Mixed,12.9716,77.5946
NGO702245,USER_NGO702245,Community NGO 2246,Not Provided,Bengaluru - Citywide,1125,Mixed,12.9716,77.5946
NGO702247,USER_NGO702247,Community NGO 2248,Not Provided,Kolkata - East,3145,Mixed,22.5726,88.3639
NGO702248,USER_NGO702248,Community NGO 2249,Not Provided,Mumbai - West,14700,Mixed,19.076,72.8777
NGO702249,USER_NGO702249,Community NGO 2250,Not Provided,Chennai - West,7670,Mixed,13.0827,80.2707
NGO702250,USER_NGO702250,Community NGO 2251,Not Provided,Hyderabad - South,9515,Mixed,17.385,78.4867
NGO702251,USER_NGO702251,Community NGO 2252,Not Provided,Chennai - West,5970,Mixed,13.0827,80.2707
NGO702253,USER_NGO702253,Community NGO 2254,Not Provided,Mumbai - Central,2020,Mixed,19.076,72.8777
NGO702254,USER_NGO702254,Community NGO 2255,Not Provided,Ahmedabad - East,2130,Mixed,23.0225,72.5714
NGO702256,USER_NGO702256,Community NGO 2257,Not Provided,Remote - East,9910,Mixed,20.5937,78.9629
NGO702257,USER_NGO702257,Community NGO 2258,Not Provided,Jaipur - North,9140,Mixed,26.9124,75.7873
NGO700225,USER_NGO700225,Community NGO 226,Not Provided,Kolkata - South,13160,Mixed,22.5726,88.3639
NGO702259,USER_NGO702259,Community NGO 2260,Not Provided,Remote - North,2310,Mixed,20.5937,78.9629
NGO702261,USER_NGO702261,Community NGO 2262,Not Provided,Ahmedabad - West,13175,Mixed,23.0225,72.5714
NGO702263,USER_NGO702263,Community NGO 2264,Not Provided,Pune - Citywide,5945,Mixed,18.5204,73.8567
NGO702264,USER_NGO702264,Community NGO 2265,Not Provided,Pune - Citywide,13340,Mixed,18.5204,73.8567
NGO702265,USER_NGO702265,Community NGO 2266,Not Provided,Chennai - East,12310,Mixed,13.0827,80.2707
NGO702266,USER_NGO702266,Community NGO 2267,Not Provided,Jaipur - East,5975,Mixed,26.9124,75.7873
NGO702268,USER_NGO702268,Community NGO 2269,Not Provided,Pune - West,6475,Mixed,18.5204,73.8567
NGO700226,USER_NGO700226,Community NGO 227,Not Provided,Mumbai - North,7385,Mixed,19.076,72.8777
NGO702269,USER_NGO702269,Community NGO 2270,Not Provided,Pune - East,9870,Mixed,18.5204,73.8567
NGO702271,USER_NGO702271,Community NGO 2272,Not Provided,Hyderabad - West,12680,Mixed,17.385,78.4867
NGO702272,USER_NGO702272,Community NGO 2273,Not Provided,Chennai - West,5515,Mixed,13.0827,80.2707
NGO702273,USER_NGO702273,Community NGO 2274,Not Provided,Bengaluru - Citywide,3870,Mixed,12.9716,77.5946
NGO702275,USER_NGO702275,Community NGO 2276,Not Provided,Hyderabad - Citywide,12115,Mixed,17.385,78.4867
NGO702276,USER_NGO702276,Community NGO 2277,Not Provided,Remote - West,14770,Mixed,20.5937,78.9629
NGO702277,USER_NGO702277,Community NGO 2278,Not Provided,Remote - Central,6880,Mixed,20.5937,78.9629
NGO702279,USER_NGO702279,Community NGO 2280,Not Provided,Remote - North,6040,Mixed,20.5937,78.9629
NGO702280,USER_NGO702280,Community NGO 2281,Not Provided,Mumbai - Central,7715,Mixed,19.076,72.8777
NGO702281,USER_NGO702281,Community NGO 2282,Not Provided,Bengaluru - North,11050,Mixed,12.9716,77.5946
NGO702282,USER_NGO702282,Community NGO 2283,Not Provided,Ahmedabad - West,7220,Mixed,23.0225,72.5714
NGO702283,USER_NGO702283,Community NGO 2284,Not Provided,Pune - South,4490,Mixed,18.5204,73.8567
NGO702284,USER_NGO702284,Community NGO 2285,Not Provided,Bengaluru - Central,5370,Mixed,12.9716,77.5946
NGO702285,USER_NGO702285,Community NGO 2286,Not Provided,Mumbai - Citywide,11230,Mixed,19.076,72.8777
NGO702287,USER_NGO702287,Community NGO 2288,Not Provided,Kolkata - Central,3500,Mixed,22.5726,88.3639
NGO702288,USER_NGO702288,Community NGO 2289,Not Provided,Chennai - East,10740,Mixed,13.0827,80.2707
NGO700228,USER_NGO700228,Community NGO 229,Not Provided,Pune - East,14630,Mixed,18.5204,73.8567
NGO702289,USER_NGO702289,Community NGO 2290,Not Provided,Bengaluru - East,370,Mixed,12.9716,77.5946
NGO702290,USER_NGO702290,Community NGO 2291,Not Provided,Bengaluru - North,7265,Mixed,12.9716,77.5946
NGO702291,USER_NGO702291,Community NGO 2292,Not Provided,Mumbai - North,4680,Mixed,19.076,72.8777
NGO702292,USER_NGO702292,Community NGO 2293,Not Provided,Ahmedabad - North,1455,Mixed,23.0225,72.5714
NGO702293,USER_NGO702293,Community NGO 2294,Not Provided,Delhi NCR - Citywide,6995,Mixed,28.6139,77.209
NGO702294,USER_NGO702294,Community NGO 2295,Not Provided,Kolkata - South,1730,Mixed,22.5726,88.3639
NGO702295,USER_NGO702295,Community NGO 2296,Not Provided,Hyderabad - East,14880,Mixed,17.385,78.4867
NGO702296,USER_NGO702296,Community NGO 2297,Not Provided,Chennai - Citywide,13940,Mixed,13.0827,80.2707
NGO702297,USER_NGO702297,Community NGO 2298,Not Provided,Jaipur - South,7335,Mixed,26.9124,75.7873
NGO702298,USER_NGO702298,Community NGO 2299,Not Provided,Jaipur - South,1175,Mixed,26.9124,75.7873
NGO700022,USER_NGO700022,Community NGO 23,Not Provided,Bengaluru - East,645,Mixed,12.9716,77.5946
NGO700229,USER_NGO700229,Community NGO 230,Not Provided,Jaipur - North,6460,Mixed,26.9124,75.7873
NGO702299,USER_NGO702299,Community NGO 2300,Not Provided,Chennai - East,5450,Mixed,13.0827,80.2707
NGO702301,USER_NGO702301,Community NGO 2302,Not Provided,Chennai - East,13070,Mixed,13.0827,80.2707
NGO702302,USER_NGO702302,Community NGO 2303,Not Provided,Ahmedabad - South,1975,Mixed,23.0225,72.5714
NGO702303,USER_NGO702303,Community NGO 2304,Not Provided,Jaipur - Central,4965,Mixed,26.9124,75.7873
NGO702304,USER_NGO702304,Community NGO 2305,Not Provided,Hyderabad - North,3330,Mixed,17.385,78.4867
NGO702305,USER_NGO702305,Community NGO 2306,Not Provided,Delhi NCR - East,4250,Mixed,28.6139,77.209
NGO702306,USER_NGO702306,Community NGO 2307,Not Provided,Hyderabad - South,4660,Mixed,17.385,78.4867
NGO702307,USER_NGO702307,Community NGO 2308,Not Provided,Remote - North,1600,Mixed,20.5937,78.9629
NGO702308,USER_NGO702308,Community NGO 2309,Not Provided,Remote - Citywide,7885,Mixed,20.5937,78.9629
NGO700230,USER_NGO700230,Community NGO 231,Not Provided,Jaipur - East,14465,Mixed,26.9124,75.7873
NGO702309,USER_NGO702309,Community NGO 2310,Not Provided,Mumbai - South,5165,Mixed,19.076,72.8777
NGO702310,USER_NGO702310,Community NGO 2311,Not Provided,Bengaluru - South,4900,Mixed,12.9716,77.5946
NGO702311,USER_NGO702311,Community NGO 2312,Not Provided,Chennai - North,3985,Mixed,13.0827,80.2707
NGO702312,USER_NGO702312,Community NGO 2313,Not Provided,Mumbai - Citywide,12770,Mixed,19.076,72.8777
NGO702313,USER_NGO702313,Community NGO 2314,Not Provided,Hyderabad - Central,5955,Mixed,17.385,78.4867
NGO702315,USER_NGO702315,Community NGO 2316,Not Provided,Ahmedabad - Citywide,7165,Mixed,23.0225,72.5714
NGO702317,USER_NGO702317,Community NGO 2318,Not Provided,Ahmedabad - West,8935,Mixed,23.0225,72.5714
NGO702318,USER_NGO702318,Community NGO 2319,Not Provided,Hyderabad - Central,5405,Mixed,17.385,78.4867
NGO702319,USER_NGO702319,Community NGO 2320,Not Provided,Chennai - South,11285,Mixed,13.0827,80.2707
NGO702321,USER_NGO702321,Community NGO 2322,Not Provided,Jaipur - Central,2780,Mixed,26.9124,75.7873
NGO702323,USER_NGO702323,Community NGO 2324,Not Provided,Ahmedabad - South,11960,Mixed,23.0225,72.5714
NGO702324,USER_NGO702324,Community NGO 2325,Not Provided,Delhi NCR - Central,9620,Mixed,28.6139,77.209
NGO702325,USER_NGO702325,Community NGO 2326,Not Provided,Hyderabad - Citywide,740,Mixed,17.385,78.4867
NGO702326,USER_NGO702326,Community NGO 2327,Not Provided,Mumbai - North,2220,Mixed,19.076,72.8777
NGO702327,USER_NGO702327,Community NGO 2328,Not Provided,Bengaluru - Central,5360,Mixed,12.9716,77.5946
NGO700232,USER_NGO700232,Community NGO 233,Not Provided,Kolkata - Citywide,6615,Mixed,22.5726,88.3639
NGO702329,USER_NGO702329,Community NGO 2330,Not Provided,Kolkata - West,8865,Mixed,22.5726,88.3639
NGO702331,USER_NGO702331,Community NGO 2332,Not Provided,Bengaluru - South,6885,Mixed,12.9716,77.5946
NGO702332,USER_NGO702332,Community NGO 2333,Not Provided,Pune - West,7555,Mixed,18.5204,73.8567
NGO702335,USER_NGO702335,Community NGO 2336,Not Provided,Bengaluru - East,9940,Mixed,12.9716,77.5946
NGO702337,USER_NGO702337,Community NGO 2338,Not Provided,Jaipur - East,11905,Mixed,26.9124,75.7873
NGO702338,USER_NGO702338,Community NGO 2339,Not Provided,Hyderabad - Central,8815,Mixed,17.385,78.4867
NGO702339,USER_NGO702339,Community NGO 2340,Not Provided,Mumbai - South,1855,Mixed,19.076,72.8777
NGO702340,USER_NGO702340,Community NGO 2341,Not Provided,Kolkata - Citywide,2635,Mixed,22.5726,88.3639
NGO702342,USER_NGO702342,Community NGO 2343,Not Provided,Remote - Citywide,8725,Mixed,20.5937,78.9629
NGO702343,USER_NGO702343,Community NGO 2344,Not Provided,Mumbai - Citywide,4900,Mixed,19.076,72.8777
NGO702344,USER_NGO702344,Community NGO 2345,Not Provided,Jaipur - East,1285,Mixed,26.9124,75.7873
NGO702345,USER_NGO702345,Community NGO 2346,Not Provided,Ahmedabad - Central,12410,Mixed,23.0225,72.5714
NGO702346,USER_NGO702346,Community NGO 2347,Not Provided,Ahmedabad - Citywide,14365,Mixed,23.0225,72.5714
NGO702347,USER_NGO702347,Community NGO 2348,Not Provided,Chennai - West,7600,Mixed,13.0827,80.2707
NGO702348,USER_NGO702348,Community NGO 2349,Not Provided,Ahmedabad - Citywide,1675,Mixed,23.0225,72.5714
NGO702349,USER_NGO702349,Community NGO 2350,Not Provided,Mumbai - West,6960,Mixed,19.076,72.8777
NGO702350,USER_NGO702350,Community NGO 2351,Not Provided,Jaipur - Citywide,7510,Mixed,26.9124,75.7873
NGO702351,USER_NGO702351,Community NGO 2352,Not Provided,Remote - East,13395,Mixed,20.5937,78.9629
NGO702353,USER_NGO702353,Community NGO 2354,Not Provided,Jaipur - East,11150,Mixed,26.9124,75.7873
NGO702354,USER_NGO702354,Community NGO 2355,Not Provided,Chennai - East,1655,Mixed,13.0827,80.2707
NGO702356,USER_NGO702356,Community NGO 2357,Not Provided,Jaipur - Citywide,5450,Mixed,26.9124,75.7873
NGO702358,USER_NGO702358,Community NGO 2359,Not Provided,Bengaluru - West,3295,Mixed,12.9716,77.5946
NGO700235,USER_NGO700235,Community NGO 236,Not Provided,Chennai - South,8615,Mixed,13.0827,80.2707
NGO702359,USER_NGO702359,Community NGO 2360,Not Provided,Delhi NCR - South,5265,Mixed,28.6139,77.209
NGO702360,USER_NGO702360,Community NGO 2361,Not Provided,Hyderabad - East,8030,Mixed,17.385,78.4867
NGO702361,USER_NGO702361,Community NGO 2362,Not Provided,Hyderabad - West,6605,Mixed,17.385,78.4867
NGO702362,USER_NGO702362,Community NGO 2363,Not Provided,Bengaluru - Central,6435,Mixed,12.9716,77.5946
NGO702363,USER_NGO702363,Community NGO 2364,Not Provided,Chennai - South,110,Mixed,13.0827,80.2707
NGO702364,USER_NGO702364,Community NGO 2365,Not Provided,Delhi NCR - Citywide,13290,Mixed,28.6139,77.209
NGO702365,USER_NGO702365,Community NGO 2366,Not Provided,Jaipur - South,6360,Mixed,26.9124,75.7873
NGO702366,USER_NGO702366,Community NGO 2367,Not Provided,Remote - Citywide,7680,Mixed,20.5937,78.9629
NGO702367,USER_NGO702367,Community NGO 2368,Not Provided,Chennai - North,8175,Mixed,13.0827,80.2707
NGO702368,USER_NGO702368,Community NGO 2369,Not Provided,Mumbai - East,975,Mixed,19.076,72.8777
NGO700236,USER_NGO700236,Community NGO 237,Not Provided,Ahmedabad - East,7675,Mixed,23.0225,72.5714
NGO702369,USER_NGO702369,Community NGO 2370,Not Provided,Chennai - Citywide,6190,Mixed,13.0827,80.2707
NGO702371,USER_NGO702371,Community NGO 2372,Not Provided,Mumbai - South,2155,Mixed,19.076,72.8777
NGO702372,USER_NGO702372,Community NGO 2373,Not Provided,Mumbai - Citywide,12780,Mixed,19.076,72.8777
NGO702373,USER_NGO702373,Community NGO 2374,Not Provided,Hyderabad - East,425,Mixed,17.385,78.4867
NGO702374,USER_NGO702374,Community NGO 2375,Not Provided,Bengaluru - South,14320,Mixed,12.9716,77.5946
NGO702375,USER_NGO702375,Community NGO 2376,Not Provided,Delhi NCR - East,10835,Mixed,28.6139,77.209
NGO702376,USER_NGO702376,Community NGO 2377,Not Provided,Bengaluru - North,845,Mixed,12.9716,77.5946
NGO702377,USER_NGO702377,Community NGO 2378,Not Provided,Hyderabad - North,11855,Mixed,17.385,78.4867
NGO702378,USER_NGO702378,Community NGO 2379,Not Provided,Delhi NCR - South,1800,Mixed,28.6139,77.209
NGO700237,USER_NGO700237,Community NGO 238,Not Provided,Jaipur - South,9345,Mixed,26.9124,75.7873
NGO702379,USER_NGO702379,Community NGO 2380,Not Provided,Ahmedabad - West,7095,Mixed,23.0225,72.5714
NGO702380,USER_NGO702380,Community NGO 2381,Not Provided,Hyderabad - Citywide,8745,Mixed,17.385,78.4867
NGO702382,USER_NGO702382,Community NGO 2383,Not Provided,Delhi NCR - East,10645,Mixed,28.6139,77.209
NGO702383,USER_NGO702383,Community NGO 2384,Not Provided,Remote - Central,5310,Mixed,20.5937,78.9629
NGO702384,USER_NGO702384,Community NGO 2385,Not Provided,Delhi NCR - South,3740,Mixed,28.6139,77.209
NGO702385,USER_NGO702385,Community NGO 2386,Not Provided,Remote - East,7015,Mixed,20.5937,78.9629
NGO702387,USER_NGO702387,Community NGO 2388,Not Provided,Pune - East,6890,Mixed,18.5204,73.8567
NGO700238,USER_NGO700238,Community NGO 239,Not Provided,Hyderabad - North,3280,Mixed,17.385,78.4867
NGO702389,USER_NGO702389,Community NGO 2390,Not Provided,Kolkata - Citywide,14020,Mixed,22.5726,88.3639
NGO702391,USER_NGO702391,Community NGO 2392,Not Provided,Kolkata - South,8625,Mixed,22.5726,88.3639
NGO702392,USER_NGO702392,Community NGO 2393,Not Provided,Pune - North,9395,Mixed,18.5204,73.8567
NGO702393,USER_NGO702393,Community NGO 2394,Not Provided,Bengaluru - Citywide,1620,Mixed,12.9716,77.5946
NGO702394,USER_NGO702394,Community NGO 2395,Not Provided,Delhi NCR - Central,9525,Mixed,28.6139,77.209
NGO702395,USER_NGO702395,Community NGO 2396,Not Provided,Hyderabad - North,9885,Mixed,17.385,78.4867
NGO702396,USER_NGO702396,Community NGO 2397,Not Provided,Hyderabad - Central,1155,Mixed,17.385,78.4867
NGO702397,USER_NGO702397,Community NGO 2398,Not Provided,Mumbai - Central,14635,Mixed,19.076,72.8777
NGO702398,USER_NGO702398,Community NGO 2399,Not Provided,Ahmedabad - West,12285,Mixed,23.0225,72.5714
NGO700023,USER_NGO700023,Community NGO 24,Not Provided,Pune - South,13680,Mixed,18.5204,73.8567
NGO700239,USER_NGO700239,Community NGO 240,Not Provided,Chennai - North,3560,Mixed,13.0827,80.2707
NGO702399,USER_NGO702399,Community NGO 2400,Not Provided,Ahmedabad - Central,1695,Mixed,23.0225,72.5714
NGO702400,USER_NGO702400,Community NGO 2401,Not Provided,Mumbai - West,6205,Mixed,19.076,72.8777
NGO702402,USER_NGO702402,Community NGO 2403,Not Provided,Hyderabad - South,1815,Mixed,17.385,78.4867
NGO702403,USER_NGO702403,Community NGO 2404,Not Provided,Hyderabad - South,9120,Mixed,17.385,78.4867
NGO702405,USER_NGO702405,Community NGO 2406,Not Provided,Chennai - Central,7715,Mixed,13.0827,80.2707
NGO702406,USER_NGO702406,Community NGO 2407,Not Provided,Jaipur - North,3810,Mixed,26.9124,75.7873
NGO702408,USER_NGO702408,Community NGO 2409,Not Provided,Kolkata - Citywide,6855,Mixed,22.5726,88.3639
NGO700240,USER_NGO700240,Community NGO 241,Not Provided,Kolkata - South,9245,Mixed,22.5726,88.3639
NGO702409,USER_NGO702409,Community NGO 2410,Not Provided,Bengaluru - Citywide,13875,Mixed,12.9716,77.5946
NGO702410,USER_NGO702410,Community NGO 2411,Not Provided,Bengaluru - East,12750,Mixed,12.9716,77.5946
NGO702412,USER_NGO702412,Community NGO 2413,Not Provided,Jaipur - Central,12475,Mixed,26.9124,75.7873
NGO702413,USER_NGO702413,Community NGO 2414,Not Provided,Remote - West,13100,Mixed,20.5937,78.9629
NGO702416,USER_NGO702416,Community NGO 2417,Not Provided,Delhi NCR - Citywide,7505,Mixed,28.6139,77.209
NGO702417,USER_NGO702417,Community NGO 2418,Not Provided,Jaipur - East,12815,Mixed,26.9124,75.7873
NGO702418,USER_NGO702418,Community NGO 2419,Not Provided,Bengaluru - East,7845,Mixed,12.9716,77.5946
NGO702419,USER_NGO702419,Community NGO 2420,Not Provided,Ahmedabad - West,10570,Mixed,23.0225,72.5714
NGO702420,USER_NGO702420,Community NGO 2421,Not Provided,Chennai - West,4525,Mixed,13.0827,80.2707
NGO702421,USER_NGO702421,Community NGO 2422,Not Provided,Jaipur - Citywide,2435,Mixed,26.9124,75.7873
NGO702424,USER_NGO702424,Community NGO 2425,Not Provided,Chennai - Central,4705,Mixed,13.0827,80.2707
NGO702425,USER_NGO702425,Community NGO 2426,Not Provided,Bengaluru - Citywide,9920,Mixed,12.9716,77.5946
NGO702426,USER_NGO702426,Community NGO 2427,Not Provided,Kolkata - Citywide,13780,Mixed,22.5726,88.3639
NGO702427,USER_NGO702427,Community NGO 2428,Not Provided,Hyderabad - Citywide,14240,Mixed,17.385,78.4867
NGO702428,USER_NGO702428,Community NGO 2429,Not Provided,Jaipur - South,13480,Mixed,26.9124,75.7873
NGO702430,USER_NGO702430,Community NGO 2431,Not Provided,Chennai - North,12655,Mixed,13.0827,80.2707
NGO702433,USER_NGO702433,Community NGO 2434,Not Provided,Pune - South,12390,Mixed,18.5204,73.8567
NGO702434,USER_NGO702434,Community NGO 2435,Not Provided,Mumbai - Citywide,7420,Mixed,19.076,72.8777
NGO702436,USER_NGO702436,Community NGO 2437,Not Provided,Remote - Central,2485,Mixed,20.5937,78.9629
NGO702437,USER_NGO702437,Community NGO 2438,Not Provided,Chennai - West,7875,Mixed,13.0827,80.2707
NGO702440,USER_NGO702440,Community NGO 2441,Not Provided,Hyderabad - North,13450,Mixed,17.385,78.4867
NGO702441,USER_NGO702441,Community NGO 2442,Not Provided,Remote - Central,13985,Mixed,20.5937,78.9629
NGO702442,USER_NGO702442,Community NGO 2443,Not Provided,Kolkata - North,12190,Mixed,22.5726,88.3639
NGO702443,USER_NGO702443,Community NGO 2444,Not Provided,Pune - West,12465,Mixed,18.5204,73.8567
NGO702444,USER_NGO702444,Community NGO 2445,Not Provided,Jaipur - West,4685,Mixed,26.9124,75.7873
NGO702445,USER_NGO702445,Community NGO 2446,Not Provided,Mumbai - East,5190,Mixed,19.076,72.8777
NGO702446,USER_NGO702446,Community NGO 2447,Not Provided,Pune - North,13660,Mixed,18.5204,73.8567
NGO702447,USER_NGO702447,Community NGO 2448,Not Provided,Chennai - Central,125,Mixed,13.0827,80.2707
NGO702448,USER_NGO702448,Community NGO 2449,Not Provided,Ahmedabad - Central,9425,Mixed,23.0225,72.5714
NGO700244,USER_NGO700244,Community NGO 245,Not Provided,Chennai - South,2675,Mixed,13.0827,80.2707
NGO702449,USER_NGO702449,Community NGO 2450,Not Provided,Delhi NCR - West,11695,Mixed,28.6139,77.209
NGO702451,USER_NGO702451,Community NGO 2452,Not Provided,Delhi NCR - Citywide,4125,Mixed,28.6139,77.209
NGO702452,USER_NGO702452,Community NGO 2453,Not Provided,Remote - South,3185,Mixed,20.5937,78.9629
NGO702453,USER_NGO702453,Community NGO 2454,Not Provided,Chennai - North,5885,Mixed,13.0827,80.2707
NGO702455,USER_NGO702455,Community NGO 2456,Not Provided,Mumbai - Citywide,7755,Mixed,19.076,72.8777
NGO702456,USER_NGO702456,Community NGO 2457,Not Provided,Kolkata - Citywide,9025,Mixed,22.5726,88.3639
NGO702457,USER_NGO702457,Community NGO 2458,Not Provided,Chennai - Citywide,12865,Mixed,13.0827,80.2707
NGO700245,USER_NGO700245,Community NGO 246,Not Provided,Remote - East,13125,Mixed,20.5937,78.9629
NGO702459,USER_NGO702459,Community NGO 2460,Not Provided,Jaipur - South,2395,Mixed,26.9124,75.7873
NGO702460,USER_NGO702460,Community NGO 2461,Not Provided,Mumbai - East,10045,Mixed,19.076,72.8777
NGO702462,USER_NGO702462,Community NGO 2463,Not Provided,Jaipur - West,10735,Mixed,26.9124,75.7873
NGO702463,USER_NGO702463,Community NGO 2464,Not Provided,Pune - Citywide,7815,Mixed,18.5204,73.8567
NGO702464,USER_NGO702464,Community NGO 2465,Not Provided,Pune - North,14360,Mixed,18.5204,73.8567
NGO702465,USER_NGO702465,Community NGO 2466,Not Provided,Remote - West,1210,Mixed,20.5937,78.9629
NGO702467,USER_NGO702467,Community NGO 2468,Not Provided,Mumbai - West,6860,Mixed,19.076,72.8777
NGO702468,USER_NGO702468,Community NGO 2469,Not Provided,Jaipur - Citywide,13895,Mixed,26.9124,75.7873
NGO702469,USER_NGO702469,Community NGO 2470,Not Provided,Remote - Citywide,10400,Mixed,20.5937,78.9629
NGO702470,USER_NGO702470,Community NGO 2471,Not Provided,Jaipur - Central,3370,Mixed,26.9124,75.7873
NGO702471,USER_NGO702471,Community NGO 2472,Not Provided,Pune - Citywide,11745,Mixed,18.5204,73.8567
NGO702473,USER_NGO702473,Community NGO 2474,Not Provided,Chennai - West,1765,Mixed,13.0827,80.2707
NGO702474,USER_NGO702474,Community NGO 2475,Not Provided,Pune - North,7860,Mixed,18.5204,73.8567
NGO702475,USER_NGO702475,Community NGO 2476,Not Provided,Delhi NCR - North,11995,Mixed,28.6139,77.209
NGO702476,USER_NGO702476,Community NGO 2477,Not Provided,Remote - North,11405,Mixed,20.5937,78.9629
NGO702477,USER_NGO702477,Community NGO 2478,Not Provided,Pune - West,11370,Mixed,18.5204,73.8567
NGO702478,USER_NGO702478,Community NGO 2479,Not Provided,Mumbai - South,14730,Mixed,19.076,72.8777
NGO700247,USER_NGO700247,Community NGO 248,Not Provided,Jaipur - North,9725,Mixed,26.9124,75.7873
NGO702479,USER_NGO702479,Community NGO 2480,Not Provided,Delhi NCR - North,8210,Mixed,28.6139,77.209
NGO702480,USER_NGO702480,Community NGO 2481,Not Provided,Ahmedabad - Central,11220,Mixed,23.0225,72.5714
NGO702483,USER_NGO702483,Community NGO 2484,Not Provided,Hyderabad - North,1090,Mixed,17.385,78.4867
NGO702485,USER_NGO702485,Community NGO 2486,Not Provided,Ahmedabad - Citywide,2415,Mixed,23.0225,72.5714
NGO702486,USER_NGO702486,Community NGO 2487,Not Provided,Kolkata - West,14180,Mixed,22.5726,88.3639
NGO702487,USER_NGO702487,Community NGO 2488,Not Provided,Delhi NCR - East,8570,Mixed,28.6139,77.209
NGO702488,USER_NGO702488,Community NGO 2489,Not Provided,Pune - South,1050,Mixed,18.5204,73.8567
NGO700248,USER_NGO700248,Community NGO 249,Not Provided,Bengaluru - North,14930,Mixed,12.9716,77.5946
NGO702490,USER_NGO702490,Community NGO 2491,Not Provided,Hyderabad - West,6740,Mixed,17.385,78.4867
NGO702492,USER_NGO702492,Community NGO 2493,Not Provided,Pune - South,10160,Mixed,18.5204,73.8567
NGO702493,USER_NGO702493,Community NGO 2494,Not Provided,Bengaluru - East,9130,Mixed,12.9716,77.5946
NGO702494,USER_NGO702494,Community NGO 2495,Not Provided,Mumbai - North,3485,Mixed,19.076,72.8777
NGO702495,USER_NGO702495,Community NGO 2496,Not Provided,Chennai - Central,8915,Mixed,13.0827,80.2707
NGO702496,USER_NGO702496,Community NGO 2497,Not Provided,Delhi NCR - East,11250,Mixed,28.6139,77.209
NGO702497,USER_NGO702497,Community NGO 2498,Not Provided,Pune - South,7585,Mixed,18.5204,73.8567
NGO700024,USER_NGO700024,Community NGO 25,Not Provided,Pune - Central,7010,Mixed,18.5204,73.8567
NGO700249,USER_NGO700249,Community NGO 250,Not Provided,Pune - South,4975,Mixed,18.5204,73.8567
NGO702500,USER_NGO702500,Community NGO 2501,Not Provided,Mumbai - East,2210,Mixed,19.076,72.8777
NGO702501,USER_NGO702501,Community NGO 2502,Not Provided,Delhi NCR - West,11650,Mixed,28.6139,77.209
NGO702503,USER_NGO702503,Community NGO 2504,Not Provided,Bengaluru - Central,3995,Mixed,12.9716,77.5946
NGO702504,USER_NGO702504,Community NGO 2505,Not Provided,Ahmedabad - North,5940,Mixed,23.0225,72.5714
NGO702505,USER_NGO702505,Community NGO 2506,Not Provided,Hyderabad - Central,10090,Mixed,17.385,78.4867
NGO702506,USER_NGO702506,Community NGO 2507,Not Provided,Hyderabad - Central,505,Mixed,17.385,78.4867
NGO702507,USER_NGO702507,Community NGO 2508,Not Provided,Ahmedabad - North,8585,Mixed,23.0225,72.5714
NGO702508,USER_NGO702508,Community NGO 2509,Not Provided,Mumbai - North,4865,Mixed,19.076,72.8777
NGO700250,USER_NGO700250,Community NGO 251,Not Provided,Kolkata - North,1210,Mixed,22.5726,88.3639
NGO702510,USER_NGO702510,Community NGO 2511,Not Provided,Chennai - West,9470,Mixed,13.0827,80.2707
NGO702511,USER_NGO702511,Community NGO 2512,Not Provided,Mumbai - East,3860,Mixed,19.076,72.8777
NGO702512,USER_NGO702512,Community NGO 2513,Not Provided,Chennai - South,8360,Mixed,13.0827,80.2707
NGO702514,USER_NGO702514,Community NGO 2515,Not Provided,Pune - North,2505,Mixed,18.5204,73.8567
NGO702515,USER_NGO702515,Community NGO 2516,Not Provided,Bengaluru - South,12030,Mixed,12.9716,77.5946
NGO702516,USER_NGO702516,Community NGO 2517,Not Provided,Mumbai - South,13460,Mixed,19.076,72.8777
NGO702517,USER_NGO702517,Community NGO 2518,Not Provided,Ahmedabad - Central,455,Mixed,23.0225,72.5714
NGO702521,USER_NGO702521,Community NGO 2522,Not Provided,Hyderabad - West,10230,Mixed,17.385,78.4867
NGO702524,USER_NGO702524,Community NGO 2525,Not Provided,Delhi NCR - Central,14665,Mixed,28.6139,77.209
NGO702525,USER_NGO702525,Community NGO 2526,Not Provided,Bengaluru - South,7380,Mixed,12.9716,77.5946
NGO702526,USER_NGO702526,Community NGO 2527,Not Provided,Chennai - North,7050,Mixed,13.0827,80.2707
NGO702527,USER_NGO702527,Community NGO 2528,Not Provided,Kolkata - East,10740,Mixed,22.5726,88.3639
NGO702528,USER_NGO702528,Community NGO 2529,Not Provided,Kolkata - South,145,Mixed,22.5726,88.3639
NGO702529,USER_NGO702529,Community NGO 2530,Not Provided,Delhi NCR - North,9595,Mixed,28.6139,77.209
NGO702530,USER_NGO702530,Community NGO 2531,Not Provided,Remote - Central,14555,Mixed,20.5937,78.9629
NGO702531,USER_NGO702531,Community NGO 2532,Not Provided,Ahmedabad - North,1250,Mixed,23.0225,72.5714
NGO702532,USER_NGO702532,Community NGO 2533,Not Provided,Bengaluru - West,9500,Mixed,12.9716,77.5946
NGO702533,USER_NGO702533,Community NGO 2534,Not Provided,Delhi NCR - North,10595,Mixed,28.6139,77.209
NGO702534,USER_NGO702534,Community NGO 2535,Not Provided,Chennai - West,5455,Mixed,13.0827,80.2707
NGO702535,USER_NGO702535,Community NGO 2536,Not Provided,Delhi NCR - North,12410,Mixed,28.6139,77.209
NGO702536,USER_NGO702536,Community NGO 2537,Not Provided,Hyderabad - South,6715,Mixed,17.385,78.4867
NGO702537,USER_NGO702537,Community NGO 2538,Not Provided,Kolkata - Central,1525,Mixed,22.5726,88.3639
NGO700253,USER_NGO700253,Community NGO 254,Not Provided,Pune - Central,13520,Mixed,18.5204,73.8567
NGO702539,USER_NGO702539,Community NGO 2540,Not Provided,Jaipur - Central,12055,Mixed,26.9124,75.7873
NGO702541,USER_NGO702541,Community NGO 2542,Not Provided,Kolkata - East,12200,Mixed,22.5726,88.3639
NGO702543,USER_NGO702543,Community NGO 2544,Not Provided,Kolkata - Citywide,6530,Mixed,22.5726,88.3639
NGO702545,USER_NGO702545,Community NGO 2546,Not Provided,Jaipur - East,4235,Mixed,26.9124,75.7873
NGO702546,USER_NGO702546,Community NGO 2547,Not Provided,Hyderabad - South,4295,Mixed,17.385,78.4867
NGO702547,USER_NGO702547,Community NGO 2548,Not Provided,Pune - East,1095,Mixed,18.5204,73.8567
NGO702548,USER_NGO702548,Community NGO 2549,Not Provided,Chennai - Central,12485,Mixed,13.0827,80.2707
NGO700254,USER_NGO700254,Community NGO 255,Not Provided,Hyderabad - North,310,Mixed,17.385,78.4867
NGO702550,USER_NGO702550,Community NGO 2551,Not Provided,Remote - Central,4395,Mixed,20.5937,78.9629
NGO702551,USER_NGO702551,Community NGO 2552,Not Provided,Pune - West,8095,Mixed,18.5204,73.8567
NGO702552,USER_NGO702552,Community NGO 2553,Not Provided,Delhi NCR - South,6230,Mixed,28.6139,77.209
NGO702553,USER_NGO702553,Community NGO 2554,Not Provided,Chennai - West,2265,Mixed,13.0827,80.2707
NGO702554,USER_NGO702554,Community NGO 2555,Not Provided,Ahmedabad - West,5570,Mixed,23.0225,72.5714
NGO702555,USER_NGO702555,Community NGO 2556,Not Provided,Kolkata - North,3245,Mixed,22.5726,88.3639
NGO702557,USER_NGO702557,Community NGO 2558,Not Provided,Pune - Citywide,5160,Mixed,18.5204,73.8567
NGO702558,USER_NGO702558,Community NGO 2559,Not Provided,Hyderabad - East,14515,Mixed,17.385,78.4867
NGO700255,USER_NGO700255,Community NGO 256,Not Provided,Pune - Central,7355,Mixed,18.5204,73.8567
NGO702559,USER_NGO702559,Community NGO 2560,Not Provided,Mumbai - Citywide,13395,Mixed,19.076,72.8777
NGO702560,USER_NGO702560,Community NGO 2561,Not Provided,Bengaluru - Citywide,14450,Mixed,12.9716,77.5946
NGO702562,USER_NGO702562,Community NGO 2563,Not Provided,Remote - Citywide,7370,Mixed,20.5937,78.9629
NGO702564,USER_NGO702564,Community NGO 2565,Not Provided,Mumbai - East,3885,Mixed,19.076,72.8777
NGO702565,USER_NGO702565,Community NGO 2566,Not Provided,Mumbai - West,12890,Mixed,19.076,72.8777
NGO702566,USER_NGO702566,Community NGO 2567,Not Provided,Mumbai - East,5475,Mixed,19.076,72.8777
NGO702567,USER_NGO702567,Community NGO 2568,Not Provided,Ahmedabad - North,7980,Mixed,23.0225,72.5714
NGO702568,USER_NGO702568,Community NGO 2569,Not Provided,Chennai - West,14155,Mixed,13.0827,80.2707
NGO700256,USER_NGO700256,Community NGO 257,Not Provided,Mumbai - West,9860,Mixed,19.076,72.8777
NGO702569,USER_NGO702569,Community NGO 2570,Not Provided,Pune - West,3775,Mixed,18.5204,73.8567
NGO702570,USER_NGO702570,Community NGO 2571,Not Provided,Bengaluru - West,4160,Mixed,12.9716,77.5946
NGO702571,USER_NGO702571,Community NGO 2572,Not Provided,Kolkata - East,1335,Mixed,22.5726,88.3639
NGO702572,USER_NGO702572,Community NGO 2573,Not Provided,Chennai - East,11225,Mixed,13.0827,80.2707
NGO702573,USER_NGO702573,Community NGO 2574,Not Provided,Mumbai - Citywide,13775,Mixed,19.076,72.8777
NGO702575,USER_NGO702575,Community NGO 2576,Not Provided,Remote - West,8495,Mixed,20.5937,78.9629
NGO702576,USER_NGO702576,Community NGO 2577,Not Provided,Jaipur - South,2465,Mixed,26.9124,75.7873
NGO702577,USER_NGO702577,Community NGO 2578,Not Provided,Ahmedabad - South,7655,Mixed,23.0225,72.5714
NGO702578,USER_NGO702578,Community NGO 2579,Not Provided,Mumbai - North,3085,Mixed,19.076,72.8777
NGO702579,USER_NGO702579,Community NGO 2580,Not Provided,Delhi NCR - Citywide,11475,Mixed,28.6139,77.209
NGO702580,USER_NGO702580,Community NGO 2581,Not Provided,Remote - East,2830,Mixed,20.5937,78.9629
NGO702581,USER_NGO702581,Community NGO 2582,Not Provided,Chennai - East,4830,Mixed,13.0827,80.2707
NGO702582,USER_NGO702582,Community NGO 2583,Not Provided,Jaipur - South,6635,Mixed,26.9124,75.7873
NGO702585,USER_NGO702585,Community NGO 2586,Not Provided,Delhi NCR - East,2265,Mixed,28.6139,77.209
NGO702586,USER_NGO702586,Community NGO 2587,Not Provided,Hyderabad - West,3895,Mixed,17.385,78.4867
NGO702587,USER_NGO702587,Community NGO 2588,Not Provided,Hyderabad - Citywide,5400,Mixed,17.385,78.4867
NGO700258,USER_NGO700258,Community NGO 259,Not Provided,Chennai - Central,14560,Mixed,13.0827,80.2707
NGO702589,USER_NGO702589,Community NGO 2590,Not Provided,Bengaluru - East,12740,Mixed,12.9716,77.5946
NGO702590,USER_NGO702590,Community NGO 2591,Not Provided,Mumbai - Citywide,12890,Mixed,19.076,72.8777
NGO702591,USER_NGO702591,Community NGO 2592,Not Provided,Ahmedabad - East,4495,Mixed,23.0225,72.5714
NGO702592,USER_NGO702592,Community NGO 2593,Not Provided,Remote - North,14680,Mixed,20.5937,78.9629
NGO702593,USER_NGO702593,Community NGO 2594,Not Provided,Hyderabad - South,7670,Mixed,17.385,78.4867
NGO702594,USER_NGO702594,Community NGO 2595,Not Provided,Ahmedabad - Central,8695,Mixed,23.0225,72.5714
NGO702596,USER_NGO702596,Community NGO 2597,Not Provided,Chennai - East,11120,Mixed,13.0827,80.2707
NGO702597,USER_NGO702597,Community NGO 2598,Not Provided,Pune - Central,7750,Mixed,18.5204,73.8567
NGO702598,USER_NGO702598,Community NGO 2599,Not Provided,Bengaluru - West,12385,Mixed,12.9716,77.5946
NGO700259,USER_NGO700259,Community NGO 260,Not Provided,Mumbai - South,845,Mixed,19.076,72.8777
NGO702599,USER_NGO702599,Community NGO 2600,Not Provided,Mumbai - West,10860,Mixed,19.076,72.8777
NGO702600,USER_NGO702600,Community NGO 2601,Not Provided,Remote - West,750,Mixed,20.5937,78.9629
NGO702602,USER_NGO702602,Community NGO 2603,Not Provided,Kolkata - North,10970,Mixed,22.5726,88.3639
NGO702603,USER_NGO702603,Community NGO 2604,Not Provided,Jaipur - South,3145,Mixed,26.9124,75.7873
NGO702604,USER_NGO702604,Community NGO 2605,Not Provided,Chennai - West,11605,Mixed,13.0827,80.2707
NGO702606,USER_NGO702606,Community NGO 2607,Not Provided,Pune - South,14195,Mixed,18.5204,73.8567
NGO702607,USER_NGO702607,Community NGO 2608,Not Provided,Bengaluru - Central,14770,Mixed,12.9716,77.5946
NGO702610,USER_NGO702610,Community NGO 2611,Not Provided,Jaipur - East,1225,Mixed,26.9124,75.7873
NGO702611,USER_NGO702611,Community NGO 2612,Not Provided,Remote - East,13035,Mixed,20.5937,78.9629
NGO702612,USER_NGO702612,Community NGO 2613,Not Provided,Remote - North,7480,Mixed,20.5937,78.9629
NGO702613,USER_NGO702613,Community NGO 2614,Not Provided,Chennai - South,2250,Mixed,13.0827,80.2707
NGO702615,USER_NGO702615,Community NGO 2616,Not Provided,Mumbai - Citywide,9610,Mixed,19.076,72.8777
NGO702616,USER_NGO702616,Community NGO 2617,Not Provided,Pune - North,9855,Mixed,18.5204,73.8567
NGO702618,USER_NGO702618,Community NGO 2619,Not Provided,Remote - Citywide,4465,Mixed,20.5937,78.9629
NGO700261,USER_NGO700261,Community NGO 262,Not Provided,Bengaluru - South,4030,Mixed,12.9716,77.5946
NGO702619,USER_NGO702619,Community NGO 2620,Not Provided,Chennai - Citywide,7105,Mixed,13.0827,80.2707
NGO702621,USER_NGO702621,Community NGO 2622,Not Provided,Mumbai - North,7245,Mixed,19.076,72.8777
NGO702622,USER_NGO702622,Community NGO 2623,Not Provided,Jaipur - East,12800,Mixed,26.9124,75.7873
NGO702623,USER_NGO702623,Community NGO 2624,Not Provided,Delhi NCR - Citywide,9270,Mixed,28.6139,77.209
NGO702625,USER_NGO702625,Community NGO 2626,Not Provided,Pune - North,2480,Mixed,18.5204,73.8567
NGO702626,USER_NGO702626,Community NGO 2627,Not Provided,Jaipur - Citywide,13830,Mixed,26.9124,75.7873
NGO702628,USER_NGO702628,Community NGO 2629,Not Provided,Bengaluru - West,13165,Mixed,12.9716,77.5946
NGO702629,USER_NGO702629,Community NGO 2630,Not Provided,Chennai - East,12885,Mixed,13.0827,80.2707
NGO702631,USER_NGO702631,Community NGO 2632,Not Provided,Hyderabad - Central,8075,Mixed,17.385,78.4867
NGO702634,USER_NGO702634,Community NGO 2635,Not Provided,Mumbai - West,10280,Mixed,19.076,72.8777
NGO702635,USER_NGO702635,Community NGO 2636,Not Provided,Jaipur - East,9660,Mixed,26.9124,75.7873
NGO702636,USER_NGO702636,Community NGO 2637,Not Provided,Mumbai - East,5925,Mixed,19.076,72.8777
NGO702638,USER_NGO702638,Community NGO 2639,Not Provided,Chennai - East,12400,Mixed,13.0827,80.2707
NGO702639,USER_NGO702639,Community NGO 2640,Not Provided,Jaipur - East,14365,Mixed,26.9124,75.7873
NGO702640,USER_NGO702640,Community NGO 2641,Not Provided,Bengaluru - Citywide,11465,Mixed,12.9716,77.5946
NGO702641,USER_NGO702641,Community NGO 2642,Not Provided,Delhi NCR - East,7755,Mixed,28.6139,77.209
NGO702643,USER_NGO702643,Community NGO 2644,Not Provided,Mumbai - North,4050,Mixed,19.076,72.8777
NGO702645,USER_NGO702645,Community NGO 2646,Not Provided,Bengaluru - Central,7045,Mixed,12.9716,77.5946
NGO702646,USER_NGO702646,Community NGO 2647,Not Provided,Ahmedabad - East,14570,Mixed,23.0225,72.5714
NGO702647,USER_NGO702647,Community NGO 2648,Not Provided,Ahmedabad - Central,9470,Mixed,23.0225,72.5714
NGO702649,USER_NGO702649,Community NGO 2650,Not Provided,Pune - West,8330,Mixed,18.5204,73.8567
NGO702651,USER_NGO702651,Community NGO 2652,Not Provided,Delhi NCR - West,1615,Mixed,28.6139,77.209
NGO702652,USER_NGO702652,Community NGO 2653,Not Provided,Pune - North,6425,Mixed,18.5204,73.8567
NGO702653,USER_NGO702653,Community NGO 2654,Not Provided,Kolkata - West,275,Mixed,22.5726,88.3639
NGO702654,USER_NGO702654,Community NGO 2655,Not Provided,Jaipur - West,5065,Mixed,26.9124,75.7873
NGO702655,USER_NGO702655,Community NGO 2656,Not Provided,Kolkata - West,11570,Mixed,22.5726,88.3639
NGO702657,USER_NGO702657,Community NGO 2658,Not Provided,Jaipur - West,875,Mixed,26.9124,75.7873
NGO702658,USER_NGO702658,Community NGO 2659,Not Provided,Mumbai - North,8325,Mixed,19.076,72.8777
NGO700265,USER_NGO700265,Community NGO 266,Not Provided,Mumbai - Citywide,3980,Mixed,19.076,72.8777
NGO702659,USER_NGO702659,Community NGO 2660,Not Provided,Delhi NCR - North,1055,Mixed,28.6139,77.209
NGO702660,USER_NGO702660,Community NGO 2661,Not Provided,Jaipur - Central,8540,Mixed,26.9124,75.7873
NGO702661,USER_NGO702661,Community NGO 2662,Not Provided,Kolkata - South,12690,Mixed,22.5726,88.3639
NGO702662,USER_NGO702662,Community NGO 2663,Not Provided,Kolkata - Central,10590,Mixed,22.5726,88.3639
NGO702663,USER_NGO702663,Community NGO 2664,Not Provided,Ahmedabad - Central,1490,Mixed,23.0225,72.5714
NGO702664,USER_NGO702664,Community NGO 2665,Not Provided,Bengaluru - East,7160,Mixed,12.9716,77.5946
NGO702665,USER_NGO702665,Community NGO 2666,Not Provided,Pune - West,11355,Mixed,18.5204,73.8567
NGO702666,USER_NGO702666,Community NGO 2667,Not Provided,Jaipur - East,5840,Mixed,26.9124,75.7873
NGO702667,USER_NGO702667,Community NGO 2668,Not Provided,Mumbai - West,4365,Mixed,19.076,72.8777
NGO702668,USER_NGO702668,Community NGO 2669,Not Provided,Jaipur - North,11945,Mixed,26.9124,75.7873
NGO700266,USER_NGO700266,Community NGO 267,Not Provided,Ahmedabad - West,2970,Mixed,23.0225,72.5714
NGO702669,USER_NGO702669,Community NGO 2670,Not Provided,Mumbai - West,2515,Mixed,19.076,72.8777
NGO702670,USER_NGO702670,Community NGO 2671,Not Provided,Remote - East,8510,Mixed,20.5937,78.9629
NGO702672,USER_NGO702672,Community NGO 2673,Not Provided,Bengaluru - West,10695,Mixed,12.9716,77.5946
NGO702673,USER_NGO702673,Community NGO 2674,Not Provided,Pune - South,9940,Mixed,18.5204,73.8567
NGO702674,USER_NGO702674,Community NGO 2675,Not Provided,Jaipur - East,1920,Mixed,26.9124,75.7873
NGO702677,USER_NGO702677,Community NGO 2678,Not Provided,Chennai - Citywide,8700,Mixed,13.0827,80.2707
NGO702678,USER_NGO702678,Community NGO 2679,Not Provided,Chennai - Citywide,6080,Mixed,13.0827,80.2707
NGO702679,USER_NGO702679,Community NGO 2680,Not Provided,Remote - East,235,Mixed,20.5937,78.9629
NGO702680,USER_NGO702680,Community NGO 2681,Not Provided,Chennai - Central,2440,Mixed,13.0827,80.2707
NGO702681,USER_NGO702681,Community NGO 2682,Not Provided,Mumbai - South,10615,Mixed,19.076,72.8777
NGO702682,USER_NGO702682,Community NGO 2683,Not Provided,Hyderabad - Central,8835,Mixed,17.385,78.4867
NGO702683,USER_NGO702683,Community NGO 2684,Not Provided,Delhi NCR - Central,9965,Mixed,28.6139,77.209
NGO702685,USER_NGO702685,Community NGO 2686,Not Provided,Bengaluru - North,4685,Mixed,12.9716,77.5946
NGO702687,USER_NGO702687,Community NGO 2688,Not Provided,Remote - East,6505,Mixed,20.5937,78.9629
NGO702688,USER_NGO702688,Community NGO 2689,Not Provided,Ahmedabad - Central,8765,Mixed,23.0225,72.5714
NGO700268,USER_NGO700268,Community NGO 269,Not Provided,Kolkata - Central,6640,Mixed,22.5726,88.3639
NGO702691,USER_NGO702691,Community NGO 2692,Not Provided,Ahmedabad - Central,6490,Mixed,23.0225,72.5714
NGO702692,USER_NGO702692,Community NGO 2693,Not Provided,Pune - North,7040,Mixed,18.5204,73.8567
NGO702693,USER_NGO702693,Community NGO 2694,Not Provided,Bengaluru - Central,2030,Mixed,12.9716,77.5946
NGO702695,USER_NGO702695,Community NGO 2696,Not Provided,Jaipur - East,10285,Mixed,26.9124,75.7873
NGO702696,USER_NGO702696,Community NGO 2697,Not Provided,Jaipur - Central,13835,Mixed,26.9124,75.7873
NGO702697,USER_NGO702697,Community NGO 2698,Not Provided,Mumbai - North,13135,Mixed,19.076,72.8777
NGO702698,USER_NGO702698,Community NGO 2699,Not Provided,Delhi NCR - South,3120,Mixed,28.6139,77.209
NGO700269,USER_NGO700269,Community NGO 270,Not Provided,Mumbai - North,5115,Mixed,19.076,72.8777
NGO702699,USER_NGO702699,Community NGO 2700,Not Provided,Bengaluru - West,1530,Mixed,12.9716,77.5946
NGO702701,USER_NGO702701,Community NGO 2702,Not Provided,Pune - East,13755,Mixed,18.5204,73.8567
NGO702702,USER_NGO702702,Community NGO 2703,Not Provided,Bengaluru - South,5335,Mixed,12.9716,77.5946
NGO702703,USER_NGO702703,Community NGO 2704,Not Provided,Remote - North,3300,Mixed,20.5937,78.9629
NGO702704,USER_NGO702704,Community NGO 2705,Not Provided,Delhi NCR - West,5515,Mixed,28.6139,77.209
NGO702705,USER_NGO702705,Community NGO 2706,Not Provided,Remote - North,9945,Mixed,20.5937,78.9629
NGO702706,USER_NGO702706,Community NGO 2707,Not Provided,Jaipur - Citywide,4120,Mixed,26.9124,75.7873
NGO702707,USER_NGO702707,Community NGO 2708,Not Provided,Remote - West,7015,Mixed,20.5937,78.9629
NGO702708,USER_NGO702708,Community NGO 2709,Not Provided,Pune - South,9815,Mixed,18.5204,73.8567
NGO700270,USER_NGO700270,Community NGO 271,Not Provided,Delhi NCR - East,12650,Mixed,28.6139,77.209
NGO702709,USER_NGO702709,Community NGO 2710,Not Provided,Hyderabad - South,13390,Mixed,17.385,78.4867
NGO702710,USER_NGO702710,Community NGO 2711,Not Provided,Hyderabad - East,530,Mixed,17.385,78.4867
NGO702711,USER_NGO702711,Community NGO 2712,Not Provided,Jaipur - South,8865,Mixed,26.9124,75.7873
NGO702712,USER_NGO702712,Community NGO 2713,Not Provided,Bengaluru - South,5615,Mixed,12.9716,77.5946
NGO702713,USER_NGO702713,Community NGO 2714,Not Provided,Delhi NCR - Central,8545,Mixed,28.6139,77.209
NGO702714,USER_NGO702714,Community NGO 2715,Not Provided,Mumbai - East,8860,Mixed,19.076,72.8777
NGO702715,USER_NGO702715,Community NGO 2716,Not Provided,Mumbai - North,6770,Mixed,19.076,72.8777
NGO702717,USER_NGO702717,Community NGO 2718,Not Provided,Jaipur - North,9950,Mixed,26.9124,75.7873
NGO700271,USER_NGO700271,Community NGO 272,Not Provided,Bengaluru - Central,12190,Mixed,12.9716,77.5946
NGO702719,USER_NGO702719,Community NGO 2720,Not Provided,Chennai - East,7960,Mixed,13.0827,80.2707
NGO702720,USER_NGO702720,Community NGO 2721,Not Provided,Ahmedabad - Central,1920,Mixed,23.0225,72.5714
NGO702721,USER_NGO702721,Community NGO 2722,Not Provided,Ahmedabad - East,1735,Mixed,23.0225,72.5714
NGO702722,USER_NGO702722,Community NGO 2723,Not Provided,Delhi NCR - North,6795,Mixed,28.6139,77.209
NGO702723,USER_NGO702723,Community NGO 2724,Not Provided,Chennai - East,7020,Mixed,13.0827,80.2707
NGO702724,USER_NGO702724,Community NGO 2725,Not Provided,Delhi NCR - East,12090,Mixed,28.6139,77.209
NGO702725,USER_NGO702725,Community NGO 2726,Not Provided,Ahmedabad - Citywide,2910,Mixed,23.0225,72.5714
NGO702726,USER_NGO702726,Community NGO 2727,Not Provided,Bengaluru - South,11780,Mixed,12.9716,77.5946
NGO702728,USER_NGO702728,Community NGO 2729,Not Provided,Kolkata - Citywide,1360,Mixed,22.5726,88.3639
NGO700272,USER_NGO700272,Community NGO 273,Not Provided,Hyderabad - West,12695,Mixed,17.385,78.4867
NGO702729,USER_NGO702729,Community NGO 2730,Not Provided,Jaipur - East,12375,Mixed,26.9124,75.7873
NGO702730,USER_NGO702730,Community NGO 2731,Not Provided,Kolkata - Central,8215,Mixed,22.5726,88.3639
NGO702731,USER_NGO702731,Community NGO 2732,Not Provided,Ahmedabad - Central,14680,Mixed,23.0225,72.5714
NGO702732,USER_NGO702732,Community NGO 2733,Not Provided,Ahmedabad - South,7655,Mixed,23.0225,72.5714
NGO702733,USER_NGO702733,Community NGO 2734,Not Provided,Remote - East,10360,Mixed,20.5937,78.9629
NGO702734,USER_NGO702734,Community NGO 2735,Not Provided,Hyderabad - East,6800,Mixed,17.385,78.4867
NGO702735,USER_NGO702735,Community NGO 2736,Not Provided,Jaipur - Citywide,11815,Mixed,26.9124,75.7873
NGO702738,USER_NGO702738,Community NGO 2739,Not Provided,Delhi NCR - Citywide,7450,Mixed,28.6139,77.209
NGO700273,USER_NGO700273,Community NGO 274,Not Provided,Remote - North,6005,Mixed,20.5937,78.9629
NGO702739,USER_NGO702739,Community NGO 2740,Not Provided,Mumbai - Central,12370,Mixed,19.076,72.8777
NGO702740,USER_NGO702740,Community NGO 2741,Not Provided,Bengaluru - East,12290,Mixed,12.9716,77.5946
NGO702741,USER_NGO702741,Community NGO 2742,Not Provided,Chennai - Central,2115,Mixed,13.0827,80.2707
NGO702743,USER_NGO702743,Community NGO 2744,Not Provided,Delhi NCR - West,5240,Mixed,28.6139,77.209
NGO702745,USER_NGO702745,Community NGO 2746,Not Provided,Jaipur - Citywide,8310,Mixed,26.9124,75.7873
NGO702746,USER_NGO702746,Community NGO 2747,Not Provided,Hyderabad - East,10170,Mixed,17.385,78.4867
NGO702747,USER_NGO702747,Community NGO 2748,Not Provided,Mumbai - North,7490,Mixed,19.076,72.8777
NGO702748,USER_NGO702748,Community NGO 2749,Not Provided,Chennai - East,10200,Mixed,13.0827,80.2707
NGO702749,USER_NGO702749,Community NGO 2750,Not Provided,Delhi NCR - East,4745,Mixed,28.6139,77.209
NGO702750,USER_NGO702750,Community NGO 2751,Not Provided,Kolkata - Central,8760,Mixed,22.5726,88.3639
NGO702752,USER_NGO702752,Community NGO 2753,Not Provided,Kolkata - Citywide,12120,Mixed,22.5726,88.3639
NGO702754,USER_NGO702754,Community NGO 2755,Not Provided,Bengaluru - West,3385,Mixed,12.9716,77.5946
NGO702755,USER_NGO702755,Community NGO 2756,Not Provided,Delhi NCR - North,10760,Mixed,28.6139,77.209
NGO702756,USER_NGO702756,Community NGO 2757,Not Provided,Bengaluru - South,11080,Mixed,12.9716,77.5946
NGO702757,USER_NGO702757,Community NGO 2758,Not Provided,Jaipur - East,495,Mixed,26.9124,75.7873
NGO702758,USER_NGO702758,Community NGO 2759,Not Provided,Delhi NCR - South,1345,Mixed,28.6139,77.209
NGO700275,USER_NGO700275,Community NGO 276,Not Provided,Pune - Citywide,1970,Mixed,18.5204,73.8567
NGO702759,USER_NGO702759,Community NGO 2760,Not Provided,Ahmedabad - North,4565,Mixed,23.0225,72.5714
NGO702760,USER_NGO702760,Community NGO 2761,Not Provided,Delhi NCR - West,13790,Mixed,28.6139,77.209
NGO702762,USER_NGO702762,Community NGO 2763,Not Provided,Bengaluru - North,11640,Mixed,12.9716,77.5946
NGO702763,USER_NGO702763,Community NGO 2764,Not Provided,Ahmedabad - Citywide,6330,Mixed,23.0225,72.5714
NGO702764,USER_NGO702764,Community NGO 2765,Not Provided,Pune - South,6275,Mixed,18.5204,73.8567
NGO702765,USER_NGO702765,Community NGO 2766,Not Provided,Remote - East,6325,Mixed,20.5937,78.9629
NGO702766,USER_NGO702766,Community NGO 2767,Not Provided,Kolkata - South,12265,Mixed,22.5726,88.3639
NGO702767,USER_NGO702767,Community NGO 2768,Not Provided,Jaipur - Central,12580,Mixed,26.9124,75.7873
NGO702768,USER_NGO702768,Community NGO 2769,Not Provided,Delhi NCR - East,8385,Mixed,28.6139,77.209
NGO700276,USER_NGO700276,Community NGO 277,Not Provided,Ahmedabad - South,5590,Mixed,23.0225,72.5714
NGO702769,USER_NGO702769,Community NGO 2770,Not Provided,Jaipur - West,7360,Mixed,26.9124,75.7873
NGO702770,USER_NGO702770,Community NGO 2771,Not Provided,Kolkata - North,985,Mixed,22.5726,88.3639
NGO702771,USER_NGO702771,Community NGO 2772,Not Provided,Kolkata - West,1245,Mixed,22.5726,88.3639
NGO702772,USER_NGO702772,Community NGO 2773,Not Provided,Kolkata - Central,11615,Mixed,22.5726,88.3639
NGO702773,USER_NGO702773,Community NGO 2774,Not Provided,Pune - Central,11245,Mixed,18.5204,73.8567
NGO702774,USER_NGO702774,Community NGO 2775,Not Provided,Jaipur - Central,7940,Mixed,26.9124,75.7873
NGO702775,USER_NGO702775,Community NGO 2776,Not Provided,Delhi NCR - East,14620,Mixed,28.6139,77.209
NGO702776,USER_NGO702776,Community NGO 2777,Not Provided,Hyderabad - West,5250,Mixed,17.385,78.4867
NGO702777,USER_NGO702777,Community NGO 2778,Not Provided,Jaipur - Central,10565,Mixed,26.9124,75.7873
NGO702778,USER_NGO702778,Community NGO 2779,Not Provided,Remote - West,8785,Mixed,20.5937,78.9629
NGO700277,USER_NGO700277,Community NGO 278,Not Provided,Remote - East,10860,Mixed,20.5937,78.9629
NGO702779,USER_NGO702779,Community NGO 2780,Not Provided,Mumbai - North,2000,Mixed,19.076,72.8777
NGO702781,USER_NGO702781,Community NGO 2782,Not Provided,Chennai - West,4480,Mixed,13.0827,80.2707
NGO702783,USER_NGO702783,Community NGO 2784,Not Provided,Delhi NCR - North,12215,Mixed,28.6139,77.209
NGO702784,USER_NGO702784,Community NGO 2785,Not Provided,Ahmedabad - South,5015,Mixed,23.0225,72.5714
NGO702785,USER_NGO702785,Community NGO 2786,Not Provided,Pune - West,14050,Mixed,18.5204,73.8567
NGO702787,USER_NGO702787,Community NGO 2788,Not Provided,Delhi NCR - West,7945,Mixed,28.6139,77.209
NGO702788,USER_NGO702788,Community NGO 2789,Not Provided,Bengaluru - Citywide,1510,Mixed,12.9716,77.5946
NGO700278,USER_NGO700278,Community NGO 279,Not Provided,Mumbai - Central,6990,Mixed,19.076,72.8777
NGO702789,USER_NGO702789,Community NGO 2790,Not Provided,Hyderabad - Citywide,14590,Mixed,17.385,78.4867
NGO702790,USER_NGO702790,Community NGO 2791,Not Provided,Bengaluru - Citywide,1270,Mixed,12.9716,77.5946
NGO702791,USER_NGO702791,Community NGO 2792,Not Provided,Chennai - West,11420,Mixed,13.0827,80.2707
NGO702792,USER_NGO702792,Community NGO 2793,Not Provided,Pune - West,6445,Mixed,18.5204,73.8567
NGO702793,USER_NGO702793,Community NGO 2794,Not Provided,Bengaluru - West,3225,Mixed,12.9716,77.5946
NGO702794,USER_NGO702794,Community NGO 2795,Not Provided,Pune - Central,14950,Mixed,18.5204,73.8567
NGO702796,USER_NGO702796,Community NGO 2797,Not Provided,Chennai - North,6035,Mixed,13.0827,80.2707
NGO702797,USER_NGO702797,Community NGO 2798,Not Provided,Chennai - South,5040,Mixed,13.0827,80.2707
NGO702798,USER_NGO702798,Community NGO 2799,Not Provided,Bengaluru - West,4410,Mixed,12.9716,77.5946
NGO700279,USER_NGO700279,Community NGO 280,Not Provided,Hyderabad - Central,600,Mixed,17.385,78.4867
NGO702799,USER_NGO702799,Community NGO 2800,Not Provided,Hyderabad - South,4935,Mixed,17.385,78.4867
NGO702800,USER_NGO702800,Community NGO 2801,Not Provided,Delhi NCR - East,5130,Mixed,28.6139,77.209
NGO702801,USER_NGO702801,Community NGO 2802,Not Provided,Jaipur - Citywide,1780,Mixed,26.9124,75.7873
NGO702802,USER_NGO702802,Community NGO 2803,Not Provided,Hyderabad - North,1270,Mixed,17.385,78.4867
NGO702803,USER_NGO702803,Community NGO 2804,Not Provided,Pune - South,815,Mixed,18.5204,73.8567
NGO702805,USER_NGO702805,Community NGO 2806,Not Provided,Remote - North,4685,Mixed,20.5937,78.9629
NGO702806,USER_NGO702806,Community NGO 2807,Not Provided,Hyderabad - East,12740,Mixed,17.385,78.4867
NGO702807,USER_NGO702807,Community NGO 2808,Not Provided,Chennai - East,5960,Mixed,13.0827,80.2707
NGO702808,USER_NGO702808,Community NGO 2809,Not Provided,Delhi NCR - West,10215,Mixed,28.6139,77.209
NGO702810,USER_NGO702810,Community NGO 2811,Not Provided,Pune - West,11205,Mixed,18.5204,73.8567
NGO702811,USER_NGO702811,Community NGO 2812,Not Provided,Jaipur - East,300,Mixed,26.9124,75.7873
NGO702812,USER_NGO702812,Community NGO 2813,Not Provided,Jaipur - Citywide,5590,Mixed,26.9124,75.7873
NGO702813,USER_NGO702813,Community NGO 2814,Not Provided,Kolkata - West,9835,Mixed,22.5726,88.3639
NGO702814,USER_NGO702814,Community NGO 2815,Not Provided,Chennai - East,6120,Mixed,13.0827,80.2707
NGO702815,USER_NGO702815,Community NGO 2816,Not Provided,Bengaluru - North,290,Mixed,12.9716,77.5946
NGO702816,USER_NGO702816,Community NGO 2817,Not Provided,Mumbai - East,14130,Mixed,19.076,72.8777
NGO702817,USER_NGO702817,Community NGO 2818,Not Provided,Ahmedabad - West,2635,Mixed,23.0225,72.5714
NGO702818,USER_NGO702818,Community NGO 2819,Not Provided,Delhi NCR - Central,6055,Mixed,28.6139,77.209
NGO700281,USER_NGO700281,Community NGO 282,Not Provided,Hyderabad - South,8020,Mixed,17.385,78.4867
NGO702822,USER_NGO702822,Community NGO 2823,Not Provided,Remote - Citywide,10200,Mixed,20.5937,78.9629
NGO702823,USER_NGO702823,Community NGO 2824,Not Provided,Delhi NCR - South,4450,Mixed,28.6139,77.209
NGO702824,USER_NGO702824,Community NGO 2825,Not Provided,Hyderabad - Citywide,4455,Mixed,17.385,78.4867
NGO702827,USER_NGO702827,Community NGO 2828,Not Provided,Hyderabad - South,7755,Mixed,17.385,78.4867
NGO702828,USER_NGO702828,Community NGO 2829,Not Provided,Hyderabad - West,14890,Mixed,17.385,78.4867
NGO700282,USER_NGO700282,Community NGO 283,Not Provided,Kolkata - Citywide,4025,Mixed,22.5726,88.3639
NGO702829,USER_NGO702829,Community NGO 2830,Not Provided,Jaipur - South,3600,Mixed,26.9124,75.7873
NGO702830,USER_NGO702830,Community NGO 2831,Not Provided,Jaipur - Citywide,14590,Mixed,26.9124,75.7873
NGO702831,USER_NGO702831,Community NGO 2832,Not Provided,Mumbai - Central,2855,Mixed,19.076,72.8777
NGO702832,USER_NGO702832,Community NGO 2833,Not Provided,Jaipur - Citywide,5100,Mixed,26.9124,75.7873
NGO702834,USER_NGO702834,Community NGO 2835,Not Provided,Jaipur - North,12900,Mixed,26.9124,75.7873
NGO702835,USER_NGO702835,Community NGO 2836,Not Provided,Remote - Citywide,10530,Mixed,20.5937,78.9629
NGO702836,USER_NGO702836,Community NGO 2837,Not Provided,Kolkata - West,4110,Mixed,22.5726,88.3639
NGO702837,USER_NGO702837,Community NGO 2838,Not Provided,Mumbai - West,4740,Mixed,19.076,72.8777
NGO702838,USER_NGO702838,Community NGO 2839,Not Provided,Delhi NCR - West,1750,Mixed,28.6139,77.209
NGO700283,USER_NGO700283,Community NGO 284,Not Provided,Bengaluru - East,11275,Mixed,12.9716,77.5946
NGO702840,USER_NGO702840,Community NGO 2841,Not Provided,Mumbai - East,11685,Mixed,19.076,72.8777
NGO702841,USER_NGO702841,Community NGO 2842,Not Provided,Delhi NCR - Citywide,13160,Mixed,28.6139,77.209
NGO702843,USER_NGO702843,Community NGO 2844,Not Provided,Kolkata - Citywide,10125,Mixed,22.5726,88.3639
NGO702844,USER_NGO702844,Community NGO 2845,Not Provided,Chennai - Central,4650,Mixed,13.0827,80.2707
NGO702847,USER_NGO702847,Community NGO 2848,Not Provided,Delhi NCR - North,12535,Mixed,28.6139,77.209
NGO702849,USER_NGO702849,Community NGO 2850,Not Provided,Delhi NCR - Citywide,13825,Mixed,28.6139,77.209
NGO702850,USER_NGO702850,Community NGO 2851,Not Provided,Pune - Citywide,9665,Mixed,18.5204,73.8567
NGO702851,USER_NGO702851,Community NGO 2852,Not Provided,Jaipur - East,5640,Mixed,26.9124,75.7873
NGO702852,USER_NGO702852,Community NGO 2853,Not Provided,Bengaluru - West,7845,Mixed,12.9716,77.5946
NGO702853,USER_NGO702853,Community NGO 2854,Not Provided,Hyderabad - Central,14445,Mixed,17.385,78.4867
NGO702854,USER_NGO702854,Community NGO 2855,Not Provided,Delhi NCR - West,465,Mixed,28.6139,77.209
NGO702855,USER_NGO702855,Community NGO 2856,Not Provided,Jaipur - East,3365,Mixed,26.9124,75.7873
NGO702856,USER_NGO702856,Community NGO 2857,Not Provided,Hyderabad - West,9655,Mixed,17.385,78.4867
NGO702857,USER_NGO702857,Community NGO 2858,Not Provided,Kolkata - Citywide,305,Mixed,22.5726,88.3639
NGO702858,USER_NGO702858,Community NGO 2859,Not Provided,Delhi NCR - West,870,Mixed,28.6139,77.209
NGO700285,USER_NGO700285,Community NGO 286,Not Provided,Chennai - West,2820,Mixed,13.0827,80.2707
NGO702859,USER_NGO702859,Community NGO 2860,Not Provided,Kolkata - Central,13000,Mixed,22.5726,88.3639
NGO702860,USER_NGO702860,Community NGO 2861,Not Provided,Mumbai - East,6565,Mixed,19.076,72.8777
NGO702861,USER_NGO702861,Community NGO 2862,Not Provided,Delhi NCR - North,3430,Mixed,28.6139,77.209
NGO702863,USER_NGO702863,Community NGO 2864,Not Provided,Ahmedabad - West,10630,Mixed,23.0225,72.5714
NGO702864,USER_NGO702864,Community NGO 2865,Not Provided,Ahmedabad - Central,10270,Mixed,23.0225,72.5714
NGO702867,USER_NGO702867,Community NGO 2868,Not Provided,Mumbai - East,11115,Mixed,19.076,72.8777
NGO700286,USER_NGO700286,Community NGO 287,Not Provided,Mumbai - Citywide,8155,Mixed,19.076,72.8777
NGO702869,USER_NGO702869,Community NGO 2870,Not Provided,Delhi NCR - South,8265,Mixed,28.6139,77.209
NGO702870,USER_NGO702870,Community NGO 2871,Not Provided,Pune - Citywide,8280,Mixed,18.5204,73.8567
NGO702872,USER_NGO702872,Community NGO 2873,Not Provided,Delhi NCR - Central,9500,Mixed,28.6139,77.209
NGO702873,USER_NGO702873,Community NGO 2874,Not Provided,Bengaluru - East,9310,Mixed,12.9716,77.5946
NGO702875,USER_NGO702875,Community NGO 2876,Not Provided,Kolkata - Citywide,9010,Mixed,22.5726,88.3639
NGO702877,USER_NGO702877,Community NGO 2878,Not Provided,Kolkata - West,465,Mixed,22.5726,88.3639
NGO702878,USER_NGO702878,Community NGO 2879,Not Provided,Jaipur - Citywide,9385,Mixed,26.9124,75.7873
NGO700287,USER_NGO700287,Community NGO 288,Not Provided,Pune - North,1880,Mixed,18.5204,73.8567
NGO702879,USER_NGO702879,Community NGO 2880,Not Provided,Jaipur - Citywide,14990,Mixed,26.9124,75.7873
NGO702880,USER_NGO702880,Community NGO 2881,Not Provided,Ahmedabad - West,10185,Mixed,23.0225,72.5714
NGO702881,USER_NGO702881,Community NGO 2882,Not Provided,Pune - Citywide,4980,Mixed,18.5204,73.8567
NGO702882,USER_NGO702882,Community NGO 2883,Not Provided,Remote - West,6380,Mixed,20.5937,78.9629
NGO702884,USER_NGO702884,Community NGO 2885,Not Provided,Kolkata - East,14600,Mixed,22.5726,88.3639
NGO702885,USER_NGO702885,Community NGO 2886,Not Provided,Delhi NCR - West,4250,Mixed,28.6139,77.209
NGO702886,USER_NGO702886,Community NGO 2887,Not Provided,Bengaluru - North,12300,Mixed,12.9716,77.5946
NGO702887,USER_NGO702887,Community NGO 2888,Not Provided,Remote - West,6470,Mixed,20.5937,78.9629
NGO702888,USER_NGO702888,Community NGO 2889,Not Provided,Delhi NCR - Central,13795,Mixed,28.6139,77.209
NGO702889,USER_NGO702889,Community NGO 2890,Not Provided,Kolkata - Central,9600,Mixed,22.5726,88.3639
NGO702892,USER_NGO702892,Community NGO 2893,Not Provided,Delhi NCR - South,6025,Mixed,28.6139,77.209
NGO702893,USER_NGO702893,Community NGO 2894,Not Provided,Pune - South,5545,Mixed,18.5204,73.8567
NGO702894,USER_NGO702894,Community NGO 2895,Not Provided,Mumbai - West,3025,Mixed,19.076,72.8777
NGO702896,USER_NGO702896,Community NGO 2897,Not Provided,Ahmedabad - East,14465,Mixed,23.0225,72.5714
NGO700028,USER_NGO700028,Community NGO 29,Not Provided,Bengaluru - Citywide,7720,Mixed,12.9716,77.5946
NGO700289,USER_NGO700289,Community NGO 290,Not Provided,Kolkata - East,13115,Mixed,22.5726,88.3639
NGO702899,USER_NGO702899,Community NGO 2900,Not Provided,Chennai - East,2185,Mixed,13.0827,80.2707
NGO702900,USER_NGO702900,Community NGO 2901,Not Provided,Hyderabad - Central,12710,Mixed,17.385,78.4867
NGO702902,USER_NGO702902,Community NGO 2903,Not Provided,Hyderabad - North,245,Mixed,17.385,78.4867
NGO702903,USER_NGO702903,Community NGO 2904,Not Provided,Hyderabad - West,12925,Mixed,17.385,78.4867
NGO702904,USER_NGO702904,Community NGO 2905,Not Provided,Delhi NCR - East,345,Mixed,28.6139,77.209
NGO702905,USER_NGO702905,Community NGO 2906,Not Provided,Jaipur - West,5570,Mixed,26.9124,75.7873
NGO702906,USER_NGO702906,Community NGO 2907,Not Provided,Kolkata - West,9815,Mixed,22.5726,88.3639
NGO702907,USER_NGO702907,Community NGO 2908,Not Provided,Kolkata - South,8415,Mixed,22.5726,88.3639
NGO702908,USER_NGO702908,Community NGO 2909,Not Provided,Hyderabad - North,1420,Mixed,17.385,78.4867
NGO700290,USER_NGO700290,Community NGO 291,Not Provided,Remote - North,7510,Mixed,20.5937,78.9629
NGO702909,USER_NGO702909,Community NGO 2910,Not Provided,Pune - Central,8750,Mixed,18.5204,73.8567
NGO702910,USER_NGO702910,Community NGO 2911,Not Provided,Ahmedabad - Citywide,2960,Mixed,23.0225,72.5714
NGO702911,USER_NGO702911,Community NGO 2912,Not Provided,Kolkata - East,5655,Mixed,22.5726,88.3639
NGO702913,USER_NGO702913,Community NGO 2914,Not Provided,Remote - East,13670,Mixed,20.5937,78.9629
NGO702914,USER_NGO702914,Community NGO 2915,Not Provided,Delhi NCR - West,8725,Mixed,28.6139,77.209
NGO702915,USER_NGO702915,Community NGO 2916,Not Provided,Mumbai - West,14830,Mixed,19.076,72.8777
NGO702917,USER_NGO702917,Community NGO 2918,Not Provided,Ahmedabad - South,6390,Mixed,23.0225,72.5714
NGO702918,USER_NGO702918,Community NGO 2919,Not Provided,Jaipur - East,12755,Mixed,26.9124,75.7873
NGO702919,USER_NGO702919,Community NGO 2920,Not Provided,Hyderabad - Central,12700,Mixed,17.385,78.4867
NGO702921,USER_NGO702921,Community NGO 2922,Not Provided,Pune - Central,5395,Mixed,18.5204,73.8567
NGO702922,USER_NGO702922,Community NGO 2923,Not Provided,Chennai - North,1850,Mixed,13.0827,80.2707
NGO702923,USER_NGO702923,Community NGO 2924,Not Provided,Bengaluru - North,5860,Mixed,12.9716,77.5946
NGO702924,USER_NGO702924,Community NGO 2925,Not Provided,Delhi NCR - Central,6130,Mixed,28.6139,77.209
NGO702925,USER_NGO702925,Community NGO 2926,Not Provided,Chennai - South,12130,Mixed,13.0827,80.2707
NGO702926,USER_NGO702926,Community NGO 2927,Not Provided,Bengaluru - Citywide,14735,Mixed,12.9716,77.5946
NGO702928,USER_NGO702928,Community NGO 2929,Not Provided,Ahmedabad - North,2285,Mixed,23.0225,72.5714
NGO700292,USER_NGO700292,Community NGO 293,Not Provided,Hyderabad - East,12185,Mixed,17.385,78.4867
NGO702929,USER_NGO702929,Community NGO 2930,Not Provided,Jaipur - West,13690,Mixed,26.9124,75.7873
NGO702930,USER_NGO702930,Community NGO 2931,Not Provided,Pune - South,14915,Mixed,18.5204,73.8567
NGO702931,USER_NGO702931,Community NGO 2932,Not Provided,Mumbai - Central,7070,Mixed,19.076,72.8777
NGO702932,USER_NGO702932,Community NGO 2933,Not Provided,Remote - East,3325,Mixed,20.5937,78.9629
NGO702933,USER_NGO702933,Community NGO 2934,Not Provided,Chennai - Citywide,10265,Mixed,13.0827,80.2707
NGO702934,USER_NGO702934,Community NGO 2935,Not Provided,Mumbai - West,8915,Mixed,19.076,72.8777
NGO702935,USER_NGO702935,Community NGO 2936,Not Provided,Remote - Citywide,6965,Mixed,20.5937,78.9629
NGO702936,USER_NGO702936,Community NGO 2937,Not Provided,Kolkata - Citywide,14750,Mixed,22.5726,88.3639
NGO702938,USER_NGO702938,Community NGO 2939,Not Provided,Delhi NCR - Citywide,325,Mixed,28.6139,77.209
NGO702939,USER_NGO702939,Community NGO 2940,Not Provided,Bengaluru - East,12550,Mixed,12.9716,77.5946
NGO702940,USER_NGO702940,Community NGO 2941,Not Provided,Mumbai - Central,3750,Mixed,19.076,72.8777
NGO702941,USER_NGO702941,Community NGO 2942,Not Provided,Ahmedabad - East,3810,Mixed,23.0225,72.5714
NGO702943,USER_NGO702943,Community NGO 2944,Not Provided,Remote - Citywide,12665,Mixed,20.5937,78.9629
NGO702944,USER_NGO702944,Community NGO 2945,Not Provided,Bengaluru - East,8060,Mixed,12.9716,77.5946
NGO702945,USER_NGO702945,Community NGO 2946,Not Provided,Delhi NCR - Central,10415,Mixed,28.6139,77.209
NGO702946,USER_NGO702946,Community NGO 2947,Not Provided,Hyderabad - North,4170,Mixed,17.385,78.4867
NGO702947,USER_NGO702947,Community NGO 2948,Not Provided,Jaipur - Central,1240,Mixed,26.9124,75.7873
NGO702948,USER_NGO702948,Community NGO 2949,Not Provided,Jaipur - South,6180,Mixed,26.9124,75.7873
NGO700294,USER_NGO700294,Community NGO 295,Not Provided,Hyderabad - East,5420,Mixed,17.385,78.4867
NGO702949,USER_NGO702949,Community NGO 2950,Not Provided,Jaipur - Central,5565,Mixed,26.9124,75.7873
NGO702950,USER_NGO702950,Community NGO 2951,Not Provided,Pune - Central,10645,Mixed,18.5204,73.8567
NGO702951,USER_NGO702951,Community NGO 2952,Not Provided,Remote - South,9550,Mixed,20.5937,78.9629
NGO702953,USER_NGO702953,Community NGO 2954,Not Provided,Remote - West,2145,Mixed,20.5937,78.9629
NGO702954,USER_NGO702954,Community NGO 2955,Not Provided,Jaipur - South,13390,Mixed,26.9124,75.7873
NGO702955,USER_NGO702955,Community NGO 2956,Not Provided,Remote - North,8635,Mixed,20.5937,78.9629
NGO702956,USER_NGO702956,Community NGO 2957,Not Provided,Kolkata - East,13715,Mixed,22.5726,88.3639
NGO702958,USER_NGO702958,Community NGO 2959,Not Provided,Ahmedabad - Central,12500,Mixed,23.0225,72.5714
NGO702959,USER_NGO702959,Community NGO 2960,Not Provided,Hyderabad - East,13970,Mixed,17.385,78.4867
NGO702960,USER_NGO702960,Community NGO 2961,Not Provided,Kolkata - West,10840,Mixed,22.5726,88.3639
NGO702961,USER_NGO702961,Community NGO 2962,Not Provided,Kolkata - Central,1320,Mixed,22.5726,88.3639
NGO702962,USER_NGO702962,Community NGO 2963,Not Provided,Pune - Citywide,8845,Mixed,18.5204,73.8567
NGO702963,USER_NGO702963,Community NGO 2964,Not Provided,Remote - East,2020,Mixed,20.5937,78.9629
NGO702964,USER_NGO702964,Community NGO 2965,Not Provided,Mumbai - Central,3835,Mixed,19.076,72.8777
NGO702965,USER_NGO702965,Community NGO 2966,Not Provided,Ahmedabad - Citywide,5645,Mixed,23.0225,72.5714
NGO702966,USER_NGO702966,Community NGO 2967,Not Provided,Hyderabad - West,7730,Mixed,17.385,78.4867
NGO702967,USER_NGO702967,Community NGO 2968,Not Provided,Delhi NCR - South,3390,Mixed,28.6139,77.209
NGO702968,USER_NGO702968,Community NGO 2969,Not Provided,Jaipur - West,425,Mixed,26.9124,75.7873
NGO700296,USER_NGO700296,Community NGO 297,Not Provided,Chennai - West,12010,Mixed,13.0827,80.2707
NGO702969,USER_NGO702969,Community NGO 2970,Not Provided,Remote - West,5885,Mixed,20.5937,78.9629
NGO702971,USER_NGO702971,Community NGO 2972,Not Provided,Bengaluru - North,10685,Mixed,12.9716,77.5946
NGO702973,USER_NGO702973,Community NGO 2974,Not Provided,Jaipur - North,1080,Mixed,26.9124,75.7873
NGO702975,USER_NGO702975,Community NGO 2976,Not Provided,Jaipur - Citywide,6115,Mixed,26.9124,75.7873
NGO702978,USER_NGO702978,Community NGO 2979,Not Provided,Chennai - North,10945,Mixed,13.0827,80.2707
NGO700297,USER_NGO700297,Community NGO 298,Not Provided,Chennai - Citywide,14325,Mixed,13.0827,80.2707
NGO702979,USER_NGO702979,Community NGO 2980,Not Provided,Remote - South,11695,Mixed,20.5937,78.9629
NGO702980,USER_NGO702980,Community NGO 2981,Not Provided,Delhi NCR - South,8125,Mixed,28.6139,77.209
NGO702981,USER_NGO702981,Community NGO 2982,Not Provided,Mumbai - South,2850,Mixed,19.076,72.8777
NGO702982,USER_NGO702982,Community NGO 2983,Not Provided,Mumbai - North,945,Mixed,19.076,72.8777
NGO702983,USER_NGO702983,Community NGO 2984,Not Provided,Hyderabad - West,12165,Mixed,17.385,78.4867
NGO702985,USER_NGO702985,Community NGO 2986,Not Provided,Bengaluru - West,11730,Mixed,12.9716,77.5946
NGO702986,USER_NGO702986,Community NGO 2987,Not Provided,Pune - East,9465,Mixed,18.5204,73.8567
NGO702988,USER_NGO702988,Community NGO 2989,Not Provided,Chennai - South,14785,Mixed,13.0827,80.2707
NGO700298,USER_NGO700298,Community NGO 299,Not Provided,Kolkata - South,3895,Mixed,22.5726,88.3639
NGO702989,USER_NGO702989,Community NGO 2990,Not Provided,Ahmedabad - East,1860,Mixed,23.0225,72.5714
NGO702990,USER_NGO702990,Community NGO 2991,Not Provided,Ahmedabad - Central,5850,Mixed,23.0225,72.5714
NGO702991,USER_NGO702991,Community NGO 2992,Not Provided,Kolkata - East,6520,Mixed,22.5726,88.3639
NGO702992,USER_NGO702992,Community NGO 2993,Not Provided,Mumbai - East,14260,Mixed,19.076,72.8777
NGO702993,USER_NGO702993,Community NGO 2994,Not Provided,Mumbai - East,7615,Mixed,19.076,72.8777
NGO702994,USER_NGO702994,Community NGO 2995,Not Provided,Bengaluru - East,3895,Mixed,12.9716,77.5946
NGO702995,USER_NGO702995,Community NGO 2996,Not Provided,Mumbai - South,13270,Mixed,19.076,72.8777
NGO702997,USER_NGO702997,Community NGO 2998,Not Provided,Jaipur - Central,1450,Mixed,26.9124,75.7873
NGO702998,USER_NGO702998,Community NGO 2999,Not Provided,Hyderabad - Central,13680,Mixed,17.385,78.4867
NGO700002,USER_NGO700002,Community NGO 3,Not Provided,Remote - South,5075,Mixed,20.5937,78.9629
NGO703000,USER_NGO703000,Community NGO 3001,Not Provided,Kolkata - West,9670,Mixed,22.5726,88.3639
NGO703001,USER_NGO703001,Community NGO 3002,Not Provided,Kolkata - Central,7415,Mixed,22.5726,88.3639
NGO703002,USER_NGO703002,Community NGO 3003,Not Provided,Remote - South,9580,Mixed,20.5937,78.9629
NGO703004,USER_NGO703004,Community NGO 3005,Not Provided,Hyderabad - West,7455,Mixed,17.385,78.4867
NGO703005,USER_NGO703005,Community NGO 3006,Not Provided,Delhi NCR - West,5155,Mixed,28.6139,77.209
NGO703006,USER_NGO703006,Community NGO 3007,Not Provided,Delhi NCR - West,1430,Mixed,28.6139,77.209
NGO703007,USER_NGO703007,Community NGO 3008,Not Provided,Kolkata - Central,8635,Mixed,22.5726,88.3639
NGO703008,USER_NGO703008,Community NGO 3009,Not Provided,Bengaluru - East,4740,Mixed,12.9716,77.5946
NGO700300,USER_NGO700300,Community NGO 301,Not Provided,Ahmedabad - West,8120,Mixed,23.0225,72.5714
NGO703010,USER_NGO703010,Community NGO 3011,Not Provided,Jaipur - Citywide,3830,Mixed,26.9124,75.7873
NGO703011,USER_NGO703011,Community NGO 3012,Not Provided,Ahmedabad - Citywide,14295,Mixed,23.0225,72.5714
NGO703012,USER_NGO703012,Community NGO 3013,Not Provided,Hyderabad - Central,6725,Mixed,17.385,78.4867
NGO703014,USER_NGO703014,Community NGO 3015,Not Provided,Bengaluru - East,8265,Mixed,12.9716,77.5946
NGO703015,USER_NGO703015,Community NGO 3016,Not Provided,Ahmedabad - South,8330,Mixed,23.0225,72.5714
NGO703016,USER_NGO703016,Community NGO 3017,Not Provided,Remote - Central,10050,Mixed,20.5937,78.9629
NGO703017,USER_NGO703017,Community NGO 3018,Not Provided,Chennai - South,2965,Mixed,13.0827,80.2707
NGO703018,USER_NGO703018,Community NGO 3019,Not Provided,Kolkata - East,14440,Mixed,22.5726,88.3639
NGO700301,USER_NGO700301,Community NGO 302,Not Provided,Chennai - Citywide,14540,Mixed,13.0827,80.2707
NGO703019,USER_NGO703019,Community NGO 3020,Not Provided,Remote - Citywide,3105,Mixed,20.5937,78.9629
NGO703020,USER_NGO703020,Community NGO 3021,Not Provided,Bengaluru - Citywide,1735,Mixed,12.9716,77.5946
NGO703021,USER_NGO703021,Community NGO 3022,Not Provided,Chennai - East,4675,Mixed,13.0827,80.2707
NGO703022,USER_NGO703022,Community NGO 3023,Not Provided,Kolkata - North,9305,Mixed,22.5726,88.3639
NGO703023,USER_NGO703023,Community NGO 3024,Not Provided,Jaipur - West,10540,Mixed,26.9124,75.7873
NGO703024,USER_NGO703024,Community NGO 3025,Not Provided,Hyderabad - Citywide,270,Mixed,17.385,78.4867
NGO703026,USER_NGO703026,Community NGO 3027,Not Provided,Remote - East,14355,Mixed,20.5937,78.9629
NGO703027,USER_NGO703027,Community NGO 3028,Not Provided,Chennai - South,9125,Mixed,13.0827,80.2707
NGO703028,USER_NGO703028,Community NGO 3029,Not Provided,Remote - Citywide,2565,Mixed,20.5937,78.9629
NGO700302,USER_NGO700302,Community NGO 303,Not Provided,Remote - East,12355,Mixed,20.5937,78.9629
NGO703029,USER_NGO703029,Community NGO 3030,Not Provided,Hyderabad - West,6020,Mixed,17.385,78.4867
NGO703031,USER_NGO703031,Community NGO 3032,Not Provided,Chennai - South,9540,Mixed,13.0827,80.2707
NGO703032,USER_NGO703032,Community NGO 3033,Not Provided,Remote - South,9405,Mixed,20.5937,78.9629
NGO703033,USER_NGO703033,Community NGO 3034,Not Provided,Ahmedabad - West,10730,Mixed,23.0225,72.5714
NGO703034,USER_NGO703034,Community NGO 3035,Not Provided,Pune - South,9150,Mixed,18.5204,73.8567
NGO703035,USER_NGO703035,Community NGO 3036,Not Provided,Mumbai - Central,7860,Mixed,19.076,72.8777
NGO700303,USER_NGO700303,Community NGO 304,Not Provided,Jaipur - South,14095,Mixed,26.9124,75.7873
NGO703040,USER_NGO703040,Community NGO 3041,Not Provided,Bengaluru - West,9115,Mixed,12.9716,77.5946
NGO703042,USER_NGO703042,Community NGO 3043,Not Provided,Kolkata - North,14695,Mixed,22.5726,88.3639
NGO703043,USER_NGO703043,Community NGO 3044,Not Provided,Chennai - West,1615,Mixed,13.0827,80.2707
NGO703044,USER_NGO703044,Community NGO 3045,Not Provided,Bengaluru - Citywide,7000,Mixed,12.9716,77.5946
NGO703045,USER_NGO703045,Community NGO 3046,Not Provided,Ahmedabad - East,13785,Mixed,23.0225,72.5714
NGO703046,USER_NGO703046,Community NGO 3047,Not Provided,Bengaluru - Central,8415,Mixed,12.9716,77.5946
NGO703047,USER_NGO703047,Community NGO 3048,Not Provided,Remote - North,13510,Mixed,20.5937,78.9629
NGO703048,USER_NGO703048,Community NGO 3049,Not Provided,Pune - Central,1795,Mixed,18.5204,73.8567
NGO700304,USER_NGO700304,Community NGO 305,Not Provided,Pune - Citywide,12925,Mixed,18.5204,73.8567
NGO703049,USER_NGO703049,Community NGO 3050,Not Provided,Bengaluru - Citywide,240,Mixed,12.9716,77.5946
NGO703051,USER_NGO703051,Community NGO 3052,Not Provided,Remote - Citywide,4170,Mixed,20.5937,78.9629
NGO703052,USER_NGO703052,Community NGO 3053,Not Provided,Remote - East,3500,Mixed,20.5937,78.9629
NGO703055,USER_NGO703055,Community NGO 3056,Not Provided,Hyderabad - Central,10475,Mixed,17.385,78.4867
NGO703056,USER_NGO703056,Community NGO 3057,Not Provided,Jaipur - West,2220,Mixed,26.9124,75.7873
NGO703057,USER_NGO703057,Community NGO 3058,Not Provided,Mumbai - South,5015,Mixed,19.076,72.8777
NGO703058,USER_NGO703058,Community NGO 3059,Not Provided,Remote - East,7450,Mixed,20.5937,78.9629
NGO700305,USER_NGO700305,Community NGO 306,Not Provided,Ahmedabad - Central,8860,Mixed,23.0225,72.5714
NGO703059,USER_NGO703059,Community NGO 3060,Not Provided,Mumbai - East,7955,Mixed,19.076,72.8777
NGO703060,USER_NGO703060,Community NGO 3061,Not Provided,Jaipur - Central,6005,Mixed,26.9124,75.7873
NGO703061,USER_NGO703061,Community NGO 3062,Not Provided,Remote - North,12985,Mixed,20.5937,78.9629
NGO703062,USER_NGO703062,Community NGO 3063,Not Provided,Bengaluru - Central,1600,Mixed,12.9716,77.5946
NGO703063,USER_NGO703063,Community NGO 3064,Not Provided,Mumbai - Citywide,3680,Mixed,19.076,72.8777
NGO703065,USER_NGO703065,Community NGO 3066,Not Provided,Bengaluru - Citywide,5950,Mixed,12.9716,77.5946
NGO703066,USER_NGO703066,Community NGO 3067,Not Provided,Chennai - Citywide,10320,Mixed,13.0827,80.2707
NGO703067,USER_NGO703067,Community NGO 3068,Not Provided,Remote - North,13840,Mixed,20.5937,78.9629
NGO703068,USER_NGO703068,Community NGO 3069,Not Provided,Ahmedabad - Citywide,9445,Mixed,23.0225,72.5714
NGO700306,USER_NGO700306,Community NGO 307,Not Provided,Delhi NCR - North,14380,Mixed,28.6139,77.209
NGO703069,USER_NGO703069,Community NGO 3070,Not Provided,Jaipur - West,2030,Mixed,26.9124,75.7873
NGO703072,USER_NGO703072,Community NGO 3073,Not Provided,Chennai - Central,14850,Mixed,13.0827,80.2707
NGO703074,USER_NGO703074,Community NGO 3075,Not Provided,Kolkata - West,5110,Mixed,22.5726,88.3639
NGO703075,USER_NGO703075,Community NGO 3076,Not Provided,Jaipur - East,1930,Mixed,26.9124,75.7873
NGO703076,USER_NGO703076,Community NGO 3077,Not Provided,Delhi NCR - South,13800,Mixed,28.6139,77.209
NGO703078,USER_NGO703078,Community NGO 3079,Not Provided,Hyderabad - South,14150,Mixed,17.385,78.4867
NGO703079,USER_NGO703079,Community NGO 3080,Not Provided,Jaipur - Citywide,13760,Mixed,26.9124,75.7873
NGO703080,USER_NGO703080,Community NGO 3081,Not Provided,Delhi NCR - East,4320,Mixed,28.6139,77.209
NGO703082,USER_NGO703082,Community NGO 3083,Not Provided,Chennai - South,8675,Mixed,13.0827,80.2707
NGO703083,USER_NGO703083,Community NGO 3084,Not Provided,Jaipur - West,4990,Mixed,26.9124,75.7873
NGO703084,USER_NGO703084,Community NGO 3085,Not Provided,Remote - Central,10845,Mixed,20.5937,78.9629
NGO703086,USER_NGO703086,Community NGO 3087,Not Provided,Chennai - Citywide,455,Mixed,13.0827,80.2707
NGO703087,USER_NGO703087,Community NGO 3088,Not Provided,Ahmedabad - Citywide,9275,Mixed,23.0225,72.5714
NGO703088,USER_NGO703088,Community NGO 3089,Not Provided,Hyderabad - West,3515,Mixed,17.385,78.4867
NGO703090,USER_NGO703090,Community NGO 3091,Not Provided,Ahmedabad - North,14185,Mixed,23.0225,72.5714
NGO703091,USER_NGO703091,Community NGO 3092,Not Provided,Remote - Central,1780,Mixed,20.5937,78.9629
NGO703092,USER_NGO703092,Community NGO 3093,Not Provided,Pune - North,10165,Mixed,18.5204,73.8567
NGO703095,USER_NGO703095,Community NGO 3096,Not Provided,Hyderabad - East,3270,Mixed,17.385,78.4867
NGO703097,USER_NGO703097,Community NGO 3098,Not Provided,Remote - East,695,Mixed,20.5937,78.9629
NGO700309,USER_NGO700309,Community NGO 310,Not Provided,Ahmedabad - East,3390,Mixed,23.0225,72.5714
NGO703099,USER_NGO703099,Community NGO 3100,Not Provided,Remote - Citywide,670,Mixed,20.5937,78.9629
NGO703100,USER_NGO703100,Community NGO 3101,Not Provided,Delhi NCR - Central,1850,Mixed,28.6139,77.209
NGO703102,USER_NGO703102,Community NGO 3103,Not Provided,Ahmedabad - South,11465,Mixed,23.0225,72.5714
NGO703103,USER_NGO703103,Community NGO 3104,Not Provided,Jaipur - West,3260,Mixed,26.9124,75.7873
NGO703105,USER_NGO703105,Community NGO 3106,Not Provided,Chennai - East,1985,Mixed,13.0827,80.2707
NGO703106,USER_NGO703106,Community NGO 3107,Not Provided,Pune - Citywide,7545,Mixed,18.5204,73.8567
NGO703107,USER_NGO703107,Community NGO 3108,Not Provided,Ahmedabad - South,1830,Mixed,23.0225,72.5714
NGO703108,USER_NGO703108,Community NGO 3109,Not Provided,Pune - Citywide,2765,Mixed,18.5204,73.8567
NGO703109,USER_NGO703109,Community NGO 3110,Not Provided,Bengaluru - North,1640,Mixed,12.9716,77.5946
NGO703110,USER_NGO703110,Community NGO 3111,Not Provided,Pune - East,8070,Mixed,18.5204,73.8567
NGO703112,USER_NGO703112,Community NGO 3113,Not Provided,Mumbai - Citywide,13300,Mixed,19.076,72.8777
NGO703113,USER_NGO703113,Community NGO 3114,Not Provided,Chennai - Citywide,14870,Mixed,13.0827,80.2707
NGO703115,USER_NGO703115,Community NGO 3116,Not Provided,Hyderabad - East,7600,Mixed,17.385,78.4867
NGO703116,USER_NGO703116,Community NGO 3117,Not Provided,Ahmedabad - South,7220,Mixed,23.0225,72.5714
NGO703117,USER_NGO703117,Community NGO 3118,Not Provided,Kolkata - North,775,Mixed,22.5726,88.3639
NGO703118,USER_NGO703118,Community NGO 3119,Not Provided,Kolkata - Citywide,4595,Mixed,22.5726,88.3639
NGO703120,USER_NGO703120,Community NGO 3121,Not Provided,Chennai - North,7025,Mixed,13.0827,80.2707
NGO703122,USER_NGO703122,Community NGO 3123,Not Provided,Chennai - South,5645,Mixed,13.0827,80.2707
NGO703123,USER_NGO703123,Community NGO 3124,Not Provided,Bengaluru - West,13875,Mixed,12.9716,77.5946
NGO703124,USER_NGO703124,Community NGO 3125,Not Provided,Mumbai - East,12800,Mixed,19.076,72.8777
NGO703125,USER_NGO703125,Community NGO 3126,Not Provided,Hyderabad - South,3665,Mixed,17.385,78.4867
NGO703126,USER_NGO703126,Community NGO 3127,Not Provided,Delhi NCR - Central,835,Mixed,28.6139,77.209
NGO703127,USER_NGO703127,Community NGO 3128,Not Provided,Pune - North,9920,Mixed,18.5204,73.8567
NGO703128,USER_NGO703128,Community NGO 3129,Not Provided,Jaipur - South,7800,Mixed,26.9124,75.7873
NGO703129,USER_NGO703129,Community NGO 3130,Not Provided,Jaipur - East,2040,Mixed,26.9124,75.7873
NGO703130,USER_NGO703130,Community NGO 3131,Not Provided,Mumbai - West,11305,Mixed,19.076,72.8777
NGO703131,USER_NGO703131,Community NGO 3132,Not Provided,Remote - Citywide,6460,Mixed,20.5937,78.9629
NGO703133,USER_NGO703133,Community NGO 3134,Not Provided,Kolkata - South,12025,Mixed,22.5726,88.3639
NGO703135,USER_NGO703135,Community NGO 3136,Not Provided,Ahmedabad - West,11455,Mixed,23.0225,72.5714
NGO703138,USER_NGO703138,Community NGO 3139,Not Provided,Hyderabad - Citywide,2860,Mixed,17.385,78.4867
NGO700313,USER_NGO700313,Community NGO 314,Not Provided,Delhi NCR - North,6185,Mixed,28.6139,77.209
NGO703139,USER_NGO703139,Community NGO 3140,Not Provided,Kolkata - North,5825,Mixed,22.5726,88.3639
NGO703140,USER_NGO703140,Community NGO 3141,Not Provided,Chennai - North,11680,Mixed,13.0827,80.2707
NGO703141,USER_NGO703141,Community NGO 3142,Not Provided,Mumbai - Central,8155,Mixed,19.076,72.8777
NGO703144,USER_NGO703144,Community NGO 3145,Not Provided,Remote - North,1460,Mixed,20.5937,78.9629
NGO703146,USER_NGO703146,Community NGO 3147,Not Provided,Bengaluru - Central,14200,Mixed,12.9716,77.5946
NGO703147,USER_NGO703147,Community NGO 3148,Not Provided,Ahmedabad - Central,3590,Mixed,23.0225,72.5714
NGO703148,USER_NGO703148,Community NGO 3149,Not Provided,Bengaluru - South,5815,Mixed,12.9716,77.5946
NGO700314,USER_NGO700314,Community NGO 315,Not Provided,Ahmedabad - South,10640,Mixed,23.0225,72.5714
NGO703150,USER_NGO703150,Community NGO 3151,Not Provided,Remote - North,8965,Mixed,20.5937,78.9629
NGO703151,USER_NGO703151,Community NGO 3152,Not Provided,Bengaluru - Central,12880,Mixed,12.9716,77.5946
NGO703154,USER_NGO703154,Community NGO 3155,Not Provided,Remote - South,4045,Mixed,20.5937,78.9629
NGO703155,USER_NGO703155,Community NGO 3156,Not Provided,Hyderabad - East,2765,Mixed,17.385,78.4867
NGO703156,USER_NGO703156,Community NGO 3157,Not Provided,Remote - North,12565,Mixed,20.5937,78.9629
NGO703157,USER_NGO703157,Community NGO 3158,Not Provided,Chennai - Citywide,6180,Mixed,13.0827,80.2707
NGO703158,USER_NGO703158,Community NGO 3159,Not Provided,Hyderabad - North,10025,Mixed,17.385,78.4867
NGO703159,USER_NGO703159,Community NGO 3160,Not Provided,Ahmedabad - Central,5585,Mixed,23.0225,72.5714
NGO703160,USER_NGO703160,Community NGO 3161,Not Provided,Chennai - West,6410,Mixed,13.0827,80.2707
NGO703161,USER_NGO703161,Community NGO 3162,Not Provided,Jaipur - North,12910,Mixed,26.9124,75.7873
NGO703163,USER_NGO703163,Community NGO 3164,Not Provided,Chennai - West,1240,Mixed,13.0827,80.2707
NGO703164,USER_NGO703164,Community NGO 3165,Not Provided,Hyderabad - Citywide,1690,Mixed,17.385,78.4867
NGO703165,USER_NGO703165,Community NGO 3166,Not Provided,Pune - Central,6175,Mixed,18.5204,73.8567
NGO703166,USER_NGO703166,Community NGO 3167,Not Provided,Jaipur - West,5775,Mixed,26.9124,75.7873
NGO703167,USER_NGO703167,Community NGO 3168,Not Provided,Hyderabad - West,5960,Mixed,17.385,78.4867
NGO703168,USER_NGO703168,Community NGO 3169,Not Provided,Pune - West,5240,Mixed,18.5204,73.8567
NGO700316,USER_NGO700316,Community NGO 317,Not Provided,Bengaluru - North,10790,Mixed,12.9716,77.5946
NGO703170,USER_NGO703170,Community NGO 3171,Not Provided,Chennai - Citywide,680,Mixed,13.0827,80.2707
NGO703171,USER_NGO703171,Community NGO 3172,Not Provided,Ahmedabad - South,4140,Mixed,23.0225,72.5714
NGO703172,USER_NGO703172,Community NGO 3173,Not Provided,Chennai - South,10680,Mixed,13.0827,80.2707
NGO703173,USER_NGO703173,Community NGO 3174,Not Provided,Delhi NCR - South,10085,Mixed,28.6139,77.209
NGO703174,USER_NGO703174,Community NGO 3175,Not Provided,Hyderabad - Central,11925,Mixed,17.385,78.4867
NGO703176,USER_NGO703176,Community NGO 3177,Not Provided,Pune - West,695,Mixed,18.5204,73.8567
NGO703178,USER_NGO703178,Community NGO 3179,Not Provided,Chennai - East,1795,Mixed,13.0827,80.2707
NGO700317,USER_NGO700317,Community NGO 318,Not Provided,Ahmedabad - North,8915,Mixed,23.0225,72.5714
NGO703179,USER_NGO703179,Community NGO 3180,Not Provided,Remote - East,13845,Mixed,20.5937,78.9629
NGO703180,USER_NGO703180,Community NGO 3181,Not Provided,Bengaluru - North,8145,Mixed,12.9716,77.5946
NGO703182,USER_NGO703182,Community NGO 3183,Not Provided,Ahmedabad - West,12170,Mixed,23.0225,72.5714
NGO703183,USER_NGO703183,Community NGO 3184,Not Provided,Jaipur - Central,12850,Mixed,26.9124,75.7873
NGO703184,USER_NGO703184,Community NGO 3185,Not Provided,Chennai - West,7690,Mixed,13.0827,80.2707
NGO703186,USER_NGO703186,Community NGO 3187,Not Provided,Bengaluru - Citywide,11060,Mixed,12.9716,77.5946
NGO703187,USER_NGO703187,Community NGO 3188,Not Provided,Pune - East,11840,Mixed,18.5204,73.8567
NGO703188,USER_NGO703188,Community NGO 3189,Not Provided,Mumbai - East,13340,Mixed,19.076,72.8777
NGO700318,USER_NGO700318,Community NGO 319,Not Provided,Kolkata - Citywide,7655,Mixed,22.5726,88.3639
NGO703189,USER_NGO703189,Community NGO 3190,Not Provided,Jaipur - Central,2595,Mixed,26.9124,75.7873
NGO703190,USER_NGO703190,Community NGO 3191,Not Provided,Remote - South,5775,Mixed,20.5937,78.9629
NGO703191,USER_NGO703191,Community NGO 3192,Not Provided,Kolkata - West,12495,Mixed,22.5726,88.3639
NGO703192,USER_NGO703192,Community NGO 3193,Not Provided,Hyderabad - South,185,Mixed,17.385,78.4867
NGO703196,USER_NGO703196,Community NGO 3197,Not Provided,Mumbai - West,12410,Mixed,19.076,72.8777
NGO703198,USER_NGO703198,Community NGO 3199,Not Provided,Hyderabad - Citywide,1735,Mixed,17.385,78.4867
NGO700031,USER_NGO700031,Community NGO 32,Not Provided,Ahmedabad - North,10650,Mixed,23.0225,72.5714
NGO700319,USER_NGO700319,Community NGO 320,Not Provided,Mumbai - Citywide,12460,Mixed,19.076,72.8777
NGO703200,USER_NGO703200,Community NGO 3201,Not Provided,Jaipur - West,12460,Mixed,26.9124,75.7873
NGO703201,USER_NGO703201,Community NGO 3202,Not Provided,Remote - Citywide,2875,Mixed,20.5937,78.9629
NGO703202,USER_NGO703202,Community NGO 3203,Not Provided,Pune - East,12180,Mixed,18.5204,73.8567
NGO703203,USER_NGO703203,Community NGO 3204,Not Provided,Hyderabad - Central,3450,Mixed,17.385,78.4867
NGO703205,USER_NGO703205,Community NGO 3206,Not Provided,Delhi NCR - North,14445,Mixed,28.6139,77.209
NGO703206,USER_NGO703206,Community NGO 3207,Not Provided,Jaipur - Central,14440,Mixed,26.9124,75.7873
NGO703207,USER_NGO703207,Community NGO 3208,Not Provided,Mumbai - North,13715,Mixed,19.076,72.8777
NGO703208,USER_NGO703208,Community NGO 3209,Not Provided,Bengaluru - North,9470,Mixed,12.9716,77.5946
NGO703209,USER_NGO703209,Community NGO 3210,Not Provided,Mumbai - West,6490,Mixed,19.076,72.8777
NGO703210,USER_NGO703210,Community NGO 3211,Not Provided,Hyderabad - East,9130,Mixed,17.385,78.4867
NGO703211,USER_NGO703211,Community NGO 3212,Not Provided,Delhi NCR - North,9085,Mixed,28.6139,77.209
NGO703212,USER_NGO703212,Community NGO 3213,Not Provided,Delhi NCR - North,8135,Mixed,28.6139,77.209
NGO703213,USER_NGO703213,Community NGO 3214,Not Provided,Ahmedabad - West,6990,Mixed,23.0225,72.5714
NGO703214,USER_NGO703214,Community NGO 3215,Not Provided,Jaipur - Central,2810,Mixed,26.9124,75.7873
NGO703215,USER_NGO703215,Community NGO 3216,Not Provided,Jaipur - East,6870,Mixed,26.9124,75.7873
NGO703218,USER_NGO703218,Community NGO 3219,Not Provided,Pune - Central,7115,Mixed,18.5204,73.8567
NGO700321,USER_NGO700321,Community NGO 322,Not Provided,Remote - West,6210,Mixed,20.5937,78.9629
NGO703219,USER_NGO703219,Community NGO 3220,Not Provided,Ahmedabad - North,6820,Mixed,23.0225,72.5714
NGO703221,USER_NGO703221,Community NGO 3222,Not Provided,Bengaluru - Citywide,9415,Mixed,12.9716,77.5946
NGO703223,USER_NGO703223,Community NGO 3224,Not Provided,Ahmedabad - Citywide,140,Mixed,23.0225,72.5714
NGO703224,USER_NGO703224,Community NGO 3225,Not Provided,Pune - South,9350,Mixed,18.5204,73.8567
NGO703226,USER_NGO703226,Community NGO 3227,Not Provided,Remote - North,13625,Mixed,20.5937,78.9629
NGO703227,USER_NGO703227,Community NGO 3228,Not Provided,Chennai - East,6480,Mixed,13.0827,80.2707
NGO703228,USER_NGO703228,Community NGO 3229,Not Provided,Pune - North,8295,Mixed,18.5204,73.8567
NGO700322,USER_NGO700322,Community NGO 323,Not Provided,Hyderabad - West,10900,Mixed,17.385,78.4867
NGO703229,USER_NGO703229,Community NGO 3230,Not Provided,Bengaluru - Citywide,8905,Mixed,12.9716,77.5946
NGO703230,USER_NGO703230,Community NGO 3231,Not Provided,Remote - East,3880,Mixed,20.5937,78.9629
NGO703233,USER_NGO703233,Community NGO 3234,Not Provided,Hyderabad - Central,1350,Mixed,17.385,78.4867
NGO703234,USER_NGO703234,Community NGO 3235,Not Provided,Ahmedabad - East,8785,Mixed,23.0225,72.5714
NGO703235,USER_NGO703235,Community NGO 3236,Not Provided,Chennai - East,4480,Mixed,13.0827,80.2707
NGO703236,USER_NGO703236,Community NGO 3237,Not Provided,Remote - West,2460,Mixed,20.5937,78.9629
NGO703237,USER_NGO703237,Community NGO 3238,Not Provided,Bengaluru - North,6635,Mixed,12.9716,77.5946
NGO703238,USER_NGO703238,Community NGO 3239,Not Provided,Mumbai - Citywide,13920,Mixed,19.076,72.8777
NGO700323,USER_NGO700323,Community NGO 324,Not Provided,Mumbai - North,5545,Mixed,19.076,72.8777
NGO703241,USER_NGO703241,Community NGO 3242,Not Provided,Hyderabad - East,815,Mixed,17.385,78.4867
NGO703242,USER_NGO703242,Community NGO 3243,Not Provided,Jaipur - Citywide,10070,Mixed,26.9124,75.7873
NGO703244,USER_NGO703244,Community NGO 3245,Not Provided,Delhi NCR - South,2625,Mixed,28.6139,77.209
NGO703245,USER_NGO703245,Community NGO 3246,Not Provided,Kolkata - East,8975,Mixed,22.5726,88.3639
NGO703246,USER_NGO703246,Community NGO 3247,Not Provided,Mumbai - North,14125,Mixed,19.076,72.8777
NGO703247,USER_NGO703247,Community NGO 3248,Not Provided,Pune - West,12895,Mixed,18.5204,73.8567
NGO703248,USER_NGO703248,Community NGO 3249,Not Provided,Delhi NCR - Central,6520,Mixed,28.6139,77.209
NGO700324,USER_NGO700324,Community NGO 325,Not Provided,Chennai - Citywide,3055,Mixed,13.0827,80.2707
NGO703249,USER_NGO703249,Community NGO 3250,Not Provided,Mumbai - South,13040,Mixed,19.076,72.8777
NGO703250,USER_NGO703250,Community NGO 3251,Not Provided,Pune - South,13325,Mixed,18.5204,73.8567
NGO703253,USER_NGO703253,Community NGO 3254,Not Provided,Ahmedabad - North,9225,Mixed,23.0225,72.5714
NGO703254,USER_NGO703254,Community NGO 3255,Not Provided,Jaipur - East,8615,Mixed,26.9124,75.7873
NGO703255,USER_NGO703255,Community NGO 3256,Not Provided,Delhi NCR - West,7190,Mixed,28.6139,77.209
NGO703256,USER_NGO703256,Community NGO 3257,Not Provided,Jaipur - North,925,Mixed,26.9124,75.7873
NGO703258,USER_NGO703258,Community NGO 3259,Not Provided,Hyderabad - Citywide,3490,Mixed,17.385,78.4867
NGO703259,USER_NGO703259,Community NGO 3260,Not Provided,Chennai - Central,3295,Mixed,13.0827,80.2707
NGO703260,USER_NGO703260,Community NGO 3261,Not Provided,Ahmedabad - West,10745,Mixed,23.0225,72.5714
NGO703261,USER_NGO703261,Community NGO 3262,Not Provided,Jaipur - North,6095,Mixed,26.9124,75.7873
NGO703263,USER_NGO703263,Community NGO 3264,Not Provided,Bengaluru - South,13120,Mixed,12.9716,77.5946
NGO703264,USER_NGO703264,Community NGO 3265,Not Provided,Ahmedabad - West,1005,Mixed,23.0225,72.5714
NGO703265,USER_NGO703265,Community NGO 3266,Not Provided,Delhi NCR - North,13755,Mixed,28.6139,77.209
NGO703267,USER_NGO703267,Community NGO 3268,Not Provided,Jaipur - West,8550,Mixed,26.9124,75.7873
NGO703268,USER_NGO703268,Community NGO 3269,Not Provided,Chennai - South,1170,Mixed,13.0827,80.2707
NGO700326,USER_NGO700326,Community NGO 327,Not Provided,Pune - East,13965,Mixed,18.5204,73.8567
NGO703269,USER_NGO703269,Community NGO 3270,Not Provided,Kolkata - West,11015,Mixed,22.5726,88.3639
NGO703270,USER_NGO703270,Community NGO 3271,Not Provided,Kolkata - Citywide,3040,Mixed,22.5726,88.3639
NGO703271,USER_NGO703271,Community NGO 3272,Not Provided,Mumbai - East,4715,Mixed,19.076,72.8777
NGO703272,USER_NGO703272,Community NGO 3273,Not Provided,Kolkata - West,13750,Mixed,22.5726,88.3639
NGO703273,USER_NGO703273,Community NGO 3274,Not Provided,Remote - Citywide,4210,Mixed,20.5937,78.9629
NGO703274,USER_NGO703274,Community NGO 3275,Not Provided,Pune - Citywide,965,Mixed,18.5204,73.8567
NGO703275,USER_NGO703275,Community NGO 3276,Not Provided,Bengaluru - North,7300,Mixed,12.9716,77.5946
NGO703276,USER_NGO703276,Community NGO 3277,Not Provided,Chennai - Central,4620,Mixed,13.0827,80.2707
NGO703277,USER_NGO703277,Community NGO 3278,Not Provided,Pune - West,13240,Mixed,18.5204,73.8567
NGO703278,USER_NGO703278,Community NGO 3279,Not Provided,Mumbai - North,2015,Mixed,19.076,72.8777
NGO700327,USER_NGO700327,Community NGO 328,Not Provided,Jaipur - West,3260,Mixed,26.9124,75.7873
NGO703279,USER_NGO703279,Community NGO 3280,Not Provided,Ahmedabad - Central,2765,Mixed,23.0225,72.5714
NGO703280,USER_NGO703280,Community NGO 3281,Not Provided,Pune - West,5310,Mixed,18.5204,73.8567
NGO703282,USER_NGO703282,Community NGO 3283,Not Provided,Remote - North,4835,Mixed,20.5937,78.9629
NGO703283,USER_NGO703283,Community NGO 3284,Not Provided,Ahmedabad - North,4735,Mixed,23.0225,72.5714
NGO703284,USER_NGO703284,Community NGO 3285,Not Provided,Jaipur - North,12040,Mixed,26.9124,75.7873
NGO703286,USER_NGO703286,Community NGO 3287,Not Provided,Bengaluru - North,12090,Mixed,12.9716,77.5946
NGO703287,USER_NGO703287,Community NGO 3288,Not Provided,Bengaluru - Citywide,8820,Mixed,12.9716,77.5946
NGO700328,USER_NGO700328,Community NGO 329,Not Provided,Kolkata - East,6290,Mixed,22.5726,88.3639
NGO703289,USER_NGO703289,Community NGO 3290,Not Provided,Hyderabad - Central,800,Mixed,17.385,78.4867
NGO703290,USER_NGO703290,Community NGO 3291,Not Provided,Ahmedabad - North,2950,Mixed,23.0225,72.5714
NGO703291,USER_NGO703291,Community NGO 3292,Not Provided,Mumbai - Citywide,6230,Mixed,19.076,72.8777
NGO703294,USER_NGO703294,Community NGO 3295,Not Provided,Bengaluru - Citywide,11665,Mixed,12.9716,77.5946
NGO703295,USER_NGO703295,Community NGO 3296,Not Provided,Delhi NCR - Central,8535,Mixed,28.6139,77.209
NGO703296,USER_NGO703296,Community NGO 3297,Not Provided,Mumbai - South,2150,Mixed,19.076,72.8777
NGO703297,USER_NGO703297,Community NGO 3298,Not Provided,Hyderabad - East,4760,Mixed,17.385,78.4867
NGO703298,USER_NGO703298,Community NGO 3299,Not Provided,Hyderabad - North,1230,Mixed,17.385,78.4867
NGO700032,USER_NGO700032,Community NGO 33,Not Provided,Chennai - West,9830,Mixed,13.0827,80.2707
NGO700329,USER_NGO700329,Community NGO 330,Not Provided,Mumbai - Central,7445,Mixed,19.076,72.8777
NGO703299,USER_NGO703299,Community NGO 3300,Not Provided,Mumbai - Citywide,1370,Mixed,19.076,72.8777
NGO703300,USER_NGO703300,Community NGO 3301,Not Provided,Jaipur - Citywide,10765,Mixed,26.9124,75.7873
NGO703301,USER_NGO703301,Community NGO 3302,Not Provided,Delhi NCR - North,7915,Mixed,28.6139,77.209
NGO703302,USER_NGO703302,Community NGO 3303,Not Provided,Bengaluru - Central,3775,Mixed,12.9716,77.5946
NGO703303,USER_NGO703303,Community NGO 3304,Not Provided,Chennai - North,13400,Mixed,13.0827,80.2707
NGO703304,USER_NGO703304,Community NGO 3305,Not Provided,Pune - West,3670,Mixed,18.5204,73.8567
NGO703305,USER_NGO703305,Community NGO 3306,Not Provided,Pune - Citywide,1335,Mixed,18.5204,73.8567
NGO703307,USER_NGO703307,Community NGO 3308,Not Provided,Kolkata - Central,11885,Mixed,22.5726,88.3639
NGO703308,USER_NGO703308,Community NGO 3309,Not Provided,Chennai - South,7750,Mixed,13.0827,80.2707
NGO703309,USER_NGO703309,Community NGO 3310,Not Provided,Delhi NCR - Central,13165,Mixed,28.6139,77.209
NGO703310,USER_NGO703310,Community NGO 3311,Not Provided,Remote - East,12170,Mixed,20.5937,78.9629
NGO703311,USER_NGO703311,Community NGO 3312,Not Provided,Mumbai - Citywide,8970,Mixed,19.076,72.8777
NGO703312,USER_NGO703312,Community NGO 3313,Not Provided,Ahmedabad - East,10775,Mixed,23.0225,72.5714
NGO703313,USER_NGO703313,Community NGO 3314,Not Provided,Delhi NCR - North,6605,Mixed,28.6139,77.209
NGO703314,USER_NGO703314,Community NGO 3315,Not Provided,Bengaluru - Citywide,11980,Mixed,12.9716,77.5946
NGO703315,USER_NGO703315,Community NGO 3316,Not Provided,Hyderabad - West,13395,Mixed,17.385,78.4867
NGO703316,USER_NGO703316,Community NGO 3317,Not Provided,Hyderabad - East,2365,Mixed,17.385,78.4867
NGO703317,USER_NGO703317,Community NGO 3318,Not Provided,Hyderabad - Citywide,425,Mixed,17.385,78.4867
NGO700331,USER_NGO700331,Community NGO 332,Not Provided,Mumbai - East,11380,Mixed,19.076,72.8777
NGO703320,USER_NGO703320,Community NGO 3321,Not Provided,Mumbai - Central,1395,Mixed,19.076,72.8777
NGO703321,USER_NGO703321,Community NGO 3322,Not Provided,Mumbai - Citywide,13070,Mixed,19.076,72.8777
NGO703322,USER_NGO703322,Community NGO 3323,Not Provided,Delhi NCR - Central,1180,Mixed,28.6139,77.209
NGO703324,USER_NGO703324,Community NGO 3325,Not Provided,Hyderabad - Citywide,8165,Mixed,17.385,78.4867
NGO703325,USER_NGO703325,Community NGO 3326,Not Provided,Chennai - North,10865,Mixed,13.0827,80.2707
NGO703326,USER_NGO703326,Community NGO 3327,Not Provided,Pune - East,4320,Mixed,18.5204,73.8567
NGO703327,USER_NGO703327,Community NGO 3328,Not Provided,Jaipur - West,845,Mixed,26.9124,75.7873
NGO703328,USER_NGO703328,Community NGO 3329,Not Provided,Ahmedabad - Central,5045,Mixed,23.0225,72.5714
NGO700332,USER_NGO700332,Community NGO 333,Not Provided,Remote - North,9685,Mixed,20.5937,78.9629
NGO703329,USER_NGO703329,Community NGO 3330,Not Provided,Remote - South,10410,Mixed,20.5937,78.9629
NGO703330,USER_NGO703330,Community NGO 3331,Not Provided,Delhi NCR - North,1020,Mixed,28.6139,77.209
NGO703331,USER_NGO703331,Community NGO 3332,Not Provided,Bengaluru - Central,3330,Mixed,12.9716,77.5946
NGO703332,USER_NGO703332,Community NGO 3333,Not Provided,Chennai - Central,13035,Mixed,13.0827,80.2707
NGO703333,USER_NGO703333,Community NGO 3334,Not Provided,Chennai - North,11340,Mixed,13.0827,80.2707
NGO703334,USER_NGO703334,Community NGO 3335,Not Provided,Bengaluru - South,2360,Mixed,12.9716,77.5946
NGO703335,USER_NGO703335,Community NGO 3336,Not Provided,Bengaluru - Citywide,7395,Mixed,12.9716,77.5946
NGO703336,USER_NGO703336,Community NGO 3337,Not Provided,Pune - Central,4025,Mixed,18.5204,73.8567
NGO703337,USER_NGO703337,Community NGO 3338,Not Provided,Kolkata - West,8400,Mixed,22.5726,88.3639
NGO700333,USER_NGO700333,Community NGO 334,Not Provided,Chennai - East,360,Mixed,13.0827,80.2707
NGO703340,USER_NGO703340,Community NGO 3341,Not Provided,Delhi NCR - Central,14865,Mixed,28.6139,77.209
NGO703341,USER_NGO703341,Community NGO 3342,Not Provided,Bengaluru - North,10825,Mixed,12.9716,77.5946
NGO703342,USER_NGO703342,Community NGO 3343,Not Provided,Jaipur - Central,4740,Mixed,26.9124,75.7873
NGO703343,USER_NGO703343,Community NGO 3344,Not Provided,Chennai - East,2075,Mixed,13.0827,80.2707
NGO703345,USER_NGO703345,Community NGO 3346,Not Provided,Ahmedabad - Citywide,7255,Mixed,23.0225,72.5714
NGO703346,USER_NGO703346,Community NGO 3347,Not Provided,Kolkata - West,8095,Mixed,22.5726,88.3639
NGO703348,USER_NGO703348,Community NGO 3349,Not Provided,Bengaluru - Citywide,14870,Mixed,12.9716,77.5946
NGO700334,USER_NGO700334,Community NGO 335,Not Provided,Chennai - Central,595,Mixed,13.0827,80.2707
NGO703349,USER_NGO703349,Community NGO 3350,Not Provided,Delhi NCR - West,8760,Mixed,28.6139,77.209
NGO703350,USER_NGO703350,Community NGO 3351,Not Provided,Delhi NCR - North,10165,Mixed,28.6139,77.209
NGO703351,USER_NGO703351,Community NGO 3352,Not Provided,Jaipur - West,9055,Mixed,26.9124,75.7873
NGO703352,USER_NGO703352,Community NGO 3353,Not Provided,Hyderabad - Central,5520,Mixed,17.385,78.4867
NGO703354,USER_NGO703354,Community NGO 3355,Not Provided,Pune - West,9740,Mixed,18.5204,73.8567
NGO703355,USER_NGO703355,Community NGO 3356,Not Provided,Bengaluru - North,8065,Mixed,12.9716,77.5946
NGO703357,USER_NGO703357,Community NGO 3358,Not Provided,Bengaluru - North,7470,Mixed,12.9716,77.5946
NGO700335,USER_NGO700335,Community NGO 336,Not Provided,Chennai - North,8395,Mixed,13.0827,80.2707
NGO703359,USER_NGO703359,Community NGO 3360,Not Provided,Remote - West,8185,Mixed,20.5937,78.9629
NGO703360,USER_NGO703360,Community NGO 3361,Not Provided,Hyderabad - West,6980,Mixed,17.385,78.4867
NGO703362,USER_NGO703362,Community NGO 3363,Not Provided,Jaipur - Central,8585,Mixed,26.9124,75.7873
NGO703363,USER_NGO703363,Community NGO 3364,Not Provided,Kolkata - East,10355,Mixed,22.5726,88.3639
NGO703364,USER_NGO703364,Community NGO 3365,Not Provided,Mumbai - Citywide,10520,Mixed,19.076,72.8777
NGO703365,USER_NGO703365,Community NGO 3366,Not Provided,Mumbai - Citywide,5135,Mixed,19.076,72.8777
NGO703366,USER_NGO703366,Community NGO 3367,Not Provided,Delhi NCR - South,7175,Mixed,28.6139,77.209
NGO703367,USER_NGO703367,Community NGO 3368,Not Provided,Kolkata - West,13530,Mixed,22.5726,88.3639
NGO703368,USER_NGO703368,Community NGO 3369,Not Provided,Remote - South,4055,Mixed,20.5937,78.9629
NGO700336,USER_NGO700336,Community NGO 337,Not Provided,Remote - Citywide,1095,Mixed,20.5937,78.9629
NGO703369,USER_NGO703369,Community NGO 3370,Not Provided,Delhi NCR - Central,13755,Mixed,28.6139,77.209
NGO703370,USER_NGO703370,Community NGO 3371,Not Provided,Hyderabad - West,2830,Mixed,17.385,78.4867
NGO703371,USER_NGO703371,Community NGO 3372,Not Provided,Mumbai - West,3015,Mixed,19.076,72.8777
NGO703372,USER_NGO703372,Community NGO 3373,Not Provided,Pune - Central,14380,Mixed,18.5204,73.8567
NGO703373,USER_NGO703373,Community NGO 3374,Not Provided,Jaipur - South,5770,Mixed,26.9124,75.7873
NGO703375,USER_NGO703375,Community NGO 3376,Not Provided,Mumbai - North,4375,Mixed,19.076,72.8777
NGO703376,USER_NGO703376,Community NGO 3377,Not Provided,Bengaluru - Citywide,1420,Mixed,12.9716,77.5946
NGO703378,USER_NGO703378,Community NGO 3379,Not Provided,Bengaluru - Citywide,5540,Mixed,12.9716,77.5946
NGO700337,USER_NGO700337,Community NGO 338,Not Provided,Bengaluru - West,14580,Mixed,12.9716,77.5946
NGO703380,USER_NGO703380,Community NGO 3381,Not Provided,Mumbai - Central,11430,Mixed,19.076,72.8777
NGO703381,USER_NGO703381,Community NGO 3382,Not Provided,Bengaluru - Central,10685,Mixed,12.9716,77.5946
NGO703382,USER_NGO703382,Community NGO 3383,Not Provided,Remote - Central,5565,Mixed,20.5937,78.9629
NGO703384,USER_NGO703384,Community NGO 3385,Not Provided,Kolkata - West,4700,Mixed,22.5726,88.3639
NGO703385,USER_NGO703385,Community NGO 3386,Not Provided,Pune - East,12040,Mixed,18.5204,73.8567
NGO703386,USER_NGO703386,Community NGO 3387,Not Provided,Kolkata - North,1915,Mixed,22.5726,88.3639
NGO703387,USER_NGO703387,Community NGO 3388,Not Provided,Mumbai - East,10020,Mixed,19.076,72.8777
NGO703388,USER_NGO703388,Community NGO 3389,Not Provided,Mumbai - Citywide,2450,Mixed,19.076,72.8777
NGO700338,USER_NGO700338,Community NGO 339,Not Provided,Chennai - West,3380,Mixed,13.0827,80.2707
NGO703390,USER_NGO703390,Community NGO 3391,Not Provided,Pune - West,10205,Mixed,18.5204,73.8567
NGO703391,USER_NGO703391,Community NGO 3392,Not Provided,Jaipur - Central,14155,Mixed,26.9124,75.7873
NGO703393,USER_NGO703393,Community NGO 3394,Not Provided,Pune - East,980,Mixed,18.5204,73.8567
NGO703394,USER_NGO703394,Community NGO 3395,Not Provided,Delhi NCR - Central,10650,Mixed,28.6139,77.209
NGO703395,USER_NGO703395,Community NGO 3396,Not Provided,Jaipur - West,1150,Mixed,26.9124,75.7873
NGO703396,USER_NGO703396,Community NGO 3397,Not Provided,Pune - South,5205,Mixed,18.5204,73.8567
NGO703397,USER_NGO703397,Community NGO 3398,Not Provided,Pune - Central,14495,Mixed,18.5204,73.8567
NGO703398,USER_NGO703398,Community NGO 3399,Not Provided,Delhi NCR - Citywide,13155,Mixed,28.6139,77.209
NGO703399,USER_NGO703399,Community NGO 3400,Not Provided,Kolkata - East,14685,Mixed,22.5726,88.3639
NGO703400,USER_NGO703400,Community NGO 3401,Not Provided,Jaipur - Central,10790,Mixed,26.9124,75.7873
NGO703401,USER_NGO703401,Community NGO 3402,Not Provided,Pune - South,3645,Mixed,18.5204,73.8567
NGO703402,USER_NGO703402,Community NGO 3403,Not Provided,Bengaluru - North,10210,Mixed,12.9716,77.5946
NGO703403,USER_NGO703403,Community NGO 3404,Not Provided,Hyderabad - South,2350,Mixed,17.385,78.4867
NGO703404,USER_NGO703404,Community NGO 3405,Not Provided,Hyderabad - North,3010,Mixed,17.385,78.4867
NGO703405,USER_NGO703405,Community NGO 3406,Not Provided,Delhi NCR - Central,4340,Mixed,28.6139,77.209
NGO703407,USER_NGO703407,Community NGO 3408,Not Provided,Kolkata - Central,12905,Mixed,22.5726,88.3639
NGO703408,USER_NGO703408,Community NGO 3409,Not Provided,Chennai - Citywide,10600,Mixed,13.0827,80.2707
NGO700340,USER_NGO700340,Community NGO 341,Not Provided,Kolkata - West,12060,Mixed,22.5726,88.3639
NGO703413,USER_NGO703413,Community NGO 3414,Not Provided,Pune - South,1740,Mixed,18.5204,73.8567
NGO703414,USER_NGO703414,Community NGO 3415,Not Provided,Mumbai - Central,4205,Mixed,19.076,72.8777
NGO703415,USER_NGO703415,Community NGO 3416,Not Provided,Mumbai - East,3060,Mixed,19.076,72.8777
NGO700341,USER_NGO700341,Community NGO 342,Not Provided,Chennai - Central,12090,Mixed,13.0827,80.2707
NGO703419,USER_NGO703419,Community NGO 3420,Not Provided,Kolkata - Central,13860,Mixed,22.5726,88.3639
NGO703420,USER_NGO703420,Community NGO 3421,Not Provided,Hyderabad - Central,3600,Mixed,17.385,78.4867
NGO703421,USER_NGO703421,Community NGO 3422,Not Provided,Remote - West,5025,Mixed,20.5937,78.9629
NGO703422,USER_NGO703422,Community NGO 3423,Not Provided,Remote - East,660,Mixed,20.5937,78.9629
NGO703424,USER_NGO703424,Community NGO 3425,Not Provided,Chennai - North,10430,Mixed,13.0827,80.2707
NGO703427,USER_NGO703427,Community NGO 3428,Not Provided,Hyderabad - East,480,Mixed,17.385,78.4867
NGO703428,USER_NGO703428,Community NGO 3429,Not Provided,Delhi NCR - West,9470,Mixed,28.6139,77.209
NGO700342,USER_NGO700342,Community NGO 343,Not Provided,Ahmedabad - West,14445,Mixed,23.0225,72.5714
NGO703430,USER_NGO703430,Community NGO 3431,Not Provided,Mumbai - Citywide,10815,Mixed,19.076,72.8777
NGO703431,USER_NGO703431,Community NGO 3432,Not Provided,Jaipur - Central,5425,Mixed,26.9124,75.7873
NGO703435,USER_NGO703435,Community NGO 3436,Not Provided,Jaipur - East,12270,Mixed,26.9124,75.7873
NGO703436,USER_NGO703436,Community NGO 3437,Not Provided,Pune - South,9335,Mixed,18.5204,73.8567
NGO703437,USER_NGO703437,Community NGO 3438,Not Provided,Ahmedabad - South,1120,Mixed,23.0225,72.5714
NGO703438,USER_NGO703438,Community NGO 3439,Not Provided,Pune - Citywide,400,Mixed,18.5204,73.8567
NGO700343,USER_NGO700343,Community NGO 344,Not Provided,Jaipur - North,14150,Mixed,26.9124,75.7873
NGO703439,USER_NGO703439,Community NGO 3440,Not Provided,Mumbai - North,3870,Mixed,19.076,72.8777
NGO703440,USER_NGO703440,Community NGO 3441,Not Provided,Hyderabad - West,4135,Mixed,17.385,78.4867
NGO703442,USER_NGO703442,Community NGO 3443,Not Provided,Mumbai - South,8850,Mixed,19.076,72.8777
NGO703443,USER_NGO703443,Community NGO 3444,Not Provided,Pune - East,5460,Mixed,18.5204,73.8567
NGO703444,USER_NGO703444,Community NGO 3445,Not Provided,Pune - Citywide,7075,Mixed,18.5204,73.8567
NGO703445,USER_NGO703445,Community NGO 3446,Not Provided,Mumbai - Central,4385,Mixed,19.076,72.8777
NGO703446,USER_NGO703446,Community NGO 3447,Not Provided,Bengaluru - West,9485,Mixed,12.9716,77.5946
NGO703447,USER_NGO703447,Community NGO 3448,Not Provided,Mumbai - North,2500,Mixed,19.076,72.8777
NGO703448,USER_NGO703448,Community NGO 3449,Not Provided,Pune - South,10260,Mixed,18.5204,73.8567
NGO700344,USER_NGO700344,Community NGO 345,Not Provided,Remote - North,14100,Mixed,20.5937,78.9629
NGO703449,USER_NGO703449,Community NGO 3450,Not Provided,Kolkata - Citywide,5615,Mixed,22.5726,88.3639
NGO703450,USER_NGO703450,Community NGO 3451,Not Provided,Bengaluru - North,4595,Mixed,12.9716,77.5946
NGO703451,USER_NGO703451,Community NGO 3452,Not Provided,Mumbai - North,5385,Mixed,19.076,72.8777
NGO703452,USER_NGO703452,Community NGO 3453,Not Provided,Delhi NCR - Citywide,3585,Mixed,28.6139,77.209
NGO703453,USER_NGO703453,Community NGO 3454,Not Provided,Ahmedabad - West,7095,Mixed,23.0225,72.5714
NGO703455,USER_NGO703455,Community NGO 3456,Not Provided,Bengaluru - East,14670,Mixed,12.9716,77.5946
NGO703456,USER_NGO703456,Community NGO 3457,Not Provided,Mumbai - South,8730,Mixed,19.076,72.8777
NGO703457,USER_NGO703457,Community NGO 3458,Not Provided,Ahmedabad - South,8940,Mixed,23.0225,72.5714
NGO703458,USER_NGO703458,Community NGO 3459,Not Provided,Chennai - East,9480,Mixed,13.0827,80.2707
NGO700345,USER_NGO700345,Community NGO 346,Not Provided,Delhi NCR - Central,6300,Mixed,28.6139,77.209
NGO703459,USER_NGO703459,Community NGO 3460,Not Provided,Mumbai - Citywide,6430,Mixed,19.076,72.8777
NGO703460,USER_NGO703460,Community NGO 3461,Not Provided,Jaipur - East,560,Mixed,26.9124,75.7873
NGO703461,USER_NGO703461,Community NGO 3462,Not Provided,Ahmedabad - West,7605,Mixed,23.0225,72.5714
NGO703462,USER_NGO703462,Community NGO 3463,Not Provided,Chennai - Central,13150,Mixed,13.0827,80.2707
NGO703463,USER_NGO703463,Community NGO 3464,Not Provided,Mumbai - North,10710,Mixed,19.076,72.8777
NGO703464,USER_NGO703464,Community NGO 3465,Not Provided,Kolkata - East,12700,Mixed,22.5726,88.3639
NGO703465,USER_NGO703465,Community NGO 3466,Not Provided,Jaipur - West,4325,Mixed,26.9124,75.7873
NGO703466,USER_NGO703466,Community NGO 3467,Not Provided,Delhi NCR - West,4380,Mixed,28.6139,77.209
NGO703467,USER_NGO703467,Community NGO 3468,Not Provided,Jaipur - Central,5645,Mixed,26.9124,75.7873
NGO703468,USER_NGO703468,Community NGO 3469,Not Provided,Jaipur - Central,1660,Mixed,26.9124,75.7873
NGO703469,USER_NGO703469,Community NGO 3470,Not Provided,Chennai - Citywide,6930,Mixed,13.0827,80.2707
NGO703470,USER_NGO703470,Community NGO 3471,Not Provided,Chennai - West,14345,Mixed,13.0827,80.2707
NGO703471,USER_NGO703471,Community NGO 3472,Not Provided,Remote - Central,10785,Mixed,20.5937,78.9629
NGO703472,USER_NGO703472,Community NGO 3473,Not Provided,Chennai - East,1585,Mixed,13.0827,80.2707
NGO703473,USER_NGO703473,Community NGO 3474,Not Provided,Kolkata - East,13985,Mixed,22.5726,88.3639
NGO703474,USER_NGO703474,Community NGO 3475,Not Provided,Jaipur - Citywide,14635,Mixed,26.9124,75.7873
NGO703476,USER_NGO703476,Community NGO 3477,Not Provided,Bengaluru - West,5160,Mixed,12.9716,77.5946
NGO703477,USER_NGO703477,Community NGO 3478,Not Provided,Chennai - South,6775,Mixed,13.0827,80.2707
NGO703478,USER_NGO703478,Community NGO 3479,Not Provided,Remote - South,14250,Mixed,20.5937,78.9629
NGO700347,USER_NGO700347,Community NGO 348,Not Provided,Kolkata - North,1930,Mixed,22.5726,88.3639
NGO703480,USER_NGO703480,Community NGO 3481,Not Provided,Pune - West,13350,Mixed,18.5204,73.8567
NGO703481,USER_NGO703481,Community NGO 3482,Not Provided,Hyderabad - East,14665,Mixed,17.385,78.4867
NGO703482,USER_NGO703482,Community NGO 3483,Not Provided,Remote - Citywide,5345,Mixed,20.5937,78.9629
NGO703483,USER_NGO703483,Community NGO 3484,Not Provided,Chennai - South,3495,Mixed,13.0827,80.2707
NGO703484,USER_NGO703484,Community NGO 3485,Not Provided,Pune - Central,6140,Mixed,18.5204,73.8567
NGO703485,USER_NGO703485,Community NGO 3486,Not Provided,Remote - East,2520,Mixed,20.5937,78.9629
NGO703486,USER_NGO703486,Community NGO 3487,Not Provided,Ahmedabad - Citywide,10315,Mixed,23.0225,72.5714
NGO703487,USER_NGO703487,Community NGO 3488,Not Provided,Jaipur - East,7520,Mixed,26.9124,75.7873
NGO703488,USER_NGO703488,Community NGO 3489,Not Provided,Bengaluru - East,935,Mixed,12.9716,77.5946
NGO700348,USER_NGO700348,Community NGO 349,Not Provided,Delhi NCR - Central,655,Mixed,28.6139,77.209
NGO703489,USER_NGO703489,Community NGO 3490,Not Provided,Remote - Central,14595,Mixed,20.5937,78.9629
NGO703490,USER_NGO703490,Community NGO 3491,Not Provided,Kolkata - West,7560,Mixed,22.5726,88.3639
NGO703491,USER_NGO703491,Community NGO 3492,Not Provided,Kolkata - North,8745,Mixed,22.5726,88.3639
NGO703492,USER_NGO703492,Community NGO 3493,Not Provided,Ahmedabad - North,4285,Mixed,23.0225,72.5714
NGO703493,USER_NGO703493,Community NGO 3494,Not Provided,Pune - West,11025,Mixed,18.5204,73.8567
NGO703494,USER_NGO703494,Community NGO 3495,Not Provided,Ahmedabad - South,12515,Mixed,23.0225,72.5714
NGO703496,USER_NGO703496,Community NGO 3497,Not Provided,Kolkata - Central,3700,Mixed,22.5726,88.3639
NGO703497,USER_NGO703497,Community NGO 3498,Not Provided,Pune - South,10015,Mixed,18.5204,73.8567
NGO703498,USER_NGO703498,Community NGO 3499,Not Provided,Delhi NCR - Central,7935,Mixed,28.6139,77.209
NGO700034,USER_NGO700034,Community NGO 35,Not Provided,Kolkata - South,11475,Mixed,22.5726,88.3639
NGO700349,USER_NGO700349,Community NGO 350,Not Provided,Kolkata - East,6170,Mixed,22.5726,88.3639
NGO703499,USER_NGO703499,Community NGO 3500,Not Provided,Chennai - West,5780,Mixed,13.0827,80.2707
NGO703500,USER_NGO703500,Community NGO 3501,Not Provided,Pune - West,500,Mixed,18.5204,73.8567
NGO703501,USER_NGO703501,Community NGO 3502,Not Provided,Kolkata - South,9240,Mixed,22.5726,88.3639
NGO703502,USER_NGO703502,Community NGO 3503,Not Provided,Chennai - North,1875,Mixed,13.0827,80.2707
NGO703503,USER_NGO703503,Community NGO 3504,Not Provided,Ahmedabad - East,2815,Mixed,23.0225,72.5714
NGO703504,USER_NGO703504,Community NGO 3505,Not Provided,Bengaluru - South,3615,Mixed,12.9716,77.5946
NGO703505,USER_NGO703505,Community NGO 3506,Not Provided,Chennai - South,4970,Mixed,13.0827,80.2707
NGO703506,USER_NGO703506,Community NGO 3507,Not Provided,Delhi NCR - Citywide,7745,Mixed,28.6139,77.209
NGO703507,USER_NGO703507,Community NGO 3508,Not Provided,Hyderabad - Central,5660,Mixed,17.385,78.4867
NGO700350,USER_NGO700350,Community NGO 351,Not Provided,Kolkata - Citywide,4935,Mixed,22.5726,88.3639
NGO703509,USER_NGO703509,Community NGO 3510,Not Provided,Kolkata - South,2550,Mixed,22.5726,88.3639
NGO703510,USER_NGO703510,Community NGO 3511,Not Provided,Delhi NCR - South,8950,Mixed,28.6139,77.209
NGO703512,USER_NGO703512,Community NGO 3513,Not Provided,Kolkata - Central,3230,Mixed,22.5726,88.3639
NGO703513,USER_NGO703513,Community NGO 3514,Not Provided,Ahmedabad - West,12755,Mixed,23.0225,72.5714
NGO703514,USER_NGO703514,Community NGO 3515,Not Provided,Remote - Central,9140,Mixed,20.5937,78.9629
NGO703515,USER_NGO703515,Community NGO 3516,Not Provided,Jaipur - Citywide,650,Mixed,26.9124,75.7873
NGO703517,USER_NGO703517,Community NGO 3518,Not Provided,Bengaluru - North,12805,Mixed,12.9716,77.5946
NGO703518,USER_NGO703518,Community NGO 3519,Not Provided,Mumbai - West,6530,Mixed,19.076,72.8777
NGO700351,USER_NGO700351,Community NGO 352,Not Provided,Mumbai - East,8530,Mixed,19.076,72.8777
NGO703519,USER_NGO703519,Community NGO 3520,Not Provided,Mumbai - North,3355,Mixed,19.076,72.8777
NGO703521,USER_NGO703521,Community NGO 3522,Not Provided,Ahmedabad - East,7505,Mixed,23.0225,72.5714
NGO703522,USER_NGO703522,Community NGO 3523,Not Provided,Kolkata - West,2760,Mixed,22.5726,88.3639
NGO703523,USER_NGO703523,Community NGO 3524,Not Provided,Jaipur - West,11290,Mixed,26.9124,75.7873
NGO703525,USER_NGO703525,Community NGO 3526,Not Provided,Pune - East,4575,Mixed,18.5204,73.8567
NGO703526,USER_NGO703526,Community NGO 3527,Not Provided,Kolkata - North,4160,Mixed,22.5726,88.3639
NGO703527,USER_NGO703527,Community NGO 3528,Not Provided,Hyderabad - Central,745,Mixed,17.385,78.4867
NGO703528,USER_NGO703528,Community NGO 3529,Not Provided,Jaipur - Central,845,Mixed,26.9124,75.7873
NGO700352,USER_NGO700352,Community NGO 353,Not Provided,Ahmedabad - East,4690,Mixed,23.0225,72.5714
NGO703529,USER_NGO703529,Community NGO 3530,Not Provided,Mumbai - East,13395,Mixed,19.076,72.8777
NGO703532,USER_NGO703532,Community NGO 3533,Not Provided,Bengaluru - South,7545,Mixed,12.9716,77.5946
NGO703534,USER_NGO703534,Community NGO 3535,Not Provided,Kolkata - Central,3795,Mixed,22.5726,88.3639
NGO703537,USER_NGO703537,Community NGO 3538,Not Provided,Remote - Citywide,4210,Mixed,20.5937,78.9629
NGO703538,USER_NGO703538,Community NGO 3539,Not Provided,Ahmedabad - North,3410,Mixed,23.0225,72.5714
NGO700353,USER_NGO700353,Community NGO 354,Not Provided,Bengaluru - Citywide,9795,Mixed,12.9716,77.5946
NGO703539,USER_NGO703539,Community NGO 3540,Not Provided,Pune - East,13765,Mixed,18.5204,73.8567
NGO703540,USER_NGO703540,Community NGO 3541,Not Provided,Jaipur - North,13175,Mixed,26.9124,75.7873
NGO703544,USER_NGO703544,Community NGO 3545,Not Provided,Bengaluru - South,11950,Mixed,12.9716,77.5946
NGO703545,USER_NGO703545,Community NGO 3546,Not Provided,Ahmedabad - South,14355,Mixed,23.0225,72.5714
NGO703547,USER_NGO703547,Community NGO 3548,Not Provided,Jaipur - East,12410,Mixed,26.9124,75.7873
NGO703548,USER_NGO703548,Community NGO 3549,Not Provided,Delhi NCR - North,3130,Mixed,28.6139,77.209
NGO700354,USER_NGO700354,Community NGO 355,Not Provided,Pune - West,6520,Mixed,18.5204,73.8567
NGO703549,USER_NGO703549,Community NGO 3550,Not Provided,Hyderabad - East,10985,Mixed,17.385,78.4867
NGO703550,USER_NGO703550,Community NGO 3551,Not Provided,Kolkata - North,9770,Mixed,22.5726,88.3639
NGO703551,USER_NGO703551,Community NGO 3552,Not Provided,Hyderabad - South,10155,Mixed,17.385,78.4867
NGO703557,USER_NGO703557,Community NGO 3558,Not Provided,Ahmedabad - East,2260,Mixed,23.0225,72.5714
NGO703558,USER_NGO703558,Community NGO 3559,Not Provided,Chennai - East,7625,Mixed,13.0827,80.2707
NGO703559,USER_NGO703559,Community NGO 3560,Not Provided,Bengaluru - Citywide,6930,Mixed,12.9716,77.5946
NGO703560,USER_NGO703560,Community NGO 3561,Not Provided,Jaipur - East,11665,Mixed,26.9124,75.7873
NGO703561,USER_NGO703561,Community NGO 3562,Not Provided,Ahmedabad - East,5825,Mixed,23.0225,72.5714
NGO703564,USER_NGO703564,Community NGO 3565,Not Provided,Hyderabad - Central,5525,Mixed,17.385,78.4867
NGO703565,USER_NGO703565,Community NGO 3566,Not Provided,Delhi NCR - Central,8890,Mixed,28.6139,77.209
NGO703566,USER_NGO703566,Community NGO 3567,Not Provided,Jaipur - East,14485,Mixed,26.9124,75.7873
NGO703567,USER_NGO703567,Community NGO 3568,Not Provided,Delhi NCR - North,2565,Mixed,28.6139,77.209
NGO703568,USER_NGO703568,Community NGO 3569,Not Provided,Remote - East,665,Mixed,20.5937,78.9629
NGO700356,USER_NGO700356,Community NGO 357,Not Provided,Ahmedabad - North,7520,Mixed,23.0225,72.5714
NGO703569,USER_NGO703569,Community NGO 3570,Not Provided,Chennai - Citywide,12910,Mixed,13.0827,80.2707
NGO703570,USER_NGO703570,Community NGO 3571,Not Provided,Jaipur - East,6010,Mixed,26.9124,75.7873
NGO703571,USER_NGO703571,Community NGO 3572,Not Provided,Delhi NCR - Central,12125,Mixed,28.6139,77.209
NGO703572,USER_NGO703572,Community NGO 3573,Not Provided,Chennai - West,8055,Mixed,13.0827,80.2707
NGO703573,USER_NGO703573,Community NGO 3574,Not Provided,Remote - East,3375,Mixed,20.5937,78.9629
NGO703574,USER_NGO703574,Community NGO 3575,Not Provided,Remote - North,13575,Mixed,20.5937,78.9629
NGO703575,USER_NGO703575,Community NGO 3576,Not Provided,Ahmedabad - Central,14635,Mixed,23.0225,72.5714
NGO703576,USER_NGO703576,Community NGO 3577,Not Provided,Ahmedabad - South,5575,Mixed,23.0225,72.5714
NGO703577,USER_NGO703577,Community NGO 3578,Not Provided,Kolkata - Citywide,6165,Mixed,22.5726,88.3639
NGO703578,USER_NGO703578,Community NGO 3579,Not Provided,Pune - South,1730,Mixed,18.5204,73.8567
NGO703579,USER_NGO703579,Community NGO 3580,Not Provided,Jaipur - East,2010,Mixed,26.9124,75.7873
NGO703580,USER_NGO703580,Community NGO 3581,Not Provided,Pune - East,6340,Mixed,18.5204,73.8567
NGO703581,USER_NGO703581,Community NGO 3582,Not Provided,Pune - South,12955,Mixed,18.5204,73.8567
NGO703582,USER_NGO703582,Community NGO 3583,Not Provided,Bengaluru - North,14265,Mixed,12.9716,77.5946
NGO703584,USER_NGO703584,Community NGO 3585,Not Provided,Ahmedabad - North,8745,Mixed,23.0225,72.5714
NGO703586,USER_NGO703586,Community NGO 3587,Not Provided,Mumbai - Citywide,7000,Mixed,19.076,72.8777
NGO703587,USER_NGO703587,Community NGO 3588,Not Provided,Bengaluru - South,12135,Mixed,12.9716,77.5946
NGO703588,USER_NGO703588,Community NGO 3589,Not Provided,Mumbai - East,12830,Mixed,19.076,72.8777
NGO703589,USER_NGO703589,Community NGO 3590,Not Provided,Ahmedabad - West,2200,Mixed,23.0225,72.5714
NGO703590,USER_NGO703590,Community NGO 3591,Not Provided,Chennai - Central,4870,Mixed,13.0827,80.2707
NGO703591,USER_NGO703591,Community NGO 3592,Not Provided,Chennai - West,12870,Mixed,13.0827,80.2707
NGO703592,USER_NGO703592,Community NGO 3593,Not Provided,Ahmedabad - East,355,Mixed,23.0225,72.5714
NGO703593,USER_NGO703593,Community NGO 3594,Not Provided,Remote - Central,4510,Mixed,20.5937,78.9629
NGO703595,USER_NGO703595,Community NGO 3596,Not Provided,Delhi NCR - Central,4115,Mixed,28.6139,77.209
NGO703598,USER_NGO703598,Community NGO 3599,Not Provided,Remote - West,10405,Mixed,20.5937,78.9629
NGO700359,USER_NGO700359,Community NGO 360,Not Provided,Jaipur - West,4595,Mixed,26.9124,75.7873
NGO703599,USER_NGO703599,Community NGO 3600,Not Provided,Remote - Citywide,13375,Mixed,20.5937,78.9629
NGO703600,USER_NGO703600,Community NGO 3601,Not Provided,Ahmedabad - South,9465,Mixed,23.0225,72.5714
NGO703603,USER_NGO703603,Community NGO 3604,Not Provided,Hyderabad - East,2800,Mixed,17.385,78.4867
NGO703604,USER_NGO703604,Community NGO 3605,Not Provided,Remote - North,205,Mixed,20.5937,78.9629
NGO703605,USER_NGO703605,Community NGO 3606,Not Provided,Bengaluru - North,11645,Mixed,12.9716,77.5946
NGO703607,USER_NGO703607,Community NGO 3608,Not Provided,Bengaluru - North,9685,Mixed,12.9716,77.5946
NGO703608,USER_NGO703608,Community NGO 3609,Not Provided,Delhi NCR - East,4845,Mixed,28.6139,77.209
NGO700360,USER_NGO700360,Community NGO 361,Not Provided,Pune - Citywide,3020,Mixed,18.5204,73.8567
NGO703609,USER_NGO703609,Community NGO 3610,Not Provided,Delhi NCR - South,12580,Mixed,28.6139,77.209
NGO703610,USER_NGO703610,Community NGO 3611,Not Provided,Chennai - West,10405,Mixed,13.0827,80.2707
NGO703612,USER_NGO703612,Community NGO 3613,Not Provided,Mumbai - West,7430,Mixed,19.076,72.8777
NGO703613,USER_NGO703613,Community NGO 3614,Not Provided,Ahmedabad - Citywide,7840,Mixed,23.0225,72.5714
NGO703614,USER_NGO703614,Community NGO 3615,Not Provided,Mumbai - Citywide,5900,Mixed,19.076,72.8777
NGO703615,USER_NGO703615,Community NGO 3616,Not Provided,Chennai - North,14545,Mixed,13.0827,80.2707
NGO703616,USER_NGO703616,Community NGO 3617,Not Provided,Mumbai - Central,5270,Mixed,19.076,72.8777
NGO703617,USER_NGO703617,Community NGO 3618,Not Provided,Kolkata - West,13930,Mixed,22.5726,88.3639
NGO703618,USER_NGO703618,Community NGO 3619,Not Provided,Bengaluru - Central,8665,Mixed,12.9716,77.5946
NGO700361,USER_NGO700361,Community NGO 362,Not Provided,Kolkata - South,2305,Mixed,22.5726,88.3639
NGO703619,USER_NGO703619,Community NGO 3620,Not Provided,Mumbai - Central,9655,Mixed,19.076,72.8777
NGO703620,USER_NGO703620,Community NGO 3621,Not Provided,Ahmedabad - East,3450,Mixed,23.0225,72.5714
NGO703624,USER_NGO703624,Community NGO 3625,Not Provided,Delhi NCR - South,11965,Mixed,28.6139,77.209
NGO703625,USER_NGO703625,Community NGO 3626,Not Provided,Pune - East,11675,Mixed,18.5204,73.8567
NGO703627,USER_NGO703627,Community NGO 3628,Not Provided,Delhi NCR - North,7210,Mixed,28.6139,77.209
NGO703628,USER_NGO703628,Community NGO 3629,Not Provided,Chennai - East,1060,Mixed,13.0827,80.2707
NGO700362,USER_NGO700362,Community NGO 363,Not Provided,Mumbai - South,13115,Mixed,19.076,72.8777
NGO703630,USER_NGO703630,Community NGO 3631,Not Provided,Pune - South,7330,Mixed,18.5204,73.8567
NGO703633,USER_NGO703633,Community NGO 3634,Not Provided,Mumbai - South,9680,Mixed,19.076,72.8777
NGO703634,USER_NGO703634,Community NGO 3635,Not Provided,Jaipur - Central,1730,Mixed,26.9124,75.7873
NGO703635,USER_NGO703635,Community NGO 3636,Not Provided,Hyderabad - Central,5870,Mixed,17.385,78.4867
NGO703636,USER_NGO703636,Community NGO 3637,Not Provided,Chennai - East,3850,Mixed,13.0827,80.2707
NGO703637,USER_NGO703637,Community NGO 3638,Not Provided,Jaipur - East,13100,Mixed,26.9124,75.7873
NGO703638,USER_NGO703638,Community NGO 3639,Not Provided,Chennai - South,3685,Mixed,13.0827,80.2707
NGO700363,USER_NGO700363,Community NGO 364,Not Provided,Kolkata - North,2740,Mixed,22.5726,88.3639
NGO703639,USER_NGO703639,Community NGO 3640,Not Provided,Pune - Central,3185,Mixed,18.5204,73.8567
NGO703640,USER_NGO703640,Community NGO 3641,Not Provided,Pune - South,8095,Mixed,18.5204,73.8567
NGO703641,USER_NGO703641,Community NGO 3642,Not Provided,Chennai - South,7310,Mixed,13.0827,80.2707
NGO703643,USER_NGO703643,Community NGO 3644,Not Provided,Jaipur - Citywide,6870,Mixed,26.9124,75.7873
NGO703644,USER_NGO703644,Community NGO 3645,Not Provided,Remote - North,820,Mixed,20.5937,78.9629
NGO703645,USER_NGO703645,Community NGO 3646,Not Provided,Bengaluru - North,9875,Mixed,12.9716,77.5946
NGO703646,USER_NGO703646,Community NGO 3647,Not Provided,Bengaluru - Central,10930,Mixed,12.9716,77.5946
NGO703648,USER_NGO703648,Community NGO 3649,Not Provided,Pune - East,5820,Mixed,18.5204,73.8567
NGO703649,USER_NGO703649,Community NGO 3650,Not Provided,Jaipur - Citywide,13930,Mixed,26.9124,75.7873
NGO703651,USER_NGO703651,Community NGO 3652,Not Provided,Hyderabad - Citywide,5545,Mixed,17.385,78.4867
NGO703652,USER_NGO703652,Community NGO 3653,Not Provided,Bengaluru - Central,11860,Mixed,12.9716,77.5946
NGO703653,USER_NGO703653,Community NGO 3654,Not Provided,Delhi NCR - Citywide,13360,Mixed,28.6139,77.209
NGO703654,USER_NGO703654,Community NGO 3655,Not Provided,Mumbai - Central,7445,Mixed,19.076,72.8777
NGO703655,USER_NGO703655,Community NGO 3656,Not Provided,Pune - Central,5470,Mixed,18.5204,73.8567
NGO703656,USER_NGO703656,Community NGO 3657,Not Provided,Ahmedabad - East,1005,Mixed,23.0225,72.5714
NGO703657,USER_NGO703657,Community NGO 3658,Not Provided,Hyderabad - West,10500,Mixed,17.385,78.4867
NGO703658,USER_NGO703658,Community NGO 3659,Not Provided,Hyderabad - North,6050,Mixed,17.385,78.4867
NGO700365,USER_NGO700365,Community NGO 366,Not Provided,Mumbai - Citywide,1030,Mixed,19.076,72.8777
NGO703660,USER_NGO703660,Community NGO 3661,Not Provided,Delhi NCR - North,13510,Mixed,28.6139,77.209
NGO703661,USER_NGO703661,Community NGO 3662,Not Provided,Jaipur - South,3285,Mixed,26.9124,75.7873
NGO703662,USER_NGO703662,Community NGO 3663,Not Provided,Delhi NCR - South,4625,Mixed,28.6139,77.209
NGO703663,USER_NGO703663,Community NGO 3664,Not Provided,Bengaluru - Central,8490,Mixed,12.9716,77.5946
NGO703664,USER_NGO703664,Community NGO 3665,Not Provided,Remote - East,11115,Mixed,20.5937,78.9629
NGO703666,USER_NGO703666,Community NGO 3667,Not Provided,Remote - South,1980,Mixed,20.5937,78.9629
NGO703668,USER_NGO703668,Community NGO 3669,Not Provided,Pune - North,10465,Mixed,18.5204,73.8567
NGO703669,USER_NGO703669,Community NGO 3670,Not Provided,Bengaluru - Citywide,5910,Mixed,12.9716,77.5946
NGO703670,USER_NGO703670,Community NGO 3671,Not Provided,Remote - East,1220,Mixed,20.5937,78.9629
NGO703671,USER_NGO703671,Community NGO 3672,Not Provided,Jaipur - East,8910,Mixed,26.9124,75.7873
NGO703672,USER_NGO703672,Community NGO 3673,Not Provided,Remote - South,2635,Mixed,20.5937,78.9629
NGO703675,USER_NGO703675,Community NGO 3676,Not Provided,Ahmedabad - Citywide,9730,Mixed,23.0225,72.5714
NGO703676,USER_NGO703676,Community NGO 3677,Not Provided,Ahmedabad - South,5945,Mixed,23.0225,72.5714
NGO703677,USER_NGO703677,Community NGO 3678,Not Provided,Mumbai - West,1885,Mixed,19.076,72.8777
NGO703678,USER_NGO703678,Community NGO 3679,Not Provided,Mumbai - West,11985,Mixed,19.076,72.8777
NGO700367,USER_NGO700367,Community NGO 368,Not Provided,Pune - West,10800,Mixed,18.5204,73.8567
NGO703679,USER_NGO703679,Community NGO 3680,Not Provided,Remote - Central,12910,Mixed,20.5937,78.9629
NGO703680,USER_NGO703680,Community NGO 3681,Not Provided,Kolkata - North,11960,Mixed,22.5726,88.3639
NGO703681,USER_NGO703681,Community NGO 3682,Not Provided,Delhi NCR - East,365,Mixed,28.6139,77.209
NGO703682,USER_NGO703682,Community NGO 3683,Not Provided,Delhi NCR - Central,12120,Mixed,28.6139,77.209
NGO703683,USER_NGO703683,Community NGO 3684,Not Provided,Chennai - Citywide,14375,Mixed,13.0827,80.2707
NGO703684,USER_NGO703684,Community NGO 3685,Not Provided,Kolkata - North,9625,Mixed,22.5726,88.3639
NGO703685,USER_NGO703685,Community NGO 3686,Not Provided,Mumbai - West,8240,Mixed,19.076,72.8777
NGO703686,USER_NGO703686,Community NGO 3687,Not Provided,Remote - North,13420,Mixed,20.5937,78.9629
NGO703687,USER_NGO703687,Community NGO 3688,Not Provided,Bengaluru - Central,800,Mixed,12.9716,77.5946
NGO703688,USER_NGO703688,Community NGO 3689,Not Provided,Ahmedabad - South,5795,Mixed,23.0225,72.5714
NGO700368,USER_NGO700368,Community NGO 369,Not Provided,Mumbai - North,13565,Mixed,19.076,72.8777
NGO703689,USER_NGO703689,Community NGO 3690,Not Provided,Pune - Citywide,14840,Mixed,18.5204,73.8567
NGO703690,USER_NGO703690,Community NGO 3691,Not Provided,Jaipur - North,7350,Mixed,26.9124,75.7873
NGO703691,USER_NGO703691,Community NGO 3692,Not Provided,Mumbai - South,9505,Mixed,19.076,72.8777
NGO703692,USER_NGO703692,Community NGO 3693,Not Provided,Pune - West,13075,Mixed,18.5204,73.8567
NGO703693,USER_NGO703693,Community NGO 3694,Not Provided,Mumbai - Citywide,2830,Mixed,19.076,72.8777
NGO703696,USER_NGO703696,Community NGO 3697,Not Provided,Chennai - Citywide,3675,Mixed,13.0827,80.2707
NGO703698,USER_NGO703698,Community NGO 3699,Not Provided,Chennai - East,530,Mixed,13.0827,80.2707
NGO700036,USER_NGO700036,Community NGO 37,Not Provided,Hyderabad - West,2345,Mixed,17.385,78.4867
NGO700369,USER_NGO700369,Community NGO 370,Not Provided,Kolkata - West,14930,Mixed,22.5726,88.3639
NGO703699,USER_NGO703699,Community NGO 3700,Not Provided,Chennai - South,14655,Mixed,13.0827,80.2707
NGO703700,USER_NGO703700,Community NGO 3701,Not Provided,Mumbai - South,12955,Mixed,19.076,72.8777
NGO703701,USER_NGO703701,Community NGO 3702,Not Provided,Bengaluru - East,9790,Mixed,12.9716,77.5946
NGO703702,USER_NGO703702,Community NGO 3703,Not Provided,Remote - West,13270,Mixed,20.5937,78.9629
NGO703703,USER_NGO703703,Community NGO 3704,Not Provided,Remote - North,14780,Mixed,20.5937,78.9629
NGO703704,USER_NGO703704,Community NGO 3705,Not Provided,Jaipur - Central,1005,Mixed,26.9124,75.7873
NGO703705,USER_NGO703705,Community NGO 3706,Not Provided,Jaipur - Citywide,13855,Mixed,26.9124,75.7873
NGO703707,USER_NGO703707,Community NGO 3708,Not Provided,Jaipur - East,325,Mixed,26.9124,75.7873
NGO703708,USER_NGO703708,Community NGO 3709,Not Provided,Ahmedabad - Central,8195,Mixed,23.0225,72.5714
NGO703709,USER_NGO703709,Community NGO 3710,Not Provided,Ahmedabad - South,230,Mixed,23.0225,72.5714
NGO703710,USER_NGO703710,Community NGO 3711,Not Provided,Delhi NCR - South,8805,Mixed,28.6139,77.209
NGO703711,USER_NGO703711,Community NGO 3712,Not Provided,Kolkata - East,6880,Mixed,22.5726,88.3639
NGO703712,USER_NGO703712,Community NGO 3713,Not Provided,Ahmedabad - Citywide,10560,Mixed,23.0225,72.5714
NGO703715,USER_NGO703715,Community NGO 3716,Not Provided,Bengaluru - West,6300,Mixed,12.9716,77.5946
NGO703716,USER_NGO703716,Community NGO 3717,Not Provided,Bengaluru - South,5295,Mixed,12.9716,77.5946
NGO703718,USER_NGO703718,Community NGO 3719,Not Provided,Ahmedabad - East,9705,Mixed,23.0225,72.5714
NGO700371,USER_NGO700371,Community NGO 372,Not Provided,Chennai - South,8270,Mixed,13.0827,80.2707
NGO703719,USER_NGO703719,Community NGO 3720,Not Provided,Pune - West,5900,Mixed,18.5204,73.8567
NGO703720,USER_NGO703720,Community NGO 3721,Not Provided,Mumbai - North,9125,Mixed,19.076,72.8777
NGO703721,USER_NGO703721,Community NGO 3722,Not Provided,Pune - North,14730,Mixed,18.5204,73.8567
NGO703722,USER_NGO703722,Community NGO 3723,Not Provided,Pune - East,13590,Mixed,18.5204,73.8567
NGO703723,USER_NGO703723,Community NGO 3724,Not Provided,Bengaluru - North,7995,Mixed,12.9716,77.5946
NGO703724,USER_NGO703724,Community NGO 3725,Not Provided,Bengaluru - Central,10225,Mixed,12.9716,77.5946
NGO703725,USER_NGO703725,Community NGO 3726,Not Provided,Remote - Citywide,2750,Mixed,20.5937,78.9629
NGO703727,USER_NGO703727,Community NGO 3728,Not Provided,Kolkata - East,4850,Mixed,22.5726,88.3639
NGO703728,USER_NGO703728,Community NGO 3729,Not Provided,Bengaluru - West,9280,Mixed,12.9716,77.5946
NGO700372,USER_NGO700372,Community NGO 373,Not Provided,Ahmedabad - Citywide,12110,Mixed,23.0225,72.5714
NGO703729,USER_NGO703729,Community NGO 3730,Not Provided,Bengaluru - West,350,Mixed,12.9716,77.5946
NGO703730,USER_NGO703730,Community NGO 3731,Not Provided,Jaipur - South,13225,Mixed,26.9124,75.7873
NGO703731,USER_NGO703731,Community NGO 3732,Not Provided,Jaipur - East,205,Mixed,26.9124,75.7873
NGO703733,USER_NGO703733,Community NGO 3734,Not Provided,Kolkata - North,3200,Mixed,22.5726,88.3639
NGO703734,USER_NGO703734,Community NGO 3735,Not Provided,Hyderabad - South,7510,Mixed,17.385,78.4867
NGO703735,USER_NGO703735,Community NGO 3736,Not Provided,Chennai - East,1590,Mixed,13.0827,80.2707
NGO703736,USER_NGO703736,Community NGO 3737,Not Provided,Hyderabad - Citywide,3800,Mixed,17.385,78.4867
NGO703737,USER_NGO703737,Community NGO 3738,Not Provided,Bengaluru - West,400,Mixed,12.9716,77.5946
NGO700373,USER_NGO700373,Community NGO 374,Not Provided,Hyderabad - East,6265,Mixed,17.385,78.4867
NGO703739,USER_NGO703739,Community NGO 3740,Not Provided,Jaipur - East,5740,Mixed,26.9124,75.7873
NGO703740,USER_NGO703740,Community NGO 3741,Not Provided,Ahmedabad - South,14755,Mixed,23.0225,72.5714
NGO703741,USER_NGO703741,Community NGO 3742,Not Provided,Kolkata - East,12470,Mixed,22.5726,88.3639
NGO703742,USER_NGO703742,Community NGO 3743,Not Provided,Remote - East,10510,Mixed,20.5937,78.9629
NGO703744,USER_NGO703744,Community NGO 3745,Not Provided,Chennai - Central,5125,Mixed,13.0827,80.2707
NGO703745,USER_NGO703745,Community NGO 3746,Not Provided,Mumbai - West,8000,Mixed,19.076,72.8777
NGO703747,USER_NGO703747,Community NGO 3748,Not Provided,Ahmedabad - South,7760,Mixed,23.0225,72.5714
NGO703748,USER_NGO703748,Community NGO 3749,Not Provided,Remote - Central,14655,Mixed,20.5937,78.9629
NGO703749,USER_NGO703749,Community NGO 3750,Not Provided,Chennai - West,4810,Mixed,13.0827,80.2707
NGO703750,USER_NGO703750,Community NGO 3751,Not Provided,Kolkata - Citywide,9495,Mixed,22.5726,88.3639
NGO703751,USER_NGO703751,Community NGO 3752,Not Provided,Remote - Citywide,9765,Mixed,20.5937,78.9629
NGO703752,USER_NGO703752,Community NGO 3753,Not Provided,Jaipur - Citywide,1770,Mixed,26.9124,75.7873
NGO703753,USER_NGO703753,Community NGO 3754,Not Provided,Bengaluru - East,2995,Mixed,12.9716,77.5946
NGO703754,USER_NGO703754,Community NGO 3755,Not Provided,Ahmedabad - South,11675,Mixed,23.0225,72.5714
NGO703755,USER_NGO703755,Community NGO 3756,Not Provided,Remote - Citywide,12300,Mixed,20.5937,78.9629
NGO703756,USER_NGO703756,Community NGO 3757,Not Provided,Delhi NCR - East,4625,Mixed,28.6139,77.209
NGO703757,USER_NGO703757,Community NGO 3758,Not Provided,Kolkata - West,10860,Mixed,22.5726,88.3639
NGO703758,USER_NGO703758,Community NGO 3759,Not Provided,Pune - North,6185,Mixed,18.5204,73.8567
NGO703759,USER_NGO703759,Community NGO 3760,Not Provided,Pune - South,10275,Mixed,18.5204,73.8567
NGO703760,USER_NGO703760,Community NGO 3761,Not Provided,Kolkata - East,8780,Mixed,22.5726,88.3639
NGO703761,USER_NGO703761,Community NGO 3762,Not Provided,Kolkata - West,14740,Mixed,22.5726,88.3639
NGO703763,USER_NGO703763,Community NGO 3764,Not Provided,Pune - West,2805,Mixed,18.5204,73.8567
NGO703764,USER_NGO703764,Community NGO 3765,Not Provided,Chennai - West,9150,Mixed,13.0827,80.2707
NGO703765,USER_NGO703765,Community NGO 3766,Not Provided,Pune - Central,2455,Mixed,18.5204,73.8567
NGO703766,USER_NGO703766,Community NGO 3767,Not Provided,Bengaluru - East,9875,Mixed,12.9716,77.5946
NGO703767,USER_NGO703767,Community NGO 3768,Not Provided,Kolkata - East,14215,Mixed,22.5726,88.3639
NGO700376,USER_NGO700376,Community NGO 377,Not Provided,Ahmedabad - South,12740,Mixed,23.0225,72.5714
NGO703769,USER_NGO703769,Community NGO 3770,Not Provided,Remote - Central,2790,Mixed,20.5937,78.9629
NGO703770,USER_NGO703770,Community NGO 3771,Not Provided,Ahmedabad - Citywide,8125,Mixed,23.0225,72.5714
NGO703771,USER_NGO703771,Community NGO 3772,Not Provided,Chennai - East,6725,Mixed,13.0827,80.2707
NGO703772,USER_NGO703772,Community NGO 3773,Not Provided,Hyderabad - North,13980,Mixed,17.385,78.4867
NGO703773,USER_NGO703773,Community NGO 3774,Not Provided,Delhi NCR - Citywide,14185,Mixed,28.6139,77.209
NGO703774,USER_NGO703774,Community NGO 3775,Not Provided,Ahmedabad - South,4245,Mixed,23.0225,72.5714
NGO703775,USER_NGO703775,Community NGO 3776,Not Provided,Kolkata - West,9845,Mixed,22.5726,88.3639
NGO703776,USER_NGO703776,Community NGO 3777,Not Provided,Kolkata - East,2530,Mixed,22.5726,88.3639
NGO703777,USER_NGO703777,Community NGO 3778,Not Provided,Hyderabad - North,14000,Mixed,17.385,78.4867
NGO700377,USER_NGO700377,Community NGO 378,Not Provided,Mumbai - South,4870,Mixed,19.076,72.8777
NGO703779,USER_NGO703779,Community NGO 3780,Not Provided,Mumbai - North,10620,Mixed,19.076,72.8777
NGO703780,USER_NGO703780,Community NGO 3781,Not Provided,Jaipur - East,7465,Mixed,26.9124,75.7873
NGO703781,USER_NGO703781,Community NGO 3782,Not Provided,Chennai - North,8235,Mixed,13.0827,80.2707
NGO703782,USER_NGO703782,Community NGO 3783,Not Provided,Kolkata - North,8130,Mixed,22.5726,88.3639
NGO703783,USER_NGO703783,Community NGO 3784,Not Provided,Hyderabad - East,5995,Mixed,17.385,78.4867
NGO703784,USER_NGO703784,Community NGO 3785,Not Provided,Remote - Citywide,6415,Mixed,20.5937,78.9629
NGO703785,USER_NGO703785,Community NGO 3786,Not Provided,Delhi NCR - East,285,Mixed,28.6139,77.209
NGO703787,USER_NGO703787,Community NGO 3788,Not Provided,Hyderabad - North,3715,Mixed,17.385,78.4867
NGO700378,USER_NGO700378,Community NGO 379,Not Provided,Jaipur - Central,1325,Mixed,26.9124,75.7873
NGO703789,USER_NGO703789,Community NGO 3790,Not Provided,Ahmedabad - West,10390,Mixed,23.0225,72.5714
NGO703790,USER_NGO703790,Community NGO 3791,Not Provided,Delhi NCR - West,7840,Mixed,28.6139,77.209
NGO703791,USER_NGO703791,Community NGO 3792,Not Provided,Jaipur - East,4780,Mixed,26.9124,75.7873
NGO703792,USER_NGO703792,Community NGO 3793,Not Provided,Jaipur - West,5505,Mixed,26.9124,75.7873
NGO703793,USER_NGO703793,Community NGO 3794,Not Provided,Jaipur - East,4935,Mixed,26.9124,75.7873
NGO703794,USER_NGO703794,Community NGO 3795,Not Provided,Kolkata - North,6850,Mixed,22.5726,88.3639
NGO703795,USER_NGO703795,Community NGO 3796,Not Provided,Pune - South,10710,Mixed,18.5204,73.8567
NGO703796,USER_NGO703796,Community NGO 3797,Not Provided,Kolkata - North,8890,Mixed,22.5726,88.3639
NGO703798,USER_NGO703798,Community NGO 3799,Not Provided,Hyderabad - South,7520,Mixed,17.385,78.4867
NGO700037,USER_NGO700037,Community NGO 38,Not Provided,Pune - West,7425,Mixed,18.5204,73.8567
NGO703799,USER_NGO703799,Community NGO 3800,Not Provided,Bengaluru - South,3105,Mixed,12.9716,77.5946
NGO703800,USER_NGO703800,Community NGO 3801,Not Provided,Pune - North,8200,Mixed,18.5204,73.8567
NGO703801,USER_NGO703801,Community NGO 3802,Not Provided,Jaipur - South,4470,Mixed,26.9124,75.7873
NGO703802,USER_NGO703802,Community NGO 3803,Not Provided,Remote - East,6935,Mixed,20.5937,78.9629
NGO703803,USER_NGO703803,Community NGO 3804,Not Provided,Delhi NCR - West,13520,Mixed,28.6139,77.209
NGO703804,USER_NGO703804,Community NGO 3805,Not Provided,Pune - South,11825,Mixed,18.5204,73.8567
NGO703805,USER_NGO703805,Community NGO 3806,Not Provided,Remote - South,3745,Mixed,20.5937,78.9629
NGO703806,USER_NGO703806,Community NGO 3807,Not Provided,Ahmedabad - South,11810,Mixed,23.0225,72.5714
NGO703807,USER_NGO703807,Community NGO 3808,Not Provided,Kolkata - North,3800,Mixed,22.5726,88.3639
NGO703808,USER_NGO703808,Community NGO 3809,Not Provided,Ahmedabad - East,10070,Mixed,23.0225,72.5714
NGO700380,USER_NGO700380,Community NGO 381,Not Provided,Delhi NCR - Citywide,4455,Mixed,28.6139,77.209
NGO703811,USER_NGO703811,Community NGO 3812,Not Provided,Kolkata - West,5260,Mixed,22.5726,88.3639
NGO703812,USER_NGO703812,Community NGO 3813,Not Provided,Pune - Citywide,6910,Mixed,18.5204,73.8567
NGO703813,USER_NGO703813,Community NGO 3814,Not Provided,Remote - North,4210,Mixed,20.5937,78.9629
NGO703814,USER_NGO703814,Community NGO 3815,Not Provided,Remote - Citywide,13050,Mixed,20.5937,78.9629
NGO703815,USER_NGO703815,Community NGO 3816,Not Provided,Chennai - South,2915,Mixed,13.0827,80.2707
NGO703816,USER_NGO703816,Community NGO 3817,Not Provided,Kolkata - South,5330,Mixed,22.5726,88.3639
NGO703817,USER_NGO703817,Community NGO 3818,Not Provided,Mumbai - North,2585,Mixed,19.076,72.8777
NGO703818,USER_NGO703818,Community NGO 3819,Not Provided,Jaipur - West,840,Mixed,26.9124,75.7873
NGO703819,USER_NGO703819,Community NGO 3820,Not Provided,Delhi NCR - South,7260,Mixed,28.6139,77.209
NGO703820,USER_NGO703820,Community NGO 3821,Not Provided,Delhi NCR - East,7760,Mixed,28.6139,77.209
NGO703821,USER_NGO703821,Community NGO 3822,Not Provided,Remote - North,14030,Mixed,20.5937,78.9629
NGO703823,USER_NGO703823,Community NGO 3824,Not Provided,Delhi NCR - South,8995,Mixed,28.6139,77.209
NGO703824,USER_NGO703824,Community NGO 3825,Not Provided,Ahmedabad - South,2610,Mixed,23.0225,72.5714
NGO703825,USER_NGO703825,Community NGO 3826,Not Provided,Pune - South,10890,Mixed,18.5204,73.8567
NGO703826,USER_NGO703826,Community NGO 3827,Not Provided,Remote - East,9075,Mixed,20.5937,78.9629
NGO703827,USER_NGO703827,Community NGO 3828,Not Provided,Pune - West,10170,Mixed,18.5204,73.8567
NGO703828,USER_NGO703828,Community NGO 3829,Not Provided,Ahmedabad - South,12150,Mixed,23.0225,72.5714
NGO703829,USER_NGO703829,Community NGO 3830,Not Provided,Mumbai - North,6945,Mixed,19.076,72.8777
NGO703830,USER_NGO703830,Community NGO 3831,Not Provided,Delhi NCR - West,9880,Mixed,28.6139,77.209
NGO703831,USER_NGO703831,Community NGO 3832,Not Provided,Hyderabad - North,14330,Mixed,17.385,78.4867
NGO703833,USER_NGO703833,Community NGO 3834,Not Provided,Jaipur - East,6490,Mixed,26.9124,75.7873
NGO703834,USER_NGO703834,Community NGO 3835,Not Provided,Kolkata - Central,325,Mixed,22.5726,88.3639
NGO703835,USER_NGO703835,Community NGO 3836,Not Provided,Bengaluru - North,8535,Mixed,12.9716,77.5946
NGO703836,USER_NGO703836,Community NGO 3837,Not Provided,Jaipur - Citywide,5110,Mixed,26.9124,75.7873
NGO703837,USER_NGO703837,Community NGO 3838,Not Provided,Mumbai - West,12470,Mixed,19.076,72.8777
NGO703838,USER_NGO703838,Community NGO 3839,Not Provided,Ahmedabad - Central,2970,Mixed,23.0225,72.5714
NGO700383,USER_NGO700383,Community NGO 384,Not Provided,Jaipur - Central,1330,Mixed,26.9124,75.7873
NGO703839,USER_NGO703839,Community NGO 3840,Not Provided,Remote - Citywide,9390,Mixed,20.5937,78.9629
NGO703840,USER_NGO703840,Community NGO 3841,Not Provided,Pune - Citywide,6620,Mixed,18.5204,73.8567
NGO703841,USER_NGO703841,Community NGO 3842,Not Provided,Chennai - South,14575,Mixed,13.0827,80.2707
NGO703842,USER_NGO703842,Community NGO 3843,Not Provided,Kolkata - South,835,Mixed,22.5726,88.3639
NGO703843,USER_NGO703843,Community NGO 3844,Not Provided,Kolkata - West,10285,Mixed,22.5726,88.3639
NGO703844,USER_NGO703844,Community NGO 3845,Not Provided,Remote - Central,1690,Mixed,20.5937,78.9629
NGO703846,USER_NGO703846,Community NGO 3847,Not Provided,Bengaluru - North,3425,Mixed,12.9716,77.5946
NGO703847,USER_NGO703847,Community NGO 3848,Not Provided,Hyderabad - West,3525,Mixed,17.385,78.4867
NGO703848,USER_NGO703848,Community NGO 3849,Not Provided,Delhi NCR - South,10680,Mixed,28.6139,77.209
NGO700384,USER_NGO700384,Community NGO 385,Not Provided,Mumbai - South,11120,Mixed,19.076,72.8777
NGO703849,USER_NGO703849,Community NGO 3850,Not Provided,Pune - South,2325,Mixed,18.5204,73.8567
NGO703850,USER_NGO703850,Community NGO 3851,Not Provided,Jaipur - East,5575,Mixed,26.9124,75.7873
NGO703851,USER_NGO703851,Community NGO 3852,Not Provided,Jaipur - East,1480,Mixed,26.9124,75.7873
NGO703852,USER_NGO703852,Community NGO 3853,Not Provided,Remote - East,11255,Mixed,20.5937,78.9629
NGO703853,USER_NGO703853,Community NGO 3854,Not Provided,Delhi NCR - East,5650,Mixed,28.6139,77.209
NGO703855,USER_NGO703855,Community NGO 3856,Not Provided,Mumbai - North,10710,Mixed,19.076,72.8777
NGO703856,USER_NGO703856,Community NGO 3857,Not Provided,Chennai - South,12780,Mixed,13.0827,80.2707
NGO703858,USER_NGO703858,Community NGO 3859,Not Provided,Bengaluru - West,13440,Mixed,12.9716,77.5946
NGO700385,USER_NGO700385,Community NGO 386,Not Provided,Delhi NCR - South,10835,Mixed,28.6139,77.209
NGO703859,USER_NGO703859,Community NGO 3860,Not Provided,Delhi NCR - South,9870,Mixed,28.6139,77.209
NGO703860,USER_NGO703860,Community NGO 3861,Not Provided,Remote - South,4275,Mixed,20.5937,78.9629
NGO703861,USER_NGO703861,Community NGO 3862,Not Provided,Remote - Citywide,7220,Mixed,20.5937,78.9629
NGO703862,USER_NGO703862,Community NGO 3863,Not Provided,Chennai - Central,5705,Mixed,13.0827,80.2707
NGO703863,USER_NGO703863,Community NGO 3864,Not Provided,Ahmedabad - South,3390,Mixed,23.0225,72.5714
NGO703864,USER_NGO703864,Community NGO 3865,Not Provided,Kolkata - East,7330,Mixed,22.5726,88.3639
NGO703865,USER_NGO703865,Community NGO 3866,Not Provided,Delhi NCR - North,4420,Mixed,28.6139,77.209
NGO703866,USER_NGO703866,Community NGO 3867,Not Provided,Bengaluru - West,505,Mixed,12.9716,77.5946
NGO703868,USER_NGO703868,Community NGO 3869,Not Provided,Delhi NCR - Central,6435,Mixed,28.6139,77.209
NGO700386,USER_NGO700386,Community NGO 387,Not Provided,Mumbai - East,10195,Mixed,19.076,72.8777
NGO703869,USER_NGO703869,Community NGO 3870,Not Provided,Remote - East,11355,Mixed,20.5937,78.9629
NGO703870,USER_NGO703870,Community NGO 3871,Not Provided,Ahmedabad - Citywide,3365,Mixed,23.0225,72.5714
NGO703871,USER_NGO703871,Community NGO 3872,Not Provided,Hyderabad - Central,5825,Mixed,17.385,78.4867
NGO703872,USER_NGO703872,Community NGO 3873,Not Provided,Bengaluru - North,14200,Mixed,12.9716,77.5946
NGO703873,USER_NGO703873,Community NGO 3874,Not Provided,Hyderabad - North,6550,Mixed,17.385,78.4867
NGO703874,USER_NGO703874,Community NGO 3875,Not Provided,Bengaluru - Central,13645,Mixed,12.9716,77.5946
NGO703875,USER_NGO703875,Community NGO 3876,Not Provided,Kolkata - Central,6695,Mixed,22.5726,88.3639
NGO703876,USER_NGO703876,Community NGO 3877,Not Provided,Jaipur - North,190,Mixed,26.9124,75.7873
NGO703877,USER_NGO703877,Community NGO 3878,Not Provided,Remote - Citywide,12900,Mixed,20.5937,78.9629
NGO703878,USER_NGO703878,Community NGO 3879,Not Provided,Delhi NCR - South,4125,Mixed,28.6139,77.209
NGO700387,USER_NGO700387,Community NGO 388,Not Provided,Pune - North,10760,Mixed,18.5204,73.8567
NGO703879,USER_NGO703879,Community NGO 3880,Not Provided,Bengaluru - West,8015,Mixed,12.9716,77.5946
NGO703881,USER_NGO703881,Community NGO 3882,Not Provided,Bengaluru - West,6695,Mixed,12.9716,77.5946
NGO703883,USER_NGO703883,Community NGO 3884,Not Provided,Delhi NCR - East,6625,Mixed,28.6139,77.209
NGO703885,USER_NGO703885,Community NGO 3886,Not Provided,Chennai - South,5625,Mixed,13.0827,80.2707
NGO703886,USER_NGO703886,Community NGO 3887,Not Provided,Chennai - Central,9655,Mixed,13.0827,80.2707
NGO703888,USER_NGO703888,Community NGO 3889,Not Provided,Chennai - West,14440,Mixed,13.0827,80.2707
NGO700388,USER_NGO700388,Community NGO 389,Not Provided,Pune - Citywide,4365,Mixed,18.5204,73.8567
NGO703890,USER_NGO703890,Community NGO 3891,Not Provided,Ahmedabad - Citywide,12470,Mixed,23.0225,72.5714
NGO703891,USER_NGO703891,Community NGO 3892,Not Provided,Kolkata - West,13570,Mixed,22.5726,88.3639
NGO703892,USER_NGO703892,Community NGO 3893,Not Provided,Jaipur - Citywide,5260,Mixed,26.9124,75.7873
NGO703893,USER_NGO703893,Community NGO 3894,Not Provided,Jaipur - West,875,Mixed,26.9124,75.7873
NGO703894,USER_NGO703894,Community NGO 3895,Not Provided,Kolkata - South,11825,Mixed,22.5726,88.3639
NGO703896,USER_NGO703896,Community NGO 3897,Not Provided,Jaipur - West,6930,Mixed,26.9124,75.7873
NGO700038,USER_NGO700038,Community NGO 39,Not Provided,Kolkata - West,5050,Mixed,22.5726,88.3639
NGO700389,USER_NGO700389,Community NGO 390,Not Provided,Kolkata - Central,4980,Mixed,22.5726,88.3639
NGO703899,USER_NGO703899,Community NGO 3900,Not Provided,Jaipur - South,2255,Mixed,26.9124,75.7873
NGO703900,USER_NGO703900,Community NGO 3901,Not Provided,Delhi NCR - East,12285,Mixed,28.6139,77.209
NGO703901,USER_NGO703901,Community NGO 3902,Not Provided,Delhi NCR - West,11460,Mixed,28.6139,77.209
NGO703903,USER_NGO703903,Community NGO 3904,Not Provided,Hyderabad - Citywide,1110,Mixed,17.385,78.4867
NGO703904,USER_NGO703904,Community NGO 3905,Not Provided,Delhi NCR - South,10120,Mixed,28.6139,77.209
NGO703905,USER_NGO703905,Community NGO 3906,Not Provided,Chennai - Citywide,6585,Mixed,13.0827,80.2707
NGO703906,USER_NGO703906,Community NGO 3907,Not Provided,Mumbai - East,5600,Mixed,19.076,72.8777
NGO703907,USER_NGO703907,Community NGO 3908,Not Provided,Chennai - West,5875,Mixed,13.0827,80.2707
NGO703908,USER_NGO703908,Community NGO 3909,Not Provided,Mumbai - East,5925,Mixed,19.076,72.8777
NGO700390,USER_NGO700390,Community NGO 391,Not Provided,Bengaluru - Citywide,3215,Mixed,12.9716,77.5946
NGO703910,USER_NGO703910,Community NGO 3911,Not Provided,Hyderabad - West,8630,Mixed,17.385,78.4867
NGO703911,USER_NGO703911,Community NGO 3912,Not Provided,Chennai - East,8865,Mixed,13.0827,80.2707
NGO703912,USER_NGO703912,Community NGO 3913,Not Provided,Ahmedabad - South,8715,Mixed,23.0225,72.5714
NGO703914,USER_NGO703914,Community NGO 3915,Not Provided,Hyderabad - Central,4355,Mixed,17.385,78.4867
NGO703916,USER_NGO703916,Community NGO 3917,Not Provided,Pune - West,1375,Mixed,18.5204,73.8567
NGO703917,USER_NGO703917,Community NGO 3918,Not Provided,Kolkata - Central,735,Mixed,22.5726,88.3639
NGO703918,USER_NGO703918,Community NGO 3919,Not Provided,Chennai - Citywide,13765,Mixed,13.0827,80.2707
NGO700391,USER_NGO700391,Community NGO 392,Not Provided,Mumbai - North,12030,Mixed,19.076,72.8777
NGO703919,USER_NGO703919,Community NGO 3920,Not Provided,Pune - West,10520,Mixed,18.5204,73.8567
NGO703921,USER_NGO703921,Community NGO 3922,Not Provided,Ahmedabad - Citywide,7360,Mixed,23.0225,72.5714
NGO703922,USER_NGO703922,Community NGO 3923,Not Provided,Pune - West,2740,Mixed,18.5204,73.8567
NGO703923,USER_NGO703923,Community NGO 3924,Not Provided,Hyderabad - West,10050,Mixed,17.385,78.4867
NGO703925,USER_NGO703925,Community NGO 3926,Not Provided,Jaipur - Citywide,14465,Mixed,26.9124,75.7873
NGO703926,USER_NGO703926,Community NGO 3927,Not Provided,Chennai - West,8170,Mixed,13.0827,80.2707
NGO703927,USER_NGO703927,Community NGO 3928,Not Provided,Ahmedabad - North,9440,Mixed,23.0225,72.5714
NGO703928,USER_NGO703928,Community NGO 3929,Not Provided,Jaipur - East,3830,Mixed,26.9124,75.7873
NGO700392,USER_NGO700392,Community NGO 393,Not Provided,Kolkata - West,5085,Mixed,22.5726,88.3639
NGO703930,USER_NGO703930,Community NGO 3931,Not Provided,Jaipur - East,8895,Mixed,26.9124,75.7873
NGO703932,USER_NGO703932,Community NGO 3933,Not Provided,Kolkata - North,11925,Mixed,22.5726,88.3639
NGO703933,USER_NGO703933,Community NGO 3934,Not Provided,Delhi NCR - North,150,Mixed,28.6139,77.209
NGO703934,USER_NGO703934,Community NGO 3935,Not Provided,Hyderabad - West,10525,Mixed,17.385,78.4867
NGO703936,USER_NGO703936,Community NGO 3937,Not Provided,Chennai - South,13200,Mixed,13.0827,80.2707
NGO703937,USER_NGO703937,Community NGO 3938,Not Provided,Hyderabad - West,10520,Mixed,17.385,78.4867
NGO703938,USER_NGO703938,Community NGO 3939,Not Provided,Hyderabad - Citywide,2345,Mixed,17.385,78.4867
NGO703940,USER_NGO703940,Community NGO 3941,Not Provided,Chennai - Citywide,1420,Mixed,13.0827,80.2707
NGO703941,USER_NGO703941,Community NGO 3942,Not Provided,Chennai - North,5805,Mixed,13.0827,80.2707
NGO703942,USER_NGO703942,Community NGO 3943,Not Provided,Kolkata - East,9020,Mixed,22.5726,88.3639
NGO703943,USER_NGO703943,Community NGO 3944,Not Provided,Delhi NCR - East,11465,Mixed,28.6139,77.209
NGO703944,USER_NGO703944,Community NGO 3945,Not Provided,Hyderabad - Citywide,7115,Mixed,17.385,78.4867
NGO703945,USER_NGO703945,Community NGO 3946,Not Provided,Ahmedabad - West,7315,Mixed,23.0225,72.5714
NGO703946,USER_NGO703946,Community NGO 3947,Not Provided,Hyderabad - Citywide,11390,Mixed,17.385,78.4867
NGO703947,USER_NGO703947,Community NGO 3948,Not Provided,Pune - West,12245,Mixed,18.5204,73.8567
NGO703948,USER_NGO703948,Community NGO 3949,Not Provided,Mumbai - Citywide,11295,Mixed,19.076,72.8777
NGO700394,USER_NGO700394,Community NGO 395,Not Provided,Kolkata - East,11165,Mixed,22.5726,88.3639
NGO703949,USER_NGO703949,Community NGO 3950,Not Provided,Chennai - West,4690,Mixed,13.0827,80.2707
NGO703950,USER_NGO703950,Community NGO 3951,Not Provided,Delhi NCR - North,4685,Mixed,28.6139,77.209
NGO703951,USER_NGO703951,Community NGO 3952,Not Provided,Kolkata - Citywide,2155,Mixed,22.5726,88.3639
NGO703952,USER_NGO703952,Community NGO 3953,Not Provided,Kolkata - Citywide,13805,Mixed,22.5726,88.3639
NGO703953,USER_NGO703953,Community NGO 3954,Not Provided,Hyderabad - East,5890,Mixed,17.385,78.4867
NGO703954,USER_NGO703954,Community NGO 3955,Not Provided,Hyderabad - South,12845,Mixed,17.385,78.4867
NGO703955,USER_NGO703955,Community NGO 3956,Not Provided,Hyderabad - Citywide,8315,Mixed,17.385,78.4867
NGO703956,USER_NGO703956,Community NGO 3957,Not Provided,Ahmedabad - East,8700,Mixed,23.0225,72.5714
NGO703957,USER_NGO703957,Community NGO 3958,Not Provided,Jaipur - East,3535,Mixed,26.9124,75.7873
NGO703958,USER_NGO703958,Community NGO 3959,Not Provided,Delhi NCR - West,240,Mixed,28.6139,77.209
NGO700395,USER_NGO700395,Community NGO 396,Not Provided,Pune - West,5130,Mixed,18.5204,73.8567
NGO703959,USER_NGO703959,Community NGO 3960,Not Provided,Ahmedabad - South,13805,Mixed,23.0225,72.5714
NGO703960,USER_NGO703960,Community NGO 3961,Not Provided,Delhi NCR - North,940,Mixed,28.6139,77.209
NGO703961,USER_NGO703961,Community NGO 3962,Not Provided,Jaipur - Central,645,Mixed,26.9124,75.7873
NGO703962,USER_NGO703962,Community NGO 3963,Not Provided,Ahmedabad - Citywide,13085,Mixed,23.0225,72.5714
NGO703963,USER_NGO703963,Community NGO 3964,Not Provided,Hyderabad - East,14965,Mixed,17.385,78.4867
NGO703964,USER_NGO703964,Community NGO 3965,Not Provided,Chennai - North,10905,Mixed,13.0827,80.2707
NGO703965,USER_NGO703965,Community NGO 3966,Not Provided,Hyderabad - West,3005,Mixed,17.385,78.4867
NGO703966,USER_NGO703966,Community NGO 3967,Not Provided,Mumbai - South,2585,Mixed,19.076,72.8777
NGO703968,USER_NGO703968,Community NGO 3969,Not Provided,Kolkata - East,1670,Mixed,22.5726,88.3639
NGO700396,USER_NGO700396,Community NGO 397,Not Provided,Delhi NCR - South,9755,Mixed,28.6139,77.209
NGO703969,USER_NGO703969,Community NGO 3970,Not Provided,Ahmedabad - North,8560,Mixed,23.0225,72.5714
NGO703970,USER_NGO703970,Community NGO 3971,Not Provided,Delhi NCR - West,1820,Mixed,28.6139,77.209
NGO703971,USER_NGO703971,Community NGO 3972,Not Provided,Remote - South,12255,Mixed,20.5937,78.9629
NGO703972,USER_NGO703972,Community NGO 3973,Not Provided,Mumbai - East,9850,Mixed,19.076,72.8777
NGO703973,USER_NGO703973,Community NGO 3974,Not Provided,Jaipur - South,4290,Mixed,26.9124,75.7873
NGO703974,USER_NGO703974,Community NGO 3975,Not Provided,Mumbai - Central,7290,Mixed,19.076,72.8777
NGO703975,USER_NGO703975,Community NGO 3976,Not Provided,Delhi NCR - West,12515,Mixed,28.6139,77.209
NGO703976,USER_NGO703976,Community NGO 3977,Not Provided,Remote - South,12440,Mixed,20.5937,78.9629
NGO703977,USER_NGO703977,Community NGO 3978,Not Provided,Hyderabad - Central,10655,Mixed,17.385,78.4867
NGO700397,USER_NGO700397,Community NGO 398,Not Provided,Kolkata - North,14830,Mixed,22.5726,88.3639
NGO703979,USER_NGO703979,Community NGO 3980,Not Provided,Remote - East,9350,Mixed,20.5937,78.9629
NGO703981,USER_NGO703981,Community NGO 3982,Not Provided,Kolkata - West,1805,Mixed,22.5726,88.3639
NGO703982,USER_NGO703982,Community NGO 3983,Not Provided,Chennai - Citywide,4760,Mixed,13.0827,80.2707
NGO703987,USER_NGO703987,Community NGO 3988,Not Provided,Ahmedabad - West,6225,Mixed,23.0225,72.5714
NGO703988,USER_NGO703988,Community NGO 3989,Not Provided,Pune - Central,10020,Mixed,18.5204,73.8567
NGO700398,USER_NGO700398,Community NGO 399,Not Provided,Mumbai - Citywide,14750,Mixed,19.076,72.8777
NGO703989,USER_NGO703989,Community NGO 3990,Not Provided,Remote - North,11695,Mixed,20.5937,78.9629
NGO703990,USER_NGO703990,Community NGO 3991,Not Provided,Bengaluru - North,14420,Mixed,12.9716,77.5946
NGO703993,USER_NGO703993,Community NGO 3994,Not Provided,Ahmedabad - South,5985,Mixed,23.0225,72.5714
NGO703996,USER_NGO703996,Community NGO 3997,Not Provided,Bengaluru - Citywide,14940,Mixed,12.9716,77.5946
NGO703997,USER_NGO703997,Community NGO 3998,Not Provided,Kolkata - East,13260,Mixed,22.5726,88.3639
NGO703998,USER_NGO703998,Community NGO 3999,Not Provided,Chennai - East,1125,Mixed,13.0827,80.2707
NGO700039,USER_NGO700039,Community NGO 40,Not Provided,Ahmedabad - East,12305,Mixed,23.0225,72.5714
NGO700399,USER_NGO700399,Community NGO 400,Not Provided,Mumbai - East,10375,Mixed,19.076,72.8777
NGO703999,USER_NGO703999,Community NGO 4000,Not Provided,Chennai - East,12520,Mixed,13.0827,80.2707
NGO704000,USER_NGO704000,Community NGO 4001,Not Provided,Delhi NCR - Citywide,1835,Mixed,28.6139,77.209
NGO704002,USER_NGO704002,Community NGO 4003,Not Provided,Ahmedabad - North,2600,Mixed,23.0225,72.5714
NGO704003,USER_NGO704003,Community NGO 4004,Not Provided,Chennai - North,995,Mixed,13.0827,80.2707
NGO704004,USER_NGO704004,Community NGO 4005,Not Provided,Kolkata - North,9360,Mixed,22.5726,88.3639
NGO704005,USER_NGO704005,Community NGO 4006,Not Provided,Jaipur - Citywide,14045,Mixed,26.9124,75.7873
NGO704006,USER_NGO704006,Community NGO 4007,Not Provided,Bengaluru - East,535,Mixed,12.9716,77.5946
NGO704007,USER_NGO704007,Community NGO 4008,Not Provided,Delhi NCR - North,5520,Mixed,28.6139,77.209
NGO704008,USER_NGO704008,Community NGO 4009,Not Provided,Jaipur - Citywide,5065,Mixed,26.9124,75.7873
NGO700400,USER_NGO700400,Community NGO 401,Not Provided,Chennai - West,7305,Mixed,13.0827,80.2707
NGO704009,USER_NGO704009,Community NGO 4010,Not Provided,Jaipur - South,7715,Mixed,26.9124,75.7873
NGO704010,USER_NGO704010,Community NGO 4011,Not Provided,Chennai - East,8250,Mixed,13.0827,80.2707
NGO704011,USER_NGO704011,Community NGO 4012,Not Provided,Hyderabad - Central,6590,Mixed,17.385,78.4867
NGO704012,USER_NGO704012,Community NGO 4013,Not Provided,Remote - South,1505,Mixed,20.5937,78.9629
NGO704013,USER_NGO704013,Community NGO 4014,Not Provided,Kolkata - Central,10205,Mixed,22.5726,88.3639
NGO704016,USER_NGO704016,Community NGO 4017,Not Provided,Bengaluru - West,1160,Mixed,12.9716,77.5946
NGO704017,USER_NGO704017,Community NGO 4018,Not Provided,Remote - East,10680,Mixed,20.5937,78.9629
NGO704019,USER_NGO704019,Community NGO 4020,Not Provided,Hyderabad - North,6695,Mixed,17.385,78.4867
NGO704021,USER_NGO704021,Community NGO 4022,Not Provided,Pune - East,14905,Mixed,18.5204,73.8567
NGO704022,USER_NGO704022,Community NGO 4023,Not Provided,Hyderabad - North,2130,Mixed,17.385,78.4867
NGO704023,USER_NGO704023,Community NGO 4024,Not Provided,Mumbai - Central,14500,Mixed,19.076,72.8777
NGO704024,USER_NGO704024,Community NGO 4025,Not Provided,Delhi NCR - Citywide,1240,Mixed,28.6139,77.209
NGO704025,USER_NGO704025,Community NGO 4026,Not Provided,Kolkata - Central,3215,Mixed,22.5726,88.3639
NGO704027,USER_NGO704027,Community NGO 4028,Not Provided,Remote - West,13025,Mixed,20.5937,78.9629
NGO700402,USER_NGO700402,Community NGO 403,Not Provided,Kolkata - East,7140,Mixed,22.5726,88.3639
NGO704029,USER_NGO704029,Community NGO 4030,Not Provided,Chennai - Central,6465,Mixed,13.0827,80.2707
NGO704030,USER_NGO704030,Community NGO 4031,Not Provided,Hyderabad - West,12825,Mixed,17.385,78.4867
NGO704031,USER_NGO704031,Community NGO 4032,Not Provided,Ahmedabad - Central,4720,Mixed,23.0225,72.5714
NGO704032,USER_NGO704032,Community NGO 4033,Not Provided,Kolkata - Citywide,3495,Mixed,22.5726,88.3639
NGO704033,USER_NGO704033,Community NGO 4034,Not Provided,Bengaluru - East,2780,Mixed,12.9716,77.5946
NGO704034,USER_NGO704034,Community NGO 4035,Not Provided,Bengaluru - North,8800,Mixed,12.9716,77.5946
NGO704037,USER_NGO704037,Community NGO 4038,Not Provided,Bengaluru - South,14715,Mixed,12.9716,77.5946
NGO704038,USER_NGO704038,Community NGO 4039,Not Provided,Kolkata - Central,4030,Mixed,22.5726,88.3639
NGO700403,USER_NGO700403,Community NGO 404,Not Provided,Pune - West,13350,Mixed,18.5204,73.8567
NGO704039,USER_NGO704039,Community NGO 4040,Not Provided,Chennai - West,12390,Mixed,13.0827,80.2707
NGO704041,USER_NGO704041,Community NGO 4042,Not Provided,Ahmedabad - South,3485,Mixed,23.0225,72.5714
NGO704042,USER_NGO704042,Community NGO 4043,Not Provided,Pune - South,6850,Mixed,18.5204,73.8567
NGO704043,USER_NGO704043,Community NGO 4044,Not Provided,Bengaluru - South,10125,Mixed,12.9716,77.5946
NGO704044,USER_NGO704044,Community NGO 4045,Not Provided,Remote - West,7515,Mixed,20.5937,78.9629
NGO704045,USER_NGO704045,Community NGO 4046,Not Provided,Mumbai - South,580,Mixed,19.076,72.8777
NGO704046,USER_NGO704046,Community NGO 4047,Not Provided,Bengaluru - East,4650,Mixed,12.9716,77.5946
NGO704047,USER_NGO704047,Community NGO 4048,Not Provided,Mumbai - Citywide,13840,Mixed,19.076,72.8777
NGO704048,USER_NGO704048,Community NGO 4049,Not Provided,Mumbai - West,11080,Mixed,19.076,72.8777
NGO700404,USER_NGO700404,Community NGO 405,Not Provided,Remote - West,1980,Mixed,20.5937,78.9629
NGO704049,USER_NGO704049,Community NGO 4050,Not Provided,Jaipur - Central,8085,Mixed,26.9124,75.7873
NGO704050,USER_NGO704050,Community NGO 4051,Not Provided,Ahmedabad - South,650,Mixed,23.0225,72.5714
NGO704051,USER_NGO704051,Community NGO 4052,Not Provided,Ahmedabad - East,6675,Mixed,23.0225,72.5714
NGO704052,USER_NGO704052,Community NGO 4053,Not Provided,Bengaluru - Central,6220,Mixed,12.9716,77.5946
NGO704053,USER_NGO704053,Community NGO 4054,Not Provided,Jaipur - East,14190,Mixed,26.9124,75.7873
NGO704054,USER_NGO704054,Community NGO 4055,Not Provided,Chennai - West,985,Mixed,13.0827,80.2707
NGO704055,USER_NGO704055,Community NGO 4056,Not Provided,Delhi NCR - Central,2965,Mixed,28.6139,77.209
NGO704056,USER_NGO704056,Community NGO 4057,Not Provided,Kolkata - North,7095,Mixed,22.5726,88.3639
NGO704057,USER_NGO704057,Community NGO 4058,Not Provided,Remote - South,14880,Mixed,20.5937,78.9629
NGO704058,USER_NGO704058,Community NGO 4059,Not Provided,Chennai - West,9620,Mixed,13.0827,80.2707
NGO700405,USER_NGO700405,Community NGO 406,Not Provided,Jaipur - North,6420,Mixed,26.9124,75.7873
NGO704059,USER_NGO704059,Community NGO 4060,Not Provided,Mumbai - Citywide,9550,Mixed,19.076,72.8777
NGO704060,USER_NGO704060,Community NGO 4061,Not Provided,Kolkata - Citywide,8060,Mixed,22.5726,88.3639
NGO704061,USER_NGO704061,Community NGO 4062,Not Provided,Mumbai - Citywide,6910,Mixed,19.076,72.8777
NGO704063,USER_NGO704063,Community NGO 4064,Not Provided,Ahmedabad - Citywide,12470,Mixed,23.0225,72.5714
NGO704064,USER_NGO704064,Community NGO 4065,Not Provided,Jaipur - East,8340,Mixed,26.9124,75.7873
NGO704065,USER_NGO704065,Community NGO 4066,Not Provided,Hyderabad - South,13050,Mixed,17.385,78.4867
NGO704067,USER_NGO704067,Community NGO 4068,Not Provided,Remote - South,3115,Mixed,20.5937,78.9629
NGO704068,USER_NGO704068,Community NGO 4069,Not Provided,Bengaluru - East,14695,Mixed,12.9716,77.5946
NGO704069,USER_NGO704069,Community NGO 4070,Not Provided,Mumbai - East,2105,Mixed,19.076,72.8777
NGO704070,USER_NGO704070,Community NGO 4071,Not Provided,Delhi NCR - Central,6655,Mixed,28.6139,77.209
NGO704071,USER_NGO704071,Community NGO 4072,Not Provided,Remote - South,6840,Mixed,20.5937,78.9629
NGO704072,USER_NGO704072,Community NGO 4073,Not Provided,Ahmedabad - Central,6215,Mixed,23.0225,72.5714
NGO704073,USER_NGO704073,Community NGO 4074,Not Provided,Chennai - Citywide,2495,Mixed,13.0827,80.2707
NGO704075,USER_NGO704075,Community NGO 4076,Not Provided,Chennai - South,965,Mixed,13.0827,80.2707
NGO704076,USER_NGO704076,Community NGO 4077,Not Provided,Delhi NCR - East,12585,Mixed,28.6139,77.209
NGO704078,USER_NGO704078,Community NGO 4079,Not Provided,Kolkata - Central,10355,Mixed,22.5726,88.3639
NGO700407,USER_NGO700407,Community NGO 408,Not Provided,Chennai - West,230,Mixed,13.0827,80.2707
NGO704079,USER_NGO704079,Community NGO 4080,Not Provided,Chennai - South,7845,Mixed,13.0827,80.2707
NGO704080,USER_NGO704080,Community NGO 4081,Not Provided,Chennai - West,13455,Mixed,13.0827,80.2707
NGO704081,USER_NGO704081,Community NGO 4082,Not Provided,Delhi NCR - South,13345,Mixed,28.6139,77.209
NGO704082,USER_NGO704082,Community NGO 4083,Not Provided,Chennai - South,5355,Mixed,13.0827,80.2707
NGO704083,USER_NGO704083,Community NGO 4084,Not Provided,Hyderabad - North,3385,Mixed,17.385,78.4867
NGO704084,USER_NGO704084,Community NGO 4085,Not Provided,Jaipur - West,13280,Mixed,26.9124,75.7873
NGO704085,USER_NGO704085,Community NGO 4086,Not Provided,Mumbai - West,12050,Mixed,19.076,72.8777
NGO704086,USER_NGO704086,Community NGO 4087,Not Provided,Ahmedabad - North,6130,Mixed,23.0225,72.5714
NGO704088,USER_NGO704088,Community NGO 4089,Not Provided,Ahmedabad - South,1450,Mixed,23.0225,72.5714
NGO704089,USER_NGO704089,Community NGO 4090,Not Provided,Ahmedabad - Central,1270,Mixed,23.0225,72.5714
NGO704090,USER_NGO704090,Community NGO 4091,Not Provided,Ahmedabad - North,5895,Mixed,23.0225,72.5714
NGO704092,USER_NGO704092,Community NGO 4093,Not Provided,Remote - East,5350,Mixed,20.5937,78.9629
NGO704093,USER_NGO704093,Community NGO 4094,Not Provided,Kolkata - Central,12885,Mixed,22.5726,88.3639
NGO704094,USER_NGO704094,Community NGO 4095,Not Provided,Bengaluru - South,3425,Mixed,12.9716,77.5946
NGO704096,USER_NGO704096,Community NGO 4097,Not Provided,Mumbai - Citywide,12390,Mixed,19.076,72.8777
NGO704097,USER_NGO704097,Community NGO 4098,Not Provided,Hyderabad - South,14795,Mixed,17.385,78.4867
NGO704098,USER_NGO704098,Community NGO 4099,Not Provided,Chennai - East,10885,Mixed,13.0827,80.2707
NGO700040,USER_NGO700040,Community NGO 41,Not Provided,Bengaluru - North,14285,Mixed,12.9716,77.5946
NGO704100,USER_NGO704100,Community NGO 4101,Not Provided,Hyderabad - North,13415,Mixed,17.385,78.4867
NGO704101,USER_NGO704101,Community NGO 4102,Not Provided,Ahmedabad - East,6190,Mixed,23.0225,72.5714
NGO704102,USER_NGO704102,Community NGO 4103,Not Provided,Delhi NCR - East,1540,Mixed,28.6139,77.209
NGO704103,USER_NGO704103,Community NGO 4104,Not Provided,Pune - East,12605,Mixed,18.5204,73.8567
NGO704104,USER_NGO704104,Community NGO 4105,Not Provided,Ahmedabad - Central,475,Mixed,23.0225,72.5714
NGO704105,USER_NGO704105,Community NGO 4106,Not Provided,Mumbai - North,6090,Mixed,19.076,72.8777
NGO704106,USER_NGO704106,Community NGO 4107,Not Provided,Jaipur - West,12650,Mixed,26.9124,75.7873
NGO704108,USER_NGO704108,Community NGO 4109,Not Provided,Remote - Central,13395,Mixed,20.5937,78.9629
NGO704109,USER_NGO704109,Community NGO 4110,Not Provided,Remote - Citywide,12540,Mixed,20.5937,78.9629
NGO704110,USER_NGO704110,Community NGO 4111,Not Provided,Pune - West,12440,Mixed,18.5204,73.8567
NGO704111,USER_NGO704111,Community NGO 4112,Not Provided,Kolkata - Citywide,1480,Mixed,22.5726,88.3639
NGO704112,USER_NGO704112,Community NGO 4113,Not Provided,Ahmedabad - West,3705,Mixed,23.0225,72.5714
NGO704113,USER_NGO704113,Community NGO 4114,Not Provided,Pune - Citywide,12425,Mixed,18.5204,73.8567
NGO704115,USER_NGO704115,Community NGO 4116,Not Provided,Remote - North,1350,Mixed,20.5937,78.9629
NGO704117,USER_NGO704117,Community NGO 4118,Not Provided,Chennai - East,11170,Mixed,13.0827,80.2707
NGO704118,USER_NGO704118,Community NGO 4119,Not Provided,Delhi NCR - West,7785,Mixed,28.6139,77.209
NGO700411,USER_NGO700411,Community NGO 412,Not Provided,Remote - South,12500,Mixed,20.5937,78.9629
NGO704119,USER_NGO704119,Community NGO 4120,Not Provided,Bengaluru - North,2470,Mixed,12.9716,77.5946
NGO704123,USER_NGO704123,Community NGO 4124,Not Provided,Bengaluru - Central,7400,Mixed,12.9716,77.5946
NGO704124,USER_NGO704124,Community NGO 4125,Not Provided,Kolkata - North,11800,Mixed,22.5726,88.3639
NGO704125,USER_NGO704125,Community NGO 4126,Not Provided,Delhi NCR - Citywide,3405,Mixed,28.6139,77.209
NGO704126,USER_NGO704126,Community NGO 4127,Not Provided,Remote - Central,7830,Mixed,20.5937,78.9629
NGO704127,USER_NGO704127,Community NGO 4128,Not Provided,Mumbai - South,9815,Mixed,19.076,72.8777
NGO704128,USER_NGO704128,Community NGO 4129,Not Provided,Hyderabad - East,6915,Mixed,17.385,78.4867
NGO700412,USER_NGO700412,Community NGO 413,Not Provided,Remote - Citywide,9480,Mixed,20.5937,78.9629
NGO704130,USER_NGO704130,Community NGO 4131,Not Provided,Remote - South,5695,Mixed,20.5937,78.9629
NGO704131,USER_NGO704131,Community NGO 4132,Not Provided,Chennai - North,1235,Mixed,13.0827,80.2707
NGO704132,USER_NGO704132,Community NGO 4133,Not Provided,Mumbai - Citywide,10140,Mixed,19.076,72.8777
NGO704133,USER_NGO704133,Community NGO 4134,Not Provided,Chennai - Citywide,7090,Mixed,13.0827,80.2707
NGO704134,USER_NGO704134,Community NGO 4135,Not Provided,Ahmedabad - East,1050,Mixed,23.0225,72.5714
NGO704135,USER_NGO704135,Community NGO 4136,Not Provided,Hyderabad - South,14405,Mixed,17.385,78.4867
NGO704136,USER_NGO704136,Community NGO 4137,Not Provided,Jaipur - West,425,Mixed,26.9124,75.7873
NGO704137,USER_NGO704137,Community NGO 4138,Not Provided,Pune - Central,8505,Mixed,18.5204,73.8567
NGO704138,USER_NGO704138,Community NGO 4139,Not Provided,Chennai - East,5535,Mixed,13.0827,80.2707
NGO704139,USER_NGO704139,Community NGO 4140,Not Provided,Ahmedabad - Central,6060,Mixed,23.0225,72.5714
NGO704140,USER_NGO704140,Community NGO 4141,Not Provided,Mumbai - West,10315,Mixed,19.076,72.8777
NGO704142,USER_NGO704142,Community NGO 4143,Not Provided,Ahmedabad - East,14975,Mixed,23.0225,72.5714
NGO704143,USER_NGO704143,Community NGO 4144,Not Provided,Pune - Citywide,500,Mixed,18.5204,73.8567
NGO704144,USER_NGO704144,Community NGO 4145,Not Provided,Hyderabad - West,10280,Mixed,17.385,78.4867
NGO704145,USER_NGO704145,Community NGO 4146,Not Provided,Mumbai - South,8115,Mixed,19.076,72.8777
NGO704146,USER_NGO704146,Community NGO 4147,Not Provided,Delhi NCR - East,6070,Mixed,28.6139,77.209
NGO704147,USER_NGO704147,Community NGO 4148,Not Provided,Bengaluru - North,12085,Mixed,12.9716,77.5946
NGO704148,USER_NGO704148,Community NGO 4149,Not Provided,Ahmedabad - Central,13120,Mixed,23.0225,72.5714
NGO700414,USER_NGO700414,Community NGO 415,Not Provided,Hyderabad - Central,7785,Mixed,17.385,78.4867
NGO704150,USER_NGO704150,Community NGO 4151,Not Provided,Delhi NCR - Central,6210,Mixed,28.6139,77.209
NGO704152,USER_NGO704152,Community NGO 4153,Not Provided,Delhi NCR - West,12200,Mixed,28.6139,77.209
NGO704154,USER_NGO704154,Community NGO 4155,Not Provided,Ahmedabad - West,6420,Mixed,23.0225,72.5714
NGO704155,USER_NGO704155,Community NGO 4156,Not Provided,Chennai - South,4875,Mixed,13.0827,80.2707
NGO704156,USER_NGO704156,Community NGO 4157,Not Provided,Bengaluru - South,10870,Mixed,12.9716,77.5946
NGO704157,USER_NGO704157,Community NGO 4158,Not Provided,Ahmedabad - East,1025,Mixed,23.0225,72.5714
NGO704158,USER_NGO704158,Community NGO 4159,Not Provided,Kolkata - West,1400,Mixed,22.5726,88.3639
NGO700415,USER_NGO700415,Community NGO 416,Not Provided,Chennai - North,6645,Mixed,13.0827,80.2707
NGO704159,USER_NGO704159,Community NGO 4160,Not Provided,Ahmedabad - South,2790,Mixed,23.0225,72.5714
NGO704160,USER_NGO704160,Community NGO 4161,Not Provided,Hyderabad - West,13670,Mixed,17.385,78.4867
NGO704162,USER_NGO704162,Community NGO 4163,Not Provided,Bengaluru - North,6225,Mixed,12.9716,77.5946
NGO704163,USER_NGO704163,Community NGO 4164,Not Provided,Kolkata - West,2665,Mixed,22.5726,88.3639
NGO704164,USER_NGO704164,Community NGO 4165,Not Provided,Delhi NCR - West,2720,Mixed,28.6139,77.209
NGO704165,USER_NGO704165,Community NGO 4166,Not Provided,Mumbai - Central,3840,Mixed,19.076,72.8777
NGO704166,USER_NGO704166,Community NGO 4167,Not Provided,Delhi NCR - West,2825,Mixed,28.6139,77.209
NGO700416,USER_NGO700416,Community NGO 417,Not Provided,Jaipur - East,7895,Mixed,26.9124,75.7873
NGO704169,USER_NGO704169,Community NGO 4170,Not Provided,Bengaluru - South,2415,Mixed,12.9716,77.5946
NGO704170,USER_NGO704170,Community NGO 4171,Not Provided,Ahmedabad - West,5050,Mixed,23.0225,72.5714
NGO704171,USER_NGO704171,Community NGO 4172,Not Provided,Hyderabad - Central,3365,Mixed,17.385,78.4867
NGO704172,USER_NGO704172,Community NGO 4173,Not Provided,Chennai - Citywide,13045,Mixed,13.0827,80.2707
NGO704173,USER_NGO704173,Community NGO 4174,Not Provided,Ahmedabad - East,6110,Mixed,23.0225,72.5714
NGO704175,USER_NGO704175,Community NGO 4176,Not Provided,Pune - North,620,Mixed,18.5204,73.8567
NGO704176,USER_NGO704176,Community NGO 4177,Not Provided,Pune - Citywide,1030,Mixed,18.5204,73.8567
NGO704177,USER_NGO704177,Community NGO 4178,Not Provided,Chennai - South,14425,Mixed,13.0827,80.2707
NGO704178,USER_NGO704178,Community NGO 4179,Not Provided,Delhi NCR - North,4540,Mixed,28.6139,77.209
NGO700417,USER_NGO700417,Community NGO 418,Not Provided,Kolkata - Citywide,4790,Mixed,22.5726,88.3639
NGO704179,USER_NGO704179,Community NGO 4180,Not Provided,Jaipur - West,1350,Mixed,26.9124,75.7873
NGO704180,USER_NGO704180,Community NGO 4181,Not Provided,Pune - North,7790,Mixed,18.5204,73.8567
NGO704181,USER_NGO704181,Community NGO 4182,Not Provided,Ahmedabad - North,2145,Mixed,23.0225,72.5714
NGO704182,USER_NGO704182,Community NGO 4183,Not Provided,Chennai - North,13210,Mixed,13.0827,80.2707
NGO704183,USER_NGO704183,Community NGO 4184,Not Provided,Remote - South,950,Mixed,20.5937,78.9629
NGO704184,USER_NGO704184,Community NGO 4185,Not Provided,Ahmedabad - South,3630,Mixed,23.0225,72.5714
NGO704185,USER_NGO704185,Community NGO 4186,Not Provided,Chennai - Citywide,3865,Mixed,13.0827,80.2707
NGO704186,USER_NGO704186,Community NGO 4187,Not Provided,Mumbai - Central,13930,Mixed,19.076,72.8777
NGO704187,USER_NGO704187,Community NGO 4188,Not Provided,Hyderabad - West,11990,Mixed,17.385,78.4867
NGO700418,USER_NGO700418,Community NGO 419,Not Provided,Remote - Citywide,10040,Mixed,20.5937,78.9629
NGO704190,USER_NGO704190,Community NGO 4191,Not Provided,Mumbai - South,4210,Mixed,19.076,72.8777
NGO704193,USER_NGO704193,Community NGO 4194,Not Provided,Ahmedabad - North,12125,Mixed,23.0225,72.5714
NGO704194,USER_NGO704194,Community NGO 4195,Not Provided,Jaipur - West,3205,Mixed,26.9124,75.7873
NGO704195,USER_NGO704195,Community NGO 4196,Not Provided,Remote - West,4420,Mixed,20.5937,78.9629
NGO704196,USER_NGO704196,Community NGO 4197,Not Provided,Pune - East,14465,Mixed,18.5204,73.8567
NGO704197,USER_NGO704197,Community NGO 4198,Not Provided,Pune - Central,825,Mixed,18.5204,73.8567
NGO700419,USER_NGO700419,Community NGO 420,Not Provided,Ahmedabad - West,12015,Mixed,23.0225,72.5714
NGO704200,USER_NGO704200,Community NGO 4201,Not Provided,Ahmedabad - Central,7355,Mixed,23.0225,72.5714
NGO704201,USER_NGO704201,Community NGO 4202,Not Provided,Jaipur - East,9775,Mixed,26.9124,75.7873
NGO704202,USER_NGO704202,Community NGO 4203,Not Provided,Mumbai - North,13760,Mixed,19.076,72.8777
NGO704203,USER_NGO704203,Community NGO 4204,Not Provided,Pune - Citywide,105,Mixed,18.5204,73.8567
NGO704204,USER_NGO704204,Community NGO 4205,Not Provided,Ahmedabad - West,1610,Mixed,23.0225,72.5714
NGO704205,USER_NGO704205,Community NGO 4206,Not Provided,Bengaluru - North,9800,Mixed,12.9716,77.5946
NGO704206,USER_NGO704206,Community NGO 4207,Not Provided,Chennai - North,6085,Mixed,13.0827,80.2707
NGO704208,USER_NGO704208,Community NGO 4209,Not Provided,Delhi NCR - West,2730,Mixed,28.6139,77.209
NGO700420,USER_NGO700420,Community NGO 421,Not Provided,Remote - Central,1345,Mixed,20.5937,78.9629
NGO704209,USER_NGO704209,Community NGO 4210,Not Provided,Remote - Central,7750,Mixed,20.5937,78.9629
NGO704211,USER_NGO704211,Community NGO 4212,Not Provided,Hyderabad - South,6885,Mixed,17.385,78.4867
NGO704212,USER_NGO704212,Community NGO 4213,Not Provided,Bengaluru - South,5280,Mixed,12.9716,77.5946
NGO704213,USER_NGO704213,Community NGO 4214,Not Provided,Chennai - South,4005,Mixed,13.0827,80.2707
NGO704214,USER_NGO704214,Community NGO 4215,Not Provided,Delhi NCR - South,13295,Mixed,28.6139,77.209
NGO704216,USER_NGO704216,Community NGO 4217,Not Provided,Pune - North,1970,Mixed,18.5204,73.8567
NGO704218,USER_NGO704218,Community NGO 4219,Not Provided,Mumbai - Citywide,7880,Mixed,19.076,72.8777
NGO704220,USER_NGO704220,Community NGO 4221,Not Provided,Mumbai - North,5315,Mixed,19.076,72.8777
NGO704222,USER_NGO704222,Community NGO 4223,Not Provided,Chennai - East,5390,Mixed,13.0827,80.2707
NGO704223,USER_NGO704223,Community NGO 4224,Not Provided,Delhi NCR - Citywide,14010,Mixed,28.6139,77.209
NGO704225,USER_NGO704225,Community NGO 4226,Not Provided,Hyderabad - Citywide,8945,Mixed,17.385,78.4867
NGO704226,USER_NGO704226,Community NGO 4227,Not Provided,Delhi NCR - Citywide,8875,Mixed,28.6139,77.209
NGO704227,USER_NGO704227,Community NGO 4228,Not Provided,Remote - East,2305,Mixed,20.5937,78.9629
NGO704228,USER_NGO704228,Community NGO 4229,Not Provided,Pune - East,3710,Mixed,18.5204,73.8567
NGO700422,USER_NGO700422,Community NGO 423,Not Provided,Jaipur - North,1460,Mixed,26.9124,75.7873
NGO704229,USER_NGO704229,Community NGO 4230,Not Provided,Jaipur - West,9315,Mixed,26.9124,75.7873
NGO704230,USER_NGO704230,Community NGO 4231,Not Provided,Pune - West,500,Mixed,18.5204,73.8567
NGO704231,USER_NGO704231,Community NGO 4232,Not Provided,Ahmedabad - North,8790,Mixed,23.0225,72.5714
NGO704232,USER_NGO704232,Community NGO 4233,Not Provided,Remote - West,11400,Mixed,20.5937,78.9629
NGO704235,USER_NGO704235,Community NGO 4236,Not Provided,Jaipur - North,11205,Mixed,26.9124,75.7873
NGO704237,USER_NGO704237,Community NGO 4238,Not Provided,Jaipur - East,4955,Mixed,26.9124,75.7873
NGO704238,USER_NGO704238,Community NGO 4239,Not Provided,Remote - South,2015,Mixed,20.5937,78.9629
NGO700423,USER_NGO700423,Community NGO 424,Not Provided,Hyderabad - Citywide,12550,Mixed,17.385,78.4867
NGO704239,USER_NGO704239,Community NGO 4240,Not Provided,Ahmedabad - West,2775,Mixed,23.0225,72.5714
NGO704240,USER_NGO704240,Community NGO 4241,Not Provided,Pune - South,13140,Mixed,18.5204,73.8567
NGO704241,USER_NGO704241,Community NGO 4242,Not Provided,Hyderabad - East,8760,Mixed,17.385,78.4867
NGO704242,USER_NGO704242,Community NGO 4243,Not Provided,Pune - South,10295,Mixed,18.5204,73.8567
NGO704243,USER_NGO704243,Community NGO 4244,Not Provided,Remote - Central,14695,Mixed,20.5937,78.9629
NGO704246,USER_NGO704246,Community NGO 4247,Not Provided,Mumbai - Citywide,10560,Mixed,19.076,72.8777
NGO704247,USER_NGO704247,Community NGO 4248,Not Provided,Remote - East,2530,Mixed,20.5937,78.9629
NGO704248,USER_NGO704248,Community NGO 4249,Not Provided,Kolkata - North,4470,Mixed,22.5726,88.3639
NGO700424,USER_NGO700424,Community NGO 425,Not Provided,Remote - Citywide,5725,Mixed,20.5937,78.9629
NGO704249,USER_NGO704249,Community NGO 4250,Not Provided,Kolkata - Central,11495,Mixed,22.5726,88.3639
NGO704250,USER_NGO704250,Community NGO 4251,Not Provided,Ahmedabad - West,13075,Mixed,23.0225,72.5714
NGO704251,USER_NGO704251,Community NGO 4252,Not Provided,Mumbai - South,420,Mixed,19.076,72.8777
NGO704253,USER_NGO704253,Community NGO 4254,Not Provided,Ahmedabad - West,8495,Mixed,23.0225,72.5714
NGO704255,USER_NGO704255,Community NGO 4256,Not Provided,Jaipur - East,14985,Mixed,26.9124,75.7873
NGO704256,USER_NGO704256,Community NGO 4257,Not Provided,Remote - Citywide,10245,Mixed,20.5937,78.9629
NGO704258,USER_NGO704258,Community NGO 4259,Not Provided,Remote - South,6135,Mixed,20.5937,78.9629
NGO704260,USER_NGO704260,Community NGO 4261,Not Provided,Chennai - North,4165,Mixed,13.0827,80.2707
NGO704262,USER_NGO704262,Community NGO 4263,Not Provided,Mumbai - Citywide,5285,Mixed,19.076,72.8777
NGO704263,USER_NGO704263,Community NGO 4264,Not Provided,Hyderabad - East,10195,Mixed,17.385,78.4867
NGO704264,USER_NGO704264,Community NGO 4265,Not Provided,Bengaluru - Citywide,12985,Mixed,12.9716,77.5946
NGO704265,USER_NGO704265,Community NGO 4266,Not Provided,Chennai - West,13840,Mixed,13.0827,80.2707
NGO704266,USER_NGO704266,Community NGO 4267,Not Provided,Ahmedabad - Citywide,640,Mixed,23.0225,72.5714
NGO704267,USER_NGO704267,Community NGO 4268,Not Provided,Jaipur - East,7885,Mixed,26.9124,75.7873
NGO704268,USER_NGO704268,Community NGO 4269,Not Provided,Remote - North,2840,Mixed,20.5937,78.9629
NGO704269,USER_NGO704269,Community NGO 4270,Not Provided,Mumbai - West,8030,Mixed,19.076,72.8777
NGO704270,USER_NGO704270,Community NGO 4271,Not Provided,Jaipur - East,2030,Mixed,26.9124,75.7873
NGO704271,USER_NGO704271,Community NGO 4272,Not Provided,Remote - North,6565,Mixed,20.5937,78.9629
NGO704272,USER_NGO704272,Community NGO 4273,Not Provided,Remote - East,14400,Mixed,20.5937,78.9629
NGO704273,USER_NGO704273,Community NGO 4274,Not Provided,Mumbai - West,9005,Mixed,19.076,72.8777
NGO704274,USER_NGO704274,Community NGO 4275,Not Provided,Delhi NCR - West,7230,Mixed,28.6139,77.209
NGO704275,USER_NGO704275,Community NGO 4276,Not Provided,Remote - North,12845,Mixed,20.5937,78.9629
NGO704276,USER_NGO704276,Community NGO 4277,Not Provided,Kolkata - Central,1040,Mixed,22.5726,88.3639
NGO704277,USER_NGO704277,Community NGO 4278,Not Provided,Kolkata - East,14735,Mixed,22.5726,88.3639
NGO704278,USER_NGO704278,Community NGO 4279,Not Provided,Mumbai - Citywide,10085,Mixed,19.076,72.8777
NGO700427,USER_NGO700427,Community NGO 428,Not Provided,Remote - East,10525,Mixed,20.5937,78.9629
NGO704279,USER_NGO704279,Community NGO 4280,Not Provided,Bengaluru - Central,3930,Mixed,12.9716,77.5946
NGO704280,USER_NGO704280,Community NGO 4281,Not Provided,Jaipur - South,12070,Mixed,26.9124,75.7873
NGO704281,USER_NGO704281,Community NGO 4282,Not Provided,Bengaluru - North,12600,Mixed,12.9716,77.5946
NGO704282,USER_NGO704282,Community NGO 4283,Not Provided,Pune - North,13980,Mixed,18.5204,73.8567
NGO704284,USER_NGO704284,Community NGO 4285,Not Provided,Remote - South,9015,Mixed,20.5937,78.9629
NGO704285,USER_NGO704285,Community NGO 4286,Not Provided,Chennai - North,3845,Mixed,13.0827,80.2707
NGO704286,USER_NGO704286,Community NGO 4287,Not Provided,Bengaluru - Citywide,5820,Mixed,12.9716,77.5946
NGO704287,USER_NGO704287,Community NGO 4288,Not Provided,Bengaluru - North,13550,Mixed,12.9716,77.5946
NGO704288,USER_NGO704288,Community NGO 4289,Not Provided,Ahmedabad - North,12690,Mixed,23.0225,72.5714
NGO700428,USER_NGO700428,Community NGO 429,Not Provided,Jaipur - East,4400,Mixed,26.9124,75.7873
NGO704289,USER_NGO704289,Community NGO 4290,Not Provided,Remote - Central,5915,Mixed,20.5937,78.9629
NGO704290,USER_NGO704290,Community NGO 4291,Not Provided,Jaipur - Citywide,785,Mixed,26.9124,75.7873
NGO704291,USER_NGO704291,Community NGO 4292,Not Provided,Kolkata - Central,4970,Mixed,22.5726,88.3639
NGO704292,USER_NGO704292,Community NGO 4293,Not Provided,Ahmedabad - Citywide,14160,Mixed,23.0225,72.5714
NGO704293,USER_NGO704293,Community NGO 4294,Not Provided,Hyderabad - Citywide,5110,Mixed,17.385,78.4867
NGO704295,USER_NGO704295,Community NGO 4296,Not Provided,Mumbai - South,10355,Mixed,19.076,72.8777
NGO704296,USER_NGO704296,Community NGO 4297,Not Provided,Bengaluru - Central,3050,Mixed,12.9716,77.5946
NGO704297,USER_NGO704297,Community NGO 4298,Not Provided,Hyderabad - West,14065,Mixed,17.385,78.4867
NGO704298,USER_NGO704298,Community NGO 4299,Not Provided,Ahmedabad - West,11570,Mixed,23.0225,72.5714
NGO704299,USER_NGO704299,Community NGO 4300,Not Provided,Delhi NCR - West,14275,Mixed,28.6139,77.209
NGO704300,USER_NGO704300,Community NGO 4301,Not Provided,Chennai - Citywide,2420,Mixed,13.0827,80.2707
NGO704301,USER_NGO704301,Community NGO 4302,Not Provided,Remote - North,8815,Mixed,20.5937,78.9629
NGO704302,USER_NGO704302,Community NGO 4303,Not Provided,Delhi NCR - East,4040,Mixed,28.6139,77.209
NGO704303,USER_NGO704303,Community NGO 4304,Not Provided,Remote - East,3945,Mixed,20.5937,78.9629
NGO704304,USER_NGO704304,Community NGO 4305,Not Provided,Pune - South,6150,Mixed,18.5204,73.8567
NGO704305,USER_NGO704305,Community NGO 4306,Not Provided,Ahmedabad - Central,800,Mixed,23.0225,72.5714
NGO704306,USER_NGO704306,Community NGO 4307,Not Provided,Jaipur - West,5850,Mixed,26.9124,75.7873
NGO700430,USER_NGO700430,Community NGO 431,Not Provided,Remote - South,9870,Mixed,20.5937,78.9629
NGO704309,USER_NGO704309,Community NGO 4310,Not Provided,Ahmedabad - East,10920,Mixed,23.0225,72.5714
NGO704310,USER_NGO704310,Community NGO 4311,Not Provided,Chennai - Citywide,13140,Mixed,13.0827,80.2707
NGO704311,USER_NGO704311,Community NGO 4312,Not Provided,Hyderabad - North,5890,Mixed,17.385,78.4867
NGO704313,USER_NGO704313,Community NGO 4314,Not Provided,Ahmedabad - West,6975,Mixed,23.0225,72.5714
NGO704315,USER_NGO704315,Community NGO 4316,Not Provided,Kolkata - Central,10805,Mixed,22.5726,88.3639
NGO704317,USER_NGO704317,Community NGO 4318,Not Provided,Jaipur - Central,8985,Mixed,26.9124,75.7873
NGO704318,USER_NGO704318,Community NGO 4319,Not Provided,Ahmedabad - North,8135,Mixed,23.0225,72.5714
NGO700431,USER_NGO700431,Community NGO 432,Not Provided,Pune - East,835,Mixed,18.5204,73.8567
NGO704319,USER_NGO704319,Community NGO 4320,Not Provided,Chennai - West,5470,Mixed,13.0827,80.2707
NGO704320,USER_NGO704320,Community NGO 4321,Not Provided,Chennai - Citywide,1955,Mixed,13.0827,80.2707
NGO704321,USER_NGO704321,Community NGO 4322,Not Provided,Mumbai - Central,3685,Mixed,19.076,72.8777
NGO704322,USER_NGO704322,Community NGO 4323,Not Provided,Delhi NCR - Central,625,Mixed,28.6139,77.209
NGO704323,USER_NGO704323,Community NGO 4324,Not Provided,Chennai - Central,3145,Mixed,13.0827,80.2707
NGO704324,USER_NGO704324,Community NGO 4325,Not Provided,Delhi NCR - East,3445,Mixed,28.6139,77.209
NGO704325,USER_NGO704325,Community NGO 4326,Not Provided,Chennai - South,12185,Mixed,13.0827,80.2707
NGO704326,USER_NGO704326,Community NGO 4327,Not Provided,Pune - Citywide,10450,Mixed,18.5204,73.8567
NGO704327,USER_NGO704327,Community NGO 4328,Not Provided,Kolkata - South,450,Mixed,22.5726,88.3639
NGO704328,USER_NGO704328,Community NGO 4329,Not Provided,Pune - South,8945,Mixed,18.5204,73.8567
NGO700432,USER_NGO700432,Community NGO 433,Not Provided,Hyderabad - North,13555,Mixed,17.385,78.4867
NGO704329,USER_NGO704329,Community NGO 4330,Not Provided,Bengaluru - West,11750,Mixed,12.9716,77.5946
NGO704330,USER_NGO704330,Community NGO 4331,Not Provided,Delhi NCR - East,5285,Mixed,28.6139,77.209
NGO704331,USER_NGO704331,Community NGO 4332,Not Provided,Kolkata - East,7595,Mixed,22.5726,88.3639
NGO704332,USER_NGO704332,Community NGO 4333,Not Provided,Ahmedabad - East,1120,Mixed,23.0225,72.5714
NGO704333,USER_NGO704333,Community NGO 4334,Not Provided,Hyderabad - Central,2325,Mixed,17.385,78.4867
NGO704334,USER_NGO704334,Community NGO 4335,Not Provided,Bengaluru - South,3495,Mixed,12.9716,77.5946
NGO704335,USER_NGO704335,Community NGO 4336,Not Provided,Pune - West,9135,Mixed,18.5204,73.8567
NGO704336,USER_NGO704336,Community NGO 4337,Not Provided,Chennai - Central,1890,Mixed,13.0827,80.2707
NGO704337,USER_NGO704337,Community NGO 4338,Not Provided,Hyderabad - West,2695,Mixed,17.385,78.4867
NGO704338,USER_NGO704338,Community NGO 4339,Not Provided,Kolkata - Central,2780,Mixed,22.5726,88.3639
NGO700433,USER_NGO700433,Community NGO 434,Not Provided,Chennai - West,6445,Mixed,13.0827,80.2707
NGO704339,USER_NGO704339,Community NGO 4340,Not Provided,Pune - East,12435,Mixed,18.5204,73.8567
NGO704340,USER_NGO704340,Community NGO 4341,Not Provided,Ahmedabad - West,145,Mixed,23.0225,72.5714
NGO704341,USER_NGO704341,Community NGO 4342,Not Provided,Chennai - Central,8635,Mixed,13.0827,80.2707
NGO704342,USER_NGO704342,Community NGO 4343,Not Provided,Bengaluru - Central,5820,Mixed,12.9716,77.5946
NGO704343,USER_NGO704343,Community NGO 4344,Not Provided,Jaipur - South,3315,Mixed,26.9124,75.7873
NGO704344,USER_NGO704344,Community NGO 4345,Not Provided,Delhi NCR - Central,1460,Mixed,28.6139,77.209
NGO704345,USER_NGO704345,Community NGO 4346,Not Provided,Hyderabad - West,11810,Mixed,17.385,78.4867
NGO704346,USER_NGO704346,Community NGO 4347,Not Provided,Bengaluru - West,11735,Mixed,12.9716,77.5946
NGO704347,USER_NGO704347,Community NGO 4348,Not Provided,Mumbai - Citywide,2625,Mixed,19.076,72.8777
NGO704348,USER_NGO704348,Community NGO 4349,Not Provided,Chennai - North,6640,Mixed,13.0827,80.2707
NGO700434,USER_NGO700434,Community NGO 435,Not Provided,Chennai - West,11680,Mixed,13.0827,80.2707
NGO704350,USER_NGO704350,Community NGO 4351,Not Provided,Delhi NCR - West,13265,Mixed,28.6139,77.209
NGO704351,USER_NGO704351,Community NGO 4352,Not Provided,Ahmedabad - Central,4105,Mixed,23.0225,72.5714
NGO704352,USER_NGO704352,Community NGO 4353,Not Provided,Chennai - South,4795,Mixed,13.0827,80.2707
NGO704353,USER_NGO704353,Community NGO 4354,Not Provided,Remote - North,11025,Mixed,20.5937,78.9629
NGO704354,USER_NGO704354,Community NGO 4355,Not Provided,Remote - North,875,Mixed,20.5937,78.9629
NGO704355,USER_NGO704355,Community NGO 4356,Not Provided,Hyderabad - Citywide,6910,Mixed,17.385,78.4867
NGO700435,USER_NGO700435,Community NGO 436,Not Provided,Hyderabad - North,12620,Mixed,17.385,78.4867
NGO704359,USER_NGO704359,Community NGO 4360,Not Provided,Bengaluru - Central,7740,Mixed,12.9716,77.5946
NGO704360,USER_NGO704360,Community NGO 4361,Not Provided,Jaipur - East,5340,Mixed,26.9124,75.7873
NGO704361,USER_NGO704361,Community NGO 4362,Not Provided,Jaipur - West,390,Mixed,26.9124,75.7873
NGO704362,USER_NGO704362,Community NGO 4363,Not Provided,Chennai - East,6980,Mixed,13.0827,80.2707
NGO704364,USER_NGO704364,Community NGO 4365,Not Provided,Ahmedabad - West,8355,Mixed,23.0225,72.5714
NGO704365,USER_NGO704365,Community NGO 4366,Not Provided,Mumbai - North,1320,Mixed,19.076,72.8777
NGO704366,USER_NGO704366,Community NGO 4367,Not Provided,Mumbai - East,155,Mixed,19.076,72.8777
NGO704367,USER_NGO704367,Community NGO 4368,Not Provided,Pune - Citywide,5220,Mixed,18.5204,73.8567
NGO704368,USER_NGO704368,Community NGO 4369,Not Provided,Remote - East,12035,Mixed,20.5937,78.9629
NGO700436,USER_NGO700436,Community NGO 437,Not Provided,Pune - West,7655,Mixed,18.5204,73.8567
NGO704369,USER_NGO704369,Community NGO 4370,Not Provided,Chennai - Citywide,7530,Mixed,13.0827,80.2707
NGO704370,USER_NGO704370,Community NGO 4371,Not Provided,Remote - South,14225,Mixed,20.5937,78.9629
NGO704371,USER_NGO704371,Community NGO 4372,Not Provided,Chennai - Central,7640,Mixed,13.0827,80.2707
NGO704372,USER_NGO704372,Community NGO 4373,Not Provided,Ahmedabad - Central,10785,Mixed,23.0225,72.5714
NGO704373,USER_NGO704373,Community NGO 4374,Not Provided,Bengaluru - South,6130,Mixed,12.9716,77.5946
NGO704374,USER_NGO704374,Community NGO 4375,Not Provided,Delhi NCR - East,11760,Mixed,28.6139,77.209
NGO704375,USER_NGO704375,Community NGO 4376,Not Provided,Hyderabad - South,6360,Mixed,17.385,78.4867
NGO704376,USER_NGO704376,Community NGO 4377,Not Provided,Jaipur - North,2890,Mixed,26.9124,75.7873
NGO704377,USER_NGO704377,Community NGO 4378,Not Provided,Hyderabad - East,1795,Mixed,17.385,78.4867
NGO704378,USER_NGO704378,Community NGO 4379,Not Provided,Remote - South,11665,Mixed,20.5937,78.9629
NGO704379,USER_NGO704379,Community NGO 4380,Not Provided,Ahmedabad - Citywide,6485,Mixed,23.0225,72.5714
NGO704380,USER_NGO704380,Community NGO 4381,Not Provided,Bengaluru - West,2450,Mixed,12.9716,77.5946
NGO704381,USER_NGO704381,Community NGO 4382,Not Provided,Mumbai - Citywide,12500,Mixed,19.076,72.8777
NGO704382,USER_NGO704382,Community NGO 4383,Not Provided,Pune - Citywide,2945,Mixed,18.5204,73.8567
NGO704383,USER_NGO704383,Community NGO 4384,Not Provided,Ahmedabad - Central,11705,Mixed,23.0225,72.5714
NGO704386,USER_NGO704386,Community NGO 4387,Not Provided,Mumbai - Citywide,7340,Mixed,19.076,72.8777
NGO704387,USER_NGO704387,Community NGO 4388,Not Provided,Jaipur - East,5120,Mixed,26.9124,75.7873
NGO704388,USER_NGO704388,Community NGO 4389,Not Provided,Ahmedabad - West,2295,Mixed,23.0225,72.5714
NGO700438,USER_NGO700438,Community NGO 439,Not Provided,Chennai - Citywide,12445,Mixed,13.0827,80.2707
NGO704389,USER_NGO704389,Community NGO 4390,Not Provided,Chennai - West,12265,Mixed,13.0827,80.2707
NGO704390,USER_NGO704390,Community NGO 4391,Not Provided,Bengaluru - North,2320,Mixed,12.9716,77.5946
NGO704391,USER_NGO704391,Community NGO 4392,Not Provided,Remote - Central,11165,Mixed,20.5937,78.9629
NGO704392,USER_NGO704392,Community NGO 4393,Not Provided,Delhi NCR - Central,11605,Mixed,28.6139,77.209
NGO704393,USER_NGO704393,Community NGO 4394,Not Provided,Chennai - East,13705,Mixed,13.0827,80.2707
NGO704395,USER_NGO704395,Community NGO 4396,Not Provided,Jaipur - North,1745,Mixed,26.9124,75.7873
NGO704397,USER_NGO704397,Community NGO 4398,Not Provided,Jaipur - Central,11410,Mixed,26.9124,75.7873
NGO700043,USER_NGO700043,Community NGO 44,Not Provided,Kolkata - North,2665,Mixed,22.5726,88.3639
NGO700439,USER_NGO700439,Community NGO 440,Not Provided,Kolkata - South,12590,Mixed,22.5726,88.3639
NGO704399,USER_NGO704399,Community NGO 4400,Not Provided,Mumbai - Citywide,3025,Mixed,19.076,72.8777
NGO704400,USER_NGO704400,Community NGO 4401,Not Provided,Bengaluru - West,9440,Mixed,12.9716,77.5946
NGO704401,USER_NGO704401,Community NGO 4402,Not Provided,Delhi NCR - South,155,Mixed,28.6139,77.209
NGO704402,USER_NGO704402,Community NGO 4403,Not Provided,Jaipur - South,8895,Mixed,26.9124,75.7873
NGO704403,USER_NGO704403,Community NGO 4404,Not Provided,Remote - West,10775,Mixed,20.5937,78.9629
NGO704404,USER_NGO704404,Community NGO 4405,Not Provided,Pune - Citywide,9040,Mixed,18.5204,73.8567
NGO704405,USER_NGO704405,Community NGO 4406,Not Provided,Kolkata - Citywide,395,Mixed,22.5726,88.3639
NGO704408,USER_NGO704408,Community NGO 4409,Not Provided,Chennai - Central,13610,Mixed,13.0827,80.2707
NGO700440,USER_NGO700440,Community NGO 441,Not Provided,Kolkata - West,11930,Mixed,22.5726,88.3639
NGO704409,USER_NGO704409,Community NGO 4410,Not Provided,Hyderabad - Central,9635,Mixed,17.385,78.4867
NGO704410,USER_NGO704410,Community NGO 4411,Not Provided,Remote - Central,6170,Mixed,20.5937,78.9629
NGO704411,USER_NGO704411,Community NGO 4412,Not Provided,Ahmedabad - North,14355,Mixed,23.0225,72.5714
NGO704412,USER_NGO704412,Community NGO 4413,Not Provided,Kolkata - East,435,Mixed,22.5726,88.3639
NGO704413,USER_NGO704413,Community NGO 4414,Not Provided,Kolkata - West,7515,Mixed,22.5726,88.3639
NGO704414,USER_NGO704414,Community NGO 4415,Not Provided,Kolkata - Citywide,7795,Mixed,22.5726,88.3639
NGO704415,USER_NGO704415,Community NGO 4416,Not Provided,Chennai - East,12860,Mixed,13.0827,80.2707
NGO704416,USER_NGO704416,Community NGO 4417,Not Provided,Jaipur - Citywide,6685,Mixed,26.9124,75.7873
NGO704418,USER_NGO704418,Community NGO 4419,Not Provided,Delhi NCR - North,12435,Mixed,28.6139,77.209
NGO700441,USER_NGO700441,Community NGO 442,Not Provided,Hyderabad - Central,7280,Mixed,17.385,78.4867
NGO704419,USER_NGO704419,Community NGO 4420,Not Provided,Delhi NCR - South,810,Mixed,28.6139,77.209
NGO704421,USER_NGO704421,Community NGO 4422,Not Provided,Hyderabad - South,3080,Mixed,17.385,78.4867
NGO704422,USER_NGO704422,Community NGO 4423,Not Provided,Bengaluru - Central,6095,Mixed,12.9716,77.5946
NGO704423,USER_NGO704423,Community NGO 4424,Not Provided,Remote - North,8380,Mixed,20.5937,78.9629
NGO704424,USER_NGO704424,Community NGO 4425,Not Provided,Pune - North,6610,Mixed,18.5204,73.8567
NGO704427,USER_NGO704427,Community NGO 4428,Not Provided,Remote - Central,3220,Mixed,20.5937,78.9629
NGO704428,USER_NGO704428,Community NGO 4429,Not Provided,Jaipur - Central,2940,Mixed,26.9124,75.7873
NGO700442,USER_NGO700442,Community NGO 443,Not Provided,Mumbai - West,5945,Mixed,19.076,72.8777
NGO704429,USER_NGO704429,Community NGO 4430,Not Provided,Chennai - East,10985,Mixed,13.0827,80.2707
NGO704430,USER_NGO704430,Community NGO 4431,Not Provided,Kolkata - South,11765,Mixed,22.5726,88.3639
NGO704431,USER_NGO704431,Community NGO 4432,Not Provided,Pune - Central,5480,Mixed,18.5204,73.8567
NGO704432,USER_NGO704432,Community NGO 4433,Not Provided,Pune - East,10285,Mixed,18.5204,73.8567
NGO704433,USER_NGO704433,Community NGO 4434,Not Provided,Kolkata - East,12025,Mixed,22.5726,88.3639
NGO704434,USER_NGO704434,Community NGO 4435,Not Provided,Chennai - Citywide,7405,Mixed,13.0827,80.2707
NGO704435,USER_NGO704435,Community NGO 4436,Not Provided,Mumbai - South,12055,Mixed,19.076,72.8777
NGO704436,USER_NGO704436,Community NGO 4437,Not Provided,Jaipur - Citywide,14520,Mixed,26.9124,75.7873
NGO704438,USER_NGO704438,Community NGO 4439,Not Provided,Ahmedabad - North,3630,Mixed,23.0225,72.5714
NGO704439,USER_NGO704439,Community NGO 4440,Not Provided,Remote - South,12885,Mixed,20.5937,78.9629
NGO704440,USER_NGO704440,Community NGO 4441,Not Provided,Delhi NCR - East,2590,Mixed,28.6139,77.209
NGO704441,USER_NGO704441,Community NGO 4442,Not Provided,Delhi NCR - South,12960,Mixed,28.6139,77.209
NGO704442,USER_NGO704442,Community NGO 4443,Not Provided,Kolkata - Citywide,1115,Mixed,22.5726,88.3639
NGO704443,USER_NGO704443,Community NGO 4444,Not Provided,Mumbai - West,12655,Mixed,19.076,72.8777
NGO704444,USER_NGO704444,Community NGO 4445,Not Provided,Remote - South,5040,Mixed,20.5937,78.9629
NGO704445,USER_NGO704445,Community NGO 4446,Not Provided,Remote - Central,1370,Mixed,20.5937,78.9629
NGO704446,USER_NGO704446,Community NGO 4447,Not Provided,Hyderabad - East,10950,Mixed,17.385,78.4867
NGO704448,USER_NGO704448,Community NGO 4449,Not Provided,Remote - Citywide,380,Mixed,20.5937,78.9629
NGO700444,USER_NGO700444,Community NGO 445,Not Provided,Bengaluru - Central,12540,Mixed,12.9716,77.5946
NGO704450,USER_NGO704450,Community NGO 4451,Not Provided,Jaipur - Citywide,695,Mixed,26.9124,75.7873
NGO704451,USER_NGO704451,Community NGO 4452,Not Provided,Hyderabad - East,14505,Mixed,17.385,78.4867
NGO704454,USER_NGO704454,Community NGO 4455,Not Provided,Bengaluru - Citywide,14540,Mixed,12.9716,77.5946
NGO704455,USER_NGO704455,Community NGO 4456,Not Provided,Bengaluru - Central,9700,Mixed,12.9716,77.5946
NGO704456,USER_NGO704456,Community NGO 4457,Not Provided,Pune - West,3880,Mixed,18.5204,73.8567
NGO704457,USER_NGO704457,Community NGO 4458,Not Provided,Chennai - East,12485,Mixed,13.0827,80.2707
NGO704458,USER_NGO704458,Community NGO 4459,Not Provided,Delhi NCR - South,9625,Mixed,28.6139,77.209
NGO700445,USER_NGO700445,Community NGO 446,Not Provided,Remote - East,5685,Mixed,20.5937,78.9629
NGO704459,USER_NGO704459,Community NGO 4460,Not Provided,Hyderabad - Citywide,9535,Mixed,17.385,78.4867
NGO704460,USER_NGO704460,Community NGO 4461,Not Provided,Chennai - Citywide,7955,Mixed,13.0827,80.2707
NGO704461,USER_NGO704461,Community NGO 4462,Not Provided,Hyderabad - East,13880,Mixed,17.385,78.4867
NGO704463,USER_NGO704463,Community NGO 4464,Not Provided,Pune - Citywide,945,Mixed,18.5204,73.8567
NGO704464,USER_NGO704464,Community NGO 4465,Not Provided,Jaipur - Citywide,11195,Mixed,26.9124,75.7873
NGO704466,USER_NGO704466,Community NGO 4467,Not Provided,Chennai - Citywide,11715,Mixed,13.0827,80.2707
NGO704467,USER_NGO704467,Community NGO 4468,Not Provided,Hyderabad - East,365,Mixed,17.385,78.4867
NGO704468,USER_NGO704468,Community NGO 4469,Not Provided,Chennai - Central,11390,Mixed,13.0827,80.2707
NGO700446,USER_NGO700446,Community NGO 447,Not Provided,Pune - South,1985,Mixed,18.5204,73.8567
NGO704469,USER_NGO704469,Community NGO 4470,Not Provided,Delhi NCR - East,3865,Mixed,28.6139,77.209
NGO704470,USER_NGO704470,Community NGO 4471,Not Provided,Hyderabad - Central,10315,Mixed,17.385,78.4867
NGO704471,USER_NGO704471,Community NGO 4472,Not Provided,Remote - North,12000,Mixed,20.5937,78.9629
NGO704472,USER_NGO704472,Community NGO 4473,Not Provided,Ahmedabad - East,1935,Mixed,23.0225,72.5714
NGO704473,USER_NGO704473,Community NGO 4474,Not Provided,Kolkata - North,14415,Mixed,22.5726,88.3639
NGO704475,USER_NGO704475,Community NGO 4476,Not Provided,Delhi NCR - North,11760,Mixed,28.6139,77.209
NGO704477,USER_NGO704477,Community NGO 4478,Not Provided,Remote - Citywide,6680,Mixed,20.5937,78.9629
NGO704478,USER_NGO704478,Community NGO 4479,Not Provided,Pune - West,6830,Mixed,18.5204,73.8567
NGO700447,USER_NGO700447,Community NGO 448,Not Provided,Ahmedabad - Citywide,8845,Mixed,23.0225,72.5714
NGO704479,USER_NGO704479,Community NGO 4480,Not Provided,Mumbai - Citywide,485,Mixed,19.076,72.8777
NGO704480,USER_NGO704480,Community NGO 4481,Not Provided,Kolkata - Central,12095,Mixed,22.5726,88.3639
NGO704481,USER_NGO704481,Community NGO 4482,Not Provided,Pune - West,9955,Mixed,18.5204,73.8567
NGO704482,USER_NGO704482,Community NGO 4483,Not Provided,Remote - Citywide,3635,Mixed,20.5937,78.9629
NGO704483,USER_NGO704483,Community NGO 4484,Not Provided,Mumbai - Central,11640,Mixed,19.076,72.8777
NGO704484,USER_NGO704484,Community NGO 4485,Not Provided,Delhi NCR - Central,7305,Mixed,28.6139,77.209
NGO704486,USER_NGO704486,Community NGO 4487,Not Provided,Remote - East,7945,Mixed,20.5937,78.9629
NGO704488,USER_NGO704488,Community NGO 4489,Not Provided,Hyderabad - Central,10750,Mixed,17.385,78.4867
NGO700448,USER_NGO700448,Community NGO 449,Not Provided,Kolkata - Citywide,6055,Mixed,22.5726,88.3639
NGO704489,USER_NGO704489,Community NGO 4490,Not Provided,Kolkata - North,13720,Mixed,22.5726,88.3639
NGO704491,USER_NGO704491,Community NGO 4492,Not Provided,Pune - South,10310,Mixed,18.5204,73.8567
NGO704492,USER_NGO704492,Community NGO 4493,Not Provided,Hyderabad - Citywide,8655,Mixed,17.385,78.4867
NGO704495,USER_NGO704495,Community NGO 4496,Not Provided,Jaipur - South,14715,Mixed,26.9124,75.7873
NGO700044,USER_NGO700044,Community NGO 45,Not Provided,Jaipur - South,10365,Mixed,26.9124,75.7873
NGO700449,USER_NGO700449,Community NGO 450,Not Provided,Jaipur - Central,10160,Mixed,26.9124,75.7873
NGO704499,USER_NGO704499,Community NGO 4500,Not Provided,Ahmedabad - North,6825,Mixed,23.0225,72.5714
NGO704500,USER_NGO704500,Community NGO 4501,Not Provided,Ahmedabad - East,6180,Mixed,23.0225,72.5714
NGO704501,USER_NGO704501,Community NGO 4502,Not Provided,Ahmedabad - West,14135,Mixed,23.0225,72.5714
NGO704502,USER_NGO704502,Community NGO 4503,Not Provided,Hyderabad - South,8945,Mixed,17.385,78.4867
NGO704503,USER_NGO704503,Community NGO 4504,Not Provided,Pune - South,11865,Mixed,18.5204,73.8567
NGO704505,USER_NGO704505,Community NGO 4506,Not Provided,Mumbai - North,8605,Mixed,19.076,72.8777
NGO704506,USER_NGO704506,Community NGO 4507,Not Provided,Hyderabad - Citywide,105,Mixed,17.385,78.4867
NGO704507,USER_NGO704507,Community NGO 4508,Not Provided,Pune - Central,3860,Mixed,18.5204,73.8567
NGO704508,USER_NGO704508,Community NGO 4509,Not Provided,Delhi NCR - East,9940,Mixed,28.6139,77.209
NGO700450,USER_NGO700450,Community NGO 451,Not Provided,Mumbai - Citywide,11905,Mixed,19.076,72.8777
NGO704509,USER_NGO704509,Community NGO 4510,Not Provided,Ahmedabad - West,12980,Mixed,23.0225,72.5714
NGO704510,USER_NGO704510,Community NGO 4511,Not Provided,Chennai - East,12355,Mixed,13.0827,80.2707
NGO704512,USER_NGO704512,Community NGO 4513,Not Provided,Remote - East,9920,Mixed,20.5937,78.9629
NGO704513,USER_NGO704513,Community NGO 4514,Not Provided,Bengaluru - West,12380,Mixed,12.9716,77.5946
NGO704514,USER_NGO704514,Community NGO 4515,Not Provided,Chennai - North,10425,Mixed,13.0827,80.2707
NGO704515,USER_NGO704515,Community NGO 4516,Not Provided,Bengaluru - East,12095,Mixed,12.9716,77.5946
NGO704517,USER_NGO704517,Community NGO 4518,Not Provided,Kolkata - South,2395,Mixed,22.5726,88.3639
NGO704518,USER_NGO704518,Community NGO 4519,Not Provided,Kolkata - West,8745,Mixed,22.5726,88.3639
NGO700451,USER_NGO700451,Community NGO 452,Not Provided,Remote - South,12055,Mixed,20.5937,78.9629
NGO704519,USER_NGO704519,Community NGO 4520,Not Provided,Ahmedabad - Central,3920,Mixed,23.0225,72.5714
NGO704520,USER_NGO704520,Community NGO 4521,Not Provided,Remote - West,7490,Mixed,20.5937,78.9629
NGO704521,USER_NGO704521,Community NGO 4522,Not Provided,Remote - Central,5125,Mixed,20.5937,78.9629
NGO704522,USER_NGO704522,Community NGO 4523,Not Provided,Jaipur - South,790,Mixed,26.9124,75.7873
NGO704523,USER_NGO704523,Community NGO 4524,Not Provided,Chennai - Central,2855,Mixed,13.0827,80.2707
NGO704525,USER_NGO704525,Community NGO 4526,Not Provided,Mumbai - West,9340,Mixed,19.076,72.8777
NGO704527,USER_NGO704527,Community NGO 4528,Not Provided,Ahmedabad - East,14745,Mixed,23.0225,72.5714
NGO700452,USER_NGO700452,Community NGO 453,Not Provided,Chennai - Citywide,8315,Mixed,13.0827,80.2707
NGO704529,USER_NGO704529,Community NGO 4530,Not Provided,Kolkata - Citywide,6380,Mixed,22.5726,88.3639
NGO704530,USER_NGO704530,Community NGO 4531,Not Provided,Chennai - North,1360,Mixed,13.0827,80.2707
NGO704531,USER_NGO704531,Community NGO 4532,Not Provided,Jaipur - South,9410,Mixed,26.9124,75.7873
NGO704532,USER_NGO704532,Community NGO 4533,Not Provided,Hyderabad - Citywide,7190,Mixed,17.385,78.4867
NGO704533,USER_NGO704533,Community NGO 4534,Not Provided,Kolkata - West,5280,Mixed,22.5726,88.3639
NGO704535,USER_NGO704535,Community NGO 4536,Not Provided,Delhi NCR - North,14290,Mixed,28.6139,77.209
NGO704536,USER_NGO704536,Community NGO 4537,Not Provided,Mumbai - North,11330,Mixed,19.076,72.8777
NGO704538,USER_NGO704538,Community NGO 4539,Not Provided,Pune - East,9550,Mixed,18.5204,73.8567
NGO700453,USER_NGO700453,Community NGO 454,Not Provided,Mumbai - West,1995,Mixed,19.076,72.8777
NGO704539,USER_NGO704539,Community NGO 4540,Not Provided,Chennai - West,13505,Mixed,13.0827,80.2707
NGO704542,USER_NGO704542,Community NGO 4543,Not Provided,Bengaluru - West,7885,Mixed,12.9716,77.5946
NGO704545,USER_NGO704545,Community NGO 4546,Not Provided,Remote - North,255,Mixed,20.5937,78.9629
NGO704548,USER_NGO704548,Community NGO 4549,Not Provided,Mumbai - North,3760,Mixed,19.076,72.8777
NGO700454,USER_NGO700454,Community NGO 455,Not Provided,Jaipur - South,1315,Mixed,26.9124,75.7873
NGO704549,USER_NGO704549,Community NGO 4550,Not Provided,Mumbai - Central,5035,Mixed,19.076,72.8777
NGO704552,USER_NGO704552,Community NGO 4553,Not Provided,Hyderabad - Citywide,1830,Mixed,17.385,78.4867
NGO704554,USER_NGO704554,Community NGO 4555,Not Provided,Pune - West,1015,Mixed,18.5204,73.8567
NGO704556,USER_NGO704556,Community NGO 4557,Not Provided,Remote - Central,9840,Mixed,20.5937,78.9629
NGO704558,USER_NGO704558,Community NGO 4559,Not Provided,Bengaluru - East,6360,Mixed,12.9716,77.5946
NGO704559,USER_NGO704559,Community NGO 4560,Not Provided,Jaipur - Citywide,5970,Mixed,26.9124,75.7873
NGO704560,USER_NGO704560,Community NGO 4561,Not Provided,Ahmedabad - West,1070,Mixed,23.0225,72.5714
NGO704561,USER_NGO704561,Community NGO 4562,Not Provided,Hyderabad - Citywide,9780,Mixed,17.385,78.4867
NGO704562,USER_NGO704562,Community NGO 4563,Not Provided,Remote - East,11560,Mixed,20.5937,78.9629
NGO704563,USER_NGO704563,Community NGO 4564,Not Provided,Ahmedabad - West,9180,Mixed,23.0225,72.5714
NGO704564,USER_NGO704564,Community NGO 4565,Not Provided,Bengaluru - Central,1850,Mixed,12.9716,77.5946
NGO704565,USER_NGO704565,Community NGO 4566,Not Provided,Bengaluru - Central,3670,Mixed,12.9716,77.5946
NGO704566,USER_NGO704566,Community NGO 4567,Not Provided,Chennai - Central,7465,Mixed,13.0827,80.2707
NGO704567,USER_NGO704567,Community NGO 4568,Not Provided,Chennai - North,2025,Mixed,13.0827,80.2707
NGO704568,USER_NGO704568,Community NGO 4569,Not Provided,Pune - North,12595,Mixed,18.5204,73.8567
NGO700456,USER_NGO700456,Community NGO 457,Not Provided,Chennai - West,6330,Mixed,13.0827,80.2707
NGO704569,USER_NGO704569,Community NGO 4570,Not Provided,Remote - West,8260,Mixed,20.5937,78.9629
NGO704570,USER_NGO704570,Community NGO 4571,Not Provided,Pune - Citywide,1690,Mixed,18.5204,73.8567
NGO704571,USER_NGO704571,Community NGO 4572,Not Provided,Hyderabad - West,12480,Mixed,17.385,78.4867
NGO704572,USER_NGO704572,Community NGO 4573,Not Provided,Hyderabad - South,8250,Mixed,17.385,78.4867
NGO704573,USER_NGO704573,Community NGO 4574,Not Provided,Delhi NCR - West,1575,Mixed,28.6139,77.209
NGO704574,USER_NGO704574,Community NGO 4575,Not Provided,Kolkata - South,1770,Mixed,22.5726,88.3639
NGO704575,USER_NGO704575,Community NGO 4576,Not Provided,Hyderabad - East,2715,Mixed,17.385,78.4867
NGO704576,USER_NGO704576,Community NGO 4577,Not Provided,Ahmedabad - East,8045,Mixed,23.0225,72.5714
NGO704577,USER_NGO704577,Community NGO 4578,Not Provided,Jaipur - East,1135,Mixed,26.9124,75.7873
NGO704578,USER_NGO704578,Community NGO 4579,Not Provided,Mumbai - East,3365,Mixed,19.076,72.8777
NGO700457,USER_NGO700457,Community NGO 458,Not Provided,Bengaluru - Central,7625,Mixed,12.9716,77.5946
NGO704579,USER_NGO704579,Community NGO 4580,Not Provided,Mumbai - Central,8370,Mixed,19.076,72.8777
NGO704580,USER_NGO704580,Community NGO 4581,Not Provided,Mumbai - West,1540,Mixed,19.076,72.8777
NGO704581,USER_NGO704581,Community NGO 4582,Not Provided,Pune - Central,14825,Mixed,18.5204,73.8567
NGO704583,USER_NGO704583,Community NGO 4584,Not Provided,Jaipur - Central,8160,Mixed,26.9124,75.7873
NGO704584,USER_NGO704584,Community NGO 4585,Not Provided,Mumbai - West,4605,Mixed,19.076,72.8777
NGO704586,USER_NGO704586,Community NGO 4587,Not Provided,Ahmedabad - North,2285,Mixed,23.0225,72.5714
NGO704587,USER_NGO704587,Community NGO 4588,Not Provided,Chennai - South,3070,Mixed,13.0827,80.2707
NGO704588,USER_NGO704588,Community NGO 4589,Not Provided,Pune - North,14800,Mixed,18.5204,73.8567
NGO700458,USER_NGO700458,Community NGO 459,Not Provided,Kolkata - North,9155,Mixed,22.5726,88.3639
NGO704589,USER_NGO704589,Community NGO 4590,Not Provided,Remote - Central,7110,Mixed,20.5937,78.9629
NGO704590,USER_NGO704590,Community NGO 4591,Not Provided,Kolkata - Central,9735,Mixed,22.5726,88.3639
NGO704591,USER_NGO704591,Community NGO 4592,Not Provided,Bengaluru - Citywide,7330,Mixed,12.9716,77.5946
NGO704592,USER_NGO704592,Community NGO 4593,Not Provided,Bengaluru - East,11515,Mixed,12.9716,77.5946
NGO704595,USER_NGO704595,Community NGO 4596,Not Provided,Ahmedabad - South,10650,Mixed,23.0225,72.5714
NGO704596,USER_NGO704596,Community NGO 4597,Not Provided,Jaipur - North,660,Mixed,26.9124,75.7873
NGO704597,USER_NGO704597,Community NGO 4598,Not Provided,Kolkata - Central,615,Mixed,22.5726,88.3639
NGO700045,USER_NGO700045,Community NGO 46,Not Provided,Chennai - Citywide,4880,Mixed,13.0827,80.2707
NGO700459,USER_NGO700459,Community NGO 460,Not Provided,Hyderabad - East,9860,Mixed,17.385,78.4867
NGO704599,USER_NGO704599,Community NGO 4600,Not Provided,Jaipur - Citywide,2710,Mixed,26.9124,75.7873
NGO704600,USER_NGO704600,Community NGO 4601,Not Provided,Ahmedabad - Citywide,5270,Mixed,23.0225,72.5714
NGO704601,USER_NGO704601,Community NGO 4602,Not Provided,Kolkata - Citywide,11590,Mixed,22.5726,88.3639
NGO704602,USER_NGO704602,Community NGO 4603,Not Provided,Remote - North,8560,Mixed,20.5937,78.9629
NGO704604,USER_NGO704604,Community NGO 4605,Not Provided,Chennai - East,14110,Mixed,13.0827,80.2707
NGO704605,USER_NGO704605,Community NGO 4606,Not Provided,Kolkata - Central,14160,Mixed,22.5726,88.3639
NGO704607,USER_NGO704607,Community NGO 4608,Not Provided,Jaipur - Citywide,9215,Mixed,26.9124,75.7873
NGO704608,USER_NGO704608,Community NGO 4609,Not Provided,Jaipur - South,7035,Mixed,26.9124,75.7873
NGO704610,USER_NGO704610,Community NGO 4611,Not Provided,Jaipur - North,2565,Mixed,26.9124,75.7873
NGO704611,USER_NGO704611,Community NGO 4612,Not Provided,Chennai - Citywide,8745,Mixed,13.0827,80.2707
NGO704612,USER_NGO704612,Community NGO 4613,Not Provided,Remote - West,6425,Mixed,20.5937,78.9629
NGO704613,USER_NGO704613,Community NGO 4614,Not Provided,Kolkata - North,5990,Mixed,22.5726,88.3639
NGO704614,USER_NGO704614,Community NGO 4615,Not Provided,Kolkata - North,6150,Mixed,22.5726,88.3639
NGO704615,USER_NGO704615,Community NGO 4616,Not Provided,Chennai - Citywide,2630,Mixed,13.0827,80.2707
NGO704616,USER_NGO704616,Community NGO 4617,Not Provided,Ahmedabad - West,13465,Mixed,23.0225,72.5714
NGO704617,USER_NGO704617,Community NGO 4618,Not Provided,Delhi NCR - Central,9500,Mixed,28.6139,77.209
NGO704618,USER_NGO704618,Community NGO 4619,Not Provided,Ahmedabad - West,14090,Mixed,23.0225,72.5714
NGO700461,USER_NGO700461,Community NGO 462,Not Provided,Mumbai - East,8115,Mixed,19.076,72.8777
NGO704619,USER_NGO704619,Community NGO 4620,Not Provided,Pune - Citywide,7270,Mixed,18.5204,73.8567
NGO704620,USER_NGO704620,Community NGO 4621,Not Provided,Kolkata - Central,4300,Mixed,22.5726,88.3639
NGO704621,USER_NGO704621,Community NGO 4622,Not Provided,Pune - East,580,Mixed,18.5204,73.8567
NGO704622,USER_NGO704622,Community NGO 4623,Not Provided,Bengaluru - Citywide,13280,Mixed,12.9716,77.5946
NGO704623,USER_NGO704623,Community NGO 4624,Not Provided,Bengaluru - South,14155,Mixed,12.9716,77.5946
NGO704624,USER_NGO704624,Community NGO 4625,Not Provided,Mumbai - East,12545,Mixed,19.076,72.8777
NGO704626,USER_NGO704626,Community NGO 4627,Not Provided,Mumbai - South,3720,Mixed,19.076,72.8777
NGO704627,USER_NGO704627,Community NGO 4628,Not Provided,Jaipur - West,6520,Mixed,26.9124,75.7873
NGO704628,USER_NGO704628,Community NGO 4629,Not Provided,Delhi NCR - Citywide,8635,Mixed,28.6139,77.209
NGO700462,USER_NGO700462,Community NGO 463,Not Provided,Chennai - West,12945,Mixed,13.0827,80.2707
NGO704629,USER_NGO704629,Community NGO 4630,Not Provided,Mumbai - West,14445,Mixed,19.076,72.8777
NGO704630,USER_NGO704630,Community NGO 4631,Not Provided,Mumbai - North,10550,Mixed,19.076,72.8777
NGO704631,USER_NGO704631,Community NGO 4632,Not Provided,Hyderabad - West,5290,Mixed,17.385,78.4867
NGO704633,USER_NGO704633,Community NGO 4634,Not Provided,Ahmedabad - Citywide,2625,Mixed,23.0225,72.5714
NGO704634,USER_NGO704634,Community NGO 4635,Not Provided,Chennai - South,1925,Mixed,13.0827,80.2707
NGO704635,USER_NGO704635,Community NGO 4636,Not Provided,Pune - Citywide,6670,Mixed,18.5204,73.8567
NGO704636,USER_NGO704636,Community NGO 4637,Not Provided,Jaipur - South,13230,Mixed,26.9124,75.7873
NGO704637,USER_NGO704637,Community NGO 4638,Not Provided,Pune - West,3640,Mixed,18.5204,73.8567
NGO704638,USER_NGO704638,Community NGO 4639,Not Provided,Pune - East,1565,Mixed,18.5204,73.8567
NGO700463,USER_NGO700463,Community NGO 464,Not Provided,Remote - Central,8355,Mixed,20.5937,78.9629
NGO704639,USER_NGO704639,Community NGO 4640,Not Provided,Remote - East,660,Mixed,20.5937,78.9629
NGO704640,USER_NGO704640,Community NGO 4641,Not Provided,Mumbai - East,4620,Mixed,19.076,72.8777
NGO704641,USER_NGO704641,Community NGO 4642,Not Provided,Remote - Central,10040,Mixed,20.5937,78.9629
NGO704643,USER_NGO704643,Community NGO 4644,Not Provided,Jaipur - Central,1275,Mixed,26.9124,75.7873
NGO704644,USER_NGO704644,Community NGO 4645,Not Provided,Kolkata - South,8270,Mixed,22.5726,88.3639
NGO704645,USER_NGO704645,Community NGO 4646,Not Provided,Ahmedabad - Central,5800,Mixed,23.0225,72.5714
NGO704646,USER_NGO704646,Community NGO 4647,Not Provided,Hyderabad - East,4415,Mixed,17.385,78.4867
NGO704647,USER_NGO704647,Community NGO 4648,Not Provided,Hyderabad - West,4865,Mixed,17.385,78.4867
NGO704648,USER_NGO704648,Community NGO 4649,Not Provided,Pune - East,7545,Mixed,18.5204,73.8567
NGO700464,USER_NGO700464,Community NGO 465,Not Provided,Pune - East,615,Mixed,18.5204,73.8567
NGO704649,USER_NGO704649,Community NGO 4650,Not Provided,Mumbai - Citywide,8850,Mixed,19.076,72.8777
NGO704650,USER_NGO704650,Community NGO 4651,Not Provided,Remote - West,8765,Mixed,20.5937,78.9629
NGO704651,USER_NGO704651,Community NGO 4652,Not Provided,Remote - Citywide,8875,Mixed,20.5937,78.9629
NGO704652,USER_NGO704652,Community NGO 4653,Not Provided,Delhi NCR - West,2590,Mixed,28.6139,77.209
NGO704654,USER_NGO704654,Community NGO 4655,Not Provided,Remote - West,2395,Mixed,20.5937,78.9629
NGO704655,USER_NGO704655,Community NGO 4656,Not Provided,Jaipur - East,760,Mixed,26.9124,75.7873
NGO704656,USER_NGO704656,Community NGO 4657,Not Provided,Kolkata - Citywide,7085,Mixed,22.5726,88.3639
NGO704657,USER_NGO704657,Community NGO 4658,Not Provided,Hyderabad - West,5800,Mixed,17.385,78.4867
NGO704658,USER_NGO704658,Community NGO 4659,Not Provided,Ahmedabad - East,9910,Mixed,23.0225,72.5714
NGO704659,USER_NGO704659,Community NGO 4660,Not Provided,Ahmedabad - South,11130,Mixed,23.0225,72.5714
NGO704660,USER_NGO704660,Community NGO 4661,Not Provided,Hyderabad - Central,13855,Mixed,17.385,78.4867
NGO704661,USER_NGO704661,Community NGO 4662,Not Provided,Jaipur - Citywide,6440,Mixed,26.9124,75.7873
NGO704662,USER_NGO704662,Community NGO 4663,Not Provided,Ahmedabad - East,4920,Mixed,23.0225,72.5714
NGO704663,USER_NGO704663,Community NGO 4664,Not Provided,Hyderabad - Central,10180,Mixed,17.385,78.4867
NGO704664,USER_NGO704664,Community NGO 4665,Not Provided,Mumbai - East,1325,Mixed,19.076,72.8777
NGO704666,USER_NGO704666,Community NGO 4667,Not Provided,Ahmedabad - North,7535,Mixed,23.0225,72.5714
NGO704667,USER_NGO704667,Community NGO 4668,Not Provided,Jaipur - South,3275,Mixed,26.9124,75.7873
NGO704668,USER_NGO704668,Community NGO 4669,Not Provided,Delhi NCR - South,12795,Mixed,28.6139,77.209
NGO700466,USER_NGO700466,Community NGO 467,Not Provided,Mumbai - South,11040,Mixed,19.076,72.8777
NGO704669,USER_NGO704669,Community NGO 4670,Not Provided,Chennai - Central,3665,Mixed,13.0827,80.2707
NGO704671,USER_NGO704671,Community NGO 4672,Not Provided,Mumbai - West,2630,Mixed,19.076,72.8777
NGO704673,USER_NGO704673,Community NGO 4674,Not Provided,Pune - Citywide,8430,Mixed,18.5204,73.8567
NGO704674,USER_NGO704674,Community NGO 4675,Not Provided,Ahmedabad - Citywide,8120,Mixed,23.0225,72.5714
NGO704675,USER_NGO704675,Community NGO 4676,Not Provided,Chennai - North,4220,Mixed,13.0827,80.2707
NGO704676,USER_NGO704676,Community NGO 4677,Not Provided,Jaipur - South,11890,Mixed,26.9124,75.7873
NGO704677,USER_NGO704677,Community NGO 4678,Not Provided,Bengaluru - Central,8135,Mixed,12.9716,77.5946
NGO704678,USER_NGO704678,Community NGO 4679,Not Provided,Delhi NCR - Central,14990,Mixed,28.6139,77.209
NGO700467,USER_NGO700467,Community NGO 468,Not Provided,Hyderabad - North,13450,Mixed,17.385,78.4867
NGO704679,USER_NGO704679,Community NGO 4680,Not Provided,Jaipur - East,12810,Mixed,26.9124,75.7873
NGO704680,USER_NGO704680,Community NGO 4681,Not Provided,Bengaluru - Citywide,9450,Mixed,12.9716,77.5946
NGO704681,USER_NGO704681,Community NGO 4682,Not Provided,Bengaluru - North,7535,Mixed,12.9716,77.5946
NGO704682,USER_NGO704682,Community NGO 4683,Not Provided,Ahmedabad - North,8870,Mixed,23.0225,72.5714
NGO704684,USER_NGO704684,Community NGO 4685,Not Provided,Kolkata - Central,2770,Mixed,22.5726,88.3639
NGO704685,USER_NGO704685,Community NGO 4686,Not Provided,Mumbai - South,2740,Mixed,19.076,72.8777
NGO704686,USER_NGO704686,Community NGO 4687,Not Provided,Mumbai - Citywide,2365,Mixed,19.076,72.8777
NGO704687,USER_NGO704687,Community NGO 4688,Not Provided,Ahmedabad - Citywide,4900,Mixed,23.0225,72.5714
NGO704688,USER_NGO704688,Community NGO 4689,Not Provided,Jaipur - North,14125,Mixed,26.9124,75.7873
NGO704690,USER_NGO704690,Community NGO 4691,Not Provided,Kolkata - North,7370,Mixed,22.5726,88.3639
NGO704692,USER_NGO704692,Community NGO 4693,Not Provided,Kolkata - South,7695,Mixed,22.5726,88.3639
NGO704693,USER_NGO704693,Community NGO 4694,Not Provided,Bengaluru - South,5800,Mixed,12.9716,77.5946
NGO704694,USER_NGO704694,Community NGO 4695,Not Provided,Ahmedabad - East,11875,Mixed,23.0225,72.5714
NGO704695,USER_NGO704695,Community NGO 4696,Not Provided,Bengaluru - Citywide,3405,Mixed,12.9716,77.5946
NGO704696,USER_NGO704696,Community NGO 4697,Not Provided,Pune - Citywide,14350,Mixed,18.5204,73.8567
NGO704697,USER_NGO704697,Community NGO 4698,Not Provided,Pune - West,11375,Mixed,18.5204,73.8567
NGO704698,USER_NGO704698,Community NGO 4699,Not Provided,Kolkata - East,2435,Mixed,22.5726,88.3639
NGO700046,USER_NGO700046,Community NGO 47,Not Provided,Delhi NCR - West,11035,Mixed,28.6139,77.209
NGO700469,USER_NGO700469,Community NGO 470,Not Provided,Hyderabad - Citywide,9730,Mixed,17.385,78.4867
NGO704700,USER_NGO704700,Community NGO 4701,Not Provided,Ahmedabad - West,6425,Mixed,23.0225,72.5714
NGO704701,USER_NGO704701,Community NGO 4702,Not Provided,Remote - North,5380,Mixed,20.5937,78.9629
NGO704702,USER_NGO704702,Community NGO 4703,Not Provided,Delhi NCR - Central,735,Mixed,28.6139,77.209
NGO704703,USER_NGO704703,Community NGO 4704,Not Provided,Kolkata - Central,4230,Mixed,22.5726,88.3639
NGO704704,USER_NGO704704,Community NGO 4705,Not Provided,Hyderabad - West,3310,Mixed,17.385,78.4867
NGO704705,USER_NGO704705,Community NGO 4706,Not Provided,Bengaluru - West,9520,Mixed,12.9716,77.5946
NGO704706,USER_NGO704706,Community NGO 4707,Not Provided,Hyderabad - Citywide,6770,Mixed,17.385,78.4867
NGO704707,USER_NGO704707,Community NGO 4708,Not Provided,Remote - West,4050,Mixed,20.5937,78.9629
NGO704708,USER_NGO704708,Community NGO 4709,Not Provided,Remote - East,960,Mixed,20.5937,78.9629
NGO700470,USER_NGO700470,Community NGO 471,Not Provided,Jaipur - West,3970,Mixed,26.9124,75.7873
NGO704709,USER_NGO704709,Community NGO 4710,Not Provided,Chennai - Central,2930,Mixed,13.0827,80.2707
NGO704710,USER_NGO704710,Community NGO 4711,Not Provided,Chennai - North,10000,Mixed,13.0827,80.2707
NGO704711,USER_NGO704711,Community NGO 4712,Not Provided,Remote - South,13595,Mixed,20.5937,78.9629
NGO704712,USER_NGO704712,Community NGO 4713,Not Provided,Bengaluru - West,6475,Mixed,12.9716,77.5946
NGO704713,USER_NGO704713,Community NGO 4714,Not Provided,Mumbai - North,1415,Mixed,19.076,72.8777
NGO704715,USER_NGO704715,Community NGO 4716,Not Provided,Jaipur - North,8195,Mixed,26.9124,75.7873
NGO704716,USER_NGO704716,Community NGO 4717,Not Provided,Remote - Central,3895,Mixed,20.5937,78.9629
NGO704717,USER_NGO704717,Community NGO 4718,Not Provided,Hyderabad - South,11285,Mixed,17.385,78.4867
NGO704718,USER_NGO704718,Community NGO 4719,Not Provided,Mumbai - West,5350,Mixed,19.076,72.8777
NGO700471,USER_NGO700471,Community NGO 472,Not Provided,Kolkata - South,4810,Mixed,22.5726,88.3639
NGO704720,USER_NGO704720,Community NGO 4721,Not Provided,Ahmedabad - East,6660,Mixed,23.0225,72.5714
NGO704722,USER_NGO704722,Community NGO 4723,Not Provided,Chennai - North,12830,Mixed,13.0827,80.2707
NGO704723,USER_NGO704723,Community NGO 4724,Not Provided,Hyderabad - West,1635,Mixed,17.385,78.4867
NGO704724,USER_NGO704724,Community NGO 4725,Not Provided,Kolkata - West,11405,Mixed,22.5726,88.3639
NGO704725,USER_NGO704725,Community NGO 4726,Not Provided,Remote - Central,11490,Mixed,20.5937,78.9629
NGO704727,USER_NGO704727,Community NGO 4728,Not Provided,Chennai - North,9850,Mixed,13.0827,80.2707
NGO704728,USER_NGO704728,Community NGO 4729,Not Provided,Kolkata - East,7840,Mixed,22.5726,88.3639
NGO700472,USER_NGO700472,Community NGO 473,Not Provided,Bengaluru - East,3905,Mixed,12.9716,77.5946
NGO704729,USER_NGO704729,Community NGO 4730,Not Provided,Chennai - Citywide,9015,Mixed,13.0827,80.2707
NGO704730,USER_NGO704730,Community NGO 4731,Not Provided,Jaipur - South,9800,Mixed,26.9124,75.7873
NGO704733,USER_NGO704733,Community NGO 4734,Not Provided,Remote - East,9570,Mixed,20.5937,78.9629
NGO704735,USER_NGO704735,Community NGO 4736,Not Provided,Remote - West,7685,Mixed,20.5937,78.9629
NGO704736,USER_NGO704736,Community NGO 4737,Not Provided,Mumbai - Central,4655,Mixed,19.076,72.8777
NGO704737,USER_NGO704737,Community NGO 4738,Not Provided,Kolkata - South,9965,Mixed,22.5726,88.3639
NGO704738,USER_NGO704738,Community NGO 4739,Not Provided,Bengaluru - East,780,Mixed,12.9716,77.5946
NGO700473,USER_NGO700473,Community NGO 474,Not Provided,Bengaluru - East,840,Mixed,12.9716,77.5946
NGO704740,USER_NGO704740,Community NGO 4741,Not Provided,Delhi NCR - South,9235,Mixed,28.6139,77.209
NGO704741,USER_NGO704741,Community NGO 4742,Not Provided,Jaipur - South,14050,Mixed,26.9124,75.7873
NGO704743,USER_NGO704743,Community NGO 4744,Not Provided,Remote - Citywide,14950,Mixed,20.5937,78.9629
NGO704744,USER_NGO704744,Community NGO 4745,Not Provided,Kolkata - West,14480,Mixed,22.5726,88.3639
NGO704745,USER_NGO704745,Community NGO 4746,Not Provided,Delhi NCR - Central,5805,Mixed,28.6139,77.209
NGO704746,USER_NGO704746,Community NGO 4747,Not Provided,Chennai - North,14725,Mixed,13.0827,80.2707
NGO700474,USER_NGO700474,Community NGO 475,Not Provided,Hyderabad - Citywide,2020,Mixed,17.385,78.4867
NGO704749,USER_NGO704749,Community NGO 4750,Not Provided,Hyderabad - South,7465,Mixed,17.385,78.4867
NGO704750,USER_NGO704750,Community NGO 4751,Not Provided,Hyderabad - Central,7415,Mixed,17.385,78.4867
NGO704752,USER_NGO704752,Community NGO 4753,Not Provided,Chennai - North,9035,Mixed,13.0827,80.2707
NGO704753,USER_NGO704753,Community NGO 4754,Not Provided,Remote - West,1720,Mixed,20.5937,78.9629
NGO704754,USER_NGO704754,Community NGO 4755,Not Provided,Kolkata - Citywide,11325,Mixed,22.5726,88.3639
NGO704755,USER_NGO704755,Community NGO 4756,Not Provided,Delhi NCR - Citywide,12050,Mixed,28.6139,77.209
NGO704756,USER_NGO704756,Community NGO 4757,Not Provided,Ahmedabad - West,12940,Mixed,23.0225,72.5714
NGO704757,USER_NGO704757,Community NGO 4758,Not Provided,Chennai - North,1340,Mixed,13.0827,80.2707
NGO704758,USER_NGO704758,Community NGO 4759,Not Provided,Remote - Central,14680,Mixed,20.5937,78.9629
NGO700475,USER_NGO700475,Community NGO 476,Not Provided,Pune - North,8725,Mixed,18.5204,73.8567
NGO704759,USER_NGO704759,Community NGO 4760,Not Provided,Delhi NCR - Citywide,4785,Mixed,28.6139,77.209
NGO704760,USER_NGO704760,Community NGO 4761,Not Provided,Chennai - North,5105,Mixed,13.0827,80.2707
NGO704762,USER_NGO704762,Community NGO 4763,Not Provided,Hyderabad - South,6355,Mixed,17.385,78.4867
NGO704763,USER_NGO704763,Community NGO 4764,Not Provided,Pune - Central,13495,Mixed,18.5204,73.8567
NGO704764,USER_NGO704764,Community NGO 4765,Not Provided,Mumbai - East,2540,Mixed,19.076,72.8777
NGO704765,USER_NGO704765,Community NGO 4766,Not Provided,Ahmedabad - North,11015,Mixed,23.0225,72.5714
NGO704767,USER_NGO704767,Community NGO 4768,Not Provided,Bengaluru - West,8365,Mixed,12.9716,77.5946
NGO704768,USER_NGO704768,Community NGO 4769,Not Provided,Mumbai - West,5045,Mixed,19.076,72.8777
NGO700476,USER_NGO700476,Community NGO 477,Not Provided,Jaipur - West,9340,Mixed,26.9124,75.7873
NGO704771,USER_NGO704771,Community NGO 4772,Not Provided,Hyderabad - North,2660,Mixed,17.385,78.4867
NGO704772,USER_NGO704772,Community NGO 4773,Not Provided,Bengaluru - East,11335,Mixed,12.9716,77.5946
NGO704773,USER_NGO704773,Community NGO 4774,Not Provided,Pune - North,14310,Mixed,18.5204,73.8567
NGO704774,USER_NGO704774,Community NGO 4775,Not Provided,Kolkata - West,9380,Mixed,22.5726,88.3639
NGO704776,USER_NGO704776,Community NGO 4777,Not Provided,Delhi NCR - West,10375,Mixed,28.6139,77.209
NGO704778,USER_NGO704778,Community NGO 4779,Not Provided,Jaipur - North,8325,Mixed,26.9124,75.7873
NGO700477,USER_NGO700477,Community NGO 478,Not Provided,Bengaluru - South,6520,Mixed,12.9716,77.5946
NGO704781,USER_NGO704781,Community NGO 4782,Not Provided,Bengaluru - East,7005,Mixed,12.9716,77.5946
NGO704782,USER_NGO704782,Community NGO 4783,Not Provided,Ahmedabad - Central,1035,Mixed,23.0225,72.5714
NGO704783,USER_NGO704783,Community NGO 4784,Not Provided,Bengaluru - West,9185,Mixed,12.9716,77.5946
NGO704786,USER_NGO704786,Community NGO 4787,Not Provided,Hyderabad - West,4570,Mixed,17.385,78.4867
NGO704787,USER_NGO704787,Community NGO 4788,Not Provided,Chennai - Central,13720,Mixed,13.0827,80.2707
NGO700478,USER_NGO700478,Community NGO 479,Not Provided,Delhi NCR - Citywide,5825,Mixed,28.6139,77.209
NGO704789,USER_NGO704789,Community NGO 4790,Not Provided,Hyderabad - Central,9880,Mixed,17.385,78.4867
NGO704790,USER_NGO704790,Community NGO 4791,Not Provided,Pune - West,625,Mixed,18.5204,73.8567
NGO704791,USER_NGO704791,Community NGO 4792,Not Provided,Delhi NCR - East,9225,Mixed,28.6139,77.209
NGO704792,USER_NGO704792,Community NGO 4793,Not Provided,Chennai - North,6940,Mixed,13.0827,80.2707
NGO704793,USER_NGO704793,Community NGO 4794,Not Provided,Ahmedabad - Citywide,10755,Mixed,23.0225,72.5714
NGO704794,USER_NGO704794,Community NGO 4795,Not Provided,Ahmedabad - Citywide,11645,Mixed,23.0225,72.5714
NGO704795,USER_NGO704795,Community NGO 4796,Not Provided,Remote - South,14535,Mixed,20.5937,78.9629
NGO704796,USER_NGO704796,Community NGO 4797,Not Provided,Hyderabad - West,5495,Mixed,17.385,78.4867
NGO704797,USER_NGO704797,Community NGO 4798,Not Provided,Kolkata - East,12725,Mixed,22.5726,88.3639
NGO700047,USER_NGO700047,Community NGO 48,Not Provided,Kolkata - East,13640,Mixed,22.5726,88.3639
NGO700479,USER_NGO700479,Community NGO 480,Not Provided,Bengaluru - North,14510,Mixed,12.9716,77.5946
NGO704799,USER_NGO704799,Community NGO 4800,Not Provided,Mumbai - Central,12450,Mixed,19.076,72.8777
NGO704800,USER_NGO704800,Community NGO 4801,Not Provided,Kolkata - Central,8170,Mixed,22.5726,88.3639
NGO704801,USER_NGO704801,Community NGO 4802,Not Provided,Ahmedabad - East,11230,Mixed,23.0225,72.5714
NGO704802,USER_NGO704802,Community NGO 4803,Not Provided,Mumbai - Citywide,425,Mixed,19.076,72.8777
NGO704803,USER_NGO704803,Community NGO 4804,Not Provided,Kolkata - South,7790,Mixed,22.5726,88.3639
NGO704804,USER_NGO704804,Community NGO 4805,Not Provided,Mumbai - South,2775,Mixed,19.076,72.8777
NGO704805,USER_NGO704805,Community NGO 4806,Not Provided,Remote - North,8575,Mixed,20.5937,78.9629
NGO704806,USER_NGO704806,Community NGO 4807,Not Provided,Mumbai - Central,8910,Mixed,19.076,72.8777
NGO704808,USER_NGO704808,Community NGO 4809,Not Provided,Jaipur - East,630,Mixed,26.9124,75.7873
NGO700480,USER_NGO700480,Community NGO 481,Not Provided,Delhi NCR - South,5890,Mixed,28.6139,77.209
NGO704809,USER_NGO704809,Community NGO 4810,Not Provided,Remote - South,2820,Mixed,20.5937,78.9629
NGO704810,USER_NGO704810,Community NGO 4811,Not Provided,Hyderabad - East,11405,Mixed,17.385,78.4867
NGO704811,USER_NGO704811,Community NGO 4812,Not Provided,Mumbai - North,10880,Mixed,19.076,72.8777
NGO704812,USER_NGO704812,Community NGO 4813,Not Provided,Chennai - Central,2280,Mixed,13.0827,80.2707
NGO704814,USER_NGO704814,Community NGO 4815,Not Provided,Ahmedabad - North,14500,Mixed,23.0225,72.5714
NGO704815,USER_NGO704815,Community NGO 4816,Not Provided,Kolkata - South,12735,Mixed,22.5726,88.3639
NGO704817,USER_NGO704817,Community NGO 4818,Not Provided,Hyderabad - South,1280,Mixed,17.385,78.4867
NGO704818,USER_NGO704818,Community NGO 4819,Not Provided,Bengaluru - Citywide,7965,Mixed,12.9716,77.5946
NGO700481,USER_NGO700481,Community NGO 482,Not Provided,Delhi NCR - East,3010,Mixed,28.6139,77.209
NGO704819,USER_NGO704819,Community NGO 4820,Not Provided,Jaipur - East,3050,Mixed,26.9124,75.7873
NGO704821,USER_NGO704821,Community NGO 4822,Not Provided,Delhi NCR - Citywide,9250,Mixed,28.6139,77.209
NGO704822,USER_NGO704822,Community NGO 4823,Not Provided,Remote - Central,9585,Mixed,20.5937,78.9629
NGO704823,USER_NGO704823,Community NGO 4824,Not Provided,Ahmedabad - North,410,Mixed,23.0225,72.5714
NGO704824,USER_NGO704824,Community NGO 4825,Not Provided,Remote - South,4105,Mixed,20.5937,78.9629
NGO704826,USER_NGO704826,Community NGO 4827,Not Provided,Pune - Citywide,4180,Mixed,18.5204,73.8567
NGO704827,USER_NGO704827,Community NGO 4828,Not Provided,Mumbai - East,12570,Mixed,19.076,72.8777
NGO704828,USER_NGO704828,Community NGO 4829,Not Provided,Hyderabad - East,3735,Mixed,17.385,78.4867
NGO700482,USER_NGO700482,Community NGO 483,Not Provided,Remote - South,11185,Mixed,20.5937,78.9629
NGO704829,USER_NGO704829,Community NGO 4830,Not Provided,Remote - Central,5770,Mixed,20.5937,78.9629
NGO704830,USER_NGO704830,Community NGO 4831,Not Provided,Bengaluru - Citywide,2515,Mixed,12.9716,77.5946
NGO704831,USER_NGO704831,Community NGO 4832,Not Provided,Kolkata - South,3510,Mixed,22.5726,88.3639
NGO704832,USER_NGO704832,Community NGO 4833,Not Provided,Chennai - South,13465,Mixed,13.0827,80.2707
NGO704833,USER_NGO704833,Community NGO 4834,Not Provided,Kolkata - North,11200,Mixed,22.5726,88.3639
NGO704835,USER_NGO704835,Community NGO 4836,Not Provided,Kolkata - Central,6280,Mixed,22.5726,88.3639
NGO704836,USER_NGO704836,Community NGO 4837,Not Provided,Kolkata - Central,4690,Mixed,22.5726,88.3639
NGO704837,USER_NGO704837,Community NGO 4838,Not Provided,Kolkata - Citywide,5850,Mixed,22.5726,88.3639
NGO704838,USER_NGO704838,Community NGO 4839,Not Provided,Mumbai - East,11720,Mixed,19.076,72.8777
NGO700483,USER_NGO700483,Community NGO 484,Not Provided,Bengaluru - West,4415,Mixed,12.9716,77.5946
NGO704840,USER_NGO704840,Community NGO 4841,Not Provided,Pune - Citywide,8760,Mixed,18.5204,73.8567
NGO704841,USER_NGO704841,Community NGO 4842,Not Provided,Bengaluru - Citywide,13385,Mixed,12.9716,77.5946
NGO704842,USER_NGO704842,Community NGO 4843,Not Provided,Mumbai - Citywide,2405,Mixed,19.076,72.8777
NGO704844,USER_NGO704844,Community NGO 4845,Not Provided,Jaipur - South,12485,Mixed,26.9124,75.7873
NGO704846,USER_NGO704846,Community NGO 4847,Not Provided,Bengaluru - South,10280,Mixed,12.9716,77.5946
NGO704847,USER_NGO704847,Community NGO 4848,Not Provided,Pune - East,7880,Mixed,18.5204,73.8567
NGO700484,USER_NGO700484,Community NGO 485,Not Provided,Chennai - Central,13725,Mixed,13.0827,80.2707
NGO704851,USER_NGO704851,Community NGO 4852,Not Provided,Hyderabad - South,655,Mixed,17.385,78.4867
NGO704852,USER_NGO704852,Community NGO 4853,Not Provided,Chennai - West,6180,Mixed,13.0827,80.2707
NGO704853,USER_NGO704853,Community NGO 4854,Not Provided,Delhi NCR - West,6725,Mixed,28.6139,77.209
NGO704854,USER_NGO704854,Community NGO 4855,Not Provided,Mumbai - South,9365,Mixed,19.076,72.8777
NGO704855,USER_NGO704855,Community NGO 4856,Not Provided,Ahmedabad - South,5525,Mixed,23.0225,72.5714
NGO704856,USER_NGO704856,Community NGO 4857,Not Provided,Jaipur - Central,13330,Mixed,26.9124,75.7873
NGO704857,USER_NGO704857,Community NGO 4858,Not Provided,Mumbai - Citywide,1845,Mixed,19.076,72.8777
NGO704858,USER_NGO704858,Community NGO 4859,Not Provided,Mumbai - West,4655,Mixed,19.076,72.8777
NGO700485,USER_NGO700485,Community NGO 486,Not Provided,Remote - West,4830,Mixed,20.5937,78.9629
NGO704860,USER_NGO704860,Community NGO 4861,Not Provided,Ahmedabad - East,8320,Mixed,23.0225,72.5714
NGO704861,USER_NGO704861,Community NGO 4862,Not Provided,Ahmedabad - West,14265,Mixed,23.0225,72.5714
NGO704862,USER_NGO704862,Community NGO 4863,Not Provided,Kolkata - Citywide,10485,Mixed,22.5726,88.3639
NGO704863,USER_NGO704863,Community NGO 4864,Not Provided,Delhi NCR - Citywide,13695,Mixed,28.6139,77.209
NGO704865,USER_NGO704865,Community NGO 4866,Not Provided,Pune - East,7135,Mixed,18.5204,73.8567
NGO704866,USER_NGO704866,Community NGO 4867,Not Provided,Bengaluru - South,8390,Mixed,12.9716,77.5946
NGO704868,USER_NGO704868,Community NGO 4869,Not Provided,Bengaluru - South,9060,Mixed,12.9716,77.5946
NGO700486,USER_NGO700486,Community NGO 487,Not Provided,Pune - Central,14175,Mixed,18.5204,73.8567
NGO704869,USER_NGO704869,Community NGO 4870,Not Provided,Jaipur - Central,12495,Mixed,26.9124,75.7873
NGO704870,USER_NGO704870,Community NGO 4871,Not Provided,Mumbai - West,5980,Mixed,19.076,72.8777
NGO704871,USER_NGO704871,Community NGO 4872,Not Provided,Hyderabad - Citywide,14450,Mixed,17.385,78.4867
NGO704872,USER_NGO704872,Community NGO 4873,Not Provided,Remote - Citywide,13430,Mixed,20.5937,78.9629
NGO704874,USER_NGO704874,Community NGO 4875,Not Provided,Jaipur - West,5120,Mixed,26.9124,75.7873
NGO704875,USER_NGO704875,Community NGO 4876,Not Provided,Delhi NCR - East,5365,Mixed,28.6139,77.209
NGO704876,USER_NGO704876,Community NGO 4877,Not Provided,Mumbai - Central,5880,Mixed,19.076,72.8777
NGO704877,USER_NGO704877,Community NGO 4878,Not Provided,Kolkata - Central,13415,Mixed,22.5726,88.3639
NGO704878,USER_NGO704878,Community NGO 4879,Not Provided,Remote - West,8035,Mixed,20.5937,78.9629
NGO700487,USER_NGO700487,Community NGO 488,Not Provided,Hyderabad - East,8340,Mixed,17.385,78.4867
NGO704879,USER_NGO704879,Community NGO 4880,Not Provided,Jaipur - East,1015,Mixed,26.9124,75.7873
NGO704880,USER_NGO704880,Community NGO 4881,Not Provided,Jaipur - Citywide,14670,Mixed,26.9124,75.7873
NGO704882,USER_NGO704882,Community NGO 4883,Not Provided,Mumbai - North,3860,Mixed,19.076,72.8777
NGO704885,USER_NGO704885,Community NGO 4886,Not Provided,Bengaluru - West,6210,Mixed,12.9716,77.5946
NGO700488,USER_NGO700488,Community NGO 489,Not Provided,Pune - Citywide,10340,Mixed,18.5204,73.8567
NGO704889,USER_NGO704889,Community NGO 4890,Not Provided,Chennai - Citywide,13755,Mixed,13.0827,80.2707
NGO704890,USER_NGO704890,Community NGO 4891,Not Provided,Bengaluru - Citywide,6020,Mixed,12.9716,77.5946
NGO704891,USER_NGO704891,Community NGO 4892,Not Provided,Hyderabad - Citywide,9655,Mixed,17.385,78.4867
NGO704892,USER_NGO704892,Community NGO 4893,Not Provided,Hyderabad - Central,14760,Mixed,17.385,78.4867
NGO704893,USER_NGO704893,Community NGO 4894,Not Provided,Jaipur - West,14300,Mixed,26.9124,75.7873
NGO704894,USER_NGO704894,Community NGO 4895,Not Provided,Mumbai - Citywide,11185,Mixed,19.076,72.8777
NGO704895,USER_NGO704895,Community NGO 4896,Not Provided,Pune - East,9340,Mixed,18.5204,73.8567
NGO704896,USER_NGO704896,Community NGO 4897,Not Provided,Jaipur - Central,5935,Mixed,26.9124,75.7873
NGO704897,USER_NGO704897,Community NGO 4898,Not Provided,Remote - North,6410,Mixed,20.5937,78.9629
NGO704898,USER_NGO704898,Community NGO 4899,Not Provided,Remote - Citywide,12285,Mixed,20.5937,78.9629
NGO700048,USER_NGO700048,Community NGO 49,Not Provided,Jaipur - North,655,Mixed,26.9124,75.7873
NGO700489,USER_NGO700489,Community NGO 490,Not Provided,Hyderabad - East,14365,Mixed,17.385,78.4867
NGO704900,USER_NGO704900,Community NGO 4901,Not Provided,Pune - East,4860,Mixed,18.5204,73.8567
NGO704901,USER_NGO704901,Community NGO 4902,Not Provided,Pune - Citywide,6715,Mixed,18.5204,73.8567
NGO704902,USER_NGO704902,Community NGO 4903,Not Provided,Pune - East,10300,Mixed,18.5204,73.8567
NGO704903,USER_NGO704903,Community NGO 4904,Not Provided,Ahmedabad - North,12260,Mixed,23.0225,72.5714
NGO704904,USER_NGO704904,Community NGO 4905,Not Provided,Kolkata - West,6295,Mixed,22.5726,88.3639
NGO704905,USER_NGO704905,Community NGO 4906,Not Provided,Bengaluru - South,4835,Mixed,12.9716,77.5946
NGO704909,USER_NGO704909,Community NGO 4910,Not Provided,Delhi NCR - North,5380,Mixed,28.6139,77.209
NGO704910,USER_NGO704910,Community NGO 4911,Not Provided,Ahmedabad - South,9835,Mixed,23.0225,72.5714
NGO704911,USER_NGO704911,Community NGO 4912,Not Provided,Bengaluru - East,6835,Mixed,12.9716,77.5946
NGO704913,USER_NGO704913,Community NGO 4914,Not Provided,Mumbai - Central,11465,Mixed,19.076,72.8777
NGO704916,USER_NGO704916,Community NGO 4917,Not Provided,Remote - Citywide,885,Mixed,20.5937,78.9629
NGO704917,USER_NGO704917,Community NGO 4918,Not Provided,Chennai - East,14400,Mixed,13.0827,80.2707
NGO704918,USER_NGO704918,Community NGO 4919,Not Provided,Mumbai - West,465,Mixed,19.076,72.8777
NGO700491,USER_NGO700491,Community NGO 492,Not Provided,Bengaluru - Central,13630,Mixed,12.9716,77.5946
NGO704919,USER_NGO704919,Community NGO 4920,Not Provided,Bengaluru - Citywide,910,Mixed,12.9716,77.5946
NGO704921,USER_NGO704921,Community NGO 4922,Not Provided,Remote - Citywide,7945,Mixed,20.5937,78.9629
NGO704922,USER_NGO704922,Community NGO 4923,Not Provided,Ahmedabad - East,7795,Mixed,23.0225,72.5714
NGO704923,USER_NGO704923,Community NGO 4924,Not Provided,Delhi NCR - South,10360,Mixed,28.6139,77.209
NGO704924,USER_NGO704924,Community NGO 4925,Not Provided,Ahmedabad - North,3525,Mixed,23.0225,72.5714
NGO704925,USER_NGO704925,Community NGO 4926,Not Provided,Remote - South,9260,Mixed,20.5937,78.9629
NGO704926,USER_NGO704926,Community NGO 4927,Not Provided,Remote - West,11725,Mixed,20.5937,78.9629
NGO704927,USER_NGO704927,Community NGO 4928,Not Provided,Ahmedabad - Central,9925,Mixed,23.0225,72.5714
NGO704928,USER_NGO704928,Community NGO 4929,Not Provided,Pune - Central,14025,Mixed,18.5204,73.8567
NGO704929,USER_NGO704929,Community NGO 4930,Not Provided,Pune - Central,4930,Mixed,18.5204,73.8567
NGO704931,USER_NGO704931,Community NGO 4932,Not Provided,Ahmedabad - North,14865,Mixed,23.0225,72.5714
NGO704933,USER_NGO704933,Community NGO 4934,Not Provided,Remote - North,9145,Mixed,20.5937,78.9629
NGO704934,USER_NGO704934,Community NGO 4935,Not Provided,Mumbai - Central,5680,Mixed,19.076,72.8777
NGO704935,USER_NGO704935,Community NGO 4936,Not Provided,Mumbai - Central,9095,Mixed,19.076,72.8777
NGO704936,USER_NGO704936,Community NGO 4937,Not Provided,Delhi NCR - North,11680,Mixed,28.6139,77.209
NGO704938,USER_NGO704938,Community NGO 4939,Not Provided,Kolkata - East,7275,Mixed,22.5726,88.3639
NGO700493,USER_NGO700493,Community NGO 494,Not Provided,Jaipur - West,12470,Mixed,26.9124,75.7873
NGO704939,USER_NGO704939,Community NGO 4940,Not Provided,Kolkata - South,2280,Mixed,22.5726,88.3639
NGO704940,USER_NGO704940,Community NGO 4941,Not Provided,Pune - Central,7915,Mixed,18.5204,73.8567
NGO704941,USER_NGO704941,Community NGO 4942,Not Provided,Pune - Central,13095,Mixed,18.5204,73.8567
NGO704944,USER_NGO704944,Community NGO 4945,Not Provided,Delhi NCR - South,1385,Mixed,28.6139,77.209
NGO704945,USER_NGO704945,Community NGO 4946,Not Provided,Delhi NCR - East,3595,Mixed,28.6139,77.209
NGO704947,USER_NGO704947,Community NGO 4948,Not Provided,Remote - South,4950,Mixed,20.5937,78.9629
NGO700494,USER_NGO700494,Community NGO 495,Not Provided,Delhi NCR - East,7150,Mixed,28.6139,77.209
NGO704949,USER_NGO704949,Community NGO 4950,Not Provided,Jaipur - East,14660,Mixed,26.9124,75.7873
NGO704951,USER_NGO704951,Community NGO 4952,Not Provided,Delhi NCR - East,10240,Mixed,28.6139,77.209
NGO704952,USER_NGO704952,Community NGO 4953,Not Provided,Chennai - North,7095,Mixed,13.0827,80.2707
NGO704953,USER_NGO704953,Community NGO 4954,Not Provided,Mumbai - North,3700,Mixed,19.076,72.8777
NGO704954,USER_NGO704954,Community NGO 4955,Not Provided,Kolkata - South,835,Mixed,22.5726,88.3639
NGO704955,USER_NGO704955,Community NGO 4956,Not Provided,Remote - North,12885,Mixed,20.5937,78.9629
NGO704956,USER_NGO704956,Community NGO 4957,Not Provided,Kolkata - East,6530,Mixed,22.5726,88.3639
NGO704957,USER_NGO704957,Community NGO 4958,Not Provided,Hyderabad - Central,1560,Mixed,17.385,78.4867
NGO704958,USER_NGO704958,Community NGO 4959,Not Provided,Ahmedabad - East,1385,Mixed,23.0225,72.5714
NGO700495,USER_NGO700495,Community NGO 496,Not Provided,Ahmedabad - Central,6855,Mixed,23.0225,72.5714
NGO704959,USER_NGO704959,Community NGO 4960,Not Provided,Kolkata - South,1850,Mixed,22.5726,88.3639
NGO704960,USER_NGO704960,Community NGO 4961,Not Provided,Remote - Central,6290,Mixed,20.5937,78.9629
NGO704961,USER_NGO704961,Community NGO 4962,Not Provided,Delhi NCR - West,13690,Mixed,28.6139,77.209
NGO704963,USER_NGO704963,Community NGO 4964,Not Provided,Delhi NCR - Central,2455,Mixed,28.6139,77.209
NGO704964,USER_NGO704964,Community NGO 4965,Not Provided,Remote - East,8525,Mixed,20.5937,78.9629
NGO704965,USER_NGO704965,Community NGO 4966,Not Provided,Kolkata - West,13055,Mixed,22.5726,88.3639
NGO704967,USER_NGO704967,Community NGO 4968,Not Provided,Mumbai - West,785,Mixed,19.076,72.8777
NGO704968,USER_NGO704968,Community NGO 4969,Not Provided,Kolkata - West,4945,Mixed,22.5726,88.3639
NGO700496,USER_NGO700496,Community NGO 497,Not Provided,Remote - East,11845,Mixed,20.5937,78.9629
NGO704969,USER_NGO704969,Community NGO 4970,Not Provided,Remote - Citywide,4515,Mixed,20.5937,78.9629
NGO704970,USER_NGO704970,Community NGO 4971,Not Provided,Hyderabad - North,7165,Mixed,17.385,78.4867
NGO704971,USER_NGO704971,Community NGO 4972,Not Provided,Chennai - North,12340,Mixed,13.0827,80.2707
NGO704972,USER_NGO704972,Community NGO 4973,Not Provided,Ahmedabad - Citywide,6210,Mixed,23.0225,72.5714
NGO704973,USER_NGO704973,Community NGO 4974,Not Provided,Mumbai - South,12985,Mixed,19.076,72.8777
NGO704974,USER_NGO704974,Community NGO 4975,Not Provided,Chennai - Central,11525,Mixed,13.0827,80.2707
NGO704975,USER_NGO704975,Community NGO 4976,Not Provided,Delhi NCR - South,1260,Mixed,28.6139,77.209
NGO704976,USER_NGO704976,Community NGO 4977,Not Provided,Kolkata - Central,13985,Mixed,22.5726,88.3639
NGO704978,USER_NGO704978,Community NGO 4979,Not Provided,Delhi NCR - Citywide,5805,Mixed,28.6139,77.209
NGO700497,USER_NGO700497,Community NGO 498,Not Provided,Chennai - Citywide,13790,Mixed,13.0827,80.2707
NGO704979,USER_NGO704979,Community NGO 4980,Not Provided,Chennai - Central,3650,Mixed,13.0827,80.2707
NGO704982,USER_NGO704982,Community NGO 4983,Not Provided,Delhi NCR - South,9070,Mixed,28.6139,77.209
NGO704984,USER_NGO704984,Community NGO 4985,Not Provided,Pune - West,4415,Mixed,18.5204,73.8567
NGO704985,USER_NGO704985,Community NGO 4986,Not Provided,Pune - East,6350,Mixed,18.5204,73.8567
NGO704987,USER_NGO704987,Community NGO 4988,Not Provided,Hyderabad - South,2325,Mixed,17.385,78.4867
NGO704989,USER_NGO704989,Community NGO 4990,Not Provided,Ahmedabad - Citywide,5490,Mixed,23.0225,72.5714
NGO704990,USER_NGO704990,Community NGO 4991,Not Provided,Chennai - Citywide,12825,Mixed,13.0827,80.2707
NGO704991,USER_NGO704991,Community NGO 4992,Not Provided,Mumbai - Central,10290,Mixed,19.076,72.8777
NGO704993,USER_NGO704993,Community NGO 4994,Not Provided,Remote - South,4200,Mixed,20.5937,78.9629
NGO704995,USER_NGO704995,Community NGO 4996,Not Provided,Bengaluru - West,4480,Mixed,12.9716,77.5946
NGO704996,USER_NGO704996,Community NGO 4997,Not Provided,Hyderabad - West,1790,Mixed,17.385,78.4867
NGO704997,USER_NGO704997,Community NGO 4998,Not Provided,Hyderabad - North,7650,Mixed,17.385,78.4867
NGO704998,USER_NGO704998,Community NGO 4999,Not Provided,Chennai - East,8785,Mixed,13.0827,80.2707
NGO700004,USER_NGO700004,Community NGO 5,Not Provided,Delhi NCR - North,2425,Mixed,28.6139,77.209
NGO700049,USER_NGO700049,Community NGO 50,Not Provided,Hyderabad - Central,12320,Mixed,17.385,78.4867
NGO704999,USER_NGO704999,Community NGO 5000,Not Provided,Ahmedabad - East,9355,Mixed,23.0225,72.5714
NGO705000,USER_NGO705000,Community NGO 5001,Not Provided,Remote - West,6690,Mixed,20.5937,78.9629
NGO705002,USER_NGO705002,Community NGO 5003,Not Provided,Hyderabad - Central,6650,Mixed,17.385,78.4867
NGO705004,USER_NGO705004,Community NGO 5005,Not Provided,Kolkata - East,9205,Mixed,22.5726,88.3639
NGO705006,USER_NGO705006,Community NGO 5007,Not Provided,Hyderabad - South,13870,Mixed,17.385,78.4867
NGO705007,USER_NGO705007,Community NGO 5008,Not Provided,Bengaluru - Central,11955,Mixed,12.9716,77.5946
NGO705008,USER_NGO705008,Community NGO 5009,Not Provided,Kolkata - East,13505,Mixed,22.5726,88.3639
NGO700500,USER_NGO700500,Community NGO 501,Not Provided,Mumbai - Citywide,11410,Mixed,19.076,72.8777
NGO705009,USER_NGO705009,Community NGO 5010,Not Provided,Ahmedabad - North,7740,Mixed,23.0225,72.5714
NGO705010,USER_NGO705010,Community NGO 5011,Not Provided,Ahmedabad - North,9780,Mixed,23.0225,72.5714
NGO705011,USER_NGO705011,Community NGO 5012,Not Provided,Hyderabad - West,12075,Mixed,17.385,78.4867
NGO705012,USER_NGO705012,Community NGO 5013,Not Provided,Ahmedabad - East,3095,Mixed,23.0225,72.5714
NGO705013,USER_NGO705013,Community NGO 5014,Not Provided,Bengaluru - West,2900,Mixed,12.9716,77.5946
NGO705014,USER_NGO705014,Community NGO 5015,Not Provided,Jaipur - West,11570,Mixed,26.9124,75.7873
NGO705016,USER_NGO705016,Community NGO 5017,Not Provided,Hyderabad - South,6085,Mixed,17.385,78.4867
NGO705017,USER_NGO705017,Community NGO 5018,Not Provided,Bengaluru - West,10550,Mixed,12.9716,77.5946
NGO705018,USER_NGO705018,Community NGO 5019,Not Provided,Hyderabad - South,10255,Mixed,17.385,78.4867
NGO705019,USER_NGO705019,Community NGO 5020,Not Provided,Delhi NCR - West,14635,Mixed,28.6139,77.209
NGO705020,USER_NGO705020,Community NGO 5021,Not Provided,Remote - North,6380,Mixed,20.5937,78.9629
NGO705021,USER_NGO705021,Community NGO 5022,Not Provided,Kolkata - Central,5150,Mixed,22.5726,88.3639
NGO705022,USER_NGO705022,Community NGO 5023,Not Provided,Delhi NCR - South,11315,Mixed,28.6139,77.209
NGO705023,USER_NGO705023,Community NGO 5024,Not Provided,Remote - Central,12065,Mixed,20.5937,78.9629
NGO705024,USER_NGO705024,Community NGO 5025,Not Provided,Mumbai - East,2870,Mixed,19.076,72.8777
NGO705028,USER_NGO705028,Community NGO 5029,Not Provided,Remote - West,310,Mixed,20.5937,78.9629
NGO700502,USER_NGO700502,Community NGO 503,Not Provided,Mumbai - South,2495,Mixed,19.076,72.8777
NGO705029,USER_NGO705029,Community NGO 5030,Not Provided,Pune - North,6815,Mixed,18.5204,73.8567
NGO705030,USER_NGO705030,Community NGO 5031,Not Provided,Delhi NCR - North,1380,Mixed,28.6139,77.209
NGO705032,USER_NGO705032,Community NGO 5033,Not Provided,Ahmedabad - East,5060,Mixed,23.0225,72.5714
NGO705033,USER_NGO705033,Community NGO 5034,Not Provided,Pune - South,1920,Mixed,18.5204,73.8567
NGO705034,USER_NGO705034,Community NGO 5035,Not Provided,Bengaluru - Citywide,10705,Mixed,12.9716,77.5946
NGO705035,USER_NGO705035,Community NGO 5036,Not Provided,Bengaluru - East,6705,Mixed,12.9716,77.5946
NGO705037,USER_NGO705037,Community NGO 5038,Not Provided,Remote - South,10590,Mixed,20.5937,78.9629
NGO705038,USER_NGO705038,Community NGO 5039,Not Provided,Pune - North,6520,Mixed,18.5204,73.8567
NGO700503,USER_NGO700503,Community NGO 504,Not Provided,Jaipur - South,9630,Mixed,26.9124,75.7873
NGO705040,USER_NGO705040,Community NGO 5041,Not Provided,Jaipur - Citywide,10300,Mixed,26.9124,75.7873
NGO705041,USER_NGO705041,Community NGO 5042,Not Provided,Kolkata - East,14100,Mixed,22.5726,88.3639
NGO705043,USER_NGO705043,Community NGO 5044,Not Provided,Pune - East,10935,Mixed,18.5204,73.8567
NGO705045,USER_NGO705045,Community NGO 5046,Not Provided,Ahmedabad - East,3255,Mixed,23.0225,72.5714
NGO705046,USER_NGO705046,Community NGO 5047,Not Provided,Chennai - North,5600,Mixed,13.0827,80.2707
NGO705047,USER_NGO705047,Community NGO 5048,Not Provided,Hyderabad - North,7245,Mixed,17.385,78.4867
NGO705048,USER_NGO705048,Community NGO 5049,Not Provided,Bengaluru - Central,8695,Mixed,12.9716,77.5946
NGO700504,USER_NGO700504,Community NGO 505,Not Provided,Pune - Central,7850,Mixed,18.5204,73.8567
NGO705049,USER_NGO705049,Community NGO 5050,Not Provided,Mumbai - South,4000,Mixed,19.076,72.8777
NGO705050,USER_NGO705050,Community NGO 5051,Not Provided,Kolkata - South,6840,Mixed,22.5726,88.3639
NGO705051,USER_NGO705051,Community NGO 5052,Not Provided,Chennai - Citywide,2975,Mixed,13.0827,80.2707
NGO705054,USER_NGO705054,Community NGO 5055,Not Provided,Mumbai - Citywide,11765,Mixed,19.076,72.8777
NGO705056,USER_NGO705056,Community NGO 5057,Not Provided,Hyderabad - South,4420,Mixed,17.385,78.4867
NGO705058,USER_NGO705058,Community NGO 5059,Not Provided,Mumbai - Central,13590,Mixed,19.076,72.8777
NGO700505,USER_NGO700505,Community NGO 506,Not Provided,Chennai - Central,14675,Mixed,13.0827,80.2707
NGO705059,USER_NGO705059,Community NGO 5060,Not Provided,Pune - Central,13460,Mixed,18.5204,73.8567
NGO705060,USER_NGO705060,Community NGO 5061,Not Provided,Kolkata - Citywide,12290,Mixed,22.5726,88.3639
NGO705061,USER_NGO705061,Community NGO 5062,Not Provided,Ahmedabad - West,5740,Mixed,23.0225,72.5714
NGO705062,USER_NGO705062,Community NGO 5063,Not Provided,Pune - Central,10905,Mixed,18.5204,73.8567
NGO705063,USER_NGO705063,Community NGO 5064,Not Provided,Delhi NCR - South,3345,Mixed,28.6139,77.209
NGO705064,USER_NGO705064,Community NGO 5065,Not Provided,Jaipur - West,1005,Mixed,26.9124,75.7873
NGO705067,USER_NGO705067,Community NGO 5068,Not Provided,Pune - North,4710,Mixed,18.5204,73.8567
NGO705068,USER_NGO705068,Community NGO 5069,Not Provided,Bengaluru - Central,9350,Mixed,12.9716,77.5946
NGO700506,USER_NGO700506,Community NGO 507,Not Provided,Remote - North,14865,Mixed,20.5937,78.9629
NGO705069,USER_NGO705069,Community NGO 5070,Not Provided,Jaipur - Central,1745,Mixed,26.9124,75.7873
NGO705071,USER_NGO705071,Community NGO 5072,Not Provided,Remote - Central,12430,Mixed,20.5937,78.9629
NGO705072,USER_NGO705072,Community NGO 5073,Not Provided,Remote - East,8875,Mixed,20.5937,78.9629
NGO705073,USER_NGO705073,Community NGO 5074,Not Provided,Mumbai - Citywide,1395,Mixed,19.076,72.8777
NGO705074,USER_NGO705074,Community NGO 5075,Not Provided,Mumbai - East,3425,Mixed,19.076,72.8777
NGO705075,USER_NGO705075,Community NGO 5076,Not Provided,Hyderabad - South,235,Mixed,17.385,78.4867
NGO705076,USER_NGO705076,Community NGO 5077,Not Provided,Chennai - Central,9300,Mixed,13.0827,80.2707
NGO705077,USER_NGO705077,Community NGO 5078,Not Provided,Mumbai - South,875,Mixed,19.076,72.8777
NGO705078,USER_NGO705078,Community NGO 5079,Not Provided,Mumbai - West,9525,Mixed,19.076,72.8777
NGO700507,USER_NGO700507,Community NGO 508,Not Provided,Chennai - East,6945,Mixed,13.0827,80.2707
NGO705079,USER_NGO705079,Community NGO 5080,Not Provided,Delhi NCR - Central,470,Mixed,28.6139,77.209
NGO705080,USER_NGO705080,Community NGO 5081,Not Provided,Kolkata - South,5055,Mixed,22.5726,88.3639
NGO705081,USER_NGO705081,Community NGO 5082,Not Provided,Delhi NCR - West,2450,Mixed,28.6139,77.209
NGO705082,USER_NGO705082,Community NGO 5083,Not Provided,Chennai - South,4650,Mixed,13.0827,80.2707
NGO705083,USER_NGO705083,Community NGO 5084,Not Provided,Bengaluru - South,12105,Mixed,12.9716,77.5946
NGO705084,USER_NGO705084,Community NGO 5085,Not Provided,Kolkata - East,14170,Mixed,22.5726,88.3639
NGO705085,USER_NGO705085,Community NGO 5086,Not Provided,Mumbai - West,5185,Mixed,19.076,72.8777
NGO705088,USER_NGO705088,Community NGO 5089,Not Provided,Remote - East,3875,Mixed,20.5937,78.9629
NGO700508,USER_NGO700508,Community NGO 509,Not Provided,Delhi NCR - South,3740,Mixed,28.6139,77.209
NGO705092,USER_NGO705092,Community NGO 5093,Not Provided,Ahmedabad - West,10515,Mixed,23.0225,72.5714
NGO705094,USER_NGO705094,Community NGO 5095,Not Provided,Jaipur - West,5890,Mixed,26.9124,75.7873
NGO705095,USER_NGO705095,Community NGO 5096,Not Provided,Remote - South,825,Mixed,20.5937,78.9629
NGO705096,USER_NGO705096,Community NGO 5097,Not Provided,Chennai - Central,13660,Mixed,13.0827,80.2707
NGO705097,USER_NGO705097,Community NGO 5098,Not Provided,Ahmedabad - North,6595,Mixed,23.0225,72.5714
NGO700050,USER_NGO700050,Community NGO 51,Not Provided,Hyderabad - South,13145,Mixed,17.385,78.4867
NGO705099,USER_NGO705099,Community NGO 5100,Not Provided,Delhi NCR - South,9650,Mixed,28.6139,77.209
NGO705100,USER_NGO705100,Community NGO 5101,Not Provided,Chennai - West,8275,Mixed,13.0827,80.2707
NGO705101,USER_NGO705101,Community NGO 5102,Not Provided,Hyderabad - Central,2690,Mixed,17.385,78.4867
NGO705102,USER_NGO705102,Community NGO 5103,Not Provided,Kolkata - Central,1230,Mixed,22.5726,88.3639
NGO705103,USER_NGO705103,Community NGO 5104,Not Provided,Jaipur - West,13665,Mixed,26.9124,75.7873
NGO705104,USER_NGO705104,Community NGO 5105,Not Provided,Ahmedabad - Citywide,4830,Mixed,23.0225,72.5714
NGO705105,USER_NGO705105,Community NGO 5106,Not Provided,Jaipur - North,2200,Mixed,26.9124,75.7873
NGO705107,USER_NGO705107,Community NGO 5108,Not Provided,Hyderabad - West,14965,Mixed,17.385,78.4867
NGO705108,USER_NGO705108,Community NGO 5109,Not Provided,Delhi NCR - East,1860,Mixed,28.6139,77.209
NGO700510,USER_NGO700510,Community NGO 511,Not Provided,Jaipur - East,2020,Mixed,26.9124,75.7873
NGO705109,USER_NGO705109,Community NGO 5110,Not Provided,Delhi NCR - North,4040,Mixed,28.6139,77.209
NGO705110,USER_NGO705110,Community NGO 5111,Not Provided,Remote - South,12605,Mixed,20.5937,78.9629
NGO705112,USER_NGO705112,Community NGO 5113,Not Provided,Bengaluru - North,8240,Mixed,12.9716,77.5946
NGO705114,USER_NGO705114,Community NGO 5115,Not Provided,Mumbai - South,3320,Mixed,19.076,72.8777
NGO705115,USER_NGO705115,Community NGO 5116,Not Provided,Delhi NCR - East,12035,Mixed,28.6139,77.209
NGO705116,USER_NGO705116,Community NGO 5117,Not Provided,Delhi NCR - East,14975,Mixed,28.6139,77.209
NGO705117,USER_NGO705117,Community NGO 5118,Not Provided,Hyderabad - East,10835,Mixed,17.385,78.4867
NGO700511,USER_NGO700511,Community NGO 512,Not Provided,Jaipur - East,11960,Mixed,26.9124,75.7873
NGO705119,USER_NGO705119,Community NGO 5120,Not Provided,Jaipur - West,10825,Mixed,26.9124,75.7873
NGO705121,USER_NGO705121,Community NGO 5122,Not Provided,Ahmedabad - West,4220,Mixed,23.0225,72.5714
NGO705123,USER_NGO705123,Community NGO 5124,Not Provided,Delhi NCR - East,10545,Mixed,28.6139,77.209
NGO705125,USER_NGO705125,Community NGO 5126,Not Provided,Bengaluru - Citywide,6560,Mixed,12.9716,77.5946
NGO705127,USER_NGO705127,Community NGO 5128,Not Provided,Hyderabad - North,2600,Mixed,17.385,78.4867
NGO705128,USER_NGO705128,Community NGO 5129,Not Provided,Chennai - Central,3230,Mixed,13.0827,80.2707
NGO700512,USER_NGO700512,Community NGO 513,Not Provided,Kolkata - North,4145,Mixed,22.5726,88.3639
NGO705129,USER_NGO705129,Community NGO 5130,Not Provided,Chennai - South,7330,Mixed,13.0827,80.2707
NGO705130,USER_NGO705130,Community NGO 5131,Not Provided,Bengaluru - Central,13095,Mixed,12.9716,77.5946
NGO705132,USER_NGO705132,Community NGO 5133,Not Provided,Hyderabad - West,14915,Mixed,17.385,78.4867
NGO705133,USER_NGO705133,Community NGO 5134,Not Provided,Kolkata - East,12335,Mixed,22.5726,88.3639
NGO705134,USER_NGO705134,Community NGO 5135,Not Provided,Ahmedabad - West,9050,Mixed,23.0225,72.5714
NGO705136,USER_NGO705136,Community NGO 5137,Not Provided,Bengaluru - Central,1600,Mixed,12.9716,77.5946
NGO705137,USER_NGO705137,Community NGO 5138,Not Provided,Bengaluru - East,235,Mixed,12.9716,77.5946
NGO705138,USER_NGO705138,Community NGO 5139,Not Provided,Chennai - Central,11970,Mixed,13.0827,80.2707
NGO705139,USER_NGO705139,Community NGO 5140,Not Provided,Kolkata - West,4855,Mixed,22.5726,88.3639
NGO705140,USER_NGO705140,Community NGO 5141,Not Provided,Kolkata - North,12870,Mixed,22.5726,88.3639
NGO705141,USER_NGO705141,Community NGO 5142,Not Provided,Pune - West,7780,Mixed,18.5204,73.8567
NGO705144,USER_NGO705144,Community NGO 5145,Not Provided,Chennai - West,12465,Mixed,13.0827,80.2707
NGO705145,USER_NGO705145,Community NGO 5146,Not Provided,Mumbai - Central,5420,Mixed,19.076,72.8777
NGO705146,USER_NGO705146,Community NGO 5147,Not Provided,Remote - Citywide,13615,Mixed,20.5937,78.9629
NGO705147,USER_NGO705147,Community NGO 5148,Not Provided,Jaipur - West,7735,Mixed,26.9124,75.7873
NGO705149,USER_NGO705149,Community NGO 5150,Not Provided,Chennai - North,2040,Mixed,13.0827,80.2707
NGO705151,USER_NGO705151,Community NGO 5152,Not Provided,Delhi NCR - South,4450,Mixed,28.6139,77.209
NGO705152,USER_NGO705152,Community NGO 5153,Not Provided,Mumbai - West,12590,Mixed,19.076,72.8777
NGO705153,USER_NGO705153,Community NGO 5154,Not Provided,Delhi NCR - West,3685,Mixed,28.6139,77.209
NGO705154,USER_NGO705154,Community NGO 5155,Not Provided,Delhi NCR - West,7120,Mixed,28.6139,77.209
NGO705155,USER_NGO705155,Community NGO 5156,Not Provided,Delhi NCR - Citywide,5270,Mixed,28.6139,77.209
NGO705156,USER_NGO705156,Community NGO 5157,Not Provided,Ahmedabad - South,12880,Mixed,23.0225,72.5714
NGO705157,USER_NGO705157,Community NGO 5158,Not Provided,Hyderabad - Citywide,13880,Mixed,17.385,78.4867
NGO705158,USER_NGO705158,Community NGO 5159,Not Provided,Chennai - Citywide,2820,Mixed,13.0827,80.2707
NGO700515,USER_NGO700515,Community NGO 516,Not Provided,Mumbai - East,595,Mixed,19.076,72.8777
NGO705159,USER_NGO705159,Community NGO 5160,Not Provided,Jaipur - West,1885,Mixed,26.9124,75.7873
NGO705160,USER_NGO705160,Community NGO 5161,Not Provided,Ahmedabad - West,4660,Mixed,23.0225,72.5714
NGO705161,USER_NGO705161,Community NGO 5162,Not Provided,Ahmedabad - South,7505,Mixed,23.0225,72.5714
NGO705162,USER_NGO705162,Community NGO 5163,Not Provided,Bengaluru - West,5340,Mixed,12.9716,77.5946
NGO705163,USER_NGO705163,Community NGO 5164,Not Provided,Bengaluru - Citywide,5605,Mixed,12.9716,77.5946
NGO705165,USER_NGO705165,Community NGO 5166,Not Provided,Kolkata - South,3845,Mixed,22.5726,88.3639
NGO705166,USER_NGO705166,Community NGO 5167,Not Provided,Hyderabad - West,6135,Mixed,17.385,78.4867
NGO705167,USER_NGO705167,Community NGO 5168,Not Provided,Remote - West,11765,Mixed,20.5937,78.9629
NGO705168,USER_NGO705168,Community NGO 5169,Not Provided,Kolkata - West,13805,Mixed,22.5726,88.3639
NGO700516,USER_NGO700516,Community NGO 517,Not Provided,Bengaluru - Central,14495,Mixed,12.9716,77.5946
NGO705169,USER_NGO705169,Community NGO 5170,Not Provided,Delhi NCR - South,9045,Mixed,28.6139,77.209
NGO705171,USER_NGO705171,Community NGO 5172,Not Provided,Ahmedabad - Central,4660,Mixed,23.0225,72.5714
NGO705173,USER_NGO705173,Community NGO 5174,Not Provided,Remote - Central,8640,Mixed,20.5937,78.9629
NGO705174,USER_NGO705174,Community NGO 5175,Not Provided,Remote - East,14265,Mixed,20.5937,78.9629
NGO705176,USER_NGO705176,Community NGO 5177,Not Provided,Chennai - Citywide,8295,Mixed,13.0827,80.2707
NGO705177,USER_NGO705177,Community NGO 5178,Not Provided,Remote - East,10000,Mixed,20.5937,78.9629
NGO705178,USER_NGO705178,Community NGO 5179,Not Provided,Kolkata - West,9640,Mixed,22.5726,88.3639
NGO700517,USER_NGO700517,Community NGO 518,Not Provided,Pune - West,12745,Mixed,18.5204,73.8567
NGO705179,USER_NGO705179,Community NGO 5180,Not Provided,Mumbai - South,13495,Mixed,19.076,72.8777
NGO705181,USER_NGO705181,Community NGO 5182,Not Provided,Kolkata - South,3355,Mixed,22.5726,88.3639
NGO705182,USER_NGO705182,Community NGO 5183,Not Provided,Ahmedabad - East,2900,Mixed,23.0225,72.5714
NGO705183,USER_NGO705183,Community NGO 5184,Not Provided,Mumbai - Central,7705,Mixed,19.076,72.8777
NGO705185,USER_NGO705185,Community NGO 5186,Not Provided,Ahmedabad - Central,5735,Mixed,23.0225,72.5714
NGO705187,USER_NGO705187,Community NGO 5188,Not Provided,Hyderabad - Citywide,420,Mixed,17.385,78.4867
NGO705188,USER_NGO705188,Community NGO 5189,Not Provided,Pune - West,11845,Mixed,18.5204,73.8567
NGO700518,USER_NGO700518,Community NGO 519,Not Provided,Ahmedabad - North,14285,Mixed,23.0225,72.5714
NGO705189,USER_NGO705189,Community NGO 5190,Not Provided,Hyderabad - South,11940,Mixed,17.385,78.4867
NGO705190,USER_NGO705190,Community NGO 5191,Not Provided,Remote - West,13760,Mixed,20.5937,78.9629
NGO705191,USER_NGO705191,Community NGO 5192,Not Provided,Ahmedabad - West,7650,Mixed,23.0225,72.5714
NGO705192,USER_NGO705192,Community NGO 5193,Not Provided,Mumbai - West,3785,Mixed,19.076,72.8777
NGO705193,USER_NGO705193,Community NGO 5194,Not Provided,Bengaluru - Central,12645,Mixed,12.9716,77.5946
NGO705194,USER_NGO705194,Community NGO 5195,Not Provided,Mumbai - South,14590,Mixed,19.076,72.8777
NGO705195,USER_NGO705195,Community NGO 5196,Not Provided,Ahmedabad - North,12170,Mixed,23.0225,72.5714
NGO705196,USER_NGO705196,Community NGO 5197,Not Provided,Hyderabad - East,6500,Mixed,17.385,78.4867
NGO705197,USER_NGO705197,Community NGO 5198,Not Provided,Ahmedabad - North,4570,Mixed,23.0225,72.5714
NGO705198,USER_NGO705198,Community NGO 5199,Not Provided,Hyderabad - West,13030,Mixed,17.385,78.4867
NGO700051,USER_NGO700051,Community NGO 52,Not Provided,Mumbai - South,13640,Mixed,19.076,72.8777
NGO700519,USER_NGO700519,Community NGO 520,Not Provided,Mumbai - West,2290,Mixed,19.076,72.8777
NGO705199,USER_NGO705199,Community NGO 5200,Not Provided,Ahmedabad - North,835,Mixed,23.0225,72.5714
NGO705202,USER_NGO705202,Community NGO 5203,Not Provided,Jaipur - Central,8480,Mixed,26.9124,75.7873
NGO705203,USER_NGO705203,Community NGO 5204,Not Provided,Pune - Central,14080,Mixed,18.5204,73.8567
NGO705204,USER_NGO705204,Community NGO 5205,Not Provided,Bengaluru - Citywide,1095,Mixed,12.9716,77.5946
NGO705205,USER_NGO705205,Community NGO 5206,Not Provided,Chennai - Citywide,1735,Mixed,13.0827,80.2707
NGO705206,USER_NGO705206,Community NGO 5207,Not Provided,Hyderabad - North,5010,Mixed,17.385,78.4867
NGO705207,USER_NGO705207,Community NGO 5208,Not Provided,Jaipur - East,9865,Mixed,26.9124,75.7873
NGO705208,USER_NGO705208,Community NGO 5209,Not Provided,Remote - West,375,Mixed,20.5937,78.9629
NGO700520,USER_NGO700520,Community NGO 521,Not Provided,Chennai - North,12900,Mixed,13.0827,80.2707
NGO705209,USER_NGO705209,Community NGO 5210,Not Provided,Kolkata - Citywide,2025,Mixed,22.5726,88.3639
NGO705215,USER_NGO705215,Community NGO 5216,Not Provided,Chennai - Citywide,8515,Mixed,13.0827,80.2707
NGO705216,USER_NGO705216,Community NGO 5217,Not Provided,Remote - Citywide,4940,Mixed,20.5937,78.9629
NGO705217,USER_NGO705217,Community NGO 5218,Not Provided,Jaipur - Central,9080,Mixed,26.9124,75.7873
NGO705218,USER_NGO705218,Community NGO 5219,Not Provided,Delhi NCR - East,3490,Mixed,28.6139,77.209
NGO700521,USER_NGO700521,Community NGO 522,Not Provided,Pune - West,9370,Mixed,18.5204,73.8567
NGO705219,USER_NGO705219,Community NGO 5220,Not Provided,Mumbai - South,9480,Mixed,19.076,72.8777
NGO705220,USER_NGO705220,Community NGO 5221,Not Provided,Mumbai - Citywide,4235,Mixed,19.076,72.8777
NGO705221,USER_NGO705221,Community NGO 5222,Not Provided,Mumbai - West,5690,Mixed,19.076,72.8777
NGO705222,USER_NGO705222,Community NGO 5223,Not Provided,Hyderabad - North,11765,Mixed,17.385,78.4867
NGO705223,USER_NGO705223,Community NGO 5224,Not Provided,Bengaluru - West,14450,Mixed,12.9716,77.5946
NGO705224,USER_NGO705224,Community NGO 5225,Not Provided,Chennai - Central,13880,Mixed,13.0827,80.2707
NGO705225,USER_NGO705225,Community NGO 5226,Not Provided,Remote - Citywide,12045,Mixed,20.5937,78.9629
NGO705227,USER_NGO705227,Community NGO 5228,Not Provided,Hyderabad - North,11565,Mixed,17.385,78.4867
NGO700522,USER_NGO700522,Community NGO 523,Not Provided,Hyderabad - Central,9455,Mixed,17.385,78.4867
NGO705229,USER_NGO705229,Community NGO 5230,Not Provided,Chennai - North,9955,Mixed,13.0827,80.2707
NGO705231,USER_NGO705231,Community NGO 5232,Not Provided,Kolkata - Central,9165,Mixed,22.5726,88.3639
NGO705232,USER_NGO705232,Community NGO 5233,Not Provided,Kolkata - Central,14225,Mixed,22.5726,88.3639
NGO705233,USER_NGO705233,Community NGO 5234,Not Provided,Kolkata - Citywide,2585,Mixed,22.5726,88.3639
NGO705234,USER_NGO705234,Community NGO 5235,Not Provided,Hyderabad - Central,10845,Mixed,17.385,78.4867
NGO705235,USER_NGO705235,Community NGO 5236,Not Provided,Mumbai - West,14305,Mixed,19.076,72.8777
NGO705236,USER_NGO705236,Community NGO 5237,Not Provided,Hyderabad - North,14105,Mixed,17.385,78.4867
NGO705237,USER_NGO705237,Community NGO 5238,Not Provided,Chennai - Citywide,4205,Mixed,13.0827,80.2707
NGO705238,USER_NGO705238,Community NGO 5239,Not Provided,Mumbai - West,5770,Mixed,19.076,72.8777
NGO700523,USER_NGO700523,Community NGO 524,Not Provided,Ahmedabad - Citywide,9160,Mixed,23.0225,72.5714
NGO705239,USER_NGO705239,Community NGO 5240,Not Provided,Hyderabad - North,13045,Mixed,17.385,78.4867
NGO705240,USER_NGO705240,Community NGO 5241,Not Provided,Kolkata - Citywide,13855,Mixed,22.5726,88.3639
NGO705242,USER_NGO705242,Community NGO 5243,Not Provided,Chennai - Citywide,14745,Mixed,13.0827,80.2707
NGO705243,USER_NGO705243,Community NGO 5244,Not Provided,Kolkata - East,3715,Mixed,22.5726,88.3639
NGO705244,USER_NGO705244,Community NGO 5245,Not Provided,Pune - Central,13920,Mixed,18.5204,73.8567
NGO705247,USER_NGO705247,Community NGO 5248,Not Provided,Pune - East,7135,Mixed,18.5204,73.8567
NGO705248,USER_NGO705248,Community NGO 5249,Not Provided,Bengaluru - West,2835,Mixed,12.9716,77.5946
NGO700524,USER_NGO700524,Community NGO 525,Not Provided,Chennai - Citywide,5125,Mixed,13.0827,80.2707
NGO705250,USER_NGO705250,Community NGO 5251,Not Provided,Chennai - East,5975,Mixed,13.0827,80.2707
NGO705253,USER_NGO705253,Community NGO 5254,Not Provided,Pune - West,2465,Mixed,18.5204,73.8567
NGO705254,USER_NGO705254,Community NGO 5255,Not Provided,Ahmedabad - East,5280,Mixed,23.0225,72.5714
NGO705255,USER_NGO705255,Community NGO 5256,Not Provided,Hyderabad - Central,1280,Mixed,17.385,78.4867
NGO705256,USER_NGO705256,Community NGO 5257,Not Provided,Hyderabad - North,4395,Mixed,17.385,78.4867
NGO705257,USER_NGO705257,Community NGO 5258,Not Provided,Remote - Central,11630,Mixed,20.5937,78.9629
NGO705258,USER_NGO705258,Community NGO 5259,Not Provided,Remote - Central,3865,Mixed,20.5937,78.9629
NGO700525,USER_NGO700525,Community NGO 526,Not Provided,Jaipur - West,14865,Mixed,26.9124,75.7873
NGO705260,USER_NGO705260,Community NGO 5261,Not Provided,Delhi NCR - West,5840,Mixed,28.6139,77.209
NGO705262,USER_NGO705262,Community NGO 5263,Not Provided,Pune - East,1575,Mixed,18.5204,73.8567
NGO705263,USER_NGO705263,Community NGO 5264,Not Provided,Kolkata - West,7695,Mixed,22.5726,88.3639
NGO705264,USER_NGO705264,Community NGO 5265,Not Provided,Jaipur - North,11910,Mixed,26.9124,75.7873
NGO705265,USER_NGO705265,Community NGO 5266,Not Provided,Hyderabad - Citywide,340,Mixed,17.385,78.4867
NGO705266,USER_NGO705266,Community NGO 5267,Not Provided,Ahmedabad - Central,1565,Mixed,23.0225,72.5714
NGO705267,USER_NGO705267,Community NGO 5268,Not Provided,Remote - Central,4540,Mixed,20.5937,78.9629
NGO700526,USER_NGO700526,Community NGO 527,Not Provided,Kolkata - South,12335,Mixed,22.5726,88.3639
NGO705269,USER_NGO705269,Community NGO 5270,Not Provided,Bengaluru - Central,1565,Mixed,12.9716,77.5946
NGO705270,USER_NGO705270,Community NGO 5271,Not Provided,Ahmedabad - North,7150,Mixed,23.0225,72.5714
NGO705271,USER_NGO705271,Community NGO 5272,Not Provided,Hyderabad - Citywide,1655,Mixed,17.385,78.4867
NGO705272,USER_NGO705272,Community NGO 5273,Not Provided,Pune - Citywide,6555,Mixed,18.5204,73.8567
NGO705273,USER_NGO705273,Community NGO 5274,Not Provided,Bengaluru - North,6920,Mixed,12.9716,77.5946
NGO705274,USER_NGO705274,Community NGO 5275,Not Provided,Bengaluru - West,9095,Mixed,12.9716,77.5946
NGO705275,USER_NGO705275,Community NGO 5276,Not Provided,Mumbai - North,8390,Mixed,19.076,72.8777
NGO705276,USER_NGO705276,Community NGO 5277,Not Provided,Kolkata - South,7025,Mixed,22.5726,88.3639
NGO705279,USER_NGO705279,Community NGO 5280,Not Provided,Mumbai - East,4470,Mixed,19.076,72.8777
NGO705280,USER_NGO705280,Community NGO 5281,Not Provided,Chennai - South,14570,Mixed,13.0827,80.2707
NGO705281,USER_NGO705281,Community NGO 5282,Not Provided,Kolkata - South,11875,Mixed,22.5726,88.3639
NGO705283,USER_NGO705283,Community NGO 5284,Not Provided,Jaipur - East,5260,Mixed,26.9124,75.7873
NGO705284,USER_NGO705284,Community NGO 5285,Not Provided,Ahmedabad - West,12895,Mixed,23.0225,72.5714
NGO705285,USER_NGO705285,Community NGO 5286,Not Provided,Ahmedabad - Central,1080,Mixed,23.0225,72.5714
NGO705286,USER_NGO705286,Community NGO 5287,Not Provided,Mumbai - East,2585,Mixed,19.076,72.8777
NGO705287,USER_NGO705287,Community NGO 5288,Not Provided,Chennai - Central,9625,Mixed,13.0827,80.2707
NGO705288,USER_NGO705288,Community NGO 5289,Not Provided,Pune - East,13780,Mixed,18.5204,73.8567
NGO705289,USER_NGO705289,Community NGO 5290,Not Provided,Chennai - Central,12865,Mixed,13.0827,80.2707
NGO705292,USER_NGO705292,Community NGO 5293,Not Provided,Remote - Central,4510,Mixed,20.5937,78.9629
NGO705293,USER_NGO705293,Community NGO 5294,Not Provided,Kolkata - West,1745,Mixed,22.5726,88.3639
NGO705294,USER_NGO705294,Community NGO 5295,Not Provided,Chennai - South,7905,Mixed,13.0827,80.2707
NGO705295,USER_NGO705295,Community NGO 5296,Not Provided,Kolkata - Citywide,11975,Mixed,22.5726,88.3639
NGO705296,USER_NGO705296,Community NGO 5297,Not Provided,Ahmedabad - West,4030,Mixed,23.0225,72.5714
NGO705298,USER_NGO705298,Community NGO 5299,Not Provided,Delhi NCR - East,4810,Mixed,28.6139,77.209
NGO700052,USER_NGO700052,Community NGO 53,Not Provided,Delhi NCR - West,8455,Mixed,28.6139,77.209
NGO700529,USER_NGO700529,Community NGO 530,Not Provided,Ahmedabad - East,1335,Mixed,23.0225,72.5714
NGO705299,USER_NGO705299,Community NGO 5300,Not Provided,Ahmedabad - North,6650,Mixed,23.0225,72.5714
NGO705300,USER_NGO705300,Community NGO 5301,Not Provided,Ahmedabad - North,455,Mixed,23.0225,72.5714
NGO705301,USER_NGO705301,Community NGO 5302,Not Provided,Delhi NCR - Central,3870,Mixed,28.6139,77.209
NGO705303,USER_NGO705303,Community NGO 5304,Not Provided,Pune - East,7470,Mixed,18.5204,73.8567
NGO705304,USER_NGO705304,Community NGO 5305,Not Provided,Hyderabad - North,10505,Mixed,17.385,78.4867
NGO705306,USER_NGO705306,Community NGO 5307,Not Provided,Bengaluru - South,13265,Mixed,12.9716,77.5946
NGO705307,USER_NGO705307,Community NGO 5308,Not Provided,Ahmedabad - East,13245,Mixed,23.0225,72.5714
NGO705308,USER_NGO705308,Community NGO 5309,Not Provided,Ahmedabad - North,10665,Mixed,23.0225,72.5714
NGO700530,USER_NGO700530,Community NGO 531,Not Provided,Ahmedabad - North,11890,Mixed,23.0225,72.5714
NGO705309,USER_NGO705309,Community NGO 5310,Not Provided,Bengaluru - North,6355,Mixed,12.9716,77.5946
NGO705310,USER_NGO705310,Community NGO 5311,Not Provided,Mumbai - Citywide,650,Mixed,19.076,72.8777
NGO705311,USER_NGO705311,Community NGO 5312,Not Provided,Pune - North,4700,Mixed,18.5204,73.8567
NGO705312,USER_NGO705312,Community NGO 5313,Not Provided,Bengaluru - South,8885,Mixed,12.9716,77.5946
NGO705313,USER_NGO705313,Community NGO 5314,Not Provided,Chennai - Citywide,4045,Mixed,13.0827,80.2707
NGO705314,USER_NGO705314,Community NGO 5315,Not Provided,Bengaluru - West,7825,Mixed,12.9716,77.5946
NGO705317,USER_NGO705317,Community NGO 5318,Not Provided,Bengaluru - West,9960,Mixed,12.9716,77.5946
NGO705319,USER_NGO705319,Community NGO 5320,Not Provided,Jaipur - East,12105,Mixed,26.9124,75.7873
NGO705320,USER_NGO705320,Community NGO 5321,Not Provided,Pune - Central,12790,Mixed,18.5204,73.8567
NGO705323,USER_NGO705323,Community NGO 5324,Not Provided,Jaipur - East,1280,Mixed,26.9124,75.7873
NGO705324,USER_NGO705324,Community NGO 5325,Not Provided,Pune - Citywide,10615,Mixed,18.5204,73.8567
NGO705325,USER_NGO705325,Community NGO 5326,Not Provided,Pune - Central,12205,Mixed,18.5204,73.8567
NGO705326,USER_NGO705326,Community NGO 5327,Not Provided,Remote - South,13485,Mixed,20.5937,78.9629
NGO705327,USER_NGO705327,Community NGO 5328,Not Provided,Hyderabad - West,4995,Mixed,17.385,78.4867
NGO705328,USER_NGO705328,Community NGO 5329,Not Provided,Chennai - Citywide,9905,Mixed,13.0827,80.2707
NGO705329,USER_NGO705329,Community NGO 5330,Not Provided,Remote - West,11155,Mixed,20.5937,78.9629
NGO705330,USER_NGO705330,Community NGO 5331,Not Provided,Pune - South,3140,Mixed,18.5204,73.8567
NGO705332,USER_NGO705332,Community NGO 5333,Not Provided,Bengaluru - East,8055,Mixed,12.9716,77.5946
NGO705333,USER_NGO705333,Community NGO 5334,Not Provided,Kolkata - South,14060,Mixed,22.5726,88.3639
NGO705335,USER_NGO705335,Community NGO 5336,Not Provided,Ahmedabad - East,295,Mixed,23.0225,72.5714
NGO705337,USER_NGO705337,Community NGO 5338,Not Provided,Remote - North,4465,Mixed,20.5937,78.9629
NGO705338,USER_NGO705338,Community NGO 5339,Not Provided,Bengaluru - West,12870,Mixed,12.9716,77.5946
NGO700533,USER_NGO700533,Community NGO 534,Not Provided,Delhi NCR - West,1485,Mixed,28.6139,77.209
NGO705339,USER_NGO705339,Community NGO 5340,Not Provided,Chennai - East,6925,Mixed,13.0827,80.2707
NGO705340,USER_NGO705340,Community NGO 5341,Not Provided,Delhi NCR - East,930,Mixed,28.6139,77.209
NGO705341,USER_NGO705341,Community NGO 5342,Not Provided,Remote - West,2430,Mixed,20.5937,78.9629
NGO705342,USER_NGO705342,Community NGO 5343,Not Provided,Remote - South,6075,Mixed,20.5937,78.9629
NGO705343,USER_NGO705343,Community NGO 5344,Not Provided,Bengaluru - North,12560,Mixed,12.9716,77.5946
NGO705345,USER_NGO705345,Community NGO 5346,Not Provided,Kolkata - East,13720,Mixed,22.5726,88.3639
NGO705346,USER_NGO705346,Community NGO 5347,Not Provided,Ahmedabad - East,13500,Mixed,23.0225,72.5714
NGO705347,USER_NGO705347,Community NGO 5348,Not Provided,Bengaluru - Central,7080,Mixed,12.9716,77.5946
NGO705348,USER_NGO705348,Community NGO 5349,Not Provided,Kolkata - South,5195,Mixed,22.5726,88.3639
NGO700534,USER_NGO700534,Community NGO 535,Not Provided,Hyderabad - North,13095,Mixed,17.385,78.4867
NGO705349,USER_NGO705349,Community NGO 5350,Not Provided,Jaipur - West,7255,Mixed,26.9124,75.7873
NGO705351,USER_NGO705351,Community NGO 5352,Not Provided,Remote - East,4675,Mixed,20.5937,78.9629
NGO705352,USER_NGO705352,Community NGO 5353,Not Provided,Kolkata - South,2590,Mixed,22.5726,88.3639
NGO705354,USER_NGO705354,Community NGO 5355,Not Provided,Mumbai - Central,7620,Mixed,19.076,72.8777
NGO705355,USER_NGO705355,Community NGO 5356,Not Provided,Mumbai - Citywide,3865,Mixed,19.076,72.8777
NGO705356,USER_NGO705356,Community NGO 5357,Not Provided,Bengaluru - South,14200,Mixed,12.9716,77.5946
NGO705357,USER_NGO705357,Community NGO 5358,Not Provided,Bengaluru - Central,1090,Mixed,12.9716,77.5946
NGO705358,USER_NGO705358,Community NGO 5359,Not Provided,Chennai - Citywide,14155,Mixed,13.0827,80.2707
NGO700535,USER_NGO700535,Community NGO 536,Not Provided,Kolkata - West,6605,Mixed,22.5726,88.3639
NGO705359,USER_NGO705359,Community NGO 5360,Not Provided,Delhi NCR - East,11185,Mixed,28.6139,77.209
NGO705362,USER_NGO705362,Community NGO 5363,Not Provided,Delhi NCR - West,10380,Mixed,28.6139,77.209
NGO705363,USER_NGO705363,Community NGO 5364,Not Provided,Mumbai - East,14410,Mixed,19.076,72.8777
NGO705364,USER_NGO705364,Community NGO 5365,Not Provided,Delhi NCR - North,2885,Mixed,28.6139,77.209
NGO705365,USER_NGO705365,Community NGO 5366,Not Provided,Mumbai - Citywide,13590,Mixed,19.076,72.8777
NGO705366,USER_NGO705366,Community NGO 5367,Not Provided,Ahmedabad - West,290,Mixed,23.0225,72.5714
NGO705367,USER_NGO705367,Community NGO 5368,Not Provided,Kolkata - South,6765,Mixed,22.5726,88.3639
NGO705368,USER_NGO705368,Community NGO 5369,Not Provided,Jaipur - Central,12020,Mixed,26.9124,75.7873
NGO700536,USER_NGO700536,Community NGO 537,Not Provided,Hyderabad - Citywide,2530,Mixed,17.385,78.4867
NGO705369,USER_NGO705369,Community NGO 5370,Not Provided,Kolkata - Citywide,11575,Mixed,22.5726,88.3639
NGO705371,USER_NGO705371,Community NGO 5372,Not Provided,Delhi NCR - West,6900,Mixed,28.6139,77.209
NGO705372,USER_NGO705372,Community NGO 5373,Not Provided,Ahmedabad - West,11700,Mixed,23.0225,72.5714
NGO705374,USER_NGO705374,Community NGO 5375,Not Provided,Ahmedabad - Central,13470,Mixed,23.0225,72.5714
NGO705375,USER_NGO705375,Community NGO 5376,Not Provided,Ahmedabad - West,9060,Mixed,23.0225,72.5714
NGO705376,USER_NGO705376,Community NGO 5377,Not Provided,Delhi NCR - South,1155,Mixed,28.6139,77.209
NGO705377,USER_NGO705377,Community NGO 5378,Not Provided,Mumbai - West,2535,Mixed,19.076,72.8777
NGO705382,USER_NGO705382,Community NGO 5383,Not Provided,Mumbai - North,4745,Mixed,19.076,72.8777
NGO705383,USER_NGO705383,Community NGO 5384,Not Provided,Delhi NCR - East,1505,Mixed,28.6139,77.209
NGO705384,USER_NGO705384,Community NGO 5385,Not Provided,Bengaluru - Central,4085,Mixed,12.9716,77.5946
NGO705385,USER_NGO705385,Community NGO 5386,Not Provided,Mumbai - East,5465,Mixed,19.076,72.8777
NGO705387,USER_NGO705387,Community NGO 5388,Not Provided,Chennai - Citywide,8345,Mixed,13.0827,80.2707
NGO705388,USER_NGO705388,Community NGO 5389,Not Provided,Mumbai - Central,365,Mixed,19.076,72.8777
NGO705389,USER_NGO705389,Community NGO 5390,Not Provided,Bengaluru - West,7585,Mixed,12.9716,77.5946
NGO705391,USER_NGO705391,Community NGO 5392,Not Provided,Delhi NCR - Central,10565,Mixed,28.6139,77.209
NGO705392,USER_NGO705392,Community NGO 5393,Not Provided,Chennai - Central,12275,Mixed,13.0827,80.2707
NGO705393,USER_NGO705393,Community NGO 5394,Not Provided,Jaipur - Citywide,10935,Mixed,26.9124,75.7873
NGO705396,USER_NGO705396,Community NGO 5397,Not Provided,Chennai - North,11135,Mixed,13.0827,80.2707
NGO705397,USER_NGO705397,Community NGO 5398,Not Provided,Delhi NCR - South,3725,Mixed,28.6139,77.209
NGO705398,USER_NGO705398,Community NGO 5399,Not Provided,Hyderabad - South,5305,Mixed,17.385,78.4867
NGO700053,USER_NGO700053,Community NGO 54,Not Provided,Jaipur - West,7355,Mixed,26.9124,75.7873
NGO700539,USER_NGO700539,Community NGO 540,Not Provided,Chennai - West,9295,Mixed,13.0827,80.2707
NGO705399,USER_NGO705399,Community NGO 5400,Not Provided,Chennai - South,14350,Mixed,13.0827,80.2707
NGO705400,USER_NGO705400,Community NGO 5401,Not Provided,Chennai - West,12545,Mixed,13.0827,80.2707
NGO705401,USER_NGO705401,Community NGO 5402,Not Provided,Chennai - North,1600,Mixed,13.0827,80.2707
NGO705402,USER_NGO705402,Community NGO 5403,Not Provided,Kolkata - East,805,Mixed,22.5726,88.3639
NGO705403,USER_NGO705403,Community NGO 5404,Not Provided,Ahmedabad - West,8800,Mixed,23.0225,72.5714
NGO705404,USER_NGO705404,Community NGO 5405,Not Provided,Jaipur - West,6190,Mixed,26.9124,75.7873
NGO705406,USER_NGO705406,Community NGO 5407,Not Provided,Bengaluru - Citywide,10150,Mixed,12.9716,77.5946
NGO705407,USER_NGO705407,Community NGO 5408,Not Provided,Bengaluru - Citywide,13370,Mixed,12.9716,77.5946
NGO705408,USER_NGO705408,Community NGO 5409,Not Provided,Mumbai - North,4820,Mixed,19.076,72.8777
NGO705409,USER_NGO705409,Community NGO 5410,Not Provided,Hyderabad - North,2185,Mixed,17.385,78.4867
NGO705410,USER_NGO705410,Community NGO 5411,Not Provided,Bengaluru - South,12150,Mixed,12.9716,77.5946
NGO705411,USER_NGO705411,Community NGO 5412,Not Provided,Chennai - South,9625,Mixed,13.0827,80.2707
NGO705415,USER_NGO705415,Community NGO 5416,Not Provided,Hyderabad - South,10740,Mixed,17.385,78.4867
NGO705417,USER_NGO705417,Community NGO 5418,Not Provided,Ahmedabad - Citywide,1425,Mixed,23.0225,72.5714
NGO705418,USER_NGO705418,Community NGO 5419,Not Provided,Chennai - Citywide,7765,Mixed,13.0827,80.2707
NGO700541,USER_NGO700541,Community NGO 542,Not Provided,Ahmedabad - South,2790,Mixed,23.0225,72.5714
NGO705419,USER_NGO705419,Community NGO 5420,Not Provided,Jaipur - Central,11495,Mixed,26.9124,75.7873
NGO705420,USER_NGO705420,Community NGO 5421,Not Provided,Hyderabad - South,10800,Mixed,17.385,78.4867
NGO705421,USER_NGO705421,Community NGO 5422,Not Provided,Ahmedabad - East,2800,Mixed,23.0225,72.5714
NGO705422,USER_NGO705422,Community NGO 5423,Not Provided,Chennai - North,11410,Mixed,13.0827,80.2707
NGO705423,USER_NGO705423,Community NGO 5424,Not Provided,Mumbai - Citywide,4685,Mixed,19.076,72.8777
NGO705424,USER_NGO705424,Community NGO 5425,Not Provided,Pune - East,13310,Mixed,18.5204,73.8567
NGO705426,USER_NGO705426,Community NGO 5427,Not Provided,Remote - Central,8890,Mixed,20.5937,78.9629
NGO705427,USER_NGO705427,Community NGO 5428,Not Provided,Kolkata - North,430,Mixed,22.5726,88.3639
NGO705428,USER_NGO705428,Community NGO 5429,Not Provided,Hyderabad - West,645,Mixed,17.385,78.4867
NGO700542,USER_NGO700542,Community NGO 543,Not Provided,Hyderabad - East,1305,Mixed,17.385,78.4867
NGO705429,USER_NGO705429,Community NGO 5430,Not Provided,Bengaluru - West,10855,Mixed,12.9716,77.5946
NGO705430,USER_NGO705430,Community NGO 5431,Not Provided,Delhi NCR - Citywide,11050,Mixed,28.6139,77.209
NGO705431,USER_NGO705431,Community NGO 5432,Not Provided,Jaipur - Central,6675,Mixed,26.9124,75.7873
NGO705434,USER_NGO705434,Community NGO 5435,Not Provided,Bengaluru - Central,9635,Mixed,12.9716,77.5946
NGO705435,USER_NGO705435,Community NGO 5436,Not Provided,Remote - East,8080,Mixed,20.5937,78.9629
NGO705436,USER_NGO705436,Community NGO 5437,Not Provided,Mumbai - South,1315,Mixed,19.076,72.8777
NGO705437,USER_NGO705437,Community NGO 5438,Not Provided,Chennai - Citywide,3270,Mixed,13.0827,80.2707
NGO705438,USER_NGO705438,Community NGO 5439,Not Provided,Hyderabad - West,13995,Mixed,17.385,78.4867
NGO700543,USER_NGO700543,Community NGO 544,Not Provided,Ahmedabad - East,2815,Mixed,23.0225,72.5714
NGO705439,USER_NGO705439,Community NGO 5440,Not Provided,Jaipur - North,4785,Mixed,26.9124,75.7873
NGO705440,USER_NGO705440,Community NGO 5441,Not Provided,Jaipur - Central,8225,Mixed,26.9124,75.7873
NGO705441,USER_NGO705441,Community NGO 5442,Not Provided,Chennai - North,12600,Mixed,13.0827,80.2707
NGO705442,USER_NGO705442,Community NGO 5443,Not Provided,Chennai - East,675,Mixed,13.0827,80.2707
NGO705443,USER_NGO705443,Community NGO 5444,Not Provided,Hyderabad - East,3280,Mixed,17.385,78.4867
NGO705444,USER_NGO705444,Community NGO 5445,Not Provided,Hyderabad - East,14750,Mixed,17.385,78.4867
NGO705445,USER_NGO705445,Community NGO 5446,Not Provided,Kolkata - South,11205,Mixed,22.5726,88.3639
NGO705447,USER_NGO705447,Community NGO 5448,Not Provided,Kolkata - West,860,Mixed,22.5726,88.3639
NGO700544,USER_NGO700544,Community NGO 545,Not Provided,Chennai - Central,1465,Mixed,13.0827,80.2707
NGO705450,USER_NGO705450,Community NGO 5451,Not Provided,Mumbai - North,2535,Mixed,19.076,72.8777
NGO705452,USER_NGO705452,Community NGO 5453,Not Provided,Pune - East,8615,Mixed,18.5204,73.8567
NGO705453,USER_NGO705453,Community NGO 5454,Not Provided,Delhi NCR - West,2065,Mixed,28.6139,77.209
NGO705454,USER_NGO705454,Community NGO 5455,Not Provided,Chennai - Central,470,Mixed,13.0827,80.2707
NGO705455,USER_NGO705455,Community NGO 5456,Not Provided,Kolkata - Citywide,6105,Mixed,22.5726,88.3639
NGO705456,USER_NGO705456,Community NGO 5457,Not Provided,Chennai - Central,6710,Mixed,13.0827,80.2707
NGO705457,USER_NGO705457,Community NGO 5458,Not Provided,Bengaluru - Citywide,9635,Mixed,12.9716,77.5946
NGO705458,USER_NGO705458,Community NGO 5459,Not Provided,Delhi NCR - West,8705,Mixed,28.6139,77.209
NGO700545,USER_NGO700545,Community NGO 546,Not Provided,Mumbai - East,5395,Mixed,19.076,72.8777
NGO705459,USER_NGO705459,Community NGO 5460,Not Provided,Mumbai - Central,3455,Mixed,19.076,72.8777
NGO705460,USER_NGO705460,Community NGO 5461,Not Provided,Pune - South,8910,Mixed,18.5204,73.8567
NGO705462,USER_NGO705462,Community NGO 5463,Not Provided,Kolkata - North,225,Mixed,22.5726,88.3639
NGO705463,USER_NGO705463,Community NGO 5464,Not Provided,Pune - Citywide,13450,Mixed,18.5204,73.8567
NGO705464,USER_NGO705464,Community NGO 5465,Not Provided,Kolkata - North,4705,Mixed,22.5726,88.3639
NGO705465,USER_NGO705465,Community NGO 5466,Not Provided,Kolkata - North,8295,Mixed,22.5726,88.3639
NGO705466,USER_NGO705466,Community NGO 5467,Not Provided,Ahmedabad - North,7220,Mixed,23.0225,72.5714
NGO705468,USER_NGO705468,Community NGO 5469,Not Provided,Pune - South,9515,Mixed,18.5204,73.8567
NGO700546,USER_NGO700546,Community NGO 547,Not Provided,Pune - East,1275,Mixed,18.5204,73.8567
NGO705471,USER_NGO705471,Community NGO 5472,Not Provided,Hyderabad - South,10035,Mixed,17.385,78.4867
NGO705472,USER_NGO705472,Community NGO 5473,Not Provided,Ahmedabad - Central,105,Mixed,23.0225,72.5714
NGO705473,USER_NGO705473,Community NGO 5474,Not Provided,Delhi NCR - West,13230,Mixed,28.6139,77.209
NGO705474,USER_NGO705474,Community NGO 5475,Not Provided,Remote - Citywide,10460,Mixed,20.5937,78.9629
NGO705475,USER_NGO705475,Community NGO 5476,Not Provided,Kolkata - West,6795,Mixed,22.5726,88.3639
NGO705476,USER_NGO705476,Community NGO 5477,Not Provided,Mumbai - Central,3240,Mixed,19.076,72.8777
NGO705477,USER_NGO705477,Community NGO 5478,Not Provided,Jaipur - South,14910,Mixed,26.9124,75.7873
NGO705478,USER_NGO705478,Community NGO 5479,Not Provided,Ahmedabad - West,5395,Mixed,23.0225,72.5714
NGO705479,USER_NGO705479,Community NGO 5480,Not Provided,Mumbai - Citywide,14290,Mixed,19.076,72.8777
NGO705480,USER_NGO705480,Community NGO 5481,Not Provided,Hyderabad - East,13075,Mixed,17.385,78.4867
NGO705481,USER_NGO705481,Community NGO 5482,Not Provided,Mumbai - East,6715,Mixed,19.076,72.8777
NGO705482,USER_NGO705482,Community NGO 5483,Not Provided,Pune - North,14070,Mixed,18.5204,73.8567
NGO705483,USER_NGO705483,Community NGO 5484,Not Provided,Ahmedabad - West,14010,Mixed,23.0225,72.5714
NGO705484,USER_NGO705484,Community NGO 5485,Not Provided,Hyderabad - South,11025,Mixed,17.385,78.4867
NGO705485,USER_NGO705485,Community NGO 5486,Not Provided,Mumbai - West,12865,Mixed,19.076,72.8777
NGO705486,USER_NGO705486,Community NGO 5487,Not Provided,Ahmedabad - South,6780,Mixed,23.0225,72.5714
NGO705487,USER_NGO705487,Community NGO 5488,Not Provided,Jaipur - Central,5475,Mixed,26.9124,75.7873
NGO705488,USER_NGO705488,Community NGO 5489,Not Provided,Bengaluru - North,11600,Mixed,12.9716,77.5946
NGO700548,USER_NGO700548,Community NGO 549,Not Provided,Remote - West,8945,Mixed,20.5937,78.9629
NGO705489,USER_NGO705489,Community NGO 5490,Not Provided,Chennai - West,12940,Mixed,13.0827,80.2707
NGO705490,USER_NGO705490,Community NGO 5491,Not Provided,Bengaluru - North,11195,Mixed,12.9716,77.5946
NGO705491,USER_NGO705491,Community NGO 5492,Not Provided,Chennai - East,8600,Mixed,13.0827,80.2707
NGO705492,USER_NGO705492,Community NGO 5493,Not Provided,Remote - South,14270,Mixed,20.5937,78.9629
NGO705495,USER_NGO705495,Community NGO 5496,Not Provided,Ahmedabad - North,7815,Mixed,23.0225,72.5714
NGO705497,USER_NGO705497,Community NGO 5498,Not Provided,Delhi NCR - North,10870,Mixed,28.6139,77.209
NGO705498,USER_NGO705498,Community NGO 5499,Not Provided,Ahmedabad - Citywide,13590,Mixed,23.0225,72.5714
NGO700054,USER_NGO700054,Community NGO 55,Not Provided,Remote - West,3090,Mixed,20.5937,78.9629
NGO705499,USER_NGO705499,Community NGO 5500,Not Provided,Chennai - West,12405,Mixed,13.0827,80.2707
NGO705500,USER_NGO705500,Community NGO 5501,Not Provided,Kolkata - East,14700,Mixed,22.5726,88.3639
NGO705502,USER_NGO705502,Community NGO 5503,Not Provided,Ahmedabad - Citywide,5485,Mixed,23.0225,72.5714
NGO705504,USER_NGO705504,Community NGO 5505,Not Provided,Bengaluru - South,7110,Mixed,12.9716,77.5946
NGO705505,USER_NGO705505,Community NGO 5506,Not Provided,Mumbai - East,7465,Mixed,19.076,72.8777
NGO705506,USER_NGO705506,Community NGO 5507,Not Provided,Mumbai - South,10770,Mixed,19.076,72.8777
NGO705508,USER_NGO705508,Community NGO 5509,Not Provided,Bengaluru - West,12395,Mixed,12.9716,77.5946
NGO700550,USER_NGO700550,Community NGO 551,Not Provided,Remote - Central,6895,Mixed,20.5937,78.9629
NGO705509,USER_NGO705509,Community NGO 5510,Not Provided,Hyderabad - Central,6170,Mixed,17.385,78.4867
NGO705510,USER_NGO705510,Community NGO 5511,Not Provided,Pune - Central,1960,Mixed,18.5204,73.8567
NGO705511,USER_NGO705511,Community NGO 5512,Not Provided,Ahmedabad - South,13665,Mixed,23.0225,72.5714
NGO705512,USER_NGO705512,Community NGO 5513,Not Provided,Mumbai - West,1225,Mixed,19.076,72.8777
NGO705513,USER_NGO705513,Community NGO 5514,Not Provided,Ahmedabad - West,6935,Mixed,23.0225,72.5714
NGO705514,USER_NGO705514,Community NGO 5515,Not Provided,Remote - West,100,Mixed,20.5937,78.9629
NGO705516,USER_NGO705516,Community NGO 5517,Not Provided,Chennai - West,11025,Mixed,13.0827,80.2707
NGO705517,USER_NGO705517,Community NGO 5518,Not Provided,Delhi NCR - South,3080,Mixed,28.6139,77.209
NGO700551,USER_NGO700551,Community NGO 552,Not Provided,Remote - South,3880,Mixed,20.5937,78.9629
NGO705519,USER_NGO705519,Community NGO 5520,Not Provided,Mumbai - North,1595,Mixed,19.076,72.8777
NGO705520,USER_NGO705520,Community NGO 5521,Not Provided,Ahmedabad - Citywide,10755,Mixed,23.0225,72.5714
NGO705521,USER_NGO705521,Community NGO 5522,Not Provided,Bengaluru - South,14565,Mixed,12.9716,77.5946
NGO705522,USER_NGO705522,Community NGO 5523,Not Provided,Jaipur - East,8775,Mixed,26.9124,75.7873
NGO705523,USER_NGO705523,Community NGO 5524,Not Provided,Delhi NCR - Citywide,7340,Mixed,28.6139,77.209
NGO705524,USER_NGO705524,Community NGO 5525,Not Provided,Hyderabad - South,12005,Mixed,17.385,78.4867
NGO705527,USER_NGO705527,Community NGO 5528,Not Provided,Jaipur - North,5565,Mixed,26.9124,75.7873
NGO705528,USER_NGO705528,Community NGO 5529,Not Provided,Mumbai - Central,9525,Mixed,19.076,72.8777
NGO700552,USER_NGO700552,Community NGO 553,Not Provided,Mumbai - East,5590,Mixed,19.076,72.8777
NGO705529,USER_NGO705529,Community NGO 5530,Not Provided,Chennai - Central,13445,Mixed,13.0827,80.2707
NGO705530,USER_NGO705530,Community NGO 5531,Not Provided,Hyderabad - East,5705,Mixed,17.385,78.4867
NGO705532,USER_NGO705532,Community NGO 5533,Not Provided,Delhi NCR - South,9820,Mixed,28.6139,77.209
NGO705534,USER_NGO705534,Community NGO 5535,Not Provided,Pune - Central,3290,Mixed,18.5204,73.8567
NGO705536,USER_NGO705536,Community NGO 5537,Not Provided,Mumbai - Central,4770,Mixed,19.076,72.8777
NGO705537,USER_NGO705537,Community NGO 5538,Not Provided,Chennai - West,5345,Mixed,13.0827,80.2707
NGO700553,USER_NGO700553,Community NGO 554,Not Provided,Delhi NCR - West,3600,Mixed,28.6139,77.209
NGO705539,USER_NGO705539,Community NGO 5540,Not Provided,Hyderabad - Central,1465,Mixed,17.385,78.4867
NGO705541,USER_NGO705541,Community NGO 5542,Not Provided,Hyderabad - West,12505,Mixed,17.385,78.4867
NGO705543,USER_NGO705543,Community NGO 5544,Not Provided,Mumbai - South,13205,Mixed,19.076,72.8777
NGO705544,USER_NGO705544,Community NGO 5545,Not Provided,Pune - South,12350,Mixed,18.5204,73.8567
NGO705545,USER_NGO705545,Community NGO 5546,Not Provided,Hyderabad - East,640,Mixed,17.385,78.4867
NGO705546,USER_NGO705546,Community NGO 5547,Not Provided,Kolkata - Citywide,3845,Mixed,22.5726,88.3639
NGO705547,USER_NGO705547,Community NGO 5548,Not Provided,Mumbai - Central,11665,Mixed,19.076,72.8777
NGO705548,USER_NGO705548,Community NGO 5549,Not Provided,Hyderabad - West,11015,Mixed,17.385,78.4867
NGO705549,USER_NGO705549,Community NGO 5550,Not Provided,Bengaluru - West,6805,Mixed,12.9716,77.5946
NGO705551,USER_NGO705551,Community NGO 5552,Not Provided,Jaipur - South,13195,Mixed,26.9124,75.7873
NGO705552,USER_NGO705552,Community NGO 5553,Not Provided,Bengaluru - East,4795,Mixed,12.9716,77.5946
NGO705553,USER_NGO705553,Community NGO 5554,Not Provided,Remote - Central,10205,Mixed,20.5937,78.9629
NGO705554,USER_NGO705554,Community NGO 5555,Not Provided,Ahmedabad - Citywide,11060,Mixed,23.0225,72.5714
NGO705556,USER_NGO705556,Community NGO 5557,Not Provided,Ahmedabad - South,11770,Mixed,23.0225,72.5714
NGO705558,USER_NGO705558,Community NGO 5559,Not Provided,Ahmedabad - East,12135,Mixed,23.0225,72.5714
NGO700555,USER_NGO700555,Community NGO 556,Not Provided,Chennai - North,9415,Mixed,13.0827,80.2707
NGO705559,USER_NGO705559,Community NGO 5560,Not Provided,Kolkata - West,11600,Mixed,22.5726,88.3639
NGO705560,USER_NGO705560,Community NGO 5561,Not Provided,Bengaluru - Citywide,2945,Mixed,12.9716,77.5946
NGO705561,USER_NGO705561,Community NGO 5562,Not Provided,Delhi NCR - West,2945,Mixed,28.6139,77.209
NGO705562,USER_NGO705562,Community NGO 5563,Not Provided,Jaipur - South,13530,Mixed,26.9124,75.7873
NGO705563,USER_NGO705563,Community NGO 5564,Not Provided,Jaipur - South,4470,Mixed,26.9124,75.7873
NGO705564,USER_NGO705564,Community NGO 5565,Not Provided,Hyderabad - Citywide,10345,Mixed,17.385,78.4867
NGO705565,USER_NGO705565,Community NGO 5566,Not Provided,Bengaluru - Central,6910,Mixed,12.9716,77.5946
NGO705567,USER_NGO705567,Community NGO 5568,Not Provided,Delhi NCR - West,135,Mixed,28.6139,77.209
NGO705568,USER_NGO705568,Community NGO 5569,Not Provided,Chennai - Central,7720,Mixed,13.0827,80.2707
NGO700556,USER_NGO700556,Community NGO 557,Not Provided,Hyderabad - West,7885,Mixed,17.385,78.4867
NGO705571,USER_NGO705571,Community NGO 5572,Not Provided,Kolkata - East,14575,Mixed,22.5726,88.3639
NGO705572,USER_NGO705572,Community NGO 5573,Not Provided,Chennai - Central,5390,Mixed,13.0827,80.2707
NGO705573,USER_NGO705573,Community NGO 5574,Not Provided,Jaipur - South,9650,Mixed,26.9124,75.7873
NGO705575,USER_NGO705575,Community NGO 5576,Not Provided,Hyderabad - Central,4170,Mixed,17.385,78.4867
NGO705576,USER_NGO705576,Community NGO 5577,Not Provided,Bengaluru - Central,8975,Mixed,12.9716,77.5946
NGO705577,USER_NGO705577,Community NGO 5578,Not Provided,Mumbai - South,7620,Mixed,19.076,72.8777
NGO705579,USER_NGO705579,Community NGO 5580,Not Provided,Bengaluru - East,4885,Mixed,12.9716,77.5946
NGO705580,USER_NGO705580,Community NGO 5581,Not Provided,Remote - Central,150,Mixed,20.5937,78.9629
NGO705581,USER_NGO705581,Community NGO 5582,Not Provided,Jaipur - West,13275,Mixed,26.9124,75.7873
NGO705582,USER_NGO705582,Community NGO 5583,Not Provided,Remote - East,5055,Mixed,20.5937,78.9629
NGO705584,USER_NGO705584,Community NGO 5585,Not Provided,Delhi NCR - Citywide,255,Mixed,28.6139,77.209
NGO705585,USER_NGO705585,Community NGO 5586,Not Provided,Mumbai - South,6385,Mixed,19.076,72.8777
NGO705586,USER_NGO705586,Community NGO 5587,Not Provided,Chennai - Central,11945,Mixed,13.0827,80.2707
NGO705587,USER_NGO705587,Community NGO 5588,Not Provided,Hyderabad - West,6325,Mixed,17.385,78.4867
NGO705588,USER_NGO705588,Community NGO 5589,Not Provided,Ahmedabad - Citywide,1565,Mixed,23.0225,72.5714
NGO700558,USER_NGO700558,Community NGO 559,Not Provided,Chennai - Citywide,12630,Mixed,13.0827,80.2707
NGO705589,USER_NGO705589,Community NGO 5590,Not Provided,Kolkata - North,11945,Mixed,22.5726,88.3639
NGO705590,USER_NGO705590,Community NGO 5591,Not Provided,Hyderabad - Citywide,770,Mixed,17.385,78.4867
NGO705591,USER_NGO705591,Community NGO 5592,Not Provided,Ahmedabad - Citywide,5475,Mixed,23.0225,72.5714
NGO705592,USER_NGO705592,Community NGO 5593,Not Provided,Pune - West,14035,Mixed,18.5204,73.8567
NGO705594,USER_NGO705594,Community NGO 5595,Not Provided,Bengaluru - North,13495,Mixed,12.9716,77.5946
NGO705596,USER_NGO705596,Community NGO 5597,Not Provided,Ahmedabad - North,13335,Mixed,23.0225,72.5714
NGO705597,USER_NGO705597,Community NGO 5598,Not Provided,Chennai - North,11340,Mixed,13.0827,80.2707
NGO705598,USER_NGO705598,Community NGO 5599,Not Provided,Pune - Citywide,4715,Mixed,18.5204,73.8567
NGO700055,USER_NGO700055,Community NGO 56,Not Provided,Ahmedabad - North,12560,Mixed,23.0225,72.5714
NGO705599,USER_NGO705599,Community NGO 5600,Not Provided,Bengaluru - West,14135,Mixed,12.9716,77.5946
NGO705600,USER_NGO705600,Community NGO 5601,Not Provided,Delhi NCR - West,9265,Mixed,28.6139,77.209
NGO705601,USER_NGO705601,Community NGO 5602,Not Provided,Ahmedabad - North,14295,Mixed,23.0225,72.5714
NGO705602,USER_NGO705602,Community NGO 5603,Not Provided,Pune - Central,1680,Mixed,18.5204,73.8567
NGO705603,USER_NGO705603,Community NGO 5604,Not Provided,Chennai - Citywide,7990,Mixed,13.0827,80.2707
NGO705604,USER_NGO705604,Community NGO 5605,Not Provided,Remote - West,5685,Mixed,20.5937,78.9629
NGO705605,USER_NGO705605,Community NGO 5606,Not Provided,Remote - North,2550,Mixed,20.5937,78.9629
NGO705606,USER_NGO705606,Community NGO 5607,Not Provided,Ahmedabad - Central,2700,Mixed,23.0225,72.5714
NGO705607,USER_NGO705607,Community NGO 5608,Not Provided,Bengaluru - Central,1680,Mixed,12.9716,77.5946
NGO705608,USER_NGO705608,Community NGO 5609,Not Provided,Kolkata - North,14070,Mixed,22.5726,88.3639
NGO705609,USER_NGO705609,Community NGO 5610,Not Provided,Jaipur - Central,3615,Mixed,26.9124,75.7873
NGO705611,USER_NGO705611,Community NGO 5612,Not Provided,Delhi NCR - North,10105,Mixed,28.6139,77.209
NGO705612,USER_NGO705612,Community NGO 5613,Not Provided,Pune - Central,13260,Mixed,18.5204,73.8567
NGO705613,USER_NGO705613,Community NGO 5614,Not Provided,Delhi NCR - South,1255,Mixed,28.6139,77.209
NGO705615,USER_NGO705615,Community NGO 5616,Not Provided,Jaipur - Citywide,9880,Mixed,26.9124,75.7873
NGO705616,USER_NGO705616,Community NGO 5617,Not Provided,Pune - West,3650,Mixed,18.5204,73.8567
NGO705618,USER_NGO705618,Community NGO 5619,Not Provided,Ahmedabad - Central,8820,Mixed,23.0225,72.5714
NGO700561,USER_NGO700561,Community NGO 562,Not Provided,Kolkata - East,8670,Mixed,22.5726,88.3639
NGO705620,USER_NGO705620,Community NGO 5621,Not Provided,Bengaluru - West,14875,Mixed,12.9716,77.5946
NGO705622,USER_NGO705622,Community NGO 5623,Not Provided,Pune - Central,5875,Mixed,18.5204,73.8567
NGO705623,USER_NGO705623,Community NGO 5624,Not Provided,Chennai - East,13580,Mixed,13.0827,80.2707
NGO705628,USER_NGO705628,Community NGO 5629,Not Provided,Remote - South,4230,Mixed,20.5937,78.9629
NGO705629,USER_NGO705629,Community NGO 5630,Not Provided,Chennai - South,14190,Mixed,13.0827,80.2707
NGO705631,USER_NGO705631,Community NGO 5632,Not Provided,Remote - Central,7450,Mixed,20.5937,78.9629
NGO705632,USER_NGO705632,Community NGO 5633,Not Provided,Delhi NCR - West,8345,Mixed,28.6139,77.209
NGO705633,USER_NGO705633,Community NGO 5634,Not Provided,Chennai - West,7310,Mixed,13.0827,80.2707
NGO705634,USER_NGO705634,Community NGO 5635,Not Provided,Pune - South,13040,Mixed,18.5204,73.8567
NGO705635,USER_NGO705635,Community NGO 5636,Not Provided,Delhi NCR - Citywide,9870,Mixed,28.6139,77.209
NGO705636,USER_NGO705636,Community NGO 5637,Not Provided,Pune - East,14025,Mixed,18.5204,73.8567
NGO705637,USER_NGO705637,Community NGO 5638,Not Provided,Pune - West,4200,Mixed,18.5204,73.8567
NGO705638,USER_NGO705638,Community NGO 5639,Not Provided,Delhi NCR - East,7040,Mixed,28.6139,77.209
NGO700563,USER_NGO700563,Community NGO 564,Not Provided,Hyderabad - West,6750,Mixed,17.385,78.4867
NGO705640,USER_NGO705640,Community NGO 5641,Not Provided,Pune - South,7295,Mixed,18.5204,73.8567
NGO705641,USER_NGO705641,Community NGO 5642,Not Provided,Kolkata - North,9530,Mixed,22.5726,88.3639
NGO705642,USER_NGO705642,Community NGO 5643,Not Provided,Hyderabad - West,7020,Mixed,17.385,78.4867
NGO705643,USER_NGO705643,Community NGO 5644,Not Provided,Remote - East,2895,Mixed,20.5937,78.9629
NGO705644,USER_NGO705644,Community NGO 5645,Not Provided,Remote - Central,3860,Mixed,20.5937,78.9629
NGO705646,USER_NGO705646,Community NGO 5647,Not Provided,Mumbai - South,14150,Mixed,19.076,72.8777
NGO705647,USER_NGO705647,Community NGO 5648,Not Provided,Chennai - South,7115,Mixed,13.0827,80.2707
NGO705648,USER_NGO705648,Community NGO 5649,Not Provided,Hyderabad - Citywide,2765,Mixed,17.385,78.4867
NGO700564,USER_NGO700564,Community NGO 565,Not Provided,Hyderabad - South,10310,Mixed,17.385,78.4867
NGO705650,USER_NGO705650,Community NGO 5651,Not Provided,Hyderabad - Citywide,10985,Mixed,17.385,78.4867
NGO705651,USER_NGO705651,Community NGO 5652,Not Provided,Pune - Central,1965,Mixed,18.5204,73.8567
NGO705652,USER_NGO705652,Community NGO 5653,Not Provided,Delhi NCR - East,5245,Mixed,28.6139,77.209
NGO705653,USER_NGO705653,Community NGO 5654,Not Provided,Hyderabad - West,9325,Mixed,17.385,78.4867
NGO705654,USER_NGO705654,Community NGO 5655,Not Provided,Ahmedabad - South,3025,Mixed,23.0225,72.5714
NGO705657,USER_NGO705657,Community NGO 5658,Not Provided,Jaipur - Central,2935,Mixed,26.9124,75.7873
NGO705658,USER_NGO705658,Community NGO 5659,Not Provided,Kolkata - West,10970,Mixed,22.5726,88.3639
NGO705659,USER_NGO705659,Community NGO 5660,Not Provided,Kolkata - West,3720,Mixed,22.5726,88.3639
NGO705661,USER_NGO705661,Community NGO 5662,Not Provided,Delhi NCR - West,4140,Mixed,28.6139,77.209
NGO705663,USER_NGO705663,Community NGO 5664,Not Provided,Chennai - Citywide,14515,Mixed,13.0827,80.2707
NGO705664,USER_NGO705664,Community NGO 5665,Not Provided,Pune - West,6555,Mixed,18.5204,73.8567
NGO705665,USER_NGO705665,Community NGO 5666,Not Provided,Jaipur - West,12440,Mixed,26.9124,75.7873
NGO705667,USER_NGO705667,Community NGO 5668,Not Provided,Kolkata - West,1520,Mixed,22.5726,88.3639
NGO705668,USER_NGO705668,Community NGO 5669,Not Provided,Chennai - South,9830,Mixed,13.0827,80.2707
NGO700566,USER_NGO700566,Community NGO 567,Not Provided,Kolkata - East,1570,Mixed,22.5726,88.3639
NGO705670,USER_NGO705670,Community NGO 5671,Not Provided,Chennai - West,10605,Mixed,13.0827,80.2707
NGO705672,USER_NGO705672,Community NGO 5673,Not Provided,Jaipur - North,9250,Mixed,26.9124,75.7873
NGO705673,USER_NGO705673,Community NGO 5674,Not Provided,Hyderabad - East,14370,Mixed,17.385,78.4867
NGO705674,USER_NGO705674,Community NGO 5675,Not Provided,Kolkata - North,9100,Mixed,22.5726,88.3639
NGO705676,USER_NGO705676,Community NGO 5677,Not Provided,Pune - East,11440,Mixed,18.5204,73.8567
NGO705677,USER_NGO705677,Community NGO 5678,Not Provided,Remote - South,13435,Mixed,20.5937,78.9629
NGO705678,USER_NGO705678,Community NGO 5679,Not Provided,Hyderabad - North,5415,Mixed,17.385,78.4867
NGO705680,USER_NGO705680,Community NGO 5681,Not Provided,Chennai - Citywide,8670,Mixed,13.0827,80.2707
NGO705683,USER_NGO705683,Community NGO 5684,Not Provided,Bengaluru - Central,2925,Mixed,12.9716,77.5946
NGO705686,USER_NGO705686,Community NGO 5687,Not Provided,Hyderabad - North,4510,Mixed,17.385,78.4867
NGO705687,USER_NGO705687,Community NGO 5688,Not Provided,Chennai - East,13180,Mixed,13.0827,80.2707
NGO705688,USER_NGO705688,Community NGO 5689,Not Provided,Pune - Central,7945,Mixed,18.5204,73.8567
NGO705690,USER_NGO705690,Community NGO 5691,Not Provided,Hyderabad - North,10675,Mixed,17.385,78.4867
NGO705691,USER_NGO705691,Community NGO 5692,Not Provided,Jaipur - Citywide,4685,Mixed,26.9124,75.7873
NGO705692,USER_NGO705692,Community NGO 5693,Not Provided,Delhi NCR - Central,10975,Mixed,28.6139,77.209
NGO705693,USER_NGO705693,Community NGO 5694,Not Provided,Chennai - Citywide,6150,Mixed,13.0827,80.2707
NGO705694,USER_NGO705694,Community NGO 5695,Not Provided,Ahmedabad - South,2035,Mixed,23.0225,72.5714
NGO705695,USER_NGO705695,Community NGO 5696,Not Provided,Kolkata - East,9055,Mixed,22.5726,88.3639
NGO705697,USER_NGO705697,Community NGO 5698,Not Provided,Pune - Citywide,9135,Mixed,18.5204,73.8567
NGO705698,USER_NGO705698,Community NGO 5699,Not Provided,Mumbai - Central,8610,Mixed,19.076,72.8777
NGO700056,USER_NGO700056,Community NGO 57,Not Provided,Kolkata - West,11300,Mixed,22.5726,88.3639
NGO700569,USER_NGO700569,Community NGO 570,Not Provided,Pune - West,7840,Mixed,18.5204,73.8567
NGO705699,USER_NGO705699,Community NGO 5700,Not Provided,Chennai - Citywide,3515,Mixed,13.0827,80.2707
NGO705701,USER_NGO705701,Community NGO 5702,Not Provided,Kolkata - Central,10495,Mixed,22.5726,88.3639
NGO705704,USER_NGO705704,Community NGO 5705,Not Provided,Hyderabad - Citywide,14365,Mixed,17.385,78.4867
NGO705705,USER_NGO705705,Community NGO 5706,Not Provided,Hyderabad - North,4740,Mixed,17.385,78.4867
NGO705706,USER_NGO705706,Community NGO 5707,Not Provided,Chennai - Citywide,6680,Mixed,13.0827,80.2707
NGO705707,USER_NGO705707,Community NGO 5708,Not Provided,Hyderabad - West,6665,Mixed,17.385,78.4867
NGO705708,USER_NGO705708,Community NGO 5709,Not Provided,Kolkata - North,14235,Mixed,22.5726,88.3639
NGO700570,USER_NGO700570,Community NGO 571,Not Provided,Remote - East,5145,Mixed,20.5937,78.9629
NGO705709,USER_NGO705709,Community NGO 5710,Not Provided,Remote - Central,10950,Mixed,20.5937,78.9629
NGO705710,USER_NGO705710,Community NGO 5711,Not Provided,Kolkata - North,6670,Mixed,22.5726,88.3639
NGO705711,USER_NGO705711,Community NGO 5712,Not Provided,Pune - Central,140,Mixed,18.5204,73.8567
NGO705712,USER_NGO705712,Community NGO 5713,Not Provided,Mumbai - West,13735,Mixed,19.076,72.8777
NGO705714,USER_NGO705714,Community NGO 5715,Not Provided,Jaipur - South,1350,Mixed,26.9124,75.7873
NGO705715,USER_NGO705715,Community NGO 5716,Not Provided,Pune - East,13860,Mixed,18.5204,73.8567
NGO705716,USER_NGO705716,Community NGO 5717,Not Provided,Hyderabad - North,7175,Mixed,17.385,78.4867
NGO705717,USER_NGO705717,Community NGO 5718,Not Provided,Pune - East,460,Mixed,18.5204,73.8567
NGO705718,USER_NGO705718,Community NGO 5719,Not Provided,Ahmedabad - North,7410,Mixed,23.0225,72.5714
NGO700571,USER_NGO700571,Community NGO 572,Not Provided,Pune - West,7805,Mixed,18.5204,73.8567
NGO705721,USER_NGO705721,Community NGO 5722,Not Provided,Delhi NCR - Central,7425,Mixed,28.6139,77.209
NGO705722,USER_NGO705722,Community NGO 5723,Not Provided,Chennai - East,13795,Mixed,13.0827,80.2707
NGO705723,USER_NGO705723,Community NGO 5724,Not Provided,Hyderabad - Central,4375,Mixed,17.385,78.4867
NGO705724,USER_NGO705724,Community NGO 5725,Not Provided,Chennai - Central,6545,Mixed,13.0827,80.2707
NGO705725,USER_NGO705725,Community NGO 5726,Not Provided,Chennai - Citywide,11880,Mixed,13.0827,80.2707
NGO705726,USER_NGO705726,Community NGO 5727,Not Provided,Remote - West,8475,Mixed,20.5937,78.9629
NGO705727,USER_NGO705727,Community NGO 5728,Not Provided,Ahmedabad - South,11455,Mixed,23.0225,72.5714
NGO705728,USER_NGO705728,Community NGO 5729,Not Provided,Jaipur - Central,13195,Mixed,26.9124,75.7873
NGO705729,USER_NGO705729,Community NGO 5730,Not Provided,Remote - South,9335,Mixed,20.5937,78.9629
NGO705732,USER_NGO705732,Community NGO 5733,Not Provided,Hyderabad - Citywide,1630,Mixed,17.385,78.4867
NGO705735,USER_NGO705735,Community NGO 5736,Not Provided,Hyderabad - East,9850,Mixed,17.385,78.4867
NGO705736,USER_NGO705736,Community NGO 5737,Not Provided,Kolkata - West,1645,Mixed,22.5726,88.3639
NGO705738,USER_NGO705738,Community NGO 5739,Not Provided,Delhi NCR - Central,8320,Mixed,28.6139,77.209
NGO700573,USER_NGO700573,Community NGO 574,Not Provided,Ahmedabad - East,13780,Mixed,23.0225,72.5714
NGO705739,USER_NGO705739,Community NGO 5740,Not Provided,Jaipur - West,3855,Mixed,26.9124,75.7873
NGO705741,USER_NGO705741,Community NGO 5742,Not Provided,Chennai - Central,870,Mixed,13.0827,80.2707
NGO705742,USER_NGO705742,Community NGO 5743,Not Provided,Kolkata - East,13025,Mixed,22.5726,88.3639
NGO705743,USER_NGO705743,Community NGO 5744,Not Provided,Pune - South,8845,Mixed,18.5204,73.8567
NGO705744,USER_NGO705744,Community NGO 5745,Not Provided,Delhi NCR - North,10500,Mixed,28.6139,77.209
NGO705746,USER_NGO705746,Community NGO 5747,Not Provided,Mumbai - South,12580,Mixed,19.076,72.8777
NGO705747,USER_NGO705747,Community NGO 5748,Not Provided,Pune - Central,2200,Mixed,18.5204,73.8567
NGO705748,USER_NGO705748,Community NGO 5749,Not Provided,Bengaluru - Central,11150,Mixed,12.9716,77.5946
NGO700574,USER_NGO700574,Community NGO 575,Not Provided,Mumbai - North,2620,Mixed,19.076,72.8777
NGO705749,USER_NGO705749,Community NGO 5750,Not Provided,Hyderabad - Citywide,7615,Mixed,17.385,78.4867
NGO705750,USER_NGO705750,Community NGO 5751,Not Provided,Bengaluru - North,755,Mixed,12.9716,77.5946
NGO705751,USER_NGO705751,Community NGO 5752,Not Provided,Chennai - Citywide,13175,Mixed,13.0827,80.2707
NGO705753,USER_NGO705753,Community NGO 5754,Not Provided,Mumbai - South,5890,Mixed,19.076,72.8777
NGO705754,USER_NGO705754,Community NGO 5755,Not Provided,Pune - South,8975,Mixed,18.5204,73.8567
NGO705755,USER_NGO705755,Community NGO 5756,Not Provided,Delhi NCR - West,3335,Mixed,28.6139,77.209
NGO705756,USER_NGO705756,Community NGO 5757,Not Provided,Ahmedabad - West,10310,Mixed,23.0225,72.5714
NGO705757,USER_NGO705757,Community NGO 5758,Not Provided,Mumbai - Central,370,Mixed,19.076,72.8777
NGO705758,USER_NGO705758,Community NGO 5759,Not Provided,Bengaluru - North,13500,Mixed,12.9716,77.5946
NGO700575,USER_NGO700575,Community NGO 576,Not Provided,Bengaluru - South,6070,Mixed,12.9716,77.5946
NGO705759,USER_NGO705759,Community NGO 5760,Not Provided,Bengaluru - East,4930,Mixed,12.9716,77.5946
NGO705760,USER_NGO705760,Community NGO 5761,Not Provided,Ahmedabad - West,1425,Mixed,23.0225,72.5714
NGO705761,USER_NGO705761,Community NGO 5762,Not Provided,Jaipur - Central,3105,Mixed,26.9124,75.7873
NGO705763,USER_NGO705763,Community NGO 5764,Not Provided,Hyderabad - North,4965,Mixed,17.385,78.4867
NGO705764,USER_NGO705764,Community NGO 5765,Not Provided,Hyderabad - West,5140,Mixed,17.385,78.4867
NGO705765,USER_NGO705765,Community NGO 5766,Not Provided,Chennai - North,5045,Mixed,13.0827,80.2707
NGO705766,USER_NGO705766,Community NGO 5767,Not Provided,Chennai - Citywide,9285,Mixed,13.0827,80.2707
NGO705767,USER_NGO705767,Community NGO 5768,Not Provided,Delhi NCR - West,2010,Mixed,28.6139,77.209
NGO705768,USER_NGO705768,Community NGO 5769,Not Provided,Mumbai - East,12845,Mixed,19.076,72.8777
NGO705769,USER_NGO705769,Community NGO 5770,Not Provided,Delhi NCR - South,1225,Mixed,28.6139,77.209
NGO705770,USER_NGO705770,Community NGO 5771,Not Provided,Bengaluru - North,6785,Mixed,12.9716,77.5946
NGO705771,USER_NGO705771,Community NGO 5772,Not Provided,Ahmedabad - Citywide,13475,Mixed,23.0225,72.5714
NGO705773,USER_NGO705773,Community NGO 5774,Not Provided,Ahmedabad - South,13010,Mixed,23.0225,72.5714
NGO705775,USER_NGO705775,Community NGO 5776,Not Provided,Hyderabad - Citywide,1935,Mixed,17.385,78.4867
NGO705777,USER_NGO705777,Community NGO 5778,Not Provided,Pune - Central,8000,Mixed,18.5204,73.8567
NGO705778,USER_NGO705778,Community NGO 5779,Not Provided,Jaipur - South,6395,Mixed,26.9124,75.7873
NGO700577,USER_NGO700577,Community NGO 578,Not Provided,Remote - West,7230,Mixed,20.5937,78.9629
NGO705779,USER_NGO705779,Community NGO 5780,Not Provided,Ahmedabad - Central,10955,Mixed,23.0225,72.5714
NGO705780,USER_NGO705780,Community NGO 5781,Not Provided,Hyderabad - West,9980,Mixed,17.385,78.4867
NGO705782,USER_NGO705782,Community NGO 5783,Not Provided,Kolkata - South,6160,Mixed,22.5726,88.3639
NGO705783,USER_NGO705783,Community NGO 5784,Not Provided,Mumbai - Citywide,10935,Mixed,19.076,72.8777
NGO705784,USER_NGO705784,Community NGO 5785,Not Provided,Bengaluru - East,2775,Mixed,12.9716,77.5946
NGO705785,USER_NGO705785,Community NGO 5786,Not Provided,Jaipur - East,6955,Mixed,26.9124,75.7873
NGO705786,USER_NGO705786,Community NGO 5787,Not Provided,Jaipur - North,1245,Mixed,26.9124,75.7873
NGO705787,USER_NGO705787,Community NGO 5788,Not Provided,Kolkata - Central,6890,Mixed,22.5726,88.3639
NGO705788,USER_NGO705788,Community NGO 5789,Not Provided,Mumbai - South,10620,Mixed,19.076,72.8777
NGO700578,USER_NGO700578,Community NGO 579,Not Provided,Mumbai - North,4215,Mixed,19.076,72.8777
NGO705792,USER_NGO705792,Community NGO 5793,Not Provided,Ahmedabad - West,1765,Mixed,23.0225,72.5714
NGO705793,USER_NGO705793,Community NGO 5794,Not Provided,Jaipur - North,11975,Mixed,26.9124,75.7873
NGO705794,USER_NGO705794,Community NGO 5795,Not Provided,Hyderabad - Citywide,11450,Mixed,17.385,78.4867
NGO705795,USER_NGO705795,Community NGO 5796,Not Provided,Kolkata - North,1950,Mixed,22.5726,88.3639
NGO705796,USER_NGO705796,Community NGO 5797,Not Provided,Hyderabad - East,13925,Mixed,17.385,78.4867
NGO705797,USER_NGO705797,Community NGO 5798,Not Provided,Ahmedabad - East,465,Mixed,23.0225,72.5714
NGO705798,USER_NGO705798,Community NGO 5799,Not Provided,Hyderabad - North,2320,Mixed,17.385,78.4867
NGO700057,USER_NGO700057,Community NGO 58,Not Provided,Mumbai - Citywide,4620,Mixed,19.076,72.8777
NGO700579,USER_NGO700579,Community NGO 580,Not Provided,Chennai - North,9705,Mixed,13.0827,80.2707
NGO705799,USER_NGO705799,Community NGO 5800,Not Provided,Delhi NCR - Central,6950,Mixed,28.6139,77.209
NGO705800,USER_NGO705800,Community NGO 5801,Not Provided,Pune - North,8760,Mixed,18.5204,73.8567
NGO705801,USER_NGO705801,Community NGO 5802,Not Provided,Ahmedabad - Central,12950,Mixed,23.0225,72.5714
NGO705802,USER_NGO705802,Community NGO 5803,Not Provided,Ahmedabad - Central,13450,Mixed,23.0225,72.5714
NGO705803,USER_NGO705803,Community NGO 5804,Not Provided,Ahmedabad - East,3180,Mixed,23.0225,72.5714
NGO705804,USER_NGO705804,Community NGO 5805,Not Provided,Ahmedabad - Central,9825,Mixed,23.0225,72.5714
NGO705805,USER_NGO705805,Community NGO 5806,Not Provided,Jaipur - South,11620,Mixed,26.9124,75.7873
NGO705806,USER_NGO705806,Community NGO 5807,Not Provided,Delhi NCR - East,13755,Mixed,28.6139,77.209
NGO705807,USER_NGO705807,Community NGO 5808,Not Provided,Ahmedabad - West,12060,Mixed,23.0225,72.5714
NGO705808,USER_NGO705808,Community NGO 5809,Not Provided,Delhi NCR - East,12215,Mixed,28.6139,77.209
NGO705809,USER_NGO705809,Community NGO 5810,Not Provided,Remote - East,14400,Mixed,20.5937,78.9629
NGO705810,USER_NGO705810,Community NGO 5811,Not Provided,Ahmedabad - Citywide,10055,Mixed,23.0225,72.5714
NGO705811,USER_NGO705811,Community NGO 5812,Not Provided,Mumbai - North,12255,Mixed,19.076,72.8777
NGO705812,USER_NGO705812,Community NGO 5813,Not Provided,Ahmedabad - Central,565,Mixed,23.0225,72.5714
NGO705813,USER_NGO705813,Community NGO 5814,Not Provided,Kolkata - East,9875,Mixed,22.5726,88.3639
NGO705814,USER_NGO705814,Community NGO 5815,Not Provided,Bengaluru - Central,6640,Mixed,12.9716,77.5946
NGO705815,USER_NGO705815,Community NGO 5816,Not Provided,Ahmedabad - Citywide,11545,Mixed,23.0225,72.5714
NGO705816,USER_NGO705816,Community NGO 5817,Not Provided,Chennai - South,9155,Mixed,13.0827,80.2707
NGO705817,USER_NGO705817,Community NGO 5818,Not Provided,Jaipur - South,11980,Mixed,26.9124,75.7873
NGO705818,USER_NGO705818,Community NGO 5819,Not Provided,Ahmedabad - South,12510,Mixed,23.0225,72.5714
NGO700581,USER_NGO700581,Community NGO 582,Not Provided,Remote - North,11235,Mixed,20.5937,78.9629
NGO705819,USER_NGO705819,Community NGO 5820,Not Provided,Chennai - East,3655,Mixed,13.0827,80.2707
NGO705821,USER_NGO705821,Community NGO 5822,Not Provided,Hyderabad - East,8865,Mixed,17.385,78.4867
NGO705822,USER_NGO705822,Community NGO 5823,Not Provided,Kolkata - Central,590,Mixed,22.5726,88.3639
NGO705825,USER_NGO705825,Community NGO 5826,Not Provided,Delhi NCR - Central,960,Mixed,28.6139,77.209
NGO705826,USER_NGO705826,Community NGO 5827,Not Provided,Chennai - South,5580,Mixed,13.0827,80.2707
NGO705827,USER_NGO705827,Community NGO 5828,Not Provided,Kolkata - Central,11655,Mixed,22.5726,88.3639
NGO705828,USER_NGO705828,Community NGO 5829,Not Provided,Pune - Central,11945,Mixed,18.5204,73.8567
NGO700582,USER_NGO700582,Community NGO 583,Not Provided,Delhi NCR - East,5585,Mixed,28.6139,77.209
NGO705831,USER_NGO705831,Community NGO 5832,Not Provided,Kolkata - Central,4355,Mixed,22.5726,88.3639
NGO705832,USER_NGO705832,Community NGO 5833,Not Provided,Remote - Central,12665,Mixed,20.5937,78.9629
NGO705833,USER_NGO705833,Community NGO 5834,Not Provided,Bengaluru - Citywide,3145,Mixed,12.9716,77.5946
NGO705834,USER_NGO705834,Community NGO 5835,Not Provided,Mumbai - South,8095,Mixed,19.076,72.8777
NGO705837,USER_NGO705837,Community NGO 5838,Not Provided,Hyderabad - Citywide,12260,Mixed,17.385,78.4867
NGO705838,USER_NGO705838,Community NGO 5839,Not Provided,Kolkata - East,4545,Mixed,22.5726,88.3639
NGO700583,USER_NGO700583,Community NGO 584,Not Provided,Delhi NCR - Central,11235,Mixed,28.6139,77.209
NGO705839,USER_NGO705839,Community NGO 5840,Not Provided,Ahmedabad - Citywide,3105,Mixed,23.0225,72.5714
NGO705840,USER_NGO705840,Community NGO 5841,Not Provided,Delhi NCR - West,5425,Mixed,28.6139,77.209
NGO705841,USER_NGO705841,Community NGO 5842,Not Provided,Ahmedabad - Citywide,1920,Mixed,23.0225,72.5714
NGO705842,USER_NGO705842,Community NGO 5843,Not Provided,Mumbai - West,11245,Mixed,19.076,72.8777
NGO705843,USER_NGO705843,Community NGO 5844,Not Provided,Kolkata - West,3720,Mixed,22.5726,88.3639
NGO705844,USER_NGO705844,Community NGO 5845,Not Provided,Mumbai - East,9615,Mixed,19.076,72.8777
NGO705845,USER_NGO705845,Community NGO 5846,Not Provided,Ahmedabad - West,13555,Mixed,23.0225,72.5714
NGO705847,USER_NGO705847,Community NGO 5848,Not Provided,Pune - West,6875,Mixed,18.5204,73.8567
NGO705848,USER_NGO705848,Community NGO 5849,Not Provided,Hyderabad - West,11485,Mixed,17.385,78.4867
NGO705849,USER_NGO705849,Community NGO 5850,Not Provided,Jaipur - East,8690,Mixed,26.9124,75.7873
NGO705853,USER_NGO705853,Community NGO 5854,Not Provided,Jaipur - West,12735,Mixed,26.9124,75.7873
NGO705855,USER_NGO705855,Community NGO 5856,Not Provided,Hyderabad - South,12085,Mixed,17.385,78.4867
NGO705856,USER_NGO705856,Community NGO 5857,Not Provided,Remote - Central,4255,Mixed,20.5937,78.9629
NGO705857,USER_NGO705857,Community NGO 5858,Not Provided,Pune - South,6120,Mixed,18.5204,73.8567
NGO700585,USER_NGO700585,Community NGO 586,Not Provided,Chennai - East,5055,Mixed,13.0827,80.2707
NGO705859,USER_NGO705859,Community NGO 5860,Not Provided,Pune - Central,9885,Mixed,18.5204,73.8567
NGO705860,USER_NGO705860,Community NGO 5861,Not Provided,Bengaluru - East,4070,Mixed,12.9716,77.5946
NGO705861,USER_NGO705861,Community NGO 5862,Not Provided,Remote - East,14610,Mixed,20.5937,78.9629
NGO705863,USER_NGO705863,Community NGO 5864,Not Provided,Chennai - West,10800,Mixed,13.0827,80.2707
NGO705864,USER_NGO705864,Community NGO 5865,Not Provided,Hyderabad - East,8185,Mixed,17.385,78.4867
NGO705865,USER_NGO705865,Community NGO 5866,Not Provided,Jaipur - East,6630,Mixed,26.9124,75.7873
NGO705866,USER_NGO705866,Community NGO 5867,Not Provided,Hyderabad - South,9555,Mixed,17.385,78.4867
NGO705867,USER_NGO705867,Community NGO 5868,Not Provided,Jaipur - West,9305,Mixed,26.9124,75.7873
NGO700586,USER_NGO700586,Community NGO 587,Not Provided,Pune - West,14985,Mixed,18.5204,73.8567
NGO705869,USER_NGO705869,Community NGO 5870,Not Provided,Pune - West,6185,Mixed,18.5204,73.8567
NGO705870,USER_NGO705870,Community NGO 5871,Not Provided,Delhi NCR - Citywide,2910,Mixed,28.6139,77.209
NGO705871,USER_NGO705871,Community NGO 5872,Not Provided,Ahmedabad - Central,8710,Mixed,23.0225,72.5714
NGO705872,USER_NGO705872,Community NGO 5873,Not Provided,Chennai - Citywide,13230,Mixed,13.0827,80.2707
NGO705873,USER_NGO705873,Community NGO 5874,Not Provided,Hyderabad - Citywide,9750,Mixed,17.385,78.4867
NGO705874,USER_NGO705874,Community NGO 5875,Not Provided,Remote - West,12700,Mixed,20.5937,78.9629
NGO705875,USER_NGO705875,Community NGO 5876,Not Provided,Delhi NCR - West,14240,Mixed,28.6139,77.209
NGO705876,USER_NGO705876,Community NGO 5877,Not Provided,Kolkata - North,2920,Mixed,22.5726,88.3639
NGO705878,USER_NGO705878,Community NGO 5879,Not Provided,Bengaluru - Citywide,4480,Mixed,12.9716,77.5946
NGO700587,USER_NGO700587,Community NGO 588,Not Provided,Pune - East,7165,Mixed,18.5204,73.8567
NGO705880,USER_NGO705880,Community NGO 5881,Not Provided,Kolkata - West,10610,Mixed,22.5726,88.3639
NGO705881,USER_NGO705881,Community NGO 5882,Not Provided,Delhi NCR - Central,7225,Mixed,28.6139,77.209
NGO705883,USER_NGO705883,Community NGO 5884,Not Provided,Kolkata - South,2335,Mixed,22.5726,88.3639
NGO705884,USER_NGO705884,Community NGO 5885,Not Provided,Mumbai - East,2045,Mixed,19.076,72.8777
NGO705885,USER_NGO705885,Community NGO 5886,Not Provided,Bengaluru - Central,14530,Mixed,12.9716,77.5946
NGO705886,USER_NGO705886,Community NGO 5887,Not Provided,Ahmedabad - South,6625,Mixed,23.0225,72.5714
NGO705887,USER_NGO705887,Community NGO 5888,Not Provided,Kolkata - West,13595,Mixed,22.5726,88.3639
NGO705888,USER_NGO705888,Community NGO 5889,Not Provided,Kolkata - Central,9285,Mixed,22.5726,88.3639
NGO700588,USER_NGO700588,Community NGO 589,Not Provided,Chennai - Central,5055,Mixed,13.0827,80.2707
NGO705889,USER_NGO705889,Community NGO 5890,Not Provided,Hyderabad - Citywide,8445,Mixed,17.385,78.4867
NGO705890,USER_NGO705890,Community NGO 5891,Not Provided,Kolkata - North,7455,Mixed,22.5726,88.3639
NGO705891,USER_NGO705891,Community NGO 5892,Not Provided,Hyderabad - East,12350,Mixed,17.385,78.4867
NGO705892,USER_NGO705892,Community NGO 5893,Not Provided,Ahmedabad - East,4285,Mixed,23.0225,72.5714
NGO705893,USER_NGO705893,Community NGO 5894,Not Provided,Mumbai - North,9790,Mixed,19.076,72.8777
NGO705894,USER_NGO705894,Community NGO 5895,Not Provided,Remote - East,11240,Mixed,20.5937,78.9629
NGO705896,USER_NGO705896,Community NGO 5897,Not Provided,Ahmedabad - West,2925,Mixed,23.0225,72.5714
NGO705897,USER_NGO705897,Community NGO 5898,Not Provided,Ahmedabad - Citywide,735,Mixed,23.0225,72.5714
NGO705898,USER_NGO705898,Community NGO 5899,Not Provided,Jaipur - North,2185,Mixed,26.9124,75.7873
NGO700058,USER_NGO700058,Community NGO 59,Not Provided,Jaipur - Citywide,2730,Mixed,26.9124,75.7873
NGO700589,USER_NGO700589,Community NGO 590,Not Provided,Kolkata - East,13630,Mixed,22.5726,88.3639
NGO705899,USER_NGO705899,Community NGO 5900,Not Provided,Chennai - Central,3590,Mixed,13.0827,80.2707
NGO705900,USER_NGO705900,Community NGO 5901,Not Provided,Ahmedabad - Central,9065,Mixed,23.0225,72.5714
NGO705901,USER_NGO705901,Community NGO 5902,Not Provided,Bengaluru - East,7400,Mixed,12.9716,77.5946
NGO705902,USER_NGO705902,Community NGO 5903,Not Provided,Pune - South,10725,Mixed,18.5204,73.8567
NGO705903,USER_NGO705903,Community NGO 5904,Not Provided,Mumbai - North,7315,Mixed,19.076,72.8777
NGO705904,USER_NGO705904,Community NGO 5905,Not Provided,Bengaluru - East,350,Mixed,12.9716,77.5946
NGO705905,USER_NGO705905,Community NGO 5906,Not Provided,Hyderabad - Central,12680,Mixed,17.385,78.4867
NGO705906,USER_NGO705906,Community NGO 5907,Not Provided,Bengaluru - North,11035,Mixed,12.9716,77.5946
NGO705907,USER_NGO705907,Community NGO 5908,Not Provided,Pune - West,1655,Mixed,18.5204,73.8567
NGO705908,USER_NGO705908,Community NGO 5909,Not Provided,Hyderabad - Central,8225,Mixed,17.385,78.4867
NGO700590,USER_NGO700590,Community NGO 591,Not Provided,Hyderabad - Citywide,11485,Mixed,17.385,78.4867
NGO705909,USER_NGO705909,Community NGO 5910,Not Provided,Delhi NCR - Citywide,8235,Mixed,28.6139,77.209
NGO705910,USER_NGO705910,Community NGO 5911,Not Provided,Chennai - Citywide,4005,Mixed,13.0827,80.2707
NGO705912,USER_NGO705912,Community NGO 5913,Not Provided,Mumbai - North,14075,Mixed,19.076,72.8777
NGO705913,USER_NGO705913,Community NGO 5914,Not Provided,Ahmedabad - Citywide,14225,Mixed,23.0225,72.5714
NGO705914,USER_NGO705914,Community NGO 5915,Not Provided,Kolkata - West,13405,Mixed,22.5726,88.3639
NGO705915,USER_NGO705915,Community NGO 5916,Not Provided,Bengaluru - East,4630,Mixed,12.9716,77.5946
NGO705917,USER_NGO705917,Community NGO 5918,Not Provided,Remote - East,5200,Mixed,20.5937,78.9629
NGO705918,USER_NGO705918,Community NGO 5919,Not Provided,Jaipur - Central,1070,Mixed,26.9124,75.7873
NGO700591,USER_NGO700591,Community NGO 592,Not Provided,Delhi NCR - Citywide,3440,Mixed,28.6139,77.209
NGO705919,USER_NGO705919,Community NGO 5920,Not Provided,Mumbai - West,1290,Mixed,19.076,72.8777
NGO705921,USER_NGO705921,Community NGO 5922,Not Provided,Ahmedabad - Central,12005,Mixed,23.0225,72.5714
NGO705922,USER_NGO705922,Community NGO 5923,Not Provided,Hyderabad - West,10735,Mixed,17.385,78.4867
NGO705923,USER_NGO705923,Community NGO 5924,Not Provided,Hyderabad - North,1805,Mixed,17.385,78.4867
NGO705925,USER_NGO705925,Community NGO 5926,Not Provided,Mumbai - Central,7705,Mixed,19.076,72.8777
NGO705927,USER_NGO705927,Community NGO 5928,Not Provided,Bengaluru - West,7690,Mixed,12.9716,77.5946
NGO705928,USER_NGO705928,Community NGO 5929,Not Provided,Delhi NCR - North,3355,Mixed,28.6139,77.209
NGO700592,USER_NGO700592,Community NGO 593,Not Provided,Remote - Citywide,4360,Mixed,20.5937,78.9629
NGO705929,USER_NGO705929,Community NGO 5930,Not Provided,Hyderabad - South,7700,Mixed,17.385,78.4867
NGO705930,USER_NGO705930,Community NGO 5931,Not Provided,Jaipur - Citywide,11400,Mixed,26.9124,75.7873
NGO705931,USER_NGO705931,Community NGO 5932,Not Provided,Ahmedabad - Citywide,320,Mixed,23.0225,72.5714
NGO705933,USER_NGO705933,Community NGO 5934,Not Provided,Remote - North,1450,Mixed,20.5937,78.9629
NGO705934,USER_NGO705934,Community NGO 5935,Not Provided,Hyderabad - West,2095,Mixed,17.385,78.4867
NGO705935,USER_NGO705935,Community NGO 5936,Not Provided,Pune - Citywide,6210,Mixed,18.5204,73.8567
NGO705936,USER_NGO705936,Community NGO 5937,Not Provided,Hyderabad - North,3020,Mixed,17.385,78.4867
NGO705937,USER_NGO705937,Community NGO 5938,Not Provided,Hyderabad - East,3380,Mixed,17.385,78.4867
NGO700593,USER_NGO700593,Community NGO 594,Not Provided,Hyderabad - East,12050,Mixed,17.385,78.4867
NGO705941,USER_NGO705941,Community NGO 5942,Not Provided,Chennai - Citywide,9125,Mixed,13.0827,80.2707
NGO705943,USER_NGO705943,Community NGO 5944,Not Provided,Chennai - East,6935,Mixed,13.0827,80.2707
NGO705944,USER_NGO705944,Community NGO 5945,Not Provided,Remote - Citywide,10730,Mixed,20.5937,78.9629
NGO705945,USER_NGO705945,Community NGO 5946,Not Provided,Chennai - Citywide,1330,Mixed,13.0827,80.2707
NGO705946,USER_NGO705946,Community NGO 5947,Not Provided,Kolkata - South,14975,Mixed,22.5726,88.3639
NGO705947,USER_NGO705947,Community NGO 5948,Not Provided,Bengaluru - North,1445,Mixed,12.9716,77.5946
NGO700594,USER_NGO700594,Community NGO 595,Not Provided,Remote - Central,13985,Mixed,20.5937,78.9629
NGO705950,USER_NGO705950,Community NGO 5951,Not Provided,Hyderabad - West,7840,Mixed,17.385,78.4867
NGO705951,USER_NGO705951,Community NGO 5952,Not Provided,Remote - Central,13655,Mixed,20.5937,78.9629
NGO705952,USER_NGO705952,Community NGO 5953,Not Provided,Bengaluru - South,10825,Mixed,12.9716,77.5946
NGO705953,USER_NGO705953,Community NGO 5954,Not Provided,Ahmedabad - Central,1780,Mixed,23.0225,72.5714
NGO705954,USER_NGO705954,Community NGO 5955,Not Provided,Hyderabad - West,7950,Mixed,17.385,78.4867
NGO705955,USER_NGO705955,Community NGO 5956,Not Provided,Chennai - West,995,Mixed,13.0827,80.2707
NGO705956,USER_NGO705956,Community NGO 5957,Not Provided,Mumbai - North,8820,Mixed,19.076,72.8777
NGO705958,USER_NGO705958,Community NGO 5959,Not Provided,Mumbai - Citywide,5250,Mixed,19.076,72.8777
NGO700595,USER_NGO700595,Community NGO 596,Not Provided,Pune - East,6920,Mixed,18.5204,73.8567
NGO705959,USER_NGO705959,Community NGO 5960,Not Provided,Delhi NCR - Citywide,3680,Mixed,28.6139,77.209
NGO705960,USER_NGO705960,Community NGO 5961,Not Provided,Ahmedabad - North,4650,Mixed,23.0225,72.5714
NGO705961,USER_NGO705961,Community NGO 5962,Not Provided,Jaipur - South,3525,Mixed,26.9124,75.7873
NGO705962,USER_NGO705962,Community NGO 5963,Not Provided,Ahmedabad - Central,6110,Mixed,23.0225,72.5714
NGO705963,USER_NGO705963,Community NGO 5964,Not Provided,Mumbai - South,675,Mixed,19.076,72.8777
NGO705964,USER_NGO705964,Community NGO 5965,Not Provided,Remote - East,3325,Mixed,20.5937,78.9629
NGO705965,USER_NGO705965,Community NGO 5966,Not Provided,Jaipur - North,5455,Mixed,26.9124,75.7873
NGO705967,USER_NGO705967,Community NGO 5968,Not Provided,Chennai - East,12115,Mixed,13.0827,80.2707
NGO700596,USER_NGO700596,Community NGO 597,Not Provided,Pune - Central,13500,Mixed,18.5204,73.8567
NGO705969,USER_NGO705969,Community NGO 5970,Not Provided,Kolkata - North,9030,Mixed,22.5726,88.3639
NGO705970,USER_NGO705970,Community NGO 5971,Not Provided,Hyderabad - South,7730,Mixed,17.385,78.4867
NGO705971,USER_NGO705971,Community NGO 5972,Not Provided,Jaipur - East,9245,Mixed,26.9124,75.7873
NGO705972,USER_NGO705972,Community NGO 5973,Not Provided,Remote - South,4000,Mixed,20.5937,78.9629
NGO705973,USER_NGO705973,Community NGO 5974,Not Provided,Hyderabad - East,2230,Mixed,17.385,78.4867
NGO705974,USER_NGO705974,Community NGO 5975,Not Provided,Delhi NCR - North,10395,Mixed,28.6139,77.209
NGO705975,USER_NGO705975,Community NGO 5976,Not Provided,Jaipur - East,390,Mixed,26.9124,75.7873
NGO705976,USER_NGO705976,Community NGO 5977,Not Provided,Mumbai - Citywide,5175,Mixed,19.076,72.8777
NGO705977,USER_NGO705977,Community NGO 5978,Not Provided,Mumbai - West,2835,Mixed,19.076,72.8777
NGO705978,USER_NGO705978,Community NGO 5979,Not Provided,Mumbai - Citywide,4750,Mixed,19.076,72.8777
NGO705979,USER_NGO705979,Community NGO 5980,Not Provided,Pune - East,9900,Mixed,18.5204,73.8567
NGO705981,USER_NGO705981,Community NGO 5982,Not Provided,Chennai - East,5200,Mixed,13.0827,80.2707
NGO705982,USER_NGO705982,Community NGO 5983,Not Provided,Chennai - East,9305,Mixed,13.0827,80.2707
NGO705983,USER_NGO705983,Community NGO 5984,Not Provided,Pune - North,275,Mixed,18.5204,73.8567
NGO705984,USER_NGO705984,Community NGO 5985,Not Provided,Delhi NCR - Central,590,Mixed,28.6139,77.209
NGO705985,USER_NGO705985,Community NGO 5986,Not Provided,Ahmedabad - East,6470,Mixed,23.0225,72.5714
NGO705986,USER_NGO705986,Community NGO 5987,Not Provided,Ahmedabad - North,8620,Mixed,23.0225,72.5714
NGO705987,USER_NGO705987,Community NGO 5988,Not Provided,Mumbai - Central,14500,Mixed,19.076,72.8777
NGO705988,USER_NGO705988,Community NGO 5989,Not Provided,Pune - Central,6980,Mixed,18.5204,73.8567
NGO700598,USER_NGO700598,Community NGO 599,Not Provided,Mumbai - North,10000,Mixed,19.076,72.8777
NGO705991,USER_NGO705991,Community NGO 5992,Not Provided,Remote - West,3040,Mixed,20.5937,78.9629
NGO705992,USER_NGO705992,Community NGO 5993,Not Provided,Kolkata - Citywide,5690,Mixed,22.5726,88.3639
NGO705993,USER_NGO705993,Community NGO 5994,Not Provided,Ahmedabad - South,14005,Mixed,23.0225,72.5714
NGO705994,USER_NGO705994,Community NGO 5995,Not Provided,Mumbai - East,12730,Mixed,19.076,72.8777
NGO705995,USER_NGO705995,Community NGO 5996,Not Provided,Bengaluru - North,3715,Mixed,12.9716,77.5946
NGO705996,USER_NGO705996,Community NGO 5997,Not Provided,Pune - South,13010,Mixed,18.5204,73.8567
NGO705997,USER_NGO705997,Community NGO 5998,Not Provided,Chennai - East,9705,Mixed,13.0827,80.2707
NGO700059,USER_NGO700059,Community NGO 60,Not Provided,Mumbai - West,5275,Mixed,19.076,72.8777
NGO700599,USER_NGO700599,Community NGO 600,Not Provided,Delhi NCR - East,13315,Mixed,28.6139,77.209
NGO705999,USER_NGO705999,Community NGO 6000,Not Provided,Bengaluru - Central,1620,Mixed,12.9716,77.5946
NGO706000,USER_NGO706000,Community NGO 6001,Not Provided,Jaipur - North,14200,Mixed,26.9124,75.7873
NGO706001,USER_NGO706001,Community NGO 6002,Not Provided,Hyderabad - East,10060,Mixed,17.385,78.4867
NGO706002,USER_NGO706002,Community NGO 6003,Not Provided,Ahmedabad - South,5555,Mixed,23.0225,72.5714
NGO706003,USER_NGO706003,Community NGO 6004,Not Provided,Mumbai - East,14080,Mixed,19.076,72.8777
NGO706006,USER_NGO706006,Community NGO 6007,Not Provided,Jaipur - Citywide,9170,Mixed,26.9124,75.7873
NGO706007,USER_NGO706007,Community NGO 6008,Not Provided,Bengaluru - North,2960,Mixed,12.9716,77.5946
NGO706008,USER_NGO706008,Community NGO 6009,Not Provided,Bengaluru - Central,4790,Mixed,12.9716,77.5946
NGO700600,USER_NGO700600,Community NGO 601,Not Provided,Ahmedabad - West,1850,Mixed,23.0225,72.5714
NGO706009,USER_NGO706009,Community NGO 6010,Not Provided,Kolkata - North,9400,Mixed,22.5726,88.3639
NGO706010,USER_NGO706010,Community NGO 6011,Not Provided,Jaipur - Central,1450,Mixed,26.9124,75.7873
NGO706012,USER_NGO706012,Community NGO 6013,Not Provided,Ahmedabad - Citywide,640,Mixed,23.0225,72.5714
NGO706013,USER_NGO706013,Community NGO 6014,Not Provided,Hyderabad - East,13370,Mixed,17.385,78.4867
NGO706014,USER_NGO706014,Community NGO 6015,Not Provided,Bengaluru - Citywide,8965,Mixed,12.9716,77.5946
NGO706015,USER_NGO706015,Community NGO 6016,Not Provided,Remote - East,3015,Mixed,20.5937,78.9629
NGO706016,USER_NGO706016,Community NGO 6017,Not Provided,Chennai - Central,14705,Mixed,13.0827,80.2707
NGO706017,USER_NGO706017,Community NGO 6018,Not Provided,Bengaluru - Citywide,14600,Mixed,12.9716,77.5946
NGO706018,USER_NGO706018,Community NGO 6019,Not Provided,Hyderabad - North,8690,Mixed,17.385,78.4867
NGO706019,USER_NGO706019,Community NGO 6020,Not Provided,Delhi NCR - North,5275,Mixed,28.6139,77.209
NGO706020,USER_NGO706020,Community NGO 6021,Not Provided,Bengaluru - East,8355,Mixed,12.9716,77.5946
NGO706021,USER_NGO706021,Community NGO 6022,Not Provided,Kolkata - Citywide,7795,Mixed,22.5726,88.3639
NGO706022,USER_NGO706022,Community NGO 6023,Not Provided,Chennai - East,680,Mixed,13.0827,80.2707
NGO706025,USER_NGO706025,Community NGO 6026,Not Provided,Chennai - West,1180,Mixed,13.0827,80.2707
NGO706026,USER_NGO706026,Community NGO 6027,Not Provided,Delhi NCR - East,11225,Mixed,28.6139,77.209
NGO706027,USER_NGO706027,Community NGO 6028,Not Provided,Chennai - Central,3725,Mixed,13.0827,80.2707
NGO700602,USER_NGO700602,Community NGO 603,Not Provided,Delhi NCR - Central,2615,Mixed,28.6139,77.209
NGO706029,USER_NGO706029,Community NGO 6030,Not Provided,Mumbai - North,3025,Mixed,19.076,72.8777
NGO706030,USER_NGO706030,Community NGO 6031,Not Provided,Pune - Citywide,11570,Mixed,18.5204,73.8567
NGO706031,USER_NGO706031,Community NGO 6032,Not Provided,Bengaluru - North,5255,Mixed,12.9716,77.5946
NGO706033,USER_NGO706033,Community NGO 6034,Not Provided,Delhi NCR - Citywide,435,Mixed,28.6139,77.209
NGO706034,USER_NGO706034,Community NGO 6035,Not Provided,Jaipur - East,10850,Mixed,26.9124,75.7873
NGO706036,USER_NGO706036,Community NGO 6037,Not Provided,Bengaluru - Citywide,6080,Mixed,12.9716,77.5946
NGO706037,USER_NGO706037,Community NGO 6038,Not Provided,Chennai - Central,7715,Mixed,13.0827,80.2707
NGO706038,USER_NGO706038,Community NGO 6039,Not Provided,Ahmedabad - North,2225,Mixed,23.0225,72.5714
NGO706041,USER_NGO706041,Community NGO 6042,Not Provided,Remote - North,14735,Mixed,20.5937,78.9629
NGO706042,USER_NGO706042,Community NGO 6043,Not Provided,Jaipur - Central,7835,Mixed,26.9124,75.7873
NGO706043,USER_NGO706043,Community NGO 6044,Not Provided,Delhi NCR - East,5535,Mixed,28.6139,77.209
NGO706045,USER_NGO706045,Community NGO 6046,Not Provided,Delhi NCR - South,7490,Mixed,28.6139,77.209
NGO706046,USER_NGO706046,Community NGO 6047,Not Provided,Kolkata - Central,5275,Mixed,22.5726,88.3639
NGO706047,USER_NGO706047,Community NGO 6048,Not Provided,Bengaluru - Citywide,3060,Mixed,12.9716,77.5946
NGO706048,USER_NGO706048,Community NGO 6049,Not Provided,Delhi NCR - South,8855,Mixed,28.6139,77.209
NGO700604,USER_NGO700604,Community NGO 605,Not Provided,Ahmedabad - West,7000,Mixed,23.0225,72.5714
NGO706049,USER_NGO706049,Community NGO 6050,Not Provided,Hyderabad - West,9255,Mixed,17.385,78.4867
NGO706051,USER_NGO706051,Community NGO 6052,Not Provided,Kolkata - West,12010,Mixed,22.5726,88.3639
NGO706052,USER_NGO706052,Community NGO 6053,Not Provided,Ahmedabad - West,6245,Mixed,23.0225,72.5714
NGO706053,USER_NGO706053,Community NGO 6054,Not Provided,Kolkata - South,10775,Mixed,22.5726,88.3639
NGO706055,USER_NGO706055,Community NGO 6056,Not Provided,Remote - South,14055,Mixed,20.5937,78.9629
NGO706056,USER_NGO706056,Community NGO 6057,Not Provided,Jaipur - Citywide,4410,Mixed,26.9124,75.7873
NGO700605,USER_NGO700605,Community NGO 606,Not Provided,Bengaluru - North,2910,Mixed,12.9716,77.5946
NGO706059,USER_NGO706059,Community NGO 6060,Not Provided,Jaipur - Central,3460,Mixed,26.9124,75.7873
NGO706060,USER_NGO706060,Community NGO 6061,Not Provided,Hyderabad - Citywide,3710,Mixed,17.385,78.4867
NGO706063,USER_NGO706063,Community NGO 6064,Not Provided,Kolkata - North,7200,Mixed,22.5726,88.3639
NGO706064,USER_NGO706064,Community NGO 6065,Not Provided,Hyderabad - North,12925,Mixed,17.385,78.4867
NGO706066,USER_NGO706066,Community NGO 6067,Not Provided,Mumbai - Citywide,3530,Mixed,19.076,72.8777
NGO706067,USER_NGO706067,Community NGO 6068,Not Provided,Hyderabad - East,13780,Mixed,17.385,78.4867
NGO706068,USER_NGO706068,Community NGO 6069,Not Provided,Delhi NCR - Citywide,765,Mixed,28.6139,77.209
NGO700606,USER_NGO700606,Community NGO 607,Not Provided,Hyderabad - East,265,Mixed,17.385,78.4867
NGO706069,USER_NGO706069,Community NGO 6070,Not Provided,Kolkata - Citywide,4720,Mixed,22.5726,88.3639
NGO706070,USER_NGO706070,Community NGO 6071,Not Provided,Ahmedabad - West,620,Mixed,23.0225,72.5714
NGO706071,USER_NGO706071,Community NGO 6072,Not Provided,Mumbai - South,11055,Mixed,19.076,72.8777
NGO706072,USER_NGO706072,Community NGO 6073,Not Provided,Ahmedabad - Central,340,Mixed,23.0225,72.5714
NGO706073,USER_NGO706073,Community NGO 6074,Not Provided,Bengaluru - Citywide,9310,Mixed,12.9716,77.5946
NGO706074,USER_NGO706074,Community NGO 6075,Not Provided,Pune - South,145,Mixed,18.5204,73.8567
NGO706075,USER_NGO706075,Community NGO 6076,Not Provided,Hyderabad - South,12035,Mixed,17.385,78.4867
NGO706076,USER_NGO706076,Community NGO 6077,Not Provided,Chennai - West,11900,Mixed,13.0827,80.2707
NGO706078,USER_NGO706078,Community NGO 6079,Not Provided,Bengaluru - North,6470,Mixed,12.9716,77.5946
NGO700607,USER_NGO700607,Community NGO 608,Not Provided,Ahmedabad - Citywide,8730,Mixed,23.0225,72.5714
NGO706081,USER_NGO706081,Community NGO 6082,Not Provided,Remote - Central,9065,Mixed,20.5937,78.9629
NGO706082,USER_NGO706082,Community NGO 6083,Not Provided,Bengaluru - Central,4465,Mixed,12.9716,77.5946
NGO706083,USER_NGO706083,Community NGO 6084,Not Provided,Mumbai - South,10380,Mixed,19.076,72.8777
NGO706084,USER_NGO706084,Community NGO 6085,Not Provided,Mumbai - West,12365,Mixed,19.076,72.8777
NGO706085,USER_NGO706085,Community NGO 6086,Not Provided,Pune - East,835,Mixed,18.5204,73.8567
NGO706086,USER_NGO706086,Community NGO 6087,Not Provided,Chennai - East,7400,Mixed,13.0827,80.2707
NGO706087,USER_NGO706087,Community NGO 6088,Not Provided,Kolkata - Central,11040,Mixed,22.5726,88.3639
NGO706088,USER_NGO706088,Community NGO 6089,Not Provided,Hyderabad - Citywide,7605,Mixed,17.385,78.4867
NGO700608,USER_NGO700608,Community NGO 609,Not Provided,Pune - Central,8605,Mixed,18.5204,73.8567
NGO706089,USER_NGO706089,Community NGO 6090,Not Provided,Mumbai - South,2190,Mixed,19.076,72.8777
NGO706090,USER_NGO706090,Community NGO 6091,Not Provided,Pune - Citywide,12930,Mixed,18.5204,73.8567
NGO706091,USER_NGO706091,Community NGO 6092,Not Provided,Mumbai - East,180,Mixed,19.076,72.8777
NGO706092,USER_NGO706092,Community NGO 6093,Not Provided,Remote - South,6625,Mixed,20.5937,78.9629
NGO706093,USER_NGO706093,Community NGO 6094,Not Provided,Pune - Central,9615,Mixed,18.5204,73.8567
NGO706095,USER_NGO706095,Community NGO 6096,Not Provided,Jaipur - West,14935,Mixed,26.9124,75.7873
NGO706096,USER_NGO706096,Community NGO 6097,Not Provided,Ahmedabad - West,5230,Mixed,23.0225,72.5714
NGO706098,USER_NGO706098,Community NGO 6099,Not Provided,Remote - North,2120,Mixed,20.5937,78.9629
NGO700060,USER_NGO700060,Community NGO 61,Not Provided,Pune - East,14475,Mixed,18.5204,73.8567
NGO700609,USER_NGO700609,Community NGO 610,Not Provided,Bengaluru - Citywide,7805,Mixed,12.9716,77.5946
NGO706099,USER_NGO706099,Community NGO 6100,Not Provided,Mumbai - West,12060,Mixed,19.076,72.8777
NGO706100,USER_NGO706100,Community NGO 6101,Not Provided,Delhi NCR - South,230,Mixed,28.6139,77.209
NGO706101,USER_NGO706101,Community NGO 6102,Not Provided,Delhi NCR - Citywide,13210,Mixed,28.6139,77.209
NGO706102,USER_NGO706102,Community NGO 6103,Not Provided,Kolkata - South,2090,Mixed,22.5726,88.3639
NGO706103,USER_NGO706103,Community NGO 6104,Not Provided,Pune - North,6050,Mixed,18.5204,73.8567
NGO706104,USER_NGO706104,Community NGO 6105,Not Provided,Pune - Central,12870,Mixed,18.5204,73.8567
NGO706106,USER_NGO706106,Community NGO 6107,Not Provided,Hyderabad - Citywide,3385,Mixed,17.385,78.4867
NGO706107,USER_NGO706107,Community NGO 6108,Not Provided,Delhi NCR - West,13745,Mixed,28.6139,77.209
NGO706108,USER_NGO706108,Community NGO 6109,Not Provided,Kolkata - North,7220,Mixed,22.5726,88.3639
NGO700610,USER_NGO700610,Community NGO 611,Not Provided,Kolkata - South,2440,Mixed,22.5726,88.3639
NGO706109,USER_NGO706109,Community NGO 6110,Not Provided,Hyderabad - Central,8330,Mixed,17.385,78.4867
NGO706110,USER_NGO706110,Community NGO 6111,Not Provided,Remote - East,13710,Mixed,20.5937,78.9629
NGO706112,USER_NGO706112,Community NGO 6113,Not Provided,Mumbai - Central,1085,Mixed,19.076,72.8777
NGO706113,USER_NGO706113,Community NGO 6114,Not Provided,Delhi NCR - South,12090,Mixed,28.6139,77.209
NGO706115,USER_NGO706115,Community NGO 6116,Not Provided,Jaipur - South,9195,Mixed,26.9124,75.7873
NGO706116,USER_NGO706116,Community NGO 6117,Not Provided,Delhi NCR - North,4135,Mixed,28.6139,77.209
NGO706117,USER_NGO706117,Community NGO 6118,Not Provided,Hyderabad - Citywide,140,Mixed,17.385,78.4867
NGO706118,USER_NGO706118,Community NGO 6119,Not Provided,Ahmedabad - West,1060,Mixed,23.0225,72.5714
NGO700611,USER_NGO700611,Community NGO 612,Not Provided,Bengaluru - Citywide,10650,Mixed,12.9716,77.5946
NGO706119,USER_NGO706119,Community NGO 6120,Not Provided,Hyderabad - East,12275,Mixed,17.385,78.4867
NGO706120,USER_NGO706120,Community NGO 6121,Not Provided,Chennai - South,5385,Mixed,13.0827,80.2707
NGO706121,USER_NGO706121,Community NGO 6122,Not Provided,Bengaluru - North,1925,Mixed,12.9716,77.5946
NGO706122,USER_NGO706122,Community NGO 6123,Not Provided,Delhi NCR - North,13870,Mixed,28.6139,77.209
NGO706123,USER_NGO706123,Community NGO 6124,Not Provided,Jaipur - West,8590,Mixed,26.9124,75.7873
NGO706124,USER_NGO706124,Community NGO 6125,Not Provided,Delhi NCR - North,10530,Mixed,28.6139,77.209
NGO706125,USER_NGO706125,Community NGO 6126,Not Provided,Jaipur - West,10410,Mixed,26.9124,75.7873
NGO706126,USER_NGO706126,Community NGO 6127,Not Provided,Kolkata - South,10390,Mixed,22.5726,88.3639
NGO706127,USER_NGO706127,Community NGO 6128,Not Provided,Delhi NCR - West,6200,Mixed,28.6139,77.209
NGO706128,USER_NGO706128,Community NGO 6129,Not Provided,Ahmedabad - North,5630,Mixed,23.0225,72.5714
NGO706129,USER_NGO706129,Community NGO 6130,Not Provided,Kolkata - East,10260,Mixed,22.5726,88.3639
NGO706131,USER_NGO706131,Community NGO 6132,Not Provided,Hyderabad - Central,4975,Mixed,17.385,78.4867
NGO706132,USER_NGO706132,Community NGO 6133,Not Provided,Bengaluru - East,600,Mixed,12.9716,77.5946
NGO706133,USER_NGO706133,Community NGO 6134,Not Provided,Chennai - North,1665,Mixed,13.0827,80.2707
NGO706134,USER_NGO706134,Community NGO 6135,Not Provided,Hyderabad - East,9915,Mixed,17.385,78.4867
NGO706136,USER_NGO706136,Community NGO 6137,Not Provided,Pune - Citywide,7225,Mixed,18.5204,73.8567
NGO706138,USER_NGO706138,Community NGO 6139,Not Provided,Remote - Citywide,4450,Mixed,20.5937,78.9629
NGO700613,USER_NGO700613,Community NGO 614,Not Provided,Chennai - South,8405,Mixed,13.0827,80.2707
NGO706139,USER_NGO706139,Community NGO 6140,Not Provided,Chennai - South,12790,Mixed,13.0827,80.2707
NGO706141,USER_NGO706141,Community NGO 6142,Not Provided,Delhi NCR - Citywide,1980,Mixed,28.6139,77.209
NGO706142,USER_NGO706142,Community NGO 6143,Not Provided,Chennai - West,4475,Mixed,13.0827,80.2707
NGO706143,USER_NGO706143,Community NGO 6144,Not Provided,Jaipur - East,12270,Mixed,26.9124,75.7873
NGO706144,USER_NGO706144,Community NGO 6145,Not Provided,Pune - West,10845,Mixed,18.5204,73.8567
NGO706145,USER_NGO706145,Community NGO 6146,Not Provided,Delhi NCR - South,8110,Mixed,28.6139,77.209
NGO706147,USER_NGO706147,Community NGO 6148,Not Provided,Pune - Central,14110,Mixed,18.5204,73.8567
NGO706148,USER_NGO706148,Community NGO 6149,Not Provided,Pune - Central,740,Mixed,18.5204,73.8567
NGO700614,USER_NGO700614,Community NGO 615,Not Provided,Bengaluru - Citywide,10550,Mixed,12.9716,77.5946
NGO706149,USER_NGO706149,Community NGO 6150,Not Provided,Delhi NCR - South,11490,Mixed,28.6139,77.209
NGO706150,USER_NGO706150,Community NGO 6151,Not Provided,Ahmedabad - North,7490,Mixed,23.0225,72.5714
NGO706151,USER_NGO706151,Community NGO 6152,Not Provided,Jaipur - Citywide,9875,Mixed,26.9124,75.7873
NGO706152,USER_NGO706152,Community NGO 6153,Not Provided,Hyderabad - North,1940,Mixed,17.385,78.4867
NGO706153,USER_NGO706153,Community NGO 6154,Not Provided,Pune - North,9375,Mixed,18.5204,73.8567
NGO706154,USER_NGO706154,Community NGO 6155,Not Provided,Mumbai - West,12080,Mixed,19.076,72.8777
NGO706155,USER_NGO706155,Community NGO 6156,Not Provided,Pune - North,14305,Mixed,18.5204,73.8567
NGO706156,USER_NGO706156,Community NGO 6157,Not Provided,Ahmedabad - Central,2745,Mixed,23.0225,72.5714
NGO706158,USER_NGO706158,Community NGO 6159,Not Provided,Bengaluru - Central,4145,Mixed,12.9716,77.5946
NGO700615,USER_NGO700615,Community NGO 616,Not Provided,Mumbai - South,4210,Mixed,19.076,72.8777
NGO706160,USER_NGO706160,Community NGO 6161,Not Provided,Remote - East,7715,Mixed,20.5937,78.9629
NGO706162,USER_NGO706162,Community NGO 6163,Not Provided,Kolkata - North,865,Mixed,22.5726,88.3639
NGO706163,USER_NGO706163,Community NGO 6164,Not Provided,Jaipur - North,11325,Mixed,26.9124,75.7873
NGO706164,USER_NGO706164,Community NGO 6165,Not Provided,Bengaluru - Citywide,8745,Mixed,12.9716,77.5946
NGO706165,USER_NGO706165,Community NGO 6166,Not Provided,Pune - East,915,Mixed,18.5204,73.8567
NGO706166,USER_NGO706166,Community NGO 6167,Not Provided,Ahmedabad - Citywide,8835,Mixed,23.0225,72.5714
NGO706167,USER_NGO706167,Community NGO 6168,Not Provided,Ahmedabad - East,14935,Mixed,23.0225,72.5714
NGO706168,USER_NGO706168,Community NGO 6169,Not Provided,Pune - West,3870,Mixed,18.5204,73.8567
NGO700616,USER_NGO700616,Community NGO 617,Not Provided,Mumbai - North,2435,Mixed,19.076,72.8777
NGO706169,USER_NGO706169,Community NGO 6170,Not Provided,Mumbai - Citywide,6335,Mixed,19.076,72.8777
NGO706170,USER_NGO706170,Community NGO 6171,Not Provided,Pune - West,3610,Mixed,18.5204,73.8567
NGO706171,USER_NGO706171,Community NGO 6172,Not Provided,Pune - Central,3390,Mixed,18.5204,73.8567
NGO706173,USER_NGO706173,Community NGO 6174,Not Provided,Bengaluru - North,14000,Mixed,12.9716,77.5946
NGO706174,USER_NGO706174,Community NGO 6175,Not Provided,Mumbai - East,6975,Mixed,19.076,72.8777
NGO706176,USER_NGO706176,Community NGO 6177,Not Provided,Ahmedabad - South,1770,Mixed,23.0225,72.5714
NGO706177,USER_NGO706177,Community NGO 6178,Not Provided,Delhi NCR - East,125,Mixed,28.6139,77.209
NGO700617,USER_NGO700617,Community NGO 618,Not Provided,Pune - Citywide,4680,Mixed,18.5204,73.8567
NGO706180,USER_NGO706180,Community NGO 6181,Not Provided,Hyderabad - West,4895,Mixed,17.385,78.4867
NGO706181,USER_NGO706181,Community NGO 6182,Not Provided,Kolkata - Citywide,1575,Mixed,22.5726,88.3639
NGO706182,USER_NGO706182,Community NGO 6183,Not Provided,Kolkata - Citywide,7835,Mixed,22.5726,88.3639
NGO706183,USER_NGO706183,Community NGO 6184,Not Provided,Remote - North,6550,Mixed,20.5937,78.9629
NGO706184,USER_NGO706184,Community NGO 6185,Not Provided,Delhi NCR - West,6805,Mixed,28.6139,77.209
NGO706185,USER_NGO706185,Community NGO 6186,Not Provided,Hyderabad - East,10270,Mixed,17.385,78.4867
NGO706186,USER_NGO706186,Community NGO 6187,Not Provided,Chennai - Central,14930,Mixed,13.0827,80.2707
NGO706187,USER_NGO706187,Community NGO 6188,Not Provided,Remote - Citywide,9120,Mixed,20.5937,78.9629
NGO706188,USER_NGO706188,Community NGO 6189,Not Provided,Remote - Central,12770,Mixed,20.5937,78.9629
NGO700618,USER_NGO700618,Community NGO 619,Not Provided,Ahmedabad - Citywide,14585,Mixed,23.0225,72.5714
NGO706189,USER_NGO706189,Community NGO 6190,Not Provided,Chennai - North,1555,Mixed,13.0827,80.2707
NGO706191,USER_NGO706191,Community NGO 6192,Not Provided,Ahmedabad - East,10735,Mixed,23.0225,72.5714
NGO706192,USER_NGO706192,Community NGO 6193,Not Provided,Remote - North,2640,Mixed,20.5937,78.9629
NGO706193,USER_NGO706193,Community NGO 6194,Not Provided,Pune - Citywide,14685,Mixed,18.5204,73.8567
NGO706194,USER_NGO706194,Community NGO 6195,Not Provided,Remote - East,6005,Mixed,20.5937,78.9629
NGO706195,USER_NGO706195,Community NGO 6196,Not Provided,Delhi NCR - West,10595,Mixed,28.6139,77.209
NGO706196,USER_NGO706196,Community NGO 6197,Not Provided,Mumbai - Central,2085,Mixed,19.076,72.8777
NGO706197,USER_NGO706197,Community NGO 6198,Not Provided,Chennai - West,10185,Mixed,13.0827,80.2707
NGO706198,USER_NGO706198,Community NGO 6199,Not Provided,Jaipur - East,980,Mixed,26.9124,75.7873
NGO700061,USER_NGO700061,Community NGO 62,Not Provided,Ahmedabad - South,4455,Mixed,23.0225,72.5714
NGO700619,USER_NGO700619,Community NGO 620,Not Provided,Remote - Citywide,10220,Mixed,20.5937,78.9629
NGO706199,USER_NGO706199,Community NGO 6200,Not Provided,Bengaluru - East,4365,Mixed,12.9716,77.5946
NGO706201,USER_NGO706201,Community NGO 6202,Not Provided,Ahmedabad - Citywide,3215,Mixed,23.0225,72.5714
NGO706202,USER_NGO706202,Community NGO 6203,Not Provided,Chennai - Citywide,9625,Mixed,13.0827,80.2707
NGO706203,USER_NGO706203,Community NGO 6204,Not Provided,Mumbai - Central,13220,Mixed,19.076,72.8777
NGO706206,USER_NGO706206,Community NGO 6207,Not Provided,Chennai - Central,9755,Mixed,13.0827,80.2707
NGO706207,USER_NGO706207,Community NGO 6208,Not Provided,Bengaluru - West,6395,Mixed,12.9716,77.5946
NGO706208,USER_NGO706208,Community NGO 6209,Not Provided,Chennai - Central,2195,Mixed,13.0827,80.2707
NGO700620,USER_NGO700620,Community NGO 621,Not Provided,Bengaluru - South,10900,Mixed,12.9716,77.5946
NGO706209,USER_NGO706209,Community NGO 6210,Not Provided,Mumbai - East,1335,Mixed,19.076,72.8777
NGO706210,USER_NGO706210,Community NGO 6211,Not Provided,Remote - Central,12945,Mixed,20.5937,78.9629
NGO706211,USER_NGO706211,Community NGO 6212,Not Provided,Kolkata - Citywide,10220,Mixed,22.5726,88.3639
NGO706213,USER_NGO706213,Community NGO 6214,Not Provided,Kolkata - Central,3655,Mixed,22.5726,88.3639
NGO706214,USER_NGO706214,Community NGO 6215,Not Provided,Kolkata - South,3270,Mixed,22.5726,88.3639
NGO706215,USER_NGO706215,Community NGO 6216,Not Provided,Mumbai - South,10530,Mixed,19.076,72.8777
NGO706218,USER_NGO706218,Community NGO 6219,Not Provided,Jaipur - North,3900,Mixed,26.9124,75.7873
NGO700621,USER_NGO700621,Community NGO 622,Not Provided,Mumbai - West,4090,Mixed,19.076,72.8777
NGO706219,USER_NGO706219,Community NGO 6220,Not Provided,Kolkata - East,12050,Mixed,22.5726,88.3639
NGO706220,USER_NGO706220,Community NGO 6221,Not Provided,Delhi NCR - Citywide,10475,Mixed,28.6139,77.209
NGO706221,USER_NGO706221,Community NGO 6222,Not Provided,Ahmedabad - Central,980,Mixed,23.0225,72.5714
NGO706222,USER_NGO706222,Community NGO 6223,Not Provided,Mumbai - West,11350,Mixed,19.076,72.8777
NGO706224,USER_NGO706224,Community NGO 6225,Not Provided,Jaipur - North,10835,Mixed,26.9124,75.7873
NGO706225,USER_NGO706225,Community NGO 6226,Not Provided,Delhi NCR - East,3700,Mixed,28.6139,77.209
NGO706226,USER_NGO706226,Community NGO 6227,Not Provided,Delhi NCR - West,435,Mixed,28.6139,77.209
NGO706227,USER_NGO706227,Community NGO 6228,Not Provided,Pune - Citywide,4185,Mixed,18.5204,73.8567
NGO706228,USER_NGO706228,Community NGO 6229,Not Provided,Jaipur - Central,1960,Mixed,26.9124,75.7873
NGO700622,USER_NGO700622,Community NGO 623,Not Provided,Kolkata - North,9690,Mixed,22.5726,88.3639
NGO706231,USER_NGO706231,Community NGO 6232,Not Provided,Ahmedabad - South,3085,Mixed,23.0225,72.5714
NGO706232,USER_NGO706232,Community NGO 6233,Not Provided,Mumbai - East,4735,Mixed,19.076,72.8777
NGO706234,USER_NGO706234,Community NGO 6235,Not Provided,Jaipur - West,605,Mixed,26.9124,75.7873
NGO706235,USER_NGO706235,Community NGO 6236,Not Provided,Pune - North,13720,Mixed,18.5204,73.8567
NGO706236,USER_NGO706236,Community NGO 6237,Not Provided,Kolkata - West,11385,Mixed,22.5726,88.3639
NGO706237,USER_NGO706237,Community NGO 6238,Not Provided,Ahmedabad - North,9530,Mixed,23.0225,72.5714
NGO706239,USER_NGO706239,Community NGO 6240,Not Provided,Hyderabad - East,2925,Mixed,17.385,78.4867
NGO706240,USER_NGO706240,Community NGO 6241,Not Provided,Remote - West,6605,Mixed,20.5937,78.9629
NGO706242,USER_NGO706242,Community NGO 6243,Not Provided,Delhi NCR - East,11315,Mixed,28.6139,77.209
NGO706243,USER_NGO706243,Community NGO 6244,Not Provided,Bengaluru - East,11690,Mixed,12.9716,77.5946
NGO706244,USER_NGO706244,Community NGO 6245,Not Provided,Chennai - Citywide,11695,Mixed,13.0827,80.2707
NGO706246,USER_NGO706246,Community NGO 6247,Not Provided,Chennai - East,4045,Mixed,13.0827,80.2707
NGO706247,USER_NGO706247,Community NGO 6248,Not Provided,Pune - Citywide,4800,Mixed,18.5204,73.8567
NGO706248,USER_NGO706248,Community NGO 6249,Not Provided,Bengaluru - Central,14600,Mixed,12.9716,77.5946
NGO700624,USER_NGO700624,Community NGO 625,Not Provided,Bengaluru - South,13440,Mixed,12.9716,77.5946
NGO706249,USER_NGO706249,Community NGO 6250,Not Provided,Chennai - East,5840,Mixed,13.0827,80.2707
NGO706250,USER_NGO706250,Community NGO 6251,Not Provided,Kolkata - West,6350,Mixed,22.5726,88.3639
NGO706251,USER_NGO706251,Community NGO 6252,Not Provided,Chennai - East,1215,Mixed,13.0827,80.2707
NGO706252,USER_NGO706252,Community NGO 6253,Not Provided,Kolkata - North,9230,Mixed,22.5726,88.3639
NGO706253,USER_NGO706253,Community NGO 6254,Not Provided,Bengaluru - East,1210,Mixed,12.9716,77.5946
NGO706254,USER_NGO706254,Community NGO 6255,Not Provided,Delhi NCR - Citywide,8800,Mixed,28.6139,77.209
NGO706255,USER_NGO706255,Community NGO 6256,Not Provided,Pune - Citywide,5770,Mixed,18.5204,73.8567
NGO706256,USER_NGO706256,Community NGO 6257,Not Provided,Ahmedabad - South,6080,Mixed,23.0225,72.5714
NGO706258,USER_NGO706258,Community NGO 6259,Not Provided,Jaipur - North,13765,Mixed,26.9124,75.7873
NGO706261,USER_NGO706261,Community NGO 6262,Not Provided,Remote - South,5590,Mixed,20.5937,78.9629
NGO706262,USER_NGO706262,Community NGO 6263,Not Provided,Hyderabad - West,12325,Mixed,17.385,78.4867
NGO706264,USER_NGO706264,Community NGO 6265,Not Provided,Delhi NCR - East,5645,Mixed,28.6139,77.209
NGO706265,USER_NGO706265,Community NGO 6266,Not Provided,Chennai - Central,14270,Mixed,13.0827,80.2707
NGO706267,USER_NGO706267,Community NGO 6268,Not Provided,Bengaluru - South,6850,Mixed,12.9716,77.5946
NGO706268,USER_NGO706268,Community NGO 6269,Not Provided,Hyderabad - West,3480,Mixed,17.385,78.4867
NGO706269,USER_NGO706269,Community NGO 6270,Not Provided,Kolkata - South,4375,Mixed,22.5726,88.3639
NGO706270,USER_NGO706270,Community NGO 6271,Not Provided,Pune - North,9445,Mixed,18.5204,73.8567
NGO706271,USER_NGO706271,Community NGO 6272,Not Provided,Delhi NCR - North,3015,Mixed,28.6139,77.209
NGO706272,USER_NGO706272,Community NGO 6273,Not Provided,Chennai - East,660,Mixed,13.0827,80.2707
NGO706273,USER_NGO706273,Community NGO 6274,Not Provided,Chennai - North,595,Mixed,13.0827,80.2707
NGO706274,USER_NGO706274,Community NGO 6275,Not Provided,Ahmedabad - Citywide,5875,Mixed,23.0225,72.5714
NGO706276,USER_NGO706276,Community NGO 6277,Not Provided,Jaipur - South,4750,Mixed,26.9124,75.7873
NGO706278,USER_NGO706278,Community NGO 6279,Not Provided,Chennai - Citywide,8165,Mixed,13.0827,80.2707
NGO700627,USER_NGO700627,Community NGO 628,Not Provided,Pune - Central,1065,Mixed,18.5204,73.8567
NGO706279,USER_NGO706279,Community NGO 6280,Not Provided,Ahmedabad - Central,13870,Mixed,23.0225,72.5714
NGO706280,USER_NGO706280,Community NGO 6281,Not Provided,Bengaluru - West,12850,Mixed,12.9716,77.5946
NGO706281,USER_NGO706281,Community NGO 6282,Not Provided,Kolkata - East,9790,Mixed,22.5726,88.3639
NGO706282,USER_NGO706282,Community NGO 6283,Not Provided,Ahmedabad - South,1335,Mixed,23.0225,72.5714
NGO706283,USER_NGO706283,Community NGO 6284,Not Provided,Mumbai - South,7905,Mixed,19.076,72.8777
NGO706284,USER_NGO706284,Community NGO 6285,Not Provided,Bengaluru - West,1805,Mixed,12.9716,77.5946
NGO706285,USER_NGO706285,Community NGO 6286,Not Provided,Mumbai - Central,3185,Mixed,19.076,72.8777
NGO706286,USER_NGO706286,Community NGO 6287,Not Provided,Delhi NCR - Central,4110,Mixed,28.6139,77.209
NGO706288,USER_NGO706288,Community NGO 6289,Not Provided,Chennai - Central,165,Mixed,13.0827,80.2707
NGO700628,USER_NGO700628,Community NGO 629,Not Provided,Kolkata - Central,10025,Mixed,22.5726,88.3639
NGO706289,USER_NGO706289,Community NGO 6290,Not Provided,Hyderabad - Central,1055,Mixed,17.385,78.4867
NGO706290,USER_NGO706290,Community NGO 6291,Not Provided,Ahmedabad - East,6930,Mixed,23.0225,72.5714
NGO706291,USER_NGO706291,Community NGO 6292,Not Provided,Delhi NCR - South,14245,Mixed,28.6139,77.209
NGO706292,USER_NGO706292,Community NGO 6293,Not Provided,Kolkata - Central,7515,Mixed,22.5726,88.3639
NGO706293,USER_NGO706293,Community NGO 6294,Not Provided,Chennai - Citywide,3200,Mixed,13.0827,80.2707
NGO706294,USER_NGO706294,Community NGO 6295,Not Provided,Chennai - South,12695,Mixed,13.0827,80.2707
NGO706295,USER_NGO706295,Community NGO 6296,Not Provided,Delhi NCR - East,5760,Mixed,28.6139,77.209
NGO706296,USER_NGO706296,Community NGO 6297,Not Provided,Bengaluru - South,7400,Mixed,12.9716,77.5946
NGO706297,USER_NGO706297,Community NGO 6298,Not Provided,Bengaluru - South,12220,Mixed,12.9716,77.5946
NGO706298,USER_NGO706298,Community NGO 6299,Not Provided,Ahmedabad - South,10440,Mixed,23.0225,72.5714
NGO700062,USER_NGO700062,Community NGO 63,Not Provided,Ahmedabad - West,10155,Mixed,23.0225,72.5714
NGO700629,USER_NGO700629,Community NGO 630,Not Provided,Delhi NCR - Citywide,9770,Mixed,28.6139,77.209
NGO706301,USER_NGO706301,Community NGO 6302,Not Provided,Ahmedabad - West,1725,Mixed,23.0225,72.5714
NGO706302,USER_NGO706302,Community NGO 6303,Not Provided,Ahmedabad - North,11395,Mixed,23.0225,72.5714
NGO706304,USER_NGO706304,Community NGO 6305,Not Provided,Pune - West,6290,Mixed,18.5204,73.8567
NGO706308,USER_NGO706308,Community NGO 6309,Not Provided,Ahmedabad - North,1100,Mixed,23.0225,72.5714
NGO700630,USER_NGO700630,Community NGO 631,Not Provided,Jaipur - Citywide,6485,Mixed,26.9124,75.7873
NGO706311,USER_NGO706311,Community NGO 6312,Not Provided,Kolkata - North,6030,Mixed,22.5726,88.3639
NGO706312,USER_NGO706312,Community NGO 6313,Not Provided,Jaipur - West,9395,Mixed,26.9124,75.7873
NGO706313,USER_NGO706313,Community NGO 6314,Not Provided,Chennai - South,9010,Mixed,13.0827,80.2707
NGO706314,USER_NGO706314,Community NGO 6315,Not Provided,Jaipur - West,9805,Mixed,26.9124,75.7873
NGO706315,USER_NGO706315,Community NGO 6316,Not Provided,Pune - Central,5465,Mixed,18.5204,73.8567
NGO706316,USER_NGO706316,Community NGO 6317,Not Provided,Jaipur - East,7785,Mixed,26.9124,75.7873
NGO706318,USER_NGO706318,Community NGO 6319,Not Provided,Delhi NCR - West,690,Mixed,28.6139,77.209
NGO706319,USER_NGO706319,Community NGO 6320,Not Provided,Mumbai - Citywide,5280,Mixed,19.076,72.8777
NGO706320,USER_NGO706320,Community NGO 6321,Not Provided,Mumbai - Central,6195,Mixed,19.076,72.8777
NGO706321,USER_NGO706321,Community NGO 6322,Not Provided,Delhi NCR - North,6985,Mixed,28.6139,77.209
NGO706322,USER_NGO706322,Community NGO 6323,Not Provided,Kolkata - Central,1430,Mixed,22.5726,88.3639
NGO706324,USER_NGO706324,Community NGO 6325,Not Provided,Ahmedabad - East,11805,Mixed,23.0225,72.5714
NGO706325,USER_NGO706325,Community NGO 6326,Not Provided,Ahmedabad - South,4500,Mixed,23.0225,72.5714
NGO706326,USER_NGO706326,Community NGO 6327,Not Provided,Remote - West,11905,Mixed,20.5937,78.9629
NGO706327,USER_NGO706327,Community NGO 6328,Not Provided,Mumbai - West,10370,Mixed,19.076,72.8777
NGO706328,USER_NGO706328,Community NGO 6329,Not Provided,Remote - South,2155,Mixed,20.5937,78.9629
NGO700632,USER_NGO700632,Community NGO 633,Not Provided,Ahmedabad - East,2145,Mixed,23.0225,72.5714
NGO706329,USER_NGO706329,Community NGO 6330,Not Provided,Delhi NCR - Citywide,9180,Mixed,28.6139,77.209
NGO706331,USER_NGO706331,Community NGO 6332,Not Provided,Delhi NCR - East,180,Mixed,28.6139,77.209
NGO706332,USER_NGO706332,Community NGO 6333,Not Provided,Bengaluru - West,555,Mixed,12.9716,77.5946
NGO706334,USER_NGO706334,Community NGO 6335,Not Provided,Chennai - North,8090,Mixed,13.0827,80.2707
NGO706336,USER_NGO706336,Community NGO 6337,Not Provided,Jaipur - Citywide,6560,Mixed,26.9124,75.7873
NGO706337,USER_NGO706337,Community NGO 6338,Not Provided,Mumbai - South,9245,Mixed,19.076,72.8777
NGO706338,USER_NGO706338,Community NGO 6339,Not Provided,Kolkata - East,10575,Mixed,22.5726,88.3639
NGO700633,USER_NGO700633,Community NGO 634,Not Provided,Remote - Central,14205,Mixed,20.5937,78.9629
NGO706339,USER_NGO706339,Community NGO 6340,Not Provided,Mumbai - Citywide,7770,Mixed,19.076,72.8777
NGO706340,USER_NGO706340,Community NGO 6341,Not Provided,Kolkata - North,9175,Mixed,22.5726,88.3639
NGO706342,USER_NGO706342,Community NGO 6343,Not Provided,Jaipur - Citywide,7675,Mixed,26.9124,75.7873
NGO706343,USER_NGO706343,Community NGO 6344,Not Provided,Pune - North,7640,Mixed,18.5204,73.8567
NGO706344,USER_NGO706344,Community NGO 6345,Not Provided,Bengaluru - Central,10970,Mixed,12.9716,77.5946
NGO706347,USER_NGO706347,Community NGO 6348,Not Provided,Ahmedabad - North,12405,Mixed,23.0225,72.5714
NGO706348,USER_NGO706348,Community NGO 6349,Not Provided,Chennai - South,9425,Mixed,13.0827,80.2707
NGO706349,USER_NGO706349,Community NGO 6350,Not Provided,Remote - South,2590,Mixed,20.5937,78.9629
NGO706351,USER_NGO706351,Community NGO 6352,Not Provided,Ahmedabad - South,380,Mixed,23.0225,72.5714
NGO706353,USER_NGO706353,Community NGO 6354,Not Provided,Delhi NCR - South,13385,Mixed,28.6139,77.209
NGO706354,USER_NGO706354,Community NGO 6355,Not Provided,Jaipur - North,8410,Mixed,26.9124,75.7873
NGO706355,USER_NGO706355,Community NGO 6356,Not Provided,Delhi NCR - Central,13180,Mixed,28.6139,77.209
NGO706356,USER_NGO706356,Community NGO 6357,Not Provided,Mumbai - West,6800,Mixed,19.076,72.8777
NGO700635,USER_NGO700635,Community NGO 636,Not Provided,Kolkata - West,10640,Mixed,22.5726,88.3639
NGO706359,USER_NGO706359,Community NGO 6360,Not Provided,Jaipur - North,13570,Mixed,26.9124,75.7873
NGO706361,USER_NGO706361,Community NGO 6362,Not Provided,Delhi NCR - East,10340,Mixed,28.6139,77.209
NGO706362,USER_NGO706362,Community NGO 6363,Not Provided,Jaipur - West,14360,Mixed,26.9124,75.7873
NGO706363,USER_NGO706363,Community NGO 6364,Not Provided,Delhi NCR - West,11715,Mixed,28.6139,77.209
NGO706365,USER_NGO706365,Community NGO 6366,Not Provided,Bengaluru - Citywide,11775,Mixed,12.9716,77.5946
NGO706367,USER_NGO706367,Community NGO 6368,Not Provided,Bengaluru - Central,7255,Mixed,12.9716,77.5946
NGO700636,USER_NGO700636,Community NGO 637,Not Provided,Pune - Citywide,2975,Mixed,18.5204,73.8567
NGO706369,USER_NGO706369,Community NGO 6370,Not Provided,Ahmedabad - East,10750,Mixed,23.0225,72.5714
NGO706370,USER_NGO706370,Community NGO 6371,Not Provided,Delhi NCR - East,14810,Mixed,28.6139,77.209
NGO706372,USER_NGO706372,Community NGO 6373,Not Provided,Jaipur - East,4365,Mixed,26.9124,75.7873
NGO706373,USER_NGO706373,Community NGO 6374,Not Provided,Remote - Citywide,3105,Mixed,20.5937,78.9629
NGO706374,USER_NGO706374,Community NGO 6375,Not Provided,Remote - North,12425,Mixed,20.5937,78.9629
NGO706375,USER_NGO706375,Community NGO 6376,Not Provided,Bengaluru - East,5515,Mixed,12.9716,77.5946
NGO706376,USER_NGO706376,Community NGO 6377,Not Provided,Pune - Citywide,6025,Mixed,18.5204,73.8567
NGO706377,USER_NGO706377,Community NGO 6378,Not Provided,Pune - Central,9510,Mixed,18.5204,73.8567
NGO700637,USER_NGO700637,Community NGO 638,Not Provided,Delhi NCR - West,7715,Mixed,28.6139,77.209
NGO706379,USER_NGO706379,Community NGO 6380,Not Provided,Chennai - West,1240,Mixed,13.0827,80.2707
NGO706381,USER_NGO706381,Community NGO 6382,Not Provided,Jaipur - North,8460,Mixed,26.9124,75.7873
NGO706382,USER_NGO706382,Community NGO 6383,Not Provided,Mumbai - South,14215,Mixed,19.076,72.8777
NGO706383,USER_NGO706383,Community NGO 6384,Not Provided,Chennai - Citywide,13760,Mixed,13.0827,80.2707
NGO706384,USER_NGO706384,Community NGO 6385,Not Provided,Jaipur - South,14915,Mixed,26.9124,75.7873
NGO706385,USER_NGO706385,Community NGO 6386,Not Provided,Chennai - South,9650,Mixed,13.0827,80.2707
NGO706386,USER_NGO706386,Community NGO 6387,Not Provided,Chennai - West,5590,Mixed,13.0827,80.2707
NGO706387,USER_NGO706387,Community NGO 6388,Not Provided,Kolkata - South,12735,Mixed,22.5726,88.3639
NGO706388,USER_NGO706388,Community NGO 6389,Not Provided,Pune - East,11500,Mixed,18.5204,73.8567
NGO700638,USER_NGO700638,Community NGO 639,Not Provided,Chennai - North,6535,Mixed,13.0827,80.2707
NGO706389,USER_NGO706389,Community NGO 6390,Not Provided,Hyderabad - Citywide,12060,Mixed,17.385,78.4867
NGO706390,USER_NGO706390,Community NGO 6391,Not Provided,Remote - East,13910,Mixed,20.5937,78.9629
NGO706391,USER_NGO706391,Community NGO 6392,Not Provided,Hyderabad - North,6485,Mixed,17.385,78.4867
NGO706392,USER_NGO706392,Community NGO 6393,Not Provided,Mumbai - North,5055,Mixed,19.076,72.8777
NGO706393,USER_NGO706393,Community NGO 6394,Not Provided,Chennai - Central,785,Mixed,13.0827,80.2707
NGO706394,USER_NGO706394,Community NGO 6395,Not Provided,Delhi NCR - South,150,Mixed,28.6139,77.209
NGO706395,USER_NGO706395,Community NGO 6396,Not Provided,Hyderabad - South,10125,Mixed,17.385,78.4867
NGO706396,USER_NGO706396,Community NGO 6397,Not Provided,Mumbai - West,3230,Mixed,19.076,72.8777
NGO706397,USER_NGO706397,Community NGO 6398,Not Provided,Remote - North,1150,Mixed,20.5937,78.9629
NGO700063,USER_NGO700063,Community NGO 64,Not Provided,Mumbai - South,9675,Mixed,19.076,72.8777
NGO700639,USER_NGO700639,Community NGO 640,Not Provided,Ahmedabad - East,9920,Mixed,23.0225,72.5714
NGO706399,USER_NGO706399,Community NGO 6400,Not Provided,Kolkata - Central,14360,Mixed,22.5726,88.3639
NGO706400,USER_NGO706400,Community NGO 6401,Not Provided,Kolkata - West,2660,Mixed,22.5726,88.3639
NGO706401,USER_NGO706401,Community NGO 6402,Not Provided,Bengaluru - North,8950,Mixed,12.9716,77.5946
NGO706403,USER_NGO706403,Community NGO 6404,Not Provided,Ahmedabad - Citywide,7825,Mixed,23.0225,72.5714
NGO706404,USER_NGO706404,Community NGO 6405,Not Provided,Hyderabad - South,1175,Mixed,17.385,78.4867
NGO706405,USER_NGO706405,Community NGO 6406,Not Provided,Ahmedabad - Citywide,8310,Mixed,23.0225,72.5714
NGO706406,USER_NGO706406,Community NGO 6407,Not Provided,Ahmedabad - East,4915,Mixed,23.0225,72.5714
NGO706408,USER_NGO706408,Community NGO 6409,Not Provided,Remote - South,3255,Mixed,20.5937,78.9629
NGO700640,USER_NGO700640,Community NGO 641,Not Provided,Jaipur - North,12610,Mixed,26.9124,75.7873
NGO706409,USER_NGO706409,Community NGO 6410,Not Provided,Delhi NCR - South,13925,Mixed,28.6139,77.209
NGO706412,USER_NGO706412,Community NGO 6413,Not Provided,Mumbai - South,8430,Mixed,19.076,72.8777
NGO706414,USER_NGO706414,Community NGO 6415,Not Provided,Hyderabad - South,4200,Mixed,17.385,78.4867
NGO706416,USER_NGO706416,Community NGO 6417,Not Provided,Hyderabad - Central,10480,Mixed,17.385,78.4867
NGO706417,USER_NGO706417,Community NGO 6418,Not Provided,Remote - East,2110,Mixed,20.5937,78.9629
NGO706418,USER_NGO706418,Community NGO 6419,Not Provided,Hyderabad - East,8805,Mixed,17.385,78.4867
NGO700641,USER_NGO700641,Community NGO 642,Not Provided,Hyderabad - South,4405,Mixed,17.385,78.4867
NGO706419,USER_NGO706419,Community NGO 6420,Not Provided,Jaipur - Central,12860,Mixed,26.9124,75.7873
NGO706420,USER_NGO706420,Community NGO 6421,Not Provided,Hyderabad - South,8035,Mixed,17.385,78.4867
NGO706421,USER_NGO706421,Community NGO 6422,Not Provided,Pune - Central,11285,Mixed,18.5204,73.8567
NGO706422,USER_NGO706422,Community NGO 6423,Not Provided,Bengaluru - South,6665,Mixed,12.9716,77.5946
NGO706423,USER_NGO706423,Community NGO 6424,Not Provided,Kolkata - North,5010,Mixed,22.5726,88.3639
NGO706424,USER_NGO706424,Community NGO 6425,Not Provided,Ahmedabad - South,1745,Mixed,23.0225,72.5714
NGO706426,USER_NGO706426,Community NGO 6427,Not Provided,Mumbai - Central,10870,Mixed,19.076,72.8777
NGO706428,USER_NGO706428,Community NGO 6429,Not Provided,Remote - South,7225,Mixed,20.5937,78.9629
NGO700642,USER_NGO700642,Community NGO 643,Not Provided,Hyderabad - West,12060,Mixed,17.385,78.4867
NGO706429,USER_NGO706429,Community NGO 6430,Not Provided,Delhi NCR - Citywide,14350,Mixed,28.6139,77.209
NGO706430,USER_NGO706430,Community NGO 6431,Not Provided,Kolkata - East,1025,Mixed,22.5726,88.3639
NGO706431,USER_NGO706431,Community NGO 6432,Not Provided,Bengaluru - Citywide,13980,Mixed,12.9716,77.5946
NGO706434,USER_NGO706434,Community NGO 6435,Not Provided,Delhi NCR - North,3255,Mixed,28.6139,77.209
NGO706435,USER_NGO706435,Community NGO 6436,Not Provided,Jaipur - Central,8325,Mixed,26.9124,75.7873
NGO706436,USER_NGO706436,Community NGO 6437,Not Provided,Kolkata - North,4935,Mixed,22.5726,88.3639
NGO706437,USER_NGO706437,Community NGO 6438,Not Provided,Remote - West,8820,Mixed,20.5937,78.9629
NGO706438,USER_NGO706438,Community NGO 6439,Not Provided,Pune - North,2655,Mixed,18.5204,73.8567
NGO700643,USER_NGO700643,Community NGO 644,Not Provided,Jaipur - East,5295,Mixed,26.9124,75.7873
NGO706440,USER_NGO706440,Community NGO 6441,Not Provided,Remote - Central,4160,Mixed,20.5937,78.9629
NGO706441,USER_NGO706441,Community NGO 6442,Not Provided,Mumbai - Citywide,13725,Mixed,19.076,72.8777
NGO706444,USER_NGO706444,Community NGO 6445,Not Provided,Hyderabad - South,3845,Mixed,17.385,78.4867
NGO706446,USER_NGO706446,Community NGO 6447,Not Provided,Jaipur - South,13030,Mixed,26.9124,75.7873
NGO706447,USER_NGO706447,Community NGO 6448,Not Provided,Pune - Central,8200,Mixed,18.5204,73.8567
NGO706448,USER_NGO706448,Community NGO 6449,Not Provided,Remote - North,1295,Mixed,20.5937,78.9629
NGO700644,USER_NGO700644,Community NGO 645,Not Provided,Chennai - West,495,Mixed,13.0827,80.2707
NGO706449,USER_NGO706449,Community NGO 6450,Not Provided,Kolkata - South,14520,Mixed,22.5726,88.3639
NGO706450,USER_NGO706450,Community NGO 6451,Not Provided,Mumbai - North,9580,Mixed,19.076,72.8777
NGO706452,USER_NGO706452,Community NGO 6453,Not Provided,Jaipur - East,9725,Mixed,26.9124,75.7873
NGO706454,USER_NGO706454,Community NGO 6455,Not Provided,Jaipur - South,14235,Mixed,26.9124,75.7873
NGO706456,USER_NGO706456,Community NGO 6457,Not Provided,Delhi NCR - East,3495,Mixed,28.6139,77.209
NGO700645,USER_NGO700645,Community NGO 646,Not Provided,Chennai - Citywide,8070,Mixed,13.0827,80.2707
NGO706459,USER_NGO706459,Community NGO 6460,Not Provided,Hyderabad - West,4490,Mixed,17.385,78.4867
NGO706460,USER_NGO706460,Community NGO 6461,Not Provided,Chennai - Central,1875,Mixed,13.0827,80.2707
NGO706462,USER_NGO706462,Community NGO 6463,Not Provided,Jaipur - West,3585,Mixed,26.9124,75.7873
NGO706463,USER_NGO706463,Community NGO 6464,Not Provided,Jaipur - Citywide,7070,Mixed,26.9124,75.7873
NGO706464,USER_NGO706464,Community NGO 6465,Not Provided,Pune - North,9595,Mixed,18.5204,73.8567
NGO706465,USER_NGO706465,Community NGO 6466,Not Provided,Mumbai - West,6645,Mixed,19.076,72.8777
NGO706467,USER_NGO706467,Community NGO 6468,Not Provided,Chennai - South,13870,Mixed,13.0827,80.2707
NGO700646,USER_NGO700646,Community NGO 647,Not Provided,Jaipur - East,11725,Mixed,26.9124,75.7873
NGO706469,USER_NGO706469,Community NGO 6470,Not Provided,Delhi NCR - Central,13540,Mixed,28.6139,77.209
NGO706470,USER_NGO706470,Community NGO 6471,Not Provided,Remote - Central,1910,Mixed,20.5937,78.9629
NGO706471,USER_NGO706471,Community NGO 6472,Not Provided,Bengaluru - Central,9640,Mixed,12.9716,77.5946
NGO706472,USER_NGO706472,Community NGO 6473,Not Provided,Hyderabad - Central,5500,Mixed,17.385,78.4867
NGO706473,USER_NGO706473,Community NGO 6474,Not Provided,Ahmedabad - South,5645,Mixed,23.0225,72.5714
NGO706474,USER_NGO706474,Community NGO 6475,Not Provided,Chennai - East,10050,Mixed,13.0827,80.2707
NGO706475,USER_NGO706475,Community NGO 6476,Not Provided,Kolkata - West,6940,Mixed,22.5726,88.3639
NGO706476,USER_NGO706476,Community NGO 6477,Not Provided,Pune - East,2860,Mixed,18.5204,73.8567
NGO706478,USER_NGO706478,Community NGO 6479,Not Provided,Kolkata - East,4810,Mixed,22.5726,88.3639
NGO700647,USER_NGO700647,Community NGO 648,Not Provided,Delhi NCR - Central,9065,Mixed,28.6139,77.209
NGO706480,USER_NGO706480,Community NGO 6481,Not Provided,Jaipur - Central,4585,Mixed,26.9124,75.7873
NGO706481,USER_NGO706481,Community NGO 6482,Not Provided,Chennai - Citywide,5160,Mixed,13.0827,80.2707
NGO706483,USER_NGO706483,Community NGO 6484,Not Provided,Bengaluru - North,215,Mixed,12.9716,77.5946
NGO706484,USER_NGO706484,Community NGO 6485,Not Provided,Kolkata - West,13420,Mixed,22.5726,88.3639
NGO706485,USER_NGO706485,Community NGO 6486,Not Provided,Remote - North,12620,Mixed,20.5937,78.9629
NGO706486,USER_NGO706486,Community NGO 6487,Not Provided,Delhi NCR - East,14430,Mixed,28.6139,77.209
NGO706487,USER_NGO706487,Community NGO 6488,Not Provided,Mumbai - East,5410,Mixed,19.076,72.8777
NGO706488,USER_NGO706488,Community NGO 6489,Not Provided,Delhi NCR - North,3755,Mixed,28.6139,77.209
NGO706490,USER_NGO706490,Community NGO 6491,Not Provided,Ahmedabad - Citywide,3830,Mixed,23.0225,72.5714
NGO706491,USER_NGO706491,Community NGO 6492,Not Provided,Chennai - South,12280,Mixed,13.0827,80.2707
NGO706493,USER_NGO706493,Community NGO 6494,Not Provided,Mumbai - Central,9550,Mixed,19.076,72.8777
NGO706494,USER_NGO706494,Community NGO 6495,Not Provided,Kolkata - North,6975,Mixed,22.5726,88.3639
NGO706495,USER_NGO706495,Community NGO 6496,Not Provided,Mumbai - Central,6135,Mixed,19.076,72.8777
NGO706497,USER_NGO706497,Community NGO 6498,Not Provided,Remote - Citywide,2620,Mixed,20.5937,78.9629
NGO706498,USER_NGO706498,Community NGO 6499,Not Provided,Kolkata - Central,8330,Mixed,22.5726,88.3639
NGO700649,USER_NGO700649,Community NGO 650,Not Provided,Chennai - Central,14790,Mixed,13.0827,80.2707
NGO706499,USER_NGO706499,Community NGO 6500,Not Provided,Delhi NCR - West,8190,Mixed,28.6139,77.209
NGO706501,USER_NGO706501,Community NGO 6502,Not Provided,Pune - Central,4610,Mixed,18.5204,73.8567
NGO706502,USER_NGO706502,Community NGO 6503,Not Provided,Hyderabad - Citywide,9875,Mixed,17.385,78.4867
NGO706503,USER_NGO706503,Community NGO 6504,Not Provided,Bengaluru - Central,12735,Mixed,12.9716,77.5946
NGO706504,USER_NGO706504,Community NGO 6505,Not Provided,Ahmedabad - Citywide,14715,Mixed,23.0225,72.5714
NGO706505,USER_NGO706505,Community NGO 6506,Not Provided,Delhi NCR - Central,855,Mixed,28.6139,77.209
NGO706506,USER_NGO706506,Community NGO 6507,Not Provided,Bengaluru - North,5175,Mixed,12.9716,77.5946
NGO700650,USER_NGO700650,Community NGO 651,Not Provided,Mumbai - Central,1785,Mixed,19.076,72.8777
NGO706509,USER_NGO706509,Community NGO 6510,Not Provided,Bengaluru - West,5005,Mixed,12.9716,77.5946
NGO706510,USER_NGO706510,Community NGO 6511,Not Provided,Jaipur - West,8540,Mixed,26.9124,75.7873
NGO706511,USER_NGO706511,Community NGO 6512,Not Provided,Delhi NCR - North,945,Mixed,28.6139,77.209
NGO706512,USER_NGO706512,Community NGO 6513,Not Provided,Bengaluru - Central,2515,Mixed,12.9716,77.5946
NGO706513,USER_NGO706513,Community NGO 6514,Not Provided,Bengaluru - North,8290,Mixed,12.9716,77.5946
NGO706514,USER_NGO706514,Community NGO 6515,Not Provided,Jaipur - West,11855,Mixed,26.9124,75.7873
NGO706515,USER_NGO706515,Community NGO 6516,Not Provided,Delhi NCR - Citywide,10470,Mixed,28.6139,77.209
NGO706516,USER_NGO706516,Community NGO 6517,Not Provided,Mumbai - South,7965,Mixed,19.076,72.8777
NGO706517,USER_NGO706517,Community NGO 6518,Not Provided,Chennai - West,10845,Mixed,13.0827,80.2707
NGO706518,USER_NGO706518,Community NGO 6519,Not Provided,Kolkata - East,4650,Mixed,22.5726,88.3639
NGO700651,USER_NGO700651,Community NGO 652,Not Provided,Remote - Citywide,10695,Mixed,20.5937,78.9629
NGO706520,USER_NGO706520,Community NGO 6521,Not Provided,Remote - Citywide,860,Mixed,20.5937,78.9629
NGO706521,USER_NGO706521,Community NGO 6522,Not Provided,Chennai - North,12080,Mixed,13.0827,80.2707
NGO706522,USER_NGO706522,Community NGO 6523,Not Provided,Bengaluru - East,5750,Mixed,12.9716,77.5946
NGO706523,USER_NGO706523,Community NGO 6524,Not Provided,Jaipur - East,415,Mixed,26.9124,75.7873
NGO706524,USER_NGO706524,Community NGO 6525,Not Provided,Bengaluru - North,6310,Mixed,12.9716,77.5946
NGO706526,USER_NGO706526,Community NGO 6527,Not Provided,Chennai - East,9020,Mixed,13.0827,80.2707
NGO706528,USER_NGO706528,Community NGO 6529,Not Provided,Delhi NCR - Central,9380,Mixed,28.6139,77.209
NGO700652,USER_NGO700652,Community NGO 653,Not Provided,Remote - West,13610,Mixed,20.5937,78.9629
NGO706529,USER_NGO706529,Community NGO 6530,Not Provided,Ahmedabad - North,11890,Mixed,23.0225,72.5714
NGO706530,USER_NGO706530,Community NGO 6531,Not Provided,Bengaluru - South,620,Mixed,12.9716,77.5946
NGO706531,USER_NGO706531,Community NGO 6532,Not Provided,Ahmedabad - East,11275,Mixed,23.0225,72.5714
NGO706532,USER_NGO706532,Community NGO 6533,Not Provided,Hyderabad - North,1250,Mixed,17.385,78.4867
NGO706533,USER_NGO706533,Community NGO 6534,Not Provided,Chennai - West,4660,Mixed,13.0827,80.2707
NGO706535,USER_NGO706535,Community NGO 6536,Not Provided,Bengaluru - East,4105,Mixed,12.9716,77.5946
NGO706536,USER_NGO706536,Community NGO 6537,Not Provided,Hyderabad - Central,8850,Mixed,17.385,78.4867
NGO706537,USER_NGO706537,Community NGO 6538,Not Provided,Remote - East,11585,Mixed,20.5937,78.9629
NGO706538,USER_NGO706538,Community NGO 6539,Not Provided,Jaipur - Citywide,9605,Mixed,26.9124,75.7873
NGO700653,USER_NGO700653,Community NGO 654,Not Provided,Mumbai - North,8975,Mixed,19.076,72.8777
NGO706539,USER_NGO706539,Community NGO 6540,Not Provided,Kolkata - Citywide,9750,Mixed,22.5726,88.3639
NGO706544,USER_NGO706544,Community NGO 6545,Not Provided,Hyderabad - South,10035,Mixed,17.385,78.4867
NGO706545,USER_NGO706545,Community NGO 6546,Not Provided,Hyderabad - West,4180,Mixed,17.385,78.4867
NGO706547,USER_NGO706547,Community NGO 6548,Not Provided,Remote - East,11850,Mixed,20.5937,78.9629
NGO706548,USER_NGO706548,Community NGO 6549,Not Provided,Delhi NCR - West,1010,Mixed,28.6139,77.209
NGO700654,USER_NGO700654,Community NGO 655,Not Provided,Jaipur - Citywide,6880,Mixed,26.9124,75.7873
NGO706550,USER_NGO706550,Community NGO 6551,Not Provided,Remote - South,14870,Mixed,20.5937,78.9629
NGO706551,USER_NGO706551,Community NGO 6552,Not Provided,Mumbai - North,9100,Mixed,19.076,72.8777
NGO706554,USER_NGO706554,Community NGO 6555,Not Provided,Pune - North,14715,Mixed,18.5204,73.8567
NGO706555,USER_NGO706555,Community NGO 6556,Not Provided,Hyderabad - South,13540,Mixed,17.385,78.4867
NGO706556,USER_NGO706556,Community NGO 6557,Not Provided,Kolkata - West,345,Mixed,22.5726,88.3639
NGO706557,USER_NGO706557,Community NGO 6558,Not Provided,Kolkata - Central,7480,Mixed,22.5726,88.3639
NGO706558,USER_NGO706558,Community NGO 6559,Not Provided,Kolkata - North,12175,Mixed,22.5726,88.3639
NGO700655,USER_NGO700655,Community NGO 656,Not Provided,Kolkata - South,11875,Mixed,22.5726,88.3639
NGO706559,USER_NGO706559,Community NGO 6560,Not Provided,Pune - North,10520,Mixed,18.5204,73.8567
NGO706560,USER_NGO706560,Community NGO 6561,Not Provided,Bengaluru - East,14475,Mixed,12.9716,77.5946
NGO706561,USER_NGO706561,Community NGO 6562,Not Provided,Jaipur - North,10475,Mixed,26.9124,75.7873
NGO706562,USER_NGO706562,Community NGO 6563,Not Provided,Bengaluru - Central,6715,Mixed,12.9716,77.5946
NGO706563,USER_NGO706563,Community NGO 6564,Not Provided,Ahmedabad - Citywide,8025,Mixed,23.0225,72.5714
NGO706565,USER_NGO706565,Community NGO 6566,Not Provided,Chennai - East,11830,Mixed,13.0827,80.2707
NGO706566,USER_NGO706566,Community NGO 6567,Not Provided,Hyderabad - Citywide,14330,Mixed,17.385,78.4867
NGO706567,USER_NGO706567,Community NGO 6568,Not Provided,Kolkata - Central,14850,Mixed,22.5726,88.3639
NGO706568,USER_NGO706568,Community NGO 6569,Not Provided,Kolkata - Central,490,Mixed,22.5726,88.3639
NGO700656,USER_NGO700656,Community NGO 657,Not Provided,Bengaluru - West,1390,Mixed,12.9716,77.5946
NGO706569,USER_NGO706569,Community NGO 6570,Not Provided,Chennai - Central,2440,Mixed,13.0827,80.2707
NGO706570,USER_NGO706570,Community NGO 6571,Not Provided,Chennai - North,3325,Mixed,13.0827,80.2707
NGO706571,USER_NGO706571,Community NGO 6572,Not Provided,Ahmedabad - South,9865,Mixed,23.0225,72.5714
NGO706572,USER_NGO706572,Community NGO 6573,Not Provided,Pune - South,13020,Mixed,18.5204,73.8567
NGO706573,USER_NGO706573,Community NGO 6574,Not Provided,Remote - East,11240,Mixed,20.5937,78.9629
NGO706574,USER_NGO706574,Community NGO 6575,Not Provided,Mumbai - South,6495,Mixed,19.076,72.8777
NGO706575,USER_NGO706575,Community NGO 6576,Not Provided,Ahmedabad - North,11060,Mixed,23.0225,72.5714
NGO706577,USER_NGO706577,Community NGO 6578,Not Provided,Kolkata - West,7550,Mixed,22.5726,88.3639
NGO706578,USER_NGO706578,Community NGO 6579,Not Provided,Kolkata - South,7395,Mixed,22.5726,88.3639
NGO700657,USER_NGO700657,Community NGO 658,Not Provided,Ahmedabad - Citywide,6380,Mixed,23.0225,72.5714
NGO706579,USER_NGO706579,Community NGO 6580,Not Provided,Pune - Central,12040,Mixed,18.5204,73.8567
NGO706580,USER_NGO706580,Community NGO 6581,Not Provided,Bengaluru - Central,4285,Mixed,12.9716,77.5946
NGO706581,USER_NGO706581,Community NGO 6582,Not Provided,Pune - North,14955,Mixed,18.5204,73.8567
NGO706582,USER_NGO706582,Community NGO 6583,Not Provided,Jaipur - Citywide,7385,Mixed,26.9124,75.7873
NGO706583,USER_NGO706583,Community NGO 6584,Not Provided,Pune - East,5370,Mixed,18.5204,73.8567
NGO706584,USER_NGO706584,Community NGO 6585,Not Provided,Bengaluru - North,6500,Mixed,12.9716,77.5946
NGO706585,USER_NGO706585,Community NGO 6586,Not Provided,Pune - Citywide,10080,Mixed,18.5204,73.8567
NGO706586,USER_NGO706586,Community NGO 6587,Not Provided,Remote - West,1485,Mixed,20.5937,78.9629
NGO706588,USER_NGO706588,Community NGO 6589,Not Provided,Chennai - West,2060,Mixed,13.0827,80.2707
NGO706589,USER_NGO706589,Community NGO 6590,Not Provided,Jaipur - Citywide,5245,Mixed,26.9124,75.7873
NGO706590,USER_NGO706590,Community NGO 6591,Not Provided,Remote - Central,11810,Mixed,20.5937,78.9629
NGO706591,USER_NGO706591,Community NGO 6592,Not Provided,Bengaluru - Citywide,14690,Mixed,12.9716,77.5946
NGO706592,USER_NGO706592,Community NGO 6593,Not Provided,Ahmedabad - Central,4965,Mixed,23.0225,72.5714
NGO706593,USER_NGO706593,Community NGO 6594,Not Provided,Chennai - North,4775,Mixed,13.0827,80.2707
NGO706596,USER_NGO706596,Community NGO 6597,Not Provided,Bengaluru - Citywide,9900,Mixed,12.9716,77.5946
NGO706597,USER_NGO706597,Community NGO 6598,Not Provided,Kolkata - East,1415,Mixed,22.5726,88.3639
NGO700659,USER_NGO700659,Community NGO 660,Not Provided,Ahmedabad - Citywide,12285,Mixed,23.0225,72.5714
NGO706600,USER_NGO706600,Community NGO 6601,Not Provided,Jaipur - South,8770,Mixed,26.9124,75.7873
NGO706601,USER_NGO706601,Community NGO 6602,Not Provided,Jaipur - Citywide,12355,Mixed,26.9124,75.7873
NGO706602,USER_NGO706602,Community NGO 6603,Not Provided,Mumbai - Central,2410,Mixed,19.076,72.8777
NGO706604,USER_NGO706604,Community NGO 6605,Not Provided,Remote - North,870,Mixed,20.5937,78.9629
NGO706605,USER_NGO706605,Community NGO 6606,Not Provided,Pune - West,555,Mixed,18.5204,73.8567
NGO706606,USER_NGO706606,Community NGO 6607,Not Provided,Chennai - North,8535,Mixed,13.0827,80.2707
NGO706608,USER_NGO706608,Community NGO 6609,Not Provided,Remote - East,14010,Mixed,20.5937,78.9629
NGO700660,USER_NGO700660,Community NGO 661,Not Provided,Remote - South,1690,Mixed,20.5937,78.9629
NGO706609,USER_NGO706609,Community NGO 6610,Not Provided,Pune - North,12730,Mixed,18.5204,73.8567
NGO706610,USER_NGO706610,Community NGO 6611,Not Provided,Remote - South,14300,Mixed,20.5937,78.9629
NGO706611,USER_NGO706611,Community NGO 6612,Not Provided,Jaipur - Citywide,1675,Mixed,26.9124,75.7873
NGO706612,USER_NGO706612,Community NGO 6613,Not Provided,Remote - South,10850,Mixed,20.5937,78.9629
NGO706613,USER_NGO706613,Community NGO 6614,Not Provided,Kolkata - West,8455,Mixed,22.5726,88.3639
NGO706614,USER_NGO706614,Community NGO 6615,Not Provided,Delhi NCR - North,6890,Mixed,28.6139,77.209
NGO706616,USER_NGO706616,Community NGO 6617,Not Provided,Chennai - North,12250,Mixed,13.0827,80.2707
NGO706617,USER_NGO706617,Community NGO 6618,Not Provided,Hyderabad - North,13800,Mixed,17.385,78.4867
NGO706618,USER_NGO706618,Community NGO 6619,Not Provided,Jaipur - East,11700,Mixed,26.9124,75.7873
NGO700661,USER_NGO700661,Community NGO 662,Not Provided,Mumbai - West,3930,Mixed,19.076,72.8777
NGO706619,USER_NGO706619,Community NGO 6620,Not Provided,Delhi NCR - Central,6450,Mixed,28.6139,77.209
NGO706620,USER_NGO706620,Community NGO 6621,Not Provided,Chennai - Citywide,4905,Mixed,13.0827,80.2707
NGO706622,USER_NGO706622,Community NGO 6623,Not Provided,Bengaluru - East,3360,Mixed,12.9716,77.5946
NGO706627,USER_NGO706627,Community NGO 6628,Not Provided,Chennai - North,7035,Mixed,13.0827,80.2707
NGO706628,USER_NGO706628,Community NGO 6629,Not Provided,Hyderabad - South,12660,Mixed,17.385,78.4867
NGO706630,USER_NGO706630,Community NGO 6631,Not Provided,Pune - Central,8295,Mixed,18.5204,73.8567
NGO706631,USER_NGO706631,Community NGO 6632,Not Provided,Delhi NCR - West,5165,Mixed,28.6139,77.209
NGO706633,USER_NGO706633,Community NGO 6634,Not Provided,Ahmedabad - South,14105,Mixed,23.0225,72.5714
NGO706634,USER_NGO706634,Community NGO 6635,Not Provided,Jaipur - Citywide,1950,Mixed,26.9124,75.7873
NGO706635,USER_NGO706635,Community NGO 6636,Not Provided,Jaipur - Citywide,14055,Mixed,26.9124,75.7873
NGO706636,USER_NGO706636,Community NGO 6637,Not Provided,Bengaluru - South,6170,Mixed,12.9716,77.5946
NGO706637,USER_NGO706637,Community NGO 6638,Not Provided,Delhi NCR - Citywide,4625,Mixed,28.6139,77.209
NGO706638,USER_NGO706638,Community NGO 6639,Not Provided,Ahmedabad - East,9045,Mixed,23.0225,72.5714
NGO700663,USER_NGO700663,Community NGO 664,Not Provided,Remote - Citywide,6790,Mixed,20.5937,78.9629
NGO706640,USER_NGO706640,Community NGO 6641,Not Provided,Remote - East,175,Mixed,20.5937,78.9629
NGO706641,USER_NGO706641,Community NGO 6642,Not Provided,Hyderabad - North,2560,Mixed,17.385,78.4867
NGO706642,USER_NGO706642,Community NGO 6643,Not Provided,Ahmedabad - West,160,Mixed,23.0225,72.5714
NGO706643,USER_NGO706643,Community NGO 6644,Not Provided,Delhi NCR - North,12225,Mixed,28.6139,77.209
NGO706644,USER_NGO706644,Community NGO 6645,Not Provided,Mumbai - South,8060,Mixed,19.076,72.8777
NGO706645,USER_NGO706645,Community NGO 6646,Not Provided,Jaipur - Citywide,3215,Mixed,26.9124,75.7873
NGO706646,USER_NGO706646,Community NGO 6647,Not Provided,Mumbai - Central,1305,Mixed,19.076,72.8777
NGO706647,USER_NGO706647,Community NGO 6648,Not Provided,Ahmedabad - North,9890,Mixed,23.0225,72.5714
NGO706648,USER_NGO706648,Community NGO 6649,Not Provided,Bengaluru - North,3130,Mixed,12.9716,77.5946
NGO700664,USER_NGO700664,Community NGO 665,Not Provided,Pune - North,7350,Mixed,18.5204,73.8567
NGO706649,USER_NGO706649,Community NGO 6650,Not Provided,Delhi NCR - North,7315,Mixed,28.6139,77.209
NGO706650,USER_NGO706650,Community NGO 6651,Not Provided,Delhi NCR - Central,3590,Mixed,28.6139,77.209
NGO706652,USER_NGO706652,Community NGO 6653,Not Provided,Chennai - Citywide,6460,Mixed,13.0827,80.2707
NGO706653,USER_NGO706653,Community NGO 6654,Not Provided,Bengaluru - West,7915,Mixed,12.9716,77.5946
NGO706655,USER_NGO706655,Community NGO 6656,Not Provided,Hyderabad - South,3485,Mixed,17.385,78.4867
NGO706657,USER_NGO706657,Community NGO 6658,Not Provided,Hyderabad - East,1170,Mixed,17.385,78.4867
NGO706658,USER_NGO706658,Community NGO 6659,Not Provided,Remote - North,5545,Mixed,20.5937,78.9629
NGO700665,USER_NGO700665,Community NGO 666,Not Provided,Remote - West,5095,Mixed,20.5937,78.9629
NGO706659,USER_NGO706659,Community NGO 6660,Not Provided,Ahmedabad - Central,6440,Mixed,23.0225,72.5714
NGO706664,USER_NGO706664,Community NGO 6665,Not Provided,Remote - South,3655,Mixed,20.5937,78.9629
NGO706665,USER_NGO706665,Community NGO 6666,Not Provided,Ahmedabad - West,14380,Mixed,23.0225,72.5714
NGO706667,USER_NGO706667,Community NGO 6668,Not Provided,Ahmedabad - South,12315,Mixed,23.0225,72.5714
NGO706669,USER_NGO706669,Community NGO 6670,Not Provided,Ahmedabad - South,7620,Mixed,23.0225,72.5714
NGO706670,USER_NGO706670,Community NGO 6671,Not Provided,Remote - Central,13660,Mixed,20.5937,78.9629
NGO706671,USER_NGO706671,Community NGO 6672,Not Provided,Kolkata - Citywide,3855,Mixed,22.5726,88.3639
NGO706672,USER_NGO706672,Community NGO 6673,Not Provided,Remote - West,13755,Mixed,20.5937,78.9629
NGO706673,USER_NGO706673,Community NGO 6674,Not Provided,Bengaluru - Citywide,6940,Mixed,12.9716,77.5946
NGO706674,USER_NGO706674,Community NGO 6675,Not Provided,Jaipur - South,8935,Mixed,26.9124,75.7873
NGO706675,USER_NGO706675,Community NGO 6676,Not Provided,Hyderabad - Central,10905,Mixed,17.385,78.4867
NGO706676,USER_NGO706676,Community NGO 6677,Not Provided,Delhi NCR - East,4250,Mixed,28.6139,77.209
NGO706677,USER_NGO706677,Community NGO 6678,Not Provided,Chennai - Citywide,9950,Mixed,13.0827,80.2707
NGO706678,USER_NGO706678,Community NGO 6679,Not Provided,Pune - South,14360,Mixed,18.5204,73.8567
NGO700667,USER_NGO700667,Community NGO 668,Not Provided,Ahmedabad - Central,6320,Mixed,23.0225,72.5714
NGO706679,USER_NGO706679,Community NGO 6680,Not Provided,Kolkata - East,10105,Mixed,22.5726,88.3639
NGO706680,USER_NGO706680,Community NGO 6681,Not Provided,Jaipur - Central,4935,Mixed,26.9124,75.7873
NGO706681,USER_NGO706681,Community NGO 6682,Not Provided,Jaipur - Citywide,4555,Mixed,26.9124,75.7873
NGO706682,USER_NGO706682,Community NGO 6683,Not Provided,Remote - South,10830,Mixed,20.5937,78.9629
NGO706683,USER_NGO706683,Community NGO 6684,Not Provided,Chennai - South,1645,Mixed,13.0827,80.2707
NGO706685,USER_NGO706685,Community NGO 6686,Not Provided,Jaipur - South,4175,Mixed,26.9124,75.7873
NGO706686,USER_NGO706686,Community NGO 6687,Not Provided,Jaipur - South,9910,Mixed,26.9124,75.7873
NGO706687,USER_NGO706687,Community NGO 6688,Not Provided,Bengaluru - South,13175,Mixed,12.9716,77.5946
NGO706688,USER_NGO706688,Community NGO 6689,Not Provided,Jaipur - East,8160,Mixed,26.9124,75.7873
NGO700668,USER_NGO700668,Community NGO 669,Not Provided,Delhi NCR - North,13255,Mixed,28.6139,77.209
NGO706689,USER_NGO706689,Community NGO 6690,Not Provided,Kolkata - East,9800,Mixed,22.5726,88.3639
NGO706692,USER_NGO706692,Community NGO 6693,Not Provided,Hyderabad - East,14985,Mixed,17.385,78.4867
NGO706693,USER_NGO706693,Community NGO 6694,Not Provided,Hyderabad - Central,5835,Mixed,17.385,78.4867
NGO706694,USER_NGO706694,Community NGO 6695,Not Provided,Bengaluru - Citywide,3355,Mixed,12.9716,77.5946
NGO706695,USER_NGO706695,Community NGO 6696,Not Provided,Kolkata - North,12960,Mixed,22.5726,88.3639
NGO706696,USER_NGO706696,Community NGO 6697,Not Provided,Chennai - South,625,Mixed,13.0827,80.2707
NGO706698,USER_NGO706698,Community NGO 6699,Not Provided,Delhi NCR - East,1115,Mixed,28.6139,77.209
NGO700066,USER_NGO700066,Community NGO 67,Not Provided,Remote - North,10685,Mixed,20.5937,78.9629
NGO700669,USER_NGO700669,Community NGO 670,Not Provided,Delhi NCR - North,5255,Mixed,28.6139,77.209
NGO706701,USER_NGO706701,Community NGO 6702,Not Provided,Remote - Citywide,1435,Mixed,20.5937,78.9629
NGO706703,USER_NGO706703,Community NGO 6704,Not Provided,Delhi NCR - South,2175,Mixed,28.6139,77.209
NGO706704,USER_NGO706704,Community NGO 6705,Not Provided,Mumbai - South,8490,Mixed,19.076,72.8777
NGO706705,USER_NGO706705,Community NGO 6706,Not Provided,Hyderabad - South,12300,Mixed,17.385,78.4867
NGO706707,USER_NGO706707,Community NGO 6708,Not Provided,Ahmedabad - North,7930,Mixed,23.0225,72.5714
NGO706708,USER_NGO706708,Community NGO 6709,Not Provided,Jaipur - East,10270,Mixed,26.9124,75.7873
NGO700670,USER_NGO700670,Community NGO 671,Not Provided,Delhi NCR - Central,6225,Mixed,28.6139,77.209
NGO706709,USER_NGO706709,Community NGO 6710,Not Provided,Kolkata - North,14935,Mixed,22.5726,88.3639
NGO706711,USER_NGO706711,Community NGO 6712,Not Provided,Bengaluru - East,8610,Mixed,12.9716,77.5946
NGO706712,USER_NGO706712,Community NGO 6713,Not Provided,Bengaluru - Citywide,2340,Mixed,12.9716,77.5946
NGO706713,USER_NGO706713,Community NGO 6714,Not Provided,Ahmedabad - Citywide,5590,Mixed,23.0225,72.5714
NGO706714,USER_NGO706714,Community NGO 6715,Not Provided,Delhi NCR - North,7550,Mixed,28.6139,77.209
NGO706715,USER_NGO706715,Community NGO 6716,Not Provided,Pune - North,13120,Mixed,18.5204,73.8567
NGO706716,USER_NGO706716,Community NGO 6717,Not Provided,Hyderabad - Central,3525,Mixed,17.385,78.4867
NGO706718,USER_NGO706718,Community NGO 6719,Not Provided,Hyderabad - Citywide,10445,Mixed,17.385,78.4867
NGO700671,USER_NGO700671,Community NGO 672,Not Provided,Kolkata - East,11610,Mixed,22.5726,88.3639
NGO706719,USER_NGO706719,Community NGO 6720,Not Provided,Chennai - West,9840,Mixed,13.0827,80.2707
NGO706720,USER_NGO706720,Community NGO 6721,Not Provided,Mumbai - Central,10140,Mixed,19.076,72.8777
NGO706724,USER_NGO706724,Community NGO 6725,Not Provided,Pune - West,10915,Mixed,18.5204,73.8567
NGO706725,USER_NGO706725,Community NGO 6726,Not Provided,Ahmedabad - Citywide,6255,Mixed,23.0225,72.5714
NGO706726,USER_NGO706726,Community NGO 6727,Not Provided,Ahmedabad - South,13575,Mixed,23.0225,72.5714
NGO706727,USER_NGO706727,Community NGO 6728,Not Provided,Delhi NCR - West,14235,Mixed,28.6139,77.209
NGO706728,USER_NGO706728,Community NGO 6729,Not Provided,Hyderabad - South,555,Mixed,17.385,78.4867
NGO706729,USER_NGO706729,Community NGO 6730,Not Provided,Delhi NCR - Central,12445,Mixed,28.6139,77.209
NGO706730,USER_NGO706730,Community NGO 6731,Not Provided,Pune - Central,13285,Mixed,18.5204,73.8567
NGO706733,USER_NGO706733,Community NGO 6734,Not Provided,Jaipur - South,12940,Mixed,26.9124,75.7873
NGO706734,USER_NGO706734,Community NGO 6735,Not Provided,Hyderabad - East,8735,Mixed,17.385,78.4867
NGO706735,USER_NGO706735,Community NGO 6736,Not Provided,Hyderabad - East,6160,Mixed,17.385,78.4867
NGO706736,USER_NGO706736,Community NGO 6737,Not Provided,Mumbai - West,4850,Mixed,19.076,72.8777
NGO706738,USER_NGO706738,Community NGO 6739,Not Provided,Remote - North,13775,Mixed,20.5937,78.9629
NGO700673,USER_NGO700673,Community NGO 674,Not Provided,Pune - West,12230,Mixed,18.5204,73.8567
NGO706740,USER_NGO706740,Community NGO 6741,Not Provided,Jaipur - South,3840,Mixed,26.9124,75.7873
NGO706741,USER_NGO706741,Community NGO 6742,Not Provided,Pune - Citywide,2100,Mixed,18.5204,73.8567
NGO706742,USER_NGO706742,Community NGO 6743,Not Provided,Kolkata - East,13025,Mixed,22.5726,88.3639
NGO706743,USER_NGO706743,Community NGO 6744,Not Provided,Remote - South,9130,Mixed,20.5937,78.9629
NGO706745,USER_NGO706745,Community NGO 6746,Not Provided,Mumbai - Citywide,12305,Mixed,19.076,72.8777
NGO706746,USER_NGO706746,Community NGO 6747,Not Provided,Bengaluru - East,3660,Mixed,12.9716,77.5946
NGO706747,USER_NGO706747,Community NGO 6748,Not Provided,Ahmedabad - East,795,Mixed,23.0225,72.5714
NGO706748,USER_NGO706748,Community NGO 6749,Not Provided,Remote - Citywide,11375,Mixed,20.5937,78.9629
NGO706749,USER_NGO706749,Community NGO 6750,Not Provided,Bengaluru - West,13870,Mixed,12.9716,77.5946
NGO706752,USER_NGO706752,Community NGO 6753,Not Provided,Delhi NCR - Citywide,12285,Mixed,28.6139,77.209
NGO706753,USER_NGO706753,Community NGO 6754,Not Provided,Pune - Citywide,11250,Mixed,18.5204,73.8567
NGO706754,USER_NGO706754,Community NGO 6755,Not Provided,Jaipur - North,3690,Mixed,26.9124,75.7873
NGO706755,USER_NGO706755,Community NGO 6756,Not Provided,Ahmedabad - West,870,Mixed,23.0225,72.5714
NGO706756,USER_NGO706756,Community NGO 6757,Not Provided,Chennai - South,5815,Mixed,13.0827,80.2707
NGO706757,USER_NGO706757,Community NGO 6758,Not Provided,Delhi NCR - Citywide,3135,Mixed,28.6139,77.209
NGO706759,USER_NGO706759,Community NGO 6760,Not Provided,Chennai - North,6220,Mixed,13.0827,80.2707
NGO706760,USER_NGO706760,Community NGO 6761,Not Provided,Bengaluru - North,8290,Mixed,12.9716,77.5946
NGO706761,USER_NGO706761,Community NGO 6762,Not Provided,Delhi NCR - North,3855,Mixed,28.6139,77.209
NGO706762,USER_NGO706762,Community NGO 6763,Not Provided,Kolkata - Citywide,11605,Mixed,22.5726,88.3639
NGO706763,USER_NGO706763,Community NGO 6764,Not Provided,Bengaluru - Central,13680,Mixed,12.9716,77.5946
NGO706764,USER_NGO706764,Community NGO 6765,Not Provided,Jaipur - North,8720,Mixed,26.9124,75.7873
NGO706765,USER_NGO706765,Community NGO 6766,Not Provided,Mumbai - East,10435,Mixed,19.076,72.8777
NGO706767,USER_NGO706767,Community NGO 6768,Not Provided,Remote - North,3465,Mixed,20.5937,78.9629
NGO706768,USER_NGO706768,Community NGO 6769,Not Provided,Mumbai - Central,8155,Mixed,19.076,72.8777
NGO700676,USER_NGO700676,Community NGO 677,Not Provided,Jaipur - South,6140,Mixed,26.9124,75.7873
NGO706769,USER_NGO706769,Community NGO 6770,Not Provided,Remote - South,10250,Mixed,20.5937,78.9629
NGO706770,USER_NGO706770,Community NGO 6771,Not Provided,Remote - South,2250,Mixed,20.5937,78.9629
NGO706771,USER_NGO706771,Community NGO 6772,Not Provided,Remote - South,7670,Mixed,20.5937,78.9629
NGO706773,USER_NGO706773,Community NGO 6774,Not Provided,Hyderabad - South,2415,Mixed,17.385,78.4867
NGO706774,USER_NGO706774,Community NGO 6775,Not Provided,Bengaluru - South,4135,Mixed,12.9716,77.5946
NGO706776,USER_NGO706776,Community NGO 6777,Not Provided,Delhi NCR - South,13535,Mixed,28.6139,77.209
NGO706777,USER_NGO706777,Community NGO 6778,Not Provided,Kolkata - West,11435,Mixed,22.5726,88.3639
NGO706778,USER_NGO706778,Community NGO 6779,Not Provided,Pune - East,8045,Mixed,18.5204,73.8567
NGO700677,USER_NGO700677,Community NGO 678,Not Provided,Pune - West,7000,Mixed,18.5204,73.8567
NGO706779,USER_NGO706779,Community NGO 6780,Not Provided,Chennai - Central,12680,Mixed,13.0827,80.2707
NGO706780,USER_NGO706780,Community NGO 6781,Not Provided,Hyderabad - North,3555,Mixed,17.385,78.4867
NGO706781,USER_NGO706781,Community NGO 6782,Not Provided,Hyderabad - South,6895,Mixed,17.385,78.4867
NGO706782,USER_NGO706782,Community NGO 6783,Not Provided,Ahmedabad - South,3080,Mixed,23.0225,72.5714
NGO706785,USER_NGO706785,Community NGO 6786,Not Provided,Jaipur - Citywide,5355,Mixed,26.9124,75.7873
NGO706786,USER_NGO706786,Community NGO 6787,Not Provided,Ahmedabad - Central,1490,Mixed,23.0225,72.5714
NGO706787,USER_NGO706787,Community NGO 6788,Not Provided,Pune - Citywide,11400,Mixed,18.5204,73.8567
NGO706788,USER_NGO706788,Community NGO 6789,Not Provided,Ahmedabad - South,7765,Mixed,23.0225,72.5714
NGO700678,USER_NGO700678,Community NGO 679,Not Provided,Jaipur - South,2375,Mixed,26.9124,75.7873
NGO706790,USER_NGO706790,Community NGO 6791,Not Provided,Hyderabad - North,3315,Mixed,17.385,78.4867
NGO706791,USER_NGO706791,Community NGO 6792,Not Provided,Ahmedabad - South,5515,Mixed,23.0225,72.5714
NGO706792,USER_NGO706792,Community NGO 6793,Not Provided,Kolkata - South,6945,Mixed,22.5726,88.3639
NGO706793,USER_NGO706793,Community NGO 6794,Not Provided,Ahmedabad - Citywide,3135,Mixed,23.0225,72.5714
NGO706794,USER_NGO706794,Community NGO 6795,Not Provided,Jaipur - North,8455,Mixed,26.9124,75.7873
NGO706795,USER_NGO706795,Community NGO 6796,Not Provided,Mumbai - North,12280,Mixed,19.076,72.8777
NGO706796,USER_NGO706796,Community NGO 6797,Not Provided,Delhi NCR - Citywide,8270,Mixed,28.6139,77.209
NGO706797,USER_NGO706797,Community NGO 6798,Not Provided,Remote - East,3350,Mixed,20.5937,78.9629
NGO706798,USER_NGO706798,Community NGO 6799,Not Provided,Mumbai - Citywide,8105,Mixed,19.076,72.8777
NGO700067,USER_NGO700067,Community NGO 68,Not Provided,Mumbai - South,1480,Mixed,19.076,72.8777
NGO700679,USER_NGO700679,Community NGO 680,Not Provided,Chennai - Central,3065,Mixed,13.0827,80.2707
NGO706801,USER_NGO706801,Community NGO 6802,Not Provided,Remote - Central,9315,Mixed,20.5937,78.9629
NGO706802,USER_NGO706802,Community NGO 6803,Not Provided,Mumbai - West,11865,Mixed,19.076,72.8777
NGO706804,USER_NGO706804,Community NGO 6805,Not Provided,Delhi NCR - Citywide,1390,Mixed,28.6139,77.209
NGO706805,USER_NGO706805,Community NGO 6806,Not Provided,Pune - Central,1895,Mixed,18.5204,73.8567
NGO706807,USER_NGO706807,Community NGO 6808,Not Provided,Ahmedabad - Citywide,7210,Mixed,23.0225,72.5714
NGO706808,USER_NGO706808,Community NGO 6809,Not Provided,Ahmedabad - Citywide,11090,Mixed,23.0225,72.5714
NGO700680,USER_NGO700680,Community NGO 681,Not Provided,Delhi NCR - North,6335,Mixed,28.6139,77.209
NGO706809,USER_NGO706809,Community NGO 6810,Not Provided,Delhi NCR - East,12025,Mixed,28.6139,77.209
NGO706810,USER_NGO706810,Community NGO 6811,Not Provided,Kolkata - East,9720,Mixed,22.5726,88.3639
NGO706812,USER_NGO706812,Community NGO 6813,Not Provided,Remote - Central,7140,Mixed,20.5937,78.9629
NGO706814,USER_NGO706814,Community NGO 6815,Not Provided,Mumbai - West,13515,Mixed,19.076,72.8777
NGO706815,USER_NGO706815,Community NGO 6816,Not Provided,Hyderabad - East,11185,Mixed,17.385,78.4867
NGO706816,USER_NGO706816,Community NGO 6817,Not Provided,Hyderabad - North,11320,Mixed,17.385,78.4867
NGO706817,USER_NGO706817,Community NGO 6818,Not Provided,Bengaluru - South,4760,Mixed,12.9716,77.5946
NGO700681,USER_NGO700681,Community NGO 682,Not Provided,Jaipur - Central,5380,Mixed,26.9124,75.7873
NGO706819,USER_NGO706819,Community NGO 6820,Not Provided,Remote - Central,9610,Mixed,20.5937,78.9629
NGO706820,USER_NGO706820,Community NGO 6821,Not Provided,Hyderabad - North,12000,Mixed,17.385,78.4867
NGO706821,USER_NGO706821,Community NGO 6822,Not Provided,Bengaluru - Citywide,9060,Mixed,12.9716,77.5946
NGO706822,USER_NGO706822,Community NGO 6823,Not Provided,Remote - West,4750,Mixed,20.5937,78.9629
NGO706823,USER_NGO706823,Community NGO 6824,Not Provided,Jaipur - Central,9655,Mixed,26.9124,75.7873
NGO706824,USER_NGO706824,Community NGO 6825,Not Provided,Chennai - Central,9430,Mixed,13.0827,80.2707
NGO706825,USER_NGO706825,Community NGO 6826,Not Provided,Mumbai - South,110,Mixed,19.076,72.8777
NGO706826,USER_NGO706826,Community NGO 6827,Not Provided,Delhi NCR - Citywide,5785,Mixed,28.6139,77.209
NGO706828,USER_NGO706828,Community NGO 6829,Not Provided,Pune - East,1685,Mixed,18.5204,73.8567
NGO706830,USER_NGO706830,Community NGO 6831,Not Provided,Ahmedabad - South,6065,Mixed,23.0225,72.5714
NGO706831,USER_NGO706831,Community NGO 6832,Not Provided,Kolkata - Central,11400,Mixed,22.5726,88.3639
NGO706832,USER_NGO706832,Community NGO 6833,Not Provided,Delhi NCR - East,1625,Mixed,28.6139,77.209
NGO706835,USER_NGO706835,Community NGO 6836,Not Provided,Mumbai - South,9510,Mixed,19.076,72.8777
NGO706836,USER_NGO706836,Community NGO 6837,Not Provided,Bengaluru - Central,10070,Mixed,12.9716,77.5946
NGO706838,USER_NGO706838,Community NGO 6839,Not Provided,Jaipur - East,820,Mixed,26.9124,75.7873
NGO700683,USER_NGO700683,Community NGO 684,Not Provided,Remote - Citywide,1420,Mixed,20.5937,78.9629
NGO706839,USER_NGO706839,Community NGO 6840,Not Provided,Jaipur - Citywide,10580,Mixed,26.9124,75.7873
NGO706840,USER_NGO706840,Community NGO 6841,Not Provided,Hyderabad - Central,11770,Mixed,17.385,78.4867
NGO706842,USER_NGO706842,Community NGO 6843,Not Provided,Bengaluru - Central,13285,Mixed,12.9716,77.5946
NGO706843,USER_NGO706843,Community NGO 6844,Not Provided,Kolkata - Central,1495,Mixed,22.5726,88.3639
NGO706844,USER_NGO706844,Community NGO 6845,Not Provided,Remote - South,6175,Mixed,20.5937,78.9629
NGO706847,USER_NGO706847,Community NGO 6848,Not Provided,Ahmedabad - Citywide,14000,Mixed,23.0225,72.5714
NGO700684,USER_NGO700684,Community NGO 685,Not Provided,Mumbai - North,2080,Mixed,19.076,72.8777
NGO706849,USER_NGO706849,Community NGO 6850,Not Provided,Mumbai - Citywide,2565,Mixed,19.076,72.8777
NGO706850,USER_NGO706850,Community NGO 6851,Not Provided,Bengaluru - West,3810,Mixed,12.9716,77.5946
NGO706851,USER_NGO706851,Community NGO 6852,Not Provided,Delhi NCR - Central,6955,Mixed,28.6139,77.209
NGO706852,USER_NGO706852,Community NGO 6853,Not Provided,Pune - West,14560,Mixed,18.5204,73.8567
NGO706853,USER_NGO706853,Community NGO 6854,Not Provided,Jaipur - West,6215,Mixed,26.9124,75.7873
NGO706854,USER_NGO706854,Community NGO 6855,Not Provided,Remote - Citywide,1115,Mixed,20.5937,78.9629
NGO706855,USER_NGO706855,Community NGO 6856,Not Provided,Bengaluru - East,11140,Mixed,12.9716,77.5946
NGO706856,USER_NGO706856,Community NGO 6857,Not Provided,Kolkata - Central,8860,Mixed,22.5726,88.3639
NGO706857,USER_NGO706857,Community NGO 6858,Not Provided,Jaipur - Central,14125,Mixed,26.9124,75.7873
NGO700685,USER_NGO700685,Community NGO 686,Not Provided,Remote - Central,12775,Mixed,20.5937,78.9629
NGO706859,USER_NGO706859,Community NGO 6860,Not Provided,Jaipur - South,10035,Mixed,26.9124,75.7873
NGO706860,USER_NGO706860,Community NGO 6861,Not Provided,Delhi NCR - Central,3420,Mixed,28.6139,77.209
NGO706861,USER_NGO706861,Community NGO 6862,Not Provided,Chennai - South,11480,Mixed,13.0827,80.2707
NGO706862,USER_NGO706862,Community NGO 6863,Not Provided,Mumbai - West,12740,Mixed,19.076,72.8777
NGO706863,USER_NGO706863,Community NGO 6864,Not Provided,Ahmedabad - North,14020,Mixed,23.0225,72.5714
NGO706866,USER_NGO706866,Community NGO 6867,Not Provided,Remote - Citywide,11760,Mixed,20.5937,78.9629
NGO706867,USER_NGO706867,Community NGO 6868,Not Provided,Ahmedabad - Central,4280,Mixed,23.0225,72.5714
NGO706868,USER_NGO706868,Community NGO 6869,Not Provided,Remote - East,3910,Mixed,20.5937,78.9629
NGO706869,USER_NGO706869,Community NGO 6870,Not Provided,Jaipur - North,4985,Mixed,26.9124,75.7873
NGO706870,USER_NGO706870,Community NGO 6871,Not Provided,Chennai - South,11705,Mixed,13.0827,80.2707
NGO706871,USER_NGO706871,Community NGO 6872,Not Provided,Remote - Citywide,5805,Mixed,20.5937,78.9629
NGO706872,USER_NGO706872,Community NGO 6873,Not Provided,Ahmedabad - Citywide,2220,Mixed,23.0225,72.5714
NGO706873,USER_NGO706873,Community NGO 6874,Not Provided,Jaipur - Central,7355,Mixed,26.9124,75.7873
NGO706874,USER_NGO706874,Community NGO 6875,Not Provided,Hyderabad - South,4445,Mixed,17.385,78.4867
NGO706876,USER_NGO706876,Community NGO 6877,Not Provided,Bengaluru - Central,2425,Mixed,12.9716,77.5946
NGO706877,USER_NGO706877,Community NGO 6878,Not Provided,Chennai - Central,10585,Mixed,13.0827,80.2707
NGO706878,USER_NGO706878,Community NGO 6879,Not Provided,Ahmedabad - West,4200,Mixed,23.0225,72.5714
NGO700687,USER_NGO700687,Community NGO 688,Not Provided,Ahmedabad - Citywide,2380,Mixed,23.0225,72.5714
NGO706879,USER_NGO706879,Community NGO 6880,Not Provided,Delhi NCR - North,13390,Mixed,28.6139,77.209
NGO706880,USER_NGO706880,Community NGO 6881,Not Provided,Pune - Central,4265,Mixed,18.5204,73.8567
NGO706881,USER_NGO706881,Community NGO 6882,Not Provided,Mumbai - South,7300,Mixed,19.076,72.8777
NGO706882,USER_NGO706882,Community NGO 6883,Not Provided,Delhi NCR - Citywide,14660,Mixed,28.6139,77.209
NGO706884,USER_NGO706884,Community NGO 6885,Not Provided,Jaipur - West,10535,Mixed,26.9124,75.7873
NGO706885,USER_NGO706885,Community NGO 6886,Not Provided,Remote - North,11870,Mixed,20.5937,78.9629
NGO706886,USER_NGO706886,Community NGO 6887,Not Provided,Jaipur - East,8320,Mixed,26.9124,75.7873
NGO706887,USER_NGO706887,Community NGO 6888,Not Provided,Mumbai - West,2940,Mixed,19.076,72.8777
NGO706888,USER_NGO706888,Community NGO 6889,Not Provided,Pune - Citywide,1460,Mixed,18.5204,73.8567
NGO700688,USER_NGO700688,Community NGO 689,Not Provided,Kolkata - South,1465,Mixed,22.5726,88.3639
NGO706889,USER_NGO706889,Community NGO 6890,Not Provided,Chennai - South,3215,Mixed,13.0827,80.2707
NGO706892,USER_NGO706892,Community NGO 6893,Not Provided,Ahmedabad - South,295,Mixed,23.0225,72.5714
NGO706894,USER_NGO706894,Community NGO 6895,Not Provided,Kolkata - West,10840,Mixed,22.5726,88.3639
NGO706895,USER_NGO706895,Community NGO 6896,Not Provided,Kolkata - South,11415,Mixed,22.5726,88.3639
NGO706896,USER_NGO706896,Community NGO 6897,Not Provided,Ahmedabad - East,10960,Mixed,23.0225,72.5714
NGO706897,USER_NGO706897,Community NGO 6898,Not Provided,Pune - North,1825,Mixed,18.5204,73.8567
NGO706898,USER_NGO706898,Community NGO 6899,Not Provided,Hyderabad - South,7360,Mixed,17.385,78.4867
NGO700068,USER_NGO700068,Community NGO 69,Not Provided,Pune - East,12720,Mixed,18.5204,73.8567
NGO700689,USER_NGO700689,Community NGO 690,Not Provided,Chennai - East,565,Mixed,13.0827,80.2707
NGO706899,USER_NGO706899,Community NGO 6900,Not Provided,Bengaluru - Citywide,14710,Mixed,12.9716,77.5946
NGO706900,USER_NGO706900,Community NGO 6901,Not Provided,Remote - West,13685,Mixed,20.5937,78.9629
NGO706901,USER_NGO706901,Community NGO 6902,Not Provided,Hyderabad - West,14105,Mixed,17.385,78.4867
NGO706902,USER_NGO706902,Community NGO 6903,Not Provided,Jaipur - North,6290,Mixed,26.9124,75.7873
NGO706903,USER_NGO706903,Community NGO 6904,Not Provided,Delhi NCR - West,13415,Mixed,28.6139,77.209
NGO706904,USER_NGO706904,Community NGO 6905,Not Provided,Hyderabad - North,1460,Mixed,17.385,78.4867
NGO706905,USER_NGO706905,Community NGO 6906,Not Provided,Mumbai - South,2205,Mixed,19.076,72.8777
NGO706906,USER_NGO706906,Community NGO 6907,Not Provided,Pune - East,2285,Mixed,18.5204,73.8567
NGO706908,USER_NGO706908,Community NGO 6909,Not Provided,Mumbai - Citywide,14655,Mixed,19.076,72.8777
NGO706909,USER_NGO706909,Community NGO 6910,Not Provided,Delhi NCR - Central,14250,Mixed,28.6139,77.209
NGO706910,USER_NGO706910,Community NGO 6911,Not Provided,Ahmedabad - East,805,Mixed,23.0225,72.5714
NGO706911,USER_NGO706911,Community NGO 6912,Not Provided,Ahmedabad - East,10955,Mixed,23.0225,72.5714
NGO706914,USER_NGO706914,Community NGO 6915,Not Provided,Hyderabad - Central,10085,Mixed,17.385,78.4867
NGO700691,USER_NGO700691,Community NGO 692,Not Provided,Mumbai - Central,4285,Mixed,19.076,72.8777
NGO706919,USER_NGO706919,Community NGO 6920,Not Provided,Mumbai - Central,14985,Mixed,19.076,72.8777
NGO706920,USER_NGO706920,Community NGO 6921,Not Provided,Ahmedabad - Citywide,12825,Mixed,23.0225,72.5714
NGO706921,USER_NGO706921,Community NGO 6922,Not Provided,Remote - East,10325,Mixed,20.5937,78.9629
NGO706923,USER_NGO706923,Community NGO 6924,Not Provided,Delhi NCR - Central,4075,Mixed,28.6139,77.209
NGO706924,USER_NGO706924,Community NGO 6925,Not Provided,Kolkata - Central,2470,Mixed,22.5726,88.3639
NGO706925,USER_NGO706925,Community NGO 6926,Not Provided,Delhi NCR - East,6755,Mixed,28.6139,77.209
NGO706927,USER_NGO706927,Community NGO 6928,Not Provided,Chennai - West,8970,Mixed,13.0827,80.2707
NGO706928,USER_NGO706928,Community NGO 6929,Not Provided,Kolkata - South,11730,Mixed,22.5726,88.3639
NGO700692,USER_NGO700692,Community NGO 693,Not Provided,Bengaluru - West,3185,Mixed,12.9716,77.5946
NGO706929,USER_NGO706929,Community NGO 6930,Not Provided,Bengaluru - Citywide,3195,Mixed,12.9716,77.5946
NGO706930,USER_NGO706930,Community NGO 6931,Not Provided,Pune - West,11945,Mixed,18.5204,73.8567
NGO706931,USER_NGO706931,Community NGO 6932,Not Provided,Delhi NCR - South,14910,Mixed,28.6139,77.209
NGO706932,USER_NGO706932,Community NGO 6933,Not Provided,Ahmedabad - South,10120,Mixed,23.0225,72.5714
NGO706933,USER_NGO706933,Community NGO 6934,Not Provided,Hyderabad - Citywide,14575,Mixed,17.385,78.4867
NGO706934,USER_NGO706934,Community NGO 6935,Not Provided,Mumbai - Central,13580,Mixed,19.076,72.8777
NGO706935,USER_NGO706935,Community NGO 6936,Not Provided,Delhi NCR - Central,3820,Mixed,28.6139,77.209
NGO706936,USER_NGO706936,Community NGO 6937,Not Provided,Pune - North,13410,Mixed,18.5204,73.8567
NGO706937,USER_NGO706937,Community NGO 6938,Not Provided,Ahmedabad - West,1440,Mixed,23.0225,72.5714
NGO706938,USER_NGO706938,Community NGO 6939,Not Provided,Bengaluru - Citywide,2720,Mixed,12.9716,77.5946
NGO700693,USER_NGO700693,Community NGO 694,Not Provided,Pune - Citywide,6975,Mixed,18.5204,73.8567
NGO706939,USER_NGO706939,Community NGO 6940,Not Provided,Kolkata - West,4445,Mixed,22.5726,88.3639
NGO706940,USER_NGO706940,Community NGO 6941,Not Provided,Bengaluru - South,11450,Mixed,12.9716,77.5946
NGO706941,USER_NGO706941,Community NGO 6942,Not Provided,Hyderabad - South,13795,Mixed,17.385,78.4867
NGO706942,USER_NGO706942,Community NGO 6943,Not Provided,Chennai - Central,9970,Mixed,13.0827,80.2707
NGO706943,USER_NGO706943,Community NGO 6944,Not Provided,Bengaluru - East,10110,Mixed,12.9716,77.5946
NGO706944,USER_NGO706944,Community NGO 6945,Not Provided,Kolkata - North,8080,Mixed,22.5726,88.3639
NGO706945,USER_NGO706945,Community NGO 6946,Not Provided,Hyderabad - West,6790,Mixed,17.385,78.4867
NGO706946,USER_NGO706946,Community NGO 6947,Not Provided,Remote - Citywide,2370,Mixed,20.5937,78.9629
NGO706947,USER_NGO706947,Community NGO 6948,Not Provided,Jaipur - South,5650,Mixed,26.9124,75.7873
NGO706950,USER_NGO706950,Community NGO 6951,Not Provided,Pune - East,3430,Mixed,18.5204,73.8567
NGO706951,USER_NGO706951,Community NGO 6952,Not Provided,Jaipur - Central,5340,Mixed,26.9124,75.7873
NGO706952,USER_NGO706952,Community NGO 6953,Not Provided,Mumbai - South,2570,Mixed,19.076,72.8777
NGO706953,USER_NGO706953,Community NGO 6954,Not Provided,Hyderabad - East,270,Mixed,17.385,78.4867
NGO706955,USER_NGO706955,Community NGO 6956,Not Provided,Jaipur - West,5370,Mixed,26.9124,75.7873
NGO706958,USER_NGO706958,Community NGO 6959,Not Provided,Ahmedabad - East,7915,Mixed,23.0225,72.5714
NGO700695,USER_NGO700695,Community NGO 696,Not Provided,Jaipur - South,11355,Mixed,26.9124,75.7873
NGO706959,USER_NGO706959,Community NGO 6960,Not Provided,Chennai - South,7850,Mixed,13.0827,80.2707
NGO706963,USER_NGO706963,Community NGO 6964,Not Provided,Delhi NCR - South,5210,Mixed,28.6139,77.209
NGO706965,USER_NGO706965,Community NGO 6966,Not Provided,Chennai - Citywide,4285,Mixed,13.0827,80.2707
NGO706966,USER_NGO706966,Community NGO 6967,Not Provided,Jaipur - North,13640,Mixed,26.9124,75.7873
NGO706968,USER_NGO706968,Community NGO 6969,Not Provided,Chennai - Central,14120,Mixed,13.0827,80.2707
NGO706969,USER_NGO706969,Community NGO 6970,Not Provided,Kolkata - East,4985,Mixed,22.5726,88.3639
NGO706970,USER_NGO706970,Community NGO 6971,Not Provided,Kolkata - North,5600,Mixed,22.5726,88.3639
NGO706971,USER_NGO706971,Community NGO 6972,Not Provided,Hyderabad - Central,14115,Mixed,17.385,78.4867
NGO706972,USER_NGO706972,Community NGO 6973,Not Provided,Kolkata - South,12395,Mixed,22.5726,88.3639
NGO706973,USER_NGO706973,Community NGO 6974,Not Provided,Jaipur - South,3835,Mixed,26.9124,75.7873
NGO706974,USER_NGO706974,Community NGO 6975,Not Provided,Pune - West,9575,Mixed,18.5204,73.8567
NGO706975,USER_NGO706975,Community NGO 6976,Not Provided,Kolkata - West,10600,Mixed,22.5726,88.3639
NGO706977,USER_NGO706977,Community NGO 6978,Not Provided,Remote - South,12135,Mixed,20.5937,78.9629
NGO706978,USER_NGO706978,Community NGO 6979,Not Provided,Bengaluru - South,10975,Mixed,12.9716,77.5946
NGO700697,USER_NGO700697,Community NGO 698,Not Provided,Kolkata - North,5430,Mixed,22.5726,88.3639
NGO706979,USER_NGO706979,Community NGO 6980,Not Provided,Kolkata - West,4135,Mixed,22.5726,88.3639
NGO706980,USER_NGO706980,Community NGO 6981,Not Provided,Delhi NCR - North,10280,Mixed,28.6139,77.209
NGO706981,USER_NGO706981,Community NGO 6982,Not Provided,Jaipur - Citywide,2030,Mixed,26.9124,75.7873
NGO706983,USER_NGO706983,Community NGO 6984,Not Provided,Mumbai - Citywide,14970,Mixed,19.076,72.8777
NGO706984,USER_NGO706984,Community NGO 6985,Not Provided,Ahmedabad - East,435,Mixed,23.0225,72.5714
NGO706985,USER_NGO706985,Community NGO 6986,Not Provided,Mumbai - East,3580,Mixed,19.076,72.8777
NGO706986,USER_NGO706986,Community NGO 6987,Not Provided,Hyderabad - Central,3170,Mixed,17.385,78.4867
NGO706987,USER_NGO706987,Community NGO 6988,Not Provided,Ahmedabad - Central,545,Mixed,23.0225,72.5714
NGO706988,USER_NGO706988,Community NGO 6989,Not Provided,Bengaluru - Citywide,9020,Mixed,12.9716,77.5946
NGO700698,USER_NGO700698,Community NGO 699,Not Provided,Bengaluru - Citywide,1325,Mixed,12.9716,77.5946
NGO706992,USER_NGO706992,Community NGO 6993,Not Provided,Pune - Central,14040,Mixed,18.5204,73.8567
NGO706993,USER_NGO706993,Community NGO 6994,Not Provided,Bengaluru - Central,8465,Mixed,12.9716,77.5946
NGO706994,USER_NGO706994,Community NGO 6995,Not Provided,Kolkata - North,10530,Mixed,22.5726,88.3639
NGO706995,USER_NGO706995,Community NGO 6996,Not Provided,Jaipur - West,7020,Mixed,26.9124,75.7873
NGO706997,USER_NGO706997,Community NGO 6998,Not Provided,Ahmedabad - North,1385,Mixed,23.0225,72.5714
NGO706998,USER_NGO706998,Community NGO 6999,Not Provided,Delhi NCR - East,7325,Mixed,28.6139,77.209
NGO700006,USER_NGO700006,Community NGO 7,Not Provided,Jaipur - Citywide,5595,Mixed,26.9124,75.7873
NGO700069,USER_NGO700069,Community NGO 70,Not Provided,Hyderabad - South,4175,Mixed,17.385,78.4867
NGO706999,USER_NGO706999,Community NGO 7000,Not Provided,Ahmedabad - Citywide,9305,Mixed,23.0225,72.5714
NGO707000,USER_NGO707000,Community NGO 7001,Not Provided,Jaipur - Citywide,10410,Mixed,26.9124,75.7873
NGO707001,USER_NGO707001,Community NGO 7002,Not Provided,Kolkata - West,9660,Mixed,22.5726,88.3639
NGO707002,USER_NGO707002,Community NGO 7003,Not Provided,Chennai - East,4085,Mixed,13.0827,80.2707
NGO707003,USER_NGO707003,Community NGO 7004,Not Provided,Chennai - East,4900,Mixed,13.0827,80.2707
NGO707004,USER_NGO707004,Community NGO 7005,Not Provided,Hyderabad - West,14270,Mixed,17.385,78.4867
NGO707007,USER_NGO707007,Community NGO 7008,Not Provided,Bengaluru - East,9820,Mixed,12.9716,77.5946
NGO707008,USER_NGO707008,Community NGO 7009,Not Provided,Mumbai - West,10300,Mixed,19.076,72.8777
NGO707009,USER_NGO707009,Community NGO 7010,Not Provided,Mumbai - West,14430,Mixed,19.076,72.8777
NGO707010,USER_NGO707010,Community NGO 7011,Not Provided,Pune - South,6455,Mixed,18.5204,73.8567
NGO707011,USER_NGO707011,Community NGO 7012,Not Provided,Hyderabad - Citywide,3800,Mixed,17.385,78.4867
NGO707012,USER_NGO707012,Community NGO 7013,Not Provided,Pune - Central,10475,Mixed,18.5204,73.8567
NGO707013,USER_NGO707013,Community NGO 7014,Not Provided,Kolkata - Citywide,12070,Mixed,22.5726,88.3639
NGO707014,USER_NGO707014,Community NGO 7015,Not Provided,Delhi NCR - Citywide,3625,Mixed,28.6139,77.209
NGO707015,USER_NGO707015,Community NGO 7016,Not Provided,Jaipur - North,5690,Mixed,26.9124,75.7873
NGO707016,USER_NGO707016,Community NGO 7017,Not Provided,Jaipur - Central,10355,Mixed,26.9124,75.7873
NGO700701,USER_NGO700701,Community NGO 702,Not Provided,Chennai - Central,1945,Mixed,13.0827,80.2707
NGO707019,USER_NGO707019,Community NGO 7020,Not Provided,Bengaluru - Citywide,2935,Mixed,12.9716,77.5946
NGO707020,USER_NGO707020,Community NGO 7021,Not Provided,Jaipur - West,9750,Mixed,26.9124,75.7873
NGO707021,USER_NGO707021,Community NGO 7022,Not Provided,Ahmedabad - Citywide,7300,Mixed,23.0225,72.5714
NGO707022,USER_NGO707022,Community NGO 7023,Not Provided,Mumbai - North,770,Mixed,19.076,72.8777
NGO707023,USER_NGO707023,Community NGO 7024,Not Provided,Remote - Central,9780,Mixed,20.5937,78.9629
NGO707025,USER_NGO707025,Community NGO 7026,Not Provided,Chennai - Central,2865,Mixed,13.0827,80.2707
NGO707026,USER_NGO707026,Community NGO 7027,Not Provided,Kolkata - Citywide,3825,Mixed,22.5726,88.3639
NGO707027,USER_NGO707027,Community NGO 7028,Not Provided,Delhi NCR - East,4625,Mixed,28.6139,77.209
NGO707028,USER_NGO707028,Community NGO 7029,Not Provided,Ahmedabad - Central,1840,Mixed,23.0225,72.5714
NGO700702,USER_NGO700702,Community NGO 703,Not Provided,Bengaluru - West,5915,Mixed,12.9716,77.5946
NGO707030,USER_NGO707030,Community NGO 7031,Not Provided,Remote - North,11605,Mixed,20.5937,78.9629
NGO707032,USER_NGO707032,Community NGO 7033,Not Provided,Kolkata - West,3350,Mixed,22.5726,88.3639
NGO707033,USER_NGO707033,Community NGO 7034,Not Provided,Mumbai - South,4720,Mixed,19.076,72.8777
NGO707034,USER_NGO707034,Community NGO 7035,Not Provided,Ahmedabad - Central,8545,Mixed,23.0225,72.5714
NGO707035,USER_NGO707035,Community NGO 7036,Not Provided,Bengaluru - Citywide,14635,Mixed,12.9716,77.5946
NGO707037,USER_NGO707037,Community NGO 7038,Not Provided,Hyderabad - Central,5295,Mixed,17.385,78.4867
NGO707038,USER_NGO707038,Community NGO 7039,Not Provided,Ahmedabad - Citywide,13635,Mixed,23.0225,72.5714
NGO700703,USER_NGO700703,Community NGO 704,Not Provided,Kolkata - East,12835,Mixed,22.5726,88.3639
NGO707039,USER_NGO707039,Community NGO 7040,Not Provided,Hyderabad - Citywide,9100,Mixed,17.385,78.4867
NGO707041,USER_NGO707041,Community NGO 7042,Not Provided,Delhi NCR - West,13485,Mixed,28.6139,77.209
NGO707042,USER_NGO707042,Community NGO 7043,Not Provided,Remote - East,4115,Mixed,20.5937,78.9629
NGO707043,USER_NGO707043,Community NGO 7044,Not Provided,Ahmedabad - North,5725,Mixed,23.0225,72.5714
NGO707044,USER_NGO707044,Community NGO 7045,Not Provided,Jaipur - Central,11450,Mixed,26.9124,75.7873
NGO707045,USER_NGO707045,Community NGO 7046,Not Provided,Delhi NCR - Citywide,7435,Mixed,28.6139,77.209
NGO707048,USER_NGO707048,Community NGO 7049,Not Provided,Jaipur - Citywide,14910,Mixed,26.9124,75.7873
NGO700704,USER_NGO700704,Community NGO 705,Not Provided,Mumbai - East,13015,Mixed,19.076,72.8777
NGO707050,USER_NGO707050,Community NGO 7051,Not Provided,Remote - North,3160,Mixed,20.5937,78.9629
NGO707051,USER_NGO707051,Community NGO 7052,Not Provided,Mumbai - North,7655,Mixed,19.076,72.8777
NGO707052,USER_NGO707052,Community NGO 7053,Not Provided,Bengaluru - Citywide,14875,Mixed,12.9716,77.5946
NGO707053,USER_NGO707053,Community NGO 7054,Not Provided,Delhi NCR - South,5415,Mixed,28.6139,77.209
NGO707054,USER_NGO707054,Community NGO 7055,Not Provided,Ahmedabad - South,3990,Mixed,23.0225,72.5714
NGO707055,USER_NGO707055,Community NGO 7056,Not Provided,Kolkata - Central,3225,Mixed,22.5726,88.3639
NGO707057,USER_NGO707057,Community NGO 7058,Not Provided,Bengaluru - North,12595,Mixed,12.9716,77.5946
NGO707058,USER_NGO707058,Community NGO 7059,Not Provided,Mumbai - South,9030,Mixed,19.076,72.8777
NGO700705,USER_NGO700705,Community NGO 706,Not Provided,Delhi NCR - West,2395,Mixed,28.6139,77.209
NGO707059,USER_NGO707059,Community NGO 7060,Not Provided,Remote - North,12555,Mixed,20.5937,78.9629
NGO707060,USER_NGO707060,Community NGO 7061,Not Provided,Kolkata - East,7650,Mixed,22.5726,88.3639
NGO707061,USER_NGO707061,Community NGO 7062,Not Provided,Hyderabad - Citywide,10775,Mixed,17.385,78.4867
NGO707062,USER_NGO707062,Community NGO 7063,Not Provided,Bengaluru - West,7490,Mixed,12.9716,77.5946
NGO707064,USER_NGO707064,Community NGO 7065,Not Provided,Delhi NCR - Citywide,6475,Mixed,28.6139,77.209
NGO707065,USER_NGO707065,Community NGO 7066,Not Provided,Bengaluru - East,12225,Mixed,12.9716,77.5946
NGO707066,USER_NGO707066,Community NGO 7067,Not Provided,Remote - North,2280,Mixed,20.5937,78.9629
NGO707067,USER_NGO707067,Community NGO 7068,Not Provided,Kolkata - South,14075,Mixed,22.5726,88.3639
NGO700706,USER_NGO700706,Community NGO 707,Not Provided,Chennai - South,625,Mixed,13.0827,80.2707
NGO707071,USER_NGO707071,Community NGO 7072,Not Provided,Hyderabad - East,5695,Mixed,17.385,78.4867
NGO707072,USER_NGO707072,Community NGO 7073,Not Provided,Mumbai - Central,4340,Mixed,19.076,72.8777
NGO707076,USER_NGO707076,Community NGO 7077,Not Provided,Delhi NCR - West,6465,Mixed,28.6139,77.209
NGO707077,USER_NGO707077,Community NGO 7078,Not Provided,Hyderabad - South,11120,Mixed,17.385,78.4867
NGO707078,USER_NGO707078,Community NGO 7079,Not Provided,Mumbai - East,7055,Mixed,19.076,72.8777
NGO700707,USER_NGO700707,Community NGO 708,Not Provided,Delhi NCR - South,7190,Mixed,28.6139,77.209
NGO707079,USER_NGO707079,Community NGO 7080,Not Provided,Ahmedabad - South,6405,Mixed,23.0225,72.5714
NGO707081,USER_NGO707081,Community NGO 7082,Not Provided,Hyderabad - Citywide,8630,Mixed,17.385,78.4867
NGO707083,USER_NGO707083,Community NGO 7084,Not Provided,Hyderabad - Citywide,10505,Mixed,17.385,78.4867
NGO707084,USER_NGO707084,Community NGO 7085,Not Provided,Remote - West,5325,Mixed,20.5937,78.9629
NGO707086,USER_NGO707086,Community NGO 7087,Not Provided,Hyderabad - Central,10700,Mixed,17.385,78.4867
NGO707087,USER_NGO707087,Community NGO 7088,Not Provided,Pune - Citywide,3115,Mixed,18.5204,73.8567
NGO707088,USER_NGO707088,Community NGO 7089,Not Provided,Pune - East,2560,Mixed,18.5204,73.8567
NGO700708,USER_NGO700708,Community NGO 709,Not Provided,Mumbai - Central,11525,Mixed,19.076,72.8777
NGO707089,USER_NGO707089,Community NGO 7090,Not Provided,Chennai - South,5765,Mixed,13.0827,80.2707
NGO707090,USER_NGO707090,Community NGO 7091,Not Provided,Kolkata - North,13730,Mixed,22.5726,88.3639
NGO707091,USER_NGO707091,Community NGO 7092,Not Provided,Remote - East,6145,Mixed,20.5937,78.9629
NGO707092,USER_NGO707092,Community NGO 7093,Not Provided,Delhi NCR - East,11200,Mixed,28.6139,77.209
NGO707093,USER_NGO707093,Community NGO 7094,Not Provided,Ahmedabad - Central,4475,Mixed,23.0225,72.5714
NGO707094,USER_NGO707094,Community NGO 7095,Not Provided,Delhi NCR - Central,400,Mixed,28.6139,77.209
NGO707095,USER_NGO707095,Community NGO 7096,Not Provided,Jaipur - West,10750,Mixed,26.9124,75.7873
NGO707096,USER_NGO707096,Community NGO 7097,Not Provided,Delhi NCR - South,10765,Mixed,28.6139,77.209
NGO707097,USER_NGO707097,Community NGO 7098,Not Provided,Delhi NCR - East,2130,Mixed,28.6139,77.209
NGO707098,USER_NGO707098,Community NGO 7099,Not Provided,Mumbai - East,6780,Mixed,19.076,72.8777
NGO700070,USER_NGO700070,Community NGO 71,Not Provided,Delhi NCR - East,11235,Mixed,28.6139,77.209
NGO700709,USER_NGO700709,Community NGO 710,Not Provided,Bengaluru - West,3075,Mixed,12.9716,77.5946
NGO707099,USER_NGO707099,Community NGO 7100,Not Provided,Remote - South,9760,Mixed,20.5937,78.9629
NGO707101,USER_NGO707101,Community NGO 7102,Not Provided,Kolkata - Citywide,7190,Mixed,22.5726,88.3639
NGO707102,USER_NGO707102,Community NGO 7103,Not Provided,Chennai - North,5810,Mixed,13.0827,80.2707
NGO707104,USER_NGO707104,Community NGO 7105,Not Provided,Bengaluru - South,7710,Mixed,12.9716,77.5946
NGO707105,USER_NGO707105,Community NGO 7106,Not Provided,Delhi NCR - South,11765,Mixed,28.6139,77.209
NGO707106,USER_NGO707106,Community NGO 7107,Not Provided,Ahmedabad - North,1920,Mixed,23.0225,72.5714
NGO707107,USER_NGO707107,Community NGO 7108,Not Provided,Remote - West,4780,Mixed,20.5937,78.9629
NGO707108,USER_NGO707108,Community NGO 7109,Not Provided,Ahmedabad - North,7685,Mixed,23.0225,72.5714
NGO700710,USER_NGO700710,Community NGO 711,Not Provided,Chennai - Citywide,1575,Mixed,13.0827,80.2707
NGO707111,USER_NGO707111,Community NGO 7112,Not Provided,Hyderabad - Citywide,5975,Mixed,17.385,78.4867
NGO707112,USER_NGO707112,Community NGO 7113,Not Provided,Kolkata - Central,6110,Mixed,22.5726,88.3639
NGO707114,USER_NGO707114,Community NGO 7115,Not Provided,Jaipur - North,2035,Mixed,26.9124,75.7873
NGO707115,USER_NGO707115,Community NGO 7116,Not Provided,Kolkata - East,6080,Mixed,22.5726,88.3639
NGO707116,USER_NGO707116,Community NGO 7117,Not Provided,Ahmedabad - North,6305,Mixed,23.0225,72.5714
NGO707117,USER_NGO707117,Community NGO 7118,Not Provided,Hyderabad - Central,3240,Mixed,17.385,78.4867
NGO707118,USER_NGO707118,Community NGO 7119,Not Provided,Mumbai - West,9960,Mixed,19.076,72.8777
NGO700711,USER_NGO700711,Community NGO 712,Not Provided,Remote - South,14015,Mixed,20.5937,78.9629
NGO707119,USER_NGO707119,Community NGO 7120,Not Provided,Kolkata - North,13710,Mixed,22.5726,88.3639
NGO707120,USER_NGO707120,Community NGO 7121,Not Provided,Remote - East,2640,Mixed,20.5937,78.9629
NGO707121,USER_NGO707121,Community NGO 7122,Not Provided,Kolkata - Central,3095,Mixed,22.5726,88.3639
NGO707123,USER_NGO707123,Community NGO 7124,Not Provided,Ahmedabad - Central,4450,Mixed,23.0225,72.5714
NGO707124,USER_NGO707124,Community NGO 7125,Not Provided,Chennai - Central,6035,Mixed,13.0827,80.2707
NGO707125,USER_NGO707125,Community NGO 7126,Not Provided,Kolkata - Citywide,3220,Mixed,22.5726,88.3639
NGO707126,USER_NGO707126,Community NGO 7127,Not Provided,Chennai - East,2790,Mixed,13.0827,80.2707
NGO707127,USER_NGO707127,Community NGO 7128,Not Provided,Pune - Central,9895,Mixed,18.5204,73.8567
NGO707128,USER_NGO707128,Community NGO 7129,Not Provided,Bengaluru - North,715,Mixed,12.9716,77.5946
NGO700712,USER_NGO700712,Community NGO 713,Not Provided,Mumbai - West,12655,Mixed,19.076,72.8777
NGO707131,USER_NGO707131,Community NGO 7132,Not Provided,Remote - East,9220,Mixed,20.5937,78.9629
NGO707132,USER_NGO707132,Community NGO 7133,Not Provided,Chennai - West,3770,Mixed,13.0827,80.2707
NGO707133,USER_NGO707133,Community NGO 7134,Not Provided,Chennai - Citywide,14680,Mixed,13.0827,80.2707
NGO707134,USER_NGO707134,Community NGO 7135,Not Provided,Jaipur - Citywide,4260,Mixed,26.9124,75.7873
NGO707135,USER_NGO707135,Community NGO 7136,Not Provided,Pune - Central,12650,Mixed,18.5204,73.8567
NGO707136,USER_NGO707136,Community NGO 7137,Not Provided,Kolkata - North,3030,Mixed,22.5726,88.3639
NGO707137,USER_NGO707137,Community NGO 7138,Not Provided,Remote - Central,4170,Mixed,20.5937,78.9629
NGO707138,USER_NGO707138,Community NGO 7139,Not Provided,Kolkata - Central,5870,Mixed,22.5726,88.3639
NGO700713,USER_NGO700713,Community NGO 714,Not Provided,Bengaluru - West,9870,Mixed,12.9716,77.5946
NGO707139,USER_NGO707139,Community NGO 7140,Not Provided,Kolkata - Citywide,3400,Mixed,22.5726,88.3639
NGO707140,USER_NGO707140,Community NGO 7141,Not Provided,Remote - South,12895,Mixed,20.5937,78.9629
NGO707142,USER_NGO707142,Community NGO 7143,Not Provided,Bengaluru - West,1875,Mixed,12.9716,77.5946
NGO707143,USER_NGO707143,Community NGO 7144,Not Provided,Bengaluru - Central,520,Mixed,12.9716,77.5946
NGO707144,USER_NGO707144,Community NGO 7145,Not Provided,Remote - West,5975,Mixed,20.5937,78.9629
NGO707145,USER_NGO707145,Community NGO 7146,Not Provided,Ahmedabad - East,4440,Mixed,23.0225,72.5714
NGO707146,USER_NGO707146,Community NGO 7147,Not Provided,Chennai - East,10580,Mixed,13.0827,80.2707
NGO707148,USER_NGO707148,Community NGO 7149,Not Provided,Mumbai - East,8790,Mixed,19.076,72.8777
NGO707149,USER_NGO707149,Community NGO 7150,Not Provided,Remote - Central,11160,Mixed,20.5937,78.9629
NGO707150,USER_NGO707150,Community NGO 7151,Not Provided,Remote - West,13445,Mixed,20.5937,78.9629
NGO707151,USER_NGO707151,Community NGO 7152,Not Provided,Chennai - North,6745,Mixed,13.0827,80.2707
NGO707152,USER_NGO707152,Community NGO 7153,Not Provided,Pune - Central,7870,Mixed,18.5204,73.8567
NGO707153,USER_NGO707153,Community NGO 7154,Not Provided,Hyderabad - East,6465,Mixed,17.385,78.4867
NGO707154,USER_NGO707154,Community NGO 7155,Not Provided,Mumbai - South,9380,Mixed,19.076,72.8777
NGO707156,USER_NGO707156,Community NGO 7157,Not Provided,Jaipur - West,7595,Mixed,26.9124,75.7873
NGO707158,USER_NGO707158,Community NGO 7159,Not Provided,Remote - East,6145,Mixed,20.5937,78.9629
NGO700715,USER_NGO700715,Community NGO 716,Not Provided,Bengaluru - North,3225,Mixed,12.9716,77.5946
NGO707159,USER_NGO707159,Community NGO 7160,Not Provided,Jaipur - Citywide,5940,Mixed,26.9124,75.7873
NGO707161,USER_NGO707161,Community NGO 7162,Not Provided,Jaipur - Citywide,12690,Mixed,26.9124,75.7873
NGO707163,USER_NGO707163,Community NGO 7164,Not Provided,Pune - South,5130,Mixed,18.5204,73.8567
NGO707164,USER_NGO707164,Community NGO 7165,Not Provided,Chennai - West,6750,Mixed,13.0827,80.2707
NGO707165,USER_NGO707165,Community NGO 7166,Not Provided,Ahmedabad - West,13950,Mixed,23.0225,72.5714
NGO707166,USER_NGO707166,Community NGO 7167,Not Provided,Chennai - West,5480,Mixed,13.0827,80.2707
NGO707167,USER_NGO707167,Community NGO 7168,Not Provided,Delhi NCR - Citywide,10495,Mixed,28.6139,77.209
NGO700716,USER_NGO700716,Community NGO 717,Not Provided,Chennai - Central,7950,Mixed,13.0827,80.2707
NGO707170,USER_NGO707170,Community NGO 7171,Not Provided,Bengaluru - South,10595,Mixed,12.9716,77.5946
NGO707172,USER_NGO707172,Community NGO 7173,Not Provided,Delhi NCR - East,12580,Mixed,28.6139,77.209
NGO707173,USER_NGO707173,Community NGO 7174,Not Provided,Remote - North,130,Mixed,20.5937,78.9629
NGO707174,USER_NGO707174,Community NGO 7175,Not Provided,Chennai - North,13395,Mixed,13.0827,80.2707
NGO707175,USER_NGO707175,Community NGO 7176,Not Provided,Hyderabad - East,10600,Mixed,17.385,78.4867
NGO707176,USER_NGO707176,Community NGO 7177,Not Provided,Ahmedabad - North,5830,Mixed,23.0225,72.5714
NGO707177,USER_NGO707177,Community NGO 7178,Not Provided,Kolkata - West,8825,Mixed,22.5726,88.3639
NGO700717,USER_NGO700717,Community NGO 718,Not Provided,Chennai - South,5925,Mixed,13.0827,80.2707
NGO707179,USER_NGO707179,Community NGO 7180,Not Provided,Jaipur - North,13100,Mixed,26.9124,75.7873
NGO707180,USER_NGO707180,Community NGO 7181,Not Provided,Kolkata - South,785,Mixed,22.5726,88.3639
NGO707182,USER_NGO707182,Community NGO 7183,Not Provided,Pune - Central,4265,Mixed,18.5204,73.8567
NGO707183,USER_NGO707183,Community NGO 7184,Not Provided,Pune - East,3215,Mixed,18.5204,73.8567
NGO707184,USER_NGO707184,Community NGO 7185,Not Provided,Bengaluru - West,14065,Mixed,12.9716,77.5946
NGO707185,USER_NGO707185,Community NGO 7186,Not Provided,Remote - North,3760,Mixed,20.5937,78.9629
NGO707186,USER_NGO707186,Community NGO 7187,Not Provided,Mumbai - South,7180,Mixed,19.076,72.8777
NGO707187,USER_NGO707187,Community NGO 7188,Not Provided,Delhi NCR - Citywide,12670,Mixed,28.6139,77.209
NGO707188,USER_NGO707188,Community NGO 7189,Not Provided,Jaipur - Citywide,12010,Mixed,26.9124,75.7873
NGO700718,USER_NGO700718,Community NGO 719,Not Provided,Jaipur - North,4185,Mixed,26.9124,75.7873
NGO707190,USER_NGO707190,Community NGO 7191,Not Provided,Bengaluru - Citywide,2510,Mixed,12.9716,77.5946
NGO707194,USER_NGO707194,Community NGO 7195,Not Provided,Ahmedabad - West,6245,Mixed,23.0225,72.5714
NGO707195,USER_NGO707195,Community NGO 7196,Not Provided,Chennai - Central,7735,Mixed,13.0827,80.2707
NGO707196,USER_NGO707196,Community NGO 7197,Not Provided,Pune - North,8415,Mixed,18.5204,73.8567
NGO707197,USER_NGO707197,Community NGO 7198,Not Provided,Jaipur - Central,12075,Mixed,26.9124,75.7873
NGO700071,USER_NGO700071,Community NGO 72,Not Provided,Remote - Central,13100,Mixed,20.5937,78.9629
NGO700719,USER_NGO700719,Community NGO 720,Not Provided,Mumbai - Central,8370,Mixed,19.076,72.8777
NGO707199,USER_NGO707199,Community NGO 7200,Not Provided,Delhi NCR - Citywide,13405,Mixed,28.6139,77.209
NGO707200,USER_NGO707200,Community NGO 7201,Not Provided,Delhi NCR - Citywide,2010,Mixed,28.6139,77.209
NGO707202,USER_NGO707202,Community NGO 7203,Not Provided,Hyderabad - South,4340,Mixed,17.385,78.4867
NGO707203,USER_NGO707203,Community NGO 7204,Not Provided,Chennai - North,3505,Mixed,13.0827,80.2707
NGO707204,USER_NGO707204,Community NGO 7205,Not Provided,Jaipur - West,13850,Mixed,26.9124,75.7873
NGO707205,USER_NGO707205,Community NGO 7206,Not Provided,Delhi NCR - East,7320,Mixed,28.6139,77.209
NGO707206,USER_NGO707206,Community NGO 7207,Not Provided,Delhi NCR - West,12700,Mixed,28.6139,77.209
NGO707207,USER_NGO707207,Community NGO 7208,Not Provided,Kolkata - Central,13345,Mixed,22.5726,88.3639
NGO707208,USER_NGO707208,Community NGO 7209,Not Provided,Hyderabad - Central,8645,Mixed,17.385,78.4867
NGO700720,USER_NGO700720,Community NGO 721,Not Provided,Mumbai - South,6525,Mixed,19.076,72.8777
NGO707210,USER_NGO707210,Community NGO 7211,Not Provided,Kolkata - Central,13120,Mixed,22.5726,88.3639
NGO707211,USER_NGO707211,Community NGO 7212,Not Provided,Mumbai - Citywide,3425,Mixed,19.076,72.8777
NGO707212,USER_NGO707212,Community NGO 7213,Not Provided,Mumbai - South,8605,Mixed,19.076,72.8777
NGO707214,USER_NGO707214,Community NGO 7215,Not Provided,Chennai - East,13575,Mixed,13.0827,80.2707
NGO707215,USER_NGO707215,Community NGO 7216,Not Provided,Chennai - South,10120,Mixed,13.0827,80.2707
NGO707217,USER_NGO707217,Community NGO 7218,Not Provided,Remote - Citywide,10415,Mixed,20.5937,78.9629
NGO707218,USER_NGO707218,Community NGO 7219,Not Provided,Jaipur - West,3675,Mixed,26.9124,75.7873
NGO707221,USER_NGO707221,Community NGO 7222,Not Provided,Ahmedabad - North,9350,Mixed,23.0225,72.5714
NGO707222,USER_NGO707222,Community NGO 7223,Not Provided,Mumbai - North,14750,Mixed,19.076,72.8777
NGO707223,USER_NGO707223,Community NGO 7224,Not Provided,Chennai - East,11830,Mixed,13.0827,80.2707
NGO707224,USER_NGO707224,Community NGO 7225,Not Provided,Chennai - South,8665,Mixed,13.0827,80.2707
NGO707225,USER_NGO707225,Community NGO 7226,Not Provided,Bengaluru - North,14610,Mixed,12.9716,77.5946
NGO707226,USER_NGO707226,Community NGO 7227,Not Provided,Kolkata - North,1915,Mixed,22.5726,88.3639
NGO707227,USER_NGO707227,Community NGO 7228,Not Provided,Chennai - Citywide,8740,Mixed,13.0827,80.2707
NGO707228,USER_NGO707228,Community NGO 7229,Not Provided,Delhi NCR - South,960,Mixed,28.6139,77.209
NGO700722,USER_NGO700722,Community NGO 723,Not Provided,Mumbai - North,9170,Mixed,19.076,72.8777
NGO707229,USER_NGO707229,Community NGO 7230,Not Provided,Kolkata - East,7915,Mixed,22.5726,88.3639
NGO707231,USER_NGO707231,Community NGO 7232,Not Provided,Chennai - North,8280,Mixed,13.0827,80.2707
NGO707232,USER_NGO707232,Community NGO 7233,Not Provided,Bengaluru - Central,7160,Mixed,12.9716,77.5946
NGO707234,USER_NGO707234,Community NGO 7235,Not Provided,Remote - Citywide,1340,Mixed,20.5937,78.9629
NGO707235,USER_NGO707235,Community NGO 7236,Not Provided,Pune - East,12945,Mixed,18.5204,73.8567
NGO707236,USER_NGO707236,Community NGO 7237,Not Provided,Hyderabad - North,5985,Mixed,17.385,78.4867
NGO707237,USER_NGO707237,Community NGO 7238,Not Provided,Pune - South,12580,Mixed,18.5204,73.8567
NGO707239,USER_NGO707239,Community NGO 7240,Not Provided,Chennai - West,10655,Mixed,13.0827,80.2707
NGO707240,USER_NGO707240,Community NGO 7241,Not Provided,Pune - Central,14715,Mixed,18.5204,73.8567
NGO707241,USER_NGO707241,Community NGO 7242,Not Provided,Delhi NCR - East,7540,Mixed,28.6139,77.209
NGO707242,USER_NGO707242,Community NGO 7243,Not Provided,Hyderabad - South,3485,Mixed,17.385,78.4867
NGO707243,USER_NGO707243,Community NGO 7244,Not Provided,Jaipur - West,9725,Mixed,26.9124,75.7873
NGO707244,USER_NGO707244,Community NGO 7245,Not Provided,Kolkata - West,4155,Mixed,22.5726,88.3639
NGO707245,USER_NGO707245,Community NGO 7246,Not Provided,Delhi NCR - East,14950,Mixed,28.6139,77.209
NGO707246,USER_NGO707246,Community NGO 7247,Not Provided,Mumbai - Central,9155,Mixed,19.076,72.8777
NGO707247,USER_NGO707247,Community NGO 7248,Not Provided,Kolkata - West,11175,Mixed,22.5726,88.3639
NGO707248,USER_NGO707248,Community NGO 7249,Not Provided,Jaipur - North,9640,Mixed,26.9124,75.7873
NGO700724,USER_NGO700724,Community NGO 725,Not Provided,Chennai - East,2570,Mixed,13.0827,80.2707
NGO707250,USER_NGO707250,Community NGO 7251,Not Provided,Pune - South,9770,Mixed,18.5204,73.8567
NGO707252,USER_NGO707252,Community NGO 7253,Not Provided,Jaipur - Central,8555,Mixed,26.9124,75.7873
NGO707256,USER_NGO707256,Community NGO 7257,Not Provided,Mumbai - North,12145,Mixed,19.076,72.8777
NGO707257,USER_NGO707257,Community NGO 7258,Not Provided,Bengaluru - West,4895,Mixed,12.9716,77.5946
NGO707258,USER_NGO707258,Community NGO 7259,Not Provided,Ahmedabad - South,1075,Mixed,23.0225,72.5714
NGO700725,USER_NGO700725,Community NGO 726,Not Provided,Chennai - South,9935,Mixed,13.0827,80.2707
NGO707259,USER_NGO707259,Community NGO 7260,Not Provided,Jaipur - Central,6000,Mixed,26.9124,75.7873
NGO707260,USER_NGO707260,Community NGO 7261,Not Provided,Jaipur - East,12185,Mixed,26.9124,75.7873
NGO707261,USER_NGO707261,Community NGO 7262,Not Provided,Hyderabad - West,5095,Mixed,17.385,78.4867
NGO707262,USER_NGO707262,Community NGO 7263,Not Provided,Remote - Central,950,Mixed,20.5937,78.9629
NGO707264,USER_NGO707264,Community NGO 7265,Not Provided,Jaipur - South,8765,Mixed,26.9124,75.7873
NGO707265,USER_NGO707265,Community NGO 7266,Not Provided,Hyderabad - West,11225,Mixed,17.385,78.4867
NGO707266,USER_NGO707266,Community NGO 7267,Not Provided,Jaipur - South,6685,Mixed,26.9124,75.7873
NGO707267,USER_NGO707267,Community NGO 7268,Not Provided,Jaipur - North,14045,Mixed,26.9124,75.7873
NGO707268,USER_NGO707268,Community NGO 7269,Not Provided,Pune - South,2355,Mixed,18.5204,73.8567
NGO700726,USER_NGO700726,Community NGO 727,Not Provided,Kolkata - East,9760,Mixed,22.5726,88.3639
NGO707269,USER_NGO707269,Community NGO 7270,Not Provided,Pune - North,5265,Mixed,18.5204,73.8567
NGO707270,USER_NGO707270,Community NGO 7271,Not Provided,Remote - South,13355,Mixed,20.5937,78.9629
NGO707271,USER_NGO707271,Community NGO 7272,Not Provided,Pune - West,1235,Mixed,18.5204,73.8567
NGO707273,USER_NGO707273,Community NGO 7274,Not Provided,Mumbai - East,5395,Mixed,19.076,72.8777
NGO707274,USER_NGO707274,Community NGO 7275,Not Provided,Kolkata - West,7645,Mixed,22.5726,88.3639
NGO707275,USER_NGO707275,Community NGO 7276,Not Provided,Jaipur - South,9610,Mixed,26.9124,75.7873
NGO707276,USER_NGO707276,Community NGO 7277,Not Provided,Ahmedabad - South,13920,Mixed,23.0225,72.5714
NGO707278,USER_NGO707278,Community NGO 7279,Not Provided,Ahmedabad - Citywide,6805,Mixed,23.0225,72.5714
NGO700727,USER_NGO700727,Community NGO 728,Not Provided,Hyderabad - Central,6410,Mixed,17.385,78.4867
NGO707279,USER_NGO707279,Community NGO 7280,Not Provided,Jaipur - South,10530,Mixed,26.9124,75.7873
NGO707280,USER_NGO707280,Community NGO 7281,Not Provided,Kolkata - West,7390,Mixed,22.5726,88.3639
NGO707281,USER_NGO707281,Community NGO 7282,Not Provided,Ahmedabad - Central,940,Mixed,23.0225,72.5714
NGO707282,USER_NGO707282,Community NGO 7283,Not Provided,Jaipur - Central,6025,Mixed,26.9124,75.7873
NGO707283,USER_NGO707283,Community NGO 7284,Not Provided,Ahmedabad - Central,2430,Mixed,23.0225,72.5714
NGO707285,USER_NGO707285,Community NGO 7286,Not Provided,Kolkata - West,6070,Mixed,22.5726,88.3639
NGO707286,USER_NGO707286,Community NGO 7287,Not Provided,Hyderabad - West,13965,Mixed,17.385,78.4867
NGO707287,USER_NGO707287,Community NGO 7288,Not Provided,Ahmedabad - North,12465,Mixed,23.0225,72.5714
NGO707288,USER_NGO707288,Community NGO 7289,Not Provided,Ahmedabad - Citywide,12595,Mixed,23.0225,72.5714
NGO700728,USER_NGO700728,Community NGO 729,Not Provided,Pune - West,6205,Mixed,18.5204,73.8567
NGO707289,USER_NGO707289,Community NGO 7290,Not Provided,Pune - West,1605,Mixed,18.5204,73.8567
NGO707290,USER_NGO707290,Community NGO 7291,Not Provided,Mumbai - Citywide,8515,Mixed,19.076,72.8777
NGO707293,USER_NGO707293,Community NGO 7294,Not Provided,Mumbai - West,1525,Mixed,19.076,72.8777
NGO707294,USER_NGO707294,Community NGO 7295,Not Provided,Pune - West,8790,Mixed,18.5204,73.8567
NGO707295,USER_NGO707295,Community NGO 7296,Not Provided,Mumbai - East,8850,Mixed,19.076,72.8777
NGO707296,USER_NGO707296,Community NGO 7297,Not Provided,Bengaluru - South,11220,Mixed,12.9716,77.5946
NGO707298,USER_NGO707298,Community NGO 7299,Not Provided,Bengaluru - Central,5065,Mixed,12.9716,77.5946
NGO700072,USER_NGO700072,Community NGO 73,Not Provided,Ahmedabad - Citywide,9405,Mixed,23.0225,72.5714
NGO700729,USER_NGO700729,Community NGO 730,Not Provided,Pune - Central,8285,Mixed,18.5204,73.8567
NGO707301,USER_NGO707301,Community NGO 7302,Not Provided,Jaipur - Central,9010,Mixed,26.9124,75.7873
NGO707302,USER_NGO707302,Community NGO 7303,Not Provided,Delhi NCR - South,11200,Mixed,28.6139,77.209
NGO707304,USER_NGO707304,Community NGO 7305,Not Provided,Delhi NCR - Central,8200,Mixed,28.6139,77.209
NGO707305,USER_NGO707305,Community NGO 7306,Not Provided,Remote - Citywide,12375,Mixed,20.5937,78.9629
NGO707306,USER_NGO707306,Community NGO 7307,Not Provided,Mumbai - Central,13875,Mixed,19.076,72.8777
NGO707307,USER_NGO707307,Community NGO 7308,Not Provided,Bengaluru - North,7185,Mixed,12.9716,77.5946
NGO707310,USER_NGO707310,Community NGO 7311,Not Provided,Jaipur - Central,14010,Mixed,26.9124,75.7873
NGO707311,USER_NGO707311,Community NGO 7312,Not Provided,Kolkata - Citywide,1750,Mixed,22.5726,88.3639
NGO707313,USER_NGO707313,Community NGO 7314,Not Provided,Mumbai - East,7990,Mixed,19.076,72.8777
NGO707314,USER_NGO707314,Community NGO 7315,Not Provided,Chennai - North,1300,Mixed,13.0827,80.2707
NGO707315,USER_NGO707315,Community NGO 7316,Not Provided,Kolkata - South,6225,Mixed,22.5726,88.3639
NGO707316,USER_NGO707316,Community NGO 7317,Not Provided,Chennai - East,14450,Mixed,13.0827,80.2707
NGO707317,USER_NGO707317,Community NGO 7318,Not Provided,Jaipur - Citywide,13655,Mixed,26.9124,75.7873
NGO707318,USER_NGO707318,Community NGO 7319,Not Provided,Jaipur - Citywide,3005,Mixed,26.9124,75.7873
NGO700731,USER_NGO700731,Community NGO 732,Not Provided,Kolkata - Central,3180,Mixed,22.5726,88.3639
NGO707319,USER_NGO707319,Community NGO 7320,Not Provided,Ahmedabad - North,11160,Mixed,23.0225,72.5714
NGO707320,USER_NGO707320,Community NGO 7321,Not Provided,Remote - Citywide,5100,Mixed,20.5937,78.9629
NGO707321,USER_NGO707321,Community NGO 7322,Not Provided,Remote - Central,3455,Mixed,20.5937,78.9629
NGO707322,USER_NGO707322,Community NGO 7323,Not Provided,Remote - Central,3225,Mixed,20.5937,78.9629
NGO707323,USER_NGO707323,Community NGO 7324,Not Provided,Bengaluru - South,11075,Mixed,12.9716,77.5946
NGO707324,USER_NGO707324,Community NGO 7325,Not Provided,Remote - Central,7830,Mixed,20.5937,78.9629
NGO707325,USER_NGO707325,Community NGO 7326,Not Provided,Ahmedabad - South,2735,Mixed,23.0225,72.5714
NGO707326,USER_NGO707326,Community NGO 7327,Not Provided,Ahmedabad - West,4895,Mixed,23.0225,72.5714
NGO707327,USER_NGO707327,Community NGO 7328,Not Provided,Jaipur - Central,910,Mixed,26.9124,75.7873
NGO707328,USER_NGO707328,Community NGO 7329,Not Provided,Ahmedabad - Citywide,705,Mixed,23.0225,72.5714
NGO707329,USER_NGO707329,Community NGO 7330,Not Provided,Kolkata - East,14890,Mixed,22.5726,88.3639
NGO707330,USER_NGO707330,Community NGO 7331,Not Provided,Kolkata - Central,2050,Mixed,22.5726,88.3639
NGO707331,USER_NGO707331,Community NGO 7332,Not Provided,Ahmedabad - East,6715,Mixed,23.0225,72.5714
NGO707332,USER_NGO707332,Community NGO 7333,Not Provided,Ahmedabad - Citywide,7070,Mixed,23.0225,72.5714
NGO707333,USER_NGO707333,Community NGO 7334,Not Provided,Pune - North,14780,Mixed,18.5204,73.8567
NGO707334,USER_NGO707334,Community NGO 7335,Not Provided,Mumbai - West,14310,Mixed,19.076,72.8777
NGO707335,USER_NGO707335,Community NGO 7336,Not Provided,Mumbai - West,9820,Mixed,19.076,72.8777
NGO707336,USER_NGO707336,Community NGO 7337,Not Provided,Kolkata - East,13680,Mixed,22.5726,88.3639
NGO707337,USER_NGO707337,Community NGO 7338,Not Provided,Delhi NCR - South,2035,Mixed,28.6139,77.209
NGO700733,USER_NGO700733,Community NGO 734,Not Provided,Chennai - West,2200,Mixed,13.0827,80.2707
NGO707339,USER_NGO707339,Community NGO 7340,Not Provided,Delhi NCR - West,13580,Mixed,28.6139,77.209
NGO707340,USER_NGO707340,Community NGO 7341,Not Provided,Chennai - South,2615,Mixed,13.0827,80.2707
NGO707342,USER_NGO707342,Community NGO 7343,Not Provided,Kolkata - North,12620,Mixed,22.5726,88.3639
NGO707344,USER_NGO707344,Community NGO 7345,Not Provided,Bengaluru - South,3505,Mixed,12.9716,77.5946
NGO707346,USER_NGO707346,Community NGO 7347,Not Provided,Chennai - Citywide,1950,Mixed,13.0827,80.2707
NGO707347,USER_NGO707347,Community NGO 7348,Not Provided,Kolkata - Citywide,975,Mixed,22.5726,88.3639
NGO707348,USER_NGO707348,Community NGO 7349,Not Provided,Jaipur - Citywide,8045,Mixed,26.9124,75.7873
NGO700734,USER_NGO700734,Community NGO 735,Not Provided,Hyderabad - Citywide,7820,Mixed,17.385,78.4867
NGO707349,USER_NGO707349,Community NGO 7350,Not Provided,Jaipur - East,10545,Mixed,26.9124,75.7873
NGO707350,USER_NGO707350,Community NGO 7351,Not Provided,Delhi NCR - West,12185,Mixed,28.6139,77.209
NGO707351,USER_NGO707351,Community NGO 7352,Not Provided,Ahmedabad - Citywide,6155,Mixed,23.0225,72.5714
NGO707352,USER_NGO707352,Community NGO 7353,Not Provided,Mumbai - North,860,Mixed,19.076,72.8777
NGO707353,USER_NGO707353,Community NGO 7354,Not Provided,Hyderabad - Citywide,7975,Mixed,17.385,78.4867
NGO707355,USER_NGO707355,Community NGO 7356,Not Provided,Ahmedabad - South,11945,Mixed,23.0225,72.5714
NGO707356,USER_NGO707356,Community NGO 7357,Not Provided,Ahmedabad - West,11260,Mixed,23.0225,72.5714
NGO707357,USER_NGO707357,Community NGO 7358,Not Provided,Kolkata - East,2985,Mixed,22.5726,88.3639
NGO700735,USER_NGO700735,Community NGO 736,Not Provided,Chennai - West,7850,Mixed,13.0827,80.2707
NGO707359,USER_NGO707359,Community NGO 7360,Not Provided,Jaipur - West,245,Mixed,26.9124,75.7873
NGO707360,USER_NGO707360,Community NGO 7361,Not Provided,Pune - Citywide,13770,Mixed,18.5204,73.8567
NGO707361,USER_NGO707361,Community NGO 7362,Not Provided,Hyderabad - North,6375,Mixed,17.385,78.4867
NGO707363,USER_NGO707363,Community NGO 7364,Not Provided,Kolkata - North,10625,Mixed,22.5726,88.3639
NGO707364,USER_NGO707364,Community NGO 7365,Not Provided,Hyderabad - Central,7180,Mixed,17.385,78.4867
NGO707365,USER_NGO707365,Community NGO 7366,Not Provided,Chennai - East,2675,Mixed,13.0827,80.2707
NGO707366,USER_NGO707366,Community NGO 7367,Not Provided,Delhi NCR - East,7670,Mixed,28.6139,77.209
NGO707368,USER_NGO707368,Community NGO 7369,Not Provided,Remote - South,11310,Mixed,20.5937,78.9629
NGO700736,USER_NGO700736,Community NGO 737,Not Provided,Remote - Citywide,4730,Mixed,20.5937,78.9629
NGO707369,USER_NGO707369,Community NGO 7370,Not Provided,Mumbai - North,5875,Mixed,19.076,72.8777
NGO707370,USER_NGO707370,Community NGO 7371,Not Provided,Remote - Citywide,1820,Mixed,20.5937,78.9629
NGO707372,USER_NGO707372,Community NGO 7373,Not Provided,Pune - North,6285,Mixed,18.5204,73.8567
NGO707375,USER_NGO707375,Community NGO 7376,Not Provided,Remote - Citywide,10265,Mixed,20.5937,78.9629
NGO707380,USER_NGO707380,Community NGO 7381,Not Provided,Bengaluru - West,9295,Mixed,12.9716,77.5946
NGO707382,USER_NGO707382,Community NGO 7383,Not Provided,Kolkata - East,1060,Mixed,22.5726,88.3639
NGO707383,USER_NGO707383,Community NGO 7384,Not Provided,Kolkata - North,3280,Mixed,22.5726,88.3639
NGO707384,USER_NGO707384,Community NGO 7385,Not Provided,Jaipur - West,8220,Mixed,26.9124,75.7873
NGO707386,USER_NGO707386,Community NGO 7387,Not Provided,Bengaluru - South,1465,Mixed,12.9716,77.5946
NGO707387,USER_NGO707387,Community NGO 7388,Not Provided,Kolkata - Central,11620,Mixed,22.5726,88.3639
NGO707388,USER_NGO707388,Community NGO 7389,Not Provided,Kolkata - Central,7050,Mixed,22.5726,88.3639
NGO707389,USER_NGO707389,Community NGO 7390,Not Provided,Chennai - Citywide,7985,Mixed,13.0827,80.2707
NGO707390,USER_NGO707390,Community NGO 7391,Not Provided,Pune - East,12245,Mixed,18.5204,73.8567
NGO707391,USER_NGO707391,Community NGO 7392,Not Provided,Jaipur - Central,12875,Mixed,26.9124,75.7873
NGO707392,USER_NGO707392,Community NGO 7393,Not Provided,Kolkata - West,4975,Mixed,22.5726,88.3639
NGO707393,USER_NGO707393,Community NGO 7394,Not Provided,Remote - North,14295,Mixed,20.5937,78.9629
NGO707394,USER_NGO707394,Community NGO 7395,Not Provided,Jaipur - Citywide,12630,Mixed,26.9124,75.7873
NGO707395,USER_NGO707395,Community NGO 7396,Not Provided,Remote - Central,14270,Mixed,20.5937,78.9629
NGO707396,USER_NGO707396,Community NGO 7397,Not Provided,Pune - South,5345,Mixed,18.5204,73.8567
NGO707397,USER_NGO707397,Community NGO 7398,Not Provided,Hyderabad - Central,12405,Mixed,17.385,78.4867
NGO707398,USER_NGO707398,Community NGO 7399,Not Provided,Chennai - South,5080,Mixed,13.0827,80.2707
NGO700739,USER_NGO700739,Community NGO 740,Not Provided,Delhi NCR - South,13830,Mixed,28.6139,77.209
NGO707399,USER_NGO707399,Community NGO 7400,Not Provided,Pune - North,11605,Mixed,18.5204,73.8567
NGO707400,USER_NGO707400,Community NGO 7401,Not Provided,Ahmedabad - North,615,Mixed,23.0225,72.5714
NGO707401,USER_NGO707401,Community NGO 7402,Not Provided,Chennai - Central,9345,Mixed,13.0827,80.2707
NGO707403,USER_NGO707403,Community NGO 7404,Not Provided,Pune - North,6510,Mixed,18.5204,73.8567
NGO707404,USER_NGO707404,Community NGO 7405,Not Provided,Kolkata - South,8080,Mixed,22.5726,88.3639
NGO707405,USER_NGO707405,Community NGO 7406,Not Provided,Ahmedabad - North,5540,Mixed,23.0225,72.5714
NGO707406,USER_NGO707406,Community NGO 7407,Not Provided,Remote - Central,5760,Mixed,20.5937,78.9629
NGO707407,USER_NGO707407,Community NGO 7408,Not Provided,Ahmedabad - North,13735,Mixed,23.0225,72.5714
NGO707408,USER_NGO707408,Community NGO 7409,Not Provided,Mumbai - West,7745,Mixed,19.076,72.8777
NGO707410,USER_NGO707410,Community NGO 7411,Not Provided,Delhi NCR - North,5115,Mixed,28.6139,77.209
NGO707412,USER_NGO707412,Community NGO 7413,Not Provided,Jaipur - Citywide,13540,Mixed,26.9124,75.7873
NGO707413,USER_NGO707413,Community NGO 7414,Not Provided,Kolkata - Citywide,12295,Mixed,22.5726,88.3639
NGO707414,USER_NGO707414,Community NGO 7415,Not Provided,Delhi NCR - West,465,Mixed,28.6139,77.209
NGO707415,USER_NGO707415,Community NGO 7416,Not Provided,Bengaluru - North,5895,Mixed,12.9716,77.5946
NGO707417,USER_NGO707417,Community NGO 7418,Not Provided,Bengaluru - East,3715,Mixed,12.9716,77.5946
NGO700741,USER_NGO700741,Community NGO 742,Not Provided,Chennai - North,4905,Mixed,13.0827,80.2707
NGO707419,USER_NGO707419,Community NGO 7420,Not Provided,Bengaluru - Citywide,14105,Mixed,12.9716,77.5946
NGO707421,USER_NGO707421,Community NGO 7422,Not Provided,Mumbai - Citywide,12340,Mixed,19.076,72.8777
NGO707422,USER_NGO707422,Community NGO 7423,Not Provided,Kolkata - East,11940,Mixed,22.5726,88.3639
NGO707423,USER_NGO707423,Community NGO 7424,Not Provided,Jaipur - East,6005,Mixed,26.9124,75.7873
NGO707424,USER_NGO707424,Community NGO 7425,Not Provided,Kolkata - South,2310,Mixed,22.5726,88.3639
NGO707425,USER_NGO707425,Community NGO 7426,Not Provided,Delhi NCR - Citywide,870,Mixed,28.6139,77.209
NGO707428,USER_NGO707428,Community NGO 7429,Not Provided,Ahmedabad - North,9950,Mixed,23.0225,72.5714
NGO700742,USER_NGO700742,Community NGO 743,Not Provided,Bengaluru - Citywide,1425,Mixed,12.9716,77.5946
NGO707430,USER_NGO707430,Community NGO 7431,Not Provided,Delhi NCR - East,6740,Mixed,28.6139,77.209
NGO707431,USER_NGO707431,Community NGO 7432,Not Provided,Remote - West,10500,Mixed,20.5937,78.9629
NGO707432,USER_NGO707432,Community NGO 7433,Not Provided,Delhi NCR - North,6060,Mixed,28.6139,77.209
NGO707433,USER_NGO707433,Community NGO 7434,Not Provided,Jaipur - Citywide,12470,Mixed,26.9124,75.7873
NGO707434,USER_NGO707434,Community NGO 7435,Not Provided,Pune - North,505,Mixed,18.5204,73.8567
NGO707435,USER_NGO707435,Community NGO 7436,Not Provided,Delhi NCR - East,4865,Mixed,28.6139,77.209
NGO700743,USER_NGO700743,Community NGO 744,Not Provided,Remote - Central,11550,Mixed,20.5937,78.9629
NGO707439,USER_NGO707439,Community NGO 7440,Not Provided,Remote - West,7035,Mixed,20.5937,78.9629
NGO707440,USER_NGO707440,Community NGO 7441,Not Provided,Remote - North,6230,Mixed,20.5937,78.9629
NGO707441,USER_NGO707441,Community NGO 7442,Not Provided,Chennai - East,14930,Mixed,13.0827,80.2707
NGO707442,USER_NGO707442,Community NGO 7443,Not Provided,Hyderabad - West,1365,Mixed,17.385,78.4867
NGO707443,USER_NGO707443,Community NGO 7444,Not Provided,Pune - Citywide,8145,Mixed,18.5204,73.8567
NGO707444,USER_NGO707444,Community NGO 7445,Not Provided,Jaipur - West,12630,Mixed,26.9124,75.7873
NGO707445,USER_NGO707445,Community NGO 7446,Not Provided,Hyderabad - Citywide,1965,Mixed,17.385,78.4867
NGO707447,USER_NGO707447,Community NGO 7448,Not Provided,Kolkata - Citywide,7200,Mixed,22.5726,88.3639
NGO707448,USER_NGO707448,Community NGO 7449,Not Provided,Remote - North,3615,Mixed,20.5937,78.9629
NGO700744,USER_NGO700744,Community NGO 745,Not Provided,Bengaluru - Citywide,9945,Mixed,12.9716,77.5946
NGO707449,USER_NGO707449,Community NGO 7450,Not Provided,Kolkata - Central,275,Mixed,22.5726,88.3639
NGO707450,USER_NGO707450,Community NGO 7451,Not Provided,Bengaluru - East,270,Mixed,12.9716,77.5946
NGO707451,USER_NGO707451,Community NGO 7452,Not Provided,Kolkata - South,8210,Mixed,22.5726,88.3639
NGO707452,USER_NGO707452,Community NGO 7453,Not Provided,Kolkata - North,8780,Mixed,22.5726,88.3639
NGO707453,USER_NGO707453,Community NGO 7454,Not Provided,Jaipur - West,9935,Mixed,26.9124,75.7873
NGO707454,USER_NGO707454,Community NGO 7455,Not Provided,Ahmedabad - East,6160,Mixed,23.0225,72.5714
NGO707456,USER_NGO707456,Community NGO 7457,Not Provided,Hyderabad - West,13450,Mixed,17.385,78.4867
NGO707457,USER_NGO707457,Community NGO 7458,Not Provided,Hyderabad - North,2065,Mixed,17.385,78.4867
NGO700745,USER_NGO700745,Community NGO 746,Not Provided,Kolkata - East,755,Mixed,22.5726,88.3639
NGO707459,USER_NGO707459,Community NGO 7460,Not Provided,Kolkata - North,3015,Mixed,22.5726,88.3639
NGO707460,USER_NGO707460,Community NGO 7461,Not Provided,Mumbai - East,2125,Mixed,19.076,72.8777
NGO707461,USER_NGO707461,Community NGO 7462,Not Provided,Mumbai - East,540,Mixed,19.076,72.8777
NGO707462,USER_NGO707462,Community NGO 7463,Not Provided,Bengaluru - South,3065,Mixed,12.9716,77.5946
NGO707463,USER_NGO707463,Community NGO 7464,Not Provided,Delhi NCR - Citywide,3260,Mixed,28.6139,77.209
NGO707465,USER_NGO707465,Community NGO 7466,Not Provided,Mumbai - South,9880,Mixed,19.076,72.8777
NGO707466,USER_NGO707466,Community NGO 7467,Not Provided,Ahmedabad - Central,5495,Mixed,23.0225,72.5714
NGO707467,USER_NGO707467,Community NGO 7468,Not Provided,Bengaluru - Central,6710,Mixed,12.9716,77.5946
NGO707468,USER_NGO707468,Community NGO 7469,Not Provided,Pune - Citywide,11985,Mixed,18.5204,73.8567
NGO700746,USER_NGO700746,Community NGO 747,Not Provided,Mumbai - South,8195,Mixed,19.076,72.8777
NGO707469,USER_NGO707469,Community NGO 7470,Not Provided,Pune - South,1045,Mixed,18.5204,73.8567
NGO707472,USER_NGO707472,Community NGO 7473,Not Provided,Mumbai - Citywide,11265,Mixed,19.076,72.8777
NGO707473,USER_NGO707473,Community NGO 7474,Not Provided,Pune - South,3415,Mixed,18.5204,73.8567
NGO707474,USER_NGO707474,Community NGO 7475,Not Provided,Chennai - North,10520,Mixed,13.0827,80.2707
NGO707475,USER_NGO707475,Community NGO 7476,Not Provided,Pune - Central,12715,Mixed,18.5204,73.8567
NGO707476,USER_NGO707476,Community NGO 7477,Not Provided,Hyderabad - North,6400,Mixed,17.385,78.4867
NGO707477,USER_NGO707477,Community NGO 7478,Not Provided,Ahmedabad - Central,8530,Mixed,23.0225,72.5714
NGO707478,USER_NGO707478,Community NGO 7479,Not Provided,Jaipur - South,12950,Mixed,26.9124,75.7873
NGO707479,USER_NGO707479,Community NGO 7480,Not Provided,Remote - Central,8105,Mixed,20.5937,78.9629
NGO707480,USER_NGO707480,Community NGO 7481,Not Provided,Jaipur - North,9315,Mixed,26.9124,75.7873
NGO707481,USER_NGO707481,Community NGO 7482,Not Provided,Mumbai - West,13505,Mixed,19.076,72.8777
NGO707482,USER_NGO707482,Community NGO 7483,Not Provided,Kolkata - East,6480,Mixed,22.5726,88.3639
NGO707483,USER_NGO707483,Community NGO 7484,Not Provided,Delhi NCR - South,4035,Mixed,28.6139,77.209
NGO707484,USER_NGO707484,Community NGO 7485,Not Provided,Remote - Central,7935,Mixed,20.5937,78.9629
NGO707485,USER_NGO707485,Community NGO 7486,Not Provided,Mumbai - West,4400,Mixed,19.076,72.8777
NGO707486,USER_NGO707486,Community NGO 7487,Not Provided,Chennai - North,13960,Mixed,13.0827,80.2707
NGO707487,USER_NGO707487,Community NGO 7488,Not Provided,Jaipur - West,8285,Mixed,26.9124,75.7873
NGO707488,USER_NGO707488,Community NGO 7489,Not Provided,Remote - West,3040,Mixed,20.5937,78.9629
NGO700748,USER_NGO700748,Community NGO 749,Not Provided,Kolkata - Citywide,9520,Mixed,22.5726,88.3639
NGO707489,USER_NGO707489,Community NGO 7490,Not Provided,Delhi NCR - West,3245,Mixed,28.6139,77.209
NGO707490,USER_NGO707490,Community NGO 7491,Not Provided,Delhi NCR - North,2480,Mixed,28.6139,77.209
NGO707491,USER_NGO707491,Community NGO 7492,Not Provided,Jaipur - Central,4010,Mixed,26.9124,75.7873
NGO707492,USER_NGO707492,Community NGO 7493,Not Provided,Bengaluru - North,10665,Mixed,12.9716,77.5946
NGO707493,USER_NGO707493,Community NGO 7494,Not Provided,Delhi NCR - Citywide,6550,Mixed,28.6139,77.209
NGO707494,USER_NGO707494,Community NGO 7495,Not Provided,Delhi NCR - Citywide,9280,Mixed,28.6139,77.209
NGO707495,USER_NGO707495,Community NGO 7496,Not Provided,Hyderabad - Central,2850,Mixed,17.385,78.4867
NGO707496,USER_NGO707496,Community NGO 7497,Not Provided,Remote - Central,3380,Mixed,20.5937,78.9629
NGO707497,USER_NGO707497,Community NGO 7498,Not Provided,Kolkata - West,7540,Mixed,22.5726,88.3639
NGO707498,USER_NGO707498,Community NGO 7499,Not Provided,Chennai - South,385,Mixed,13.0827,80.2707
NGO700074,USER_NGO700074,Community NGO 75,Not Provided,Chennai - East,9920,Mixed,13.0827,80.2707
NGO707501,USER_NGO707501,Community NGO 7502,Not Provided,Bengaluru - South,11885,Mixed,12.9716,77.5946
NGO707503,USER_NGO707503,Community NGO 7504,Not Provided,Ahmedabad - West,5800,Mixed,23.0225,72.5714
NGO707504,USER_NGO707504,Community NGO 7505,Not Provided,Bengaluru - Citywide,4685,Mixed,12.9716,77.5946
NGO707505,USER_NGO707505,Community NGO 7506,Not Provided,Bengaluru - South,14550,Mixed,12.9716,77.5946
NGO707506,USER_NGO707506,Community NGO 7507,Not Provided,Hyderabad - Citywide,6825,Mixed,17.385,78.4867
NGO707508,USER_NGO707508,Community NGO 7509,Not Provided,Bengaluru - Citywide,8905,Mixed,12.9716,77.5946
NGO700750,USER_NGO700750,Community NGO 751,Not Provided,Chennai - East,10165,Mixed,13.0827,80.2707
NGO707509,USER_NGO707509,Community NGO 7510,Not Provided,Bengaluru - South,13275,Mixed,12.9716,77.5946
NGO707510,USER_NGO707510,Community NGO 7511,Not Provided,Hyderabad - East,2520,Mixed,17.385,78.4867
NGO707511,USER_NGO707511,Community NGO 7512,Not Provided,Delhi NCR - North,10125,Mixed,28.6139,77.209
NGO707512,USER_NGO707512,Community NGO 7513,Not Provided,Delhi NCR - Citywide,6750,Mixed,28.6139,77.209
NGO707513,USER_NGO707513,Community NGO 7514,Not Provided,Chennai - Central,3005,Mixed,13.0827,80.2707
NGO707515,USER_NGO707515,Community NGO 7516,Not Provided,Bengaluru - North,12425,Mixed,12.9716,77.5946
NGO707516,USER_NGO707516,Community NGO 7517,Not Provided,Bengaluru - Citywide,5050,Mixed,12.9716,77.5946
NGO707517,USER_NGO707517,Community NGO 7518,Not Provided,Kolkata - Citywide,14160,Mixed,22.5726,88.3639
NGO700751,USER_NGO700751,Community NGO 752,Not Provided,Kolkata - Citywide,12100,Mixed,22.5726,88.3639
NGO707519,USER_NGO707519,Community NGO 7520,Not Provided,Pune - West,9210,Mixed,18.5204,73.8567
NGO707521,USER_NGO707521,Community NGO 7522,Not Provided,Kolkata - West,390,Mixed,22.5726,88.3639
NGO707522,USER_NGO707522,Community NGO 7523,Not Provided,Kolkata - Citywide,9810,Mixed,22.5726,88.3639
NGO707523,USER_NGO707523,Community NGO 7524,Not Provided,Ahmedabad - Central,1840,Mixed,23.0225,72.5714
NGO707524,USER_NGO707524,Community NGO 7525,Not Provided,Remote - North,12070,Mixed,20.5937,78.9629
NGO707525,USER_NGO707525,Community NGO 7526,Not Provided,Mumbai - Central,11580,Mixed,19.076,72.8777
NGO700752,USER_NGO700752,Community NGO 753,Not Provided,Jaipur - Citywide,3235,Mixed,26.9124,75.7873
NGO707529,USER_NGO707529,Community NGO 7530,Not Provided,Chennai - North,1765,Mixed,13.0827,80.2707
NGO707531,USER_NGO707531,Community NGO 7532,Not Provided,Remote - South,8870,Mixed,20.5937,78.9629
NGO707532,USER_NGO707532,Community NGO 7533,Not Provided,Hyderabad - Central,9945,Mixed,17.385,78.4867
NGO707537,USER_NGO707537,Community NGO 7538,Not Provided,Jaipur - South,2695,Mixed,26.9124,75.7873
NGO707538,USER_NGO707538,Community NGO 7539,Not Provided,Remote - North,7050,Mixed,20.5937,78.9629
NGO707539,USER_NGO707539,Community NGO 7540,Not Provided,Ahmedabad - Citywide,9750,Mixed,23.0225,72.5714
NGO707540,USER_NGO707540,Community NGO 7541,Not Provided,Ahmedabad - Citywide,2300,Mixed,23.0225,72.5714
NGO707541,USER_NGO707541,Community NGO 7542,Not Provided,Mumbai - West,13730,Mixed,19.076,72.8777
NGO707543,USER_NGO707543,Community NGO 7544,Not Provided,Mumbai - North,540,Mixed,19.076,72.8777
NGO707544,USER_NGO707544,Community NGO 7545,Not Provided,Kolkata - Central,120,Mixed,22.5726,88.3639
NGO707545,USER_NGO707545,Community NGO 7546,Not Provided,Bengaluru - Central,11575,Mixed,12.9716,77.5946
NGO707546,USER_NGO707546,Community NGO 7547,Not Provided,Chennai - Central,2575,Mixed,13.0827,80.2707
NGO707547,USER_NGO707547,Community NGO 7548,Not Provided,Remote - Citywide,665,Mixed,20.5937,78.9629
NGO707548,USER_NGO707548,Community NGO 7549,Not Provided,Chennai - West,4205,Mixed,13.0827,80.2707
NGO700754,USER_NGO700754,Community NGO 755,Not Provided,Mumbai - West,7860,Mixed,19.076,72.8777
NGO707550,USER_NGO707550,Community NGO 7551,Not Provided,Pune - North,2025,Mixed,18.5204,73.8567
NGO707551,USER_NGO707551,Community NGO 7552,Not Provided,Remote - South,14645,Mixed,20.5937,78.9629
NGO707552,USER_NGO707552,Community NGO 7553,Not Provided,Ahmedabad - East,10320,Mixed,23.0225,72.5714
NGO707553,USER_NGO707553,Community NGO 7554,Not Provided,Kolkata - West,1100,Mixed,22.5726,88.3639
NGO707554,USER_NGO707554,Community NGO 7555,Not Provided,Pune - Central,11790,Mixed,18.5204,73.8567
NGO707555,USER_NGO707555,Community NGO 7556,Not Provided,Kolkata - North,2190,Mixed,22.5726,88.3639
NGO707558,USER_NGO707558,Community NGO 7559,Not Provided,Hyderabad - West,1580,Mixed,17.385,78.4867
NGO700755,USER_NGO700755,Community NGO 756,Not Provided,Kolkata - North,12065,Mixed,22.5726,88.3639
NGO707559,USER_NGO707559,Community NGO 7560,Not Provided,Delhi NCR - Central,9795,Mixed,28.6139,77.209
NGO707560,USER_NGO707560,Community NGO 7561,Not Provided,Pune - South,11380,Mixed,18.5204,73.8567
NGO707561,USER_NGO707561,Community NGO 7562,Not Provided,Ahmedabad - North,9360,Mixed,23.0225,72.5714
NGO707562,USER_NGO707562,Community NGO 7563,Not Provided,Hyderabad - South,9680,Mixed,17.385,78.4867
NGO707563,USER_NGO707563,Community NGO 7564,Not Provided,Delhi NCR - East,3025,Mixed,28.6139,77.209
NGO707566,USER_NGO707566,Community NGO 7567,Not Provided,Jaipur - West,3295,Mixed,26.9124,75.7873
NGO707567,USER_NGO707567,Community NGO 7568,Not Provided,Delhi NCR - Citywide,6020,Mixed,28.6139,77.209
NGO707568,USER_NGO707568,Community NGO 7569,Not Provided,Chennai - East,6430,Mixed,13.0827,80.2707
NGO700756,USER_NGO700756,Community NGO 757,Not Provided,Ahmedabad - East,8090,Mixed,23.0225,72.5714
NGO707570,USER_NGO707570,Community NGO 7571,Not Provided,Jaipur - North,14770,Mixed,26.9124,75.7873
NGO707571,USER_NGO707571,Community NGO 7572,Not Provided,Delhi NCR - East,14880,Mixed,28.6139,77.209
NGO707572,USER_NGO707572,Community NGO 7573,Not Provided,Kolkata - North,12640,Mixed,22.5726,88.3639
NGO707574,USER_NGO707574,Community NGO 7575,Not Provided,Mumbai - Central,11375,Mixed,19.076,72.8777
NGO707575,USER_NGO707575,Community NGO 7576,Not Provided,Pune - North,6940,Mixed,18.5204,73.8567
NGO707576,USER_NGO707576,Community NGO 7577,Not Provided,Mumbai - North,2430,Mixed,19.076,72.8777
NGO707578,USER_NGO707578,Community NGO 7579,Not Provided,Kolkata - North,6720,Mixed,22.5726,88.3639
NGO700757,USER_NGO700757,Community NGO 758,Not Provided,Mumbai - Central,1945,Mixed,19.076,72.8777
NGO707579,USER_NGO707579,Community NGO 7580,Not Provided,Pune - South,7225,Mixed,18.5204,73.8567
NGO707580,USER_NGO707580,Community NGO 7581,Not Provided,Jaipur - East,12820,Mixed,26.9124,75.7873
NGO707582,USER_NGO707582,Community NGO 7583,Not Provided,Chennai - Citywide,10535,Mixed,13.0827,80.2707
NGO707583,USER_NGO707583,Community NGO 7584,Not Provided,Mumbai - West,13520,Mixed,19.076,72.8777
NGO707584,USER_NGO707584,Community NGO 7585,Not Provided,Pune - Citywide,520,Mixed,18.5204,73.8567
NGO707585,USER_NGO707585,Community NGO 7586,Not Provided,Bengaluru - East,9360,Mixed,12.9716,77.5946
NGO707586,USER_NGO707586,Community NGO 7587,Not Provided,Kolkata - South,1930,Mixed,22.5726,88.3639
NGO707587,USER_NGO707587,Community NGO 7588,Not Provided,Ahmedabad - North,13475,Mixed,23.0225,72.5714
NGO707588,USER_NGO707588,Community NGO 7589,Not Provided,Chennai - South,1305,Mixed,13.0827,80.2707
NGO700758,USER_NGO700758,Community NGO 759,Not Provided,Ahmedabad - Citywide,7905,Mixed,23.0225,72.5714
NGO707589,USER_NGO707589,Community NGO 7590,Not Provided,Pune - East,2860,Mixed,18.5204,73.8567
NGO707590,USER_NGO707590,Community NGO 7591,Not Provided,Bengaluru - West,2745,Mixed,12.9716,77.5946
NGO707591,USER_NGO707591,Community NGO 7592,Not Provided,Jaipur - North,4350,Mixed,26.9124,75.7873
NGO707592,USER_NGO707592,Community NGO 7593,Not Provided,Bengaluru - North,8665,Mixed,12.9716,77.5946
NGO707595,USER_NGO707595,Community NGO 7596,Not Provided,Chennai - Citywide,14930,Mixed,13.0827,80.2707
NGO707596,USER_NGO707596,Community NGO 7597,Not Provided,Pune - Citywide,11410,Mixed,18.5204,73.8567
NGO707598,USER_NGO707598,Community NGO 7599,Not Provided,Jaipur - Central,6890,Mixed,26.9124,75.7873
NGO700075,USER_NGO700075,Community NGO 76,Not Provided,Chennai - West,440,Mixed,13.0827,80.2707
NGO700759,USER_NGO700759,Community NGO 760,Not Provided,Chennai - West,7835,Mixed,13.0827,80.2707
NGO707599,USER_NGO707599,Community NGO 7600,Not Provided,Hyderabad - Citywide,8795,Mixed,17.385,78.4867
NGO707601,USER_NGO707601,Community NGO 7602,Not Provided,Ahmedabad - South,6815,Mixed,23.0225,72.5714
NGO707602,USER_NGO707602,Community NGO 7603,Not Provided,Jaipur - Central,6680,Mixed,26.9124,75.7873
NGO707603,USER_NGO707603,Community NGO 7604,Not Provided,Bengaluru - East,3170,Mixed,12.9716,77.5946
NGO707605,USER_NGO707605,Community NGO 7606,Not Provided,Pune - Central,13470,Mixed,18.5204,73.8567
NGO707606,USER_NGO707606,Community NGO 7607,Not Provided,Kolkata - West,3325,Mixed,22.5726,88.3639
NGO707607,USER_NGO707607,Community NGO 7608,Not Provided,Mumbai - Citywide,1060,Mixed,19.076,72.8777
NGO700760,USER_NGO700760,Community NGO 761,Not Provided,Mumbai - North,14665,Mixed,19.076,72.8777
NGO707609,USER_NGO707609,Community NGO 7610,Not Provided,Kolkata - South,5415,Mixed,22.5726,88.3639
NGO707610,USER_NGO707610,Community NGO 7611,Not Provided,Hyderabad - Citywide,1285,Mixed,17.385,78.4867
NGO707611,USER_NGO707611,Community NGO 7612,Not Provided,Hyderabad - Citywide,14295,Mixed,17.385,78.4867
NGO707612,USER_NGO707612,Community NGO 7613,Not Provided,Hyderabad - Citywide,9395,Mixed,17.385,78.4867
NGO707613,USER_NGO707613,Community NGO 7614,Not Provided,Jaipur - Central,9310,Mixed,26.9124,75.7873
NGO707614,USER_NGO707614,Community NGO 7615,Not Provided,Chennai - Citywide,9570,Mixed,13.0827,80.2707
NGO707615,USER_NGO707615,Community NGO 7616,Not Provided,Remote - South,9400,Mixed,20.5937,78.9629
NGO707616,USER_NGO707616,Community NGO 7617,Not Provided,Bengaluru - Central,13075,Mixed,12.9716,77.5946
NGO707617,USER_NGO707617,Community NGO 7618,Not Provided,Delhi NCR - North,8980,Mixed,28.6139,77.209
NGO707618,USER_NGO707618,Community NGO 7619,Not Provided,Hyderabad - Central,3495,Mixed,17.385,78.4867
NGO700761,USER_NGO700761,Community NGO 762,Not Provided,Hyderabad - North,7335,Mixed,17.385,78.4867
NGO707619,USER_NGO707619,Community NGO 7620,Not Provided,Remote - West,13235,Mixed,20.5937,78.9629
NGO707620,USER_NGO707620,Community NGO 7621,Not Provided,Jaipur - West,7845,Mixed,26.9124,75.7873
NGO707621,USER_NGO707621,Community NGO 7622,Not Provided,Mumbai - East,2750,Mixed,19.076,72.8777
NGO707622,USER_NGO707622,Community NGO 7623,Not Provided,Mumbai - East,6905,Mixed,19.076,72.8777
NGO707623,USER_NGO707623,Community NGO 7624,Not Provided,Mumbai - North,12605,Mixed,19.076,72.8777
NGO707625,USER_NGO707625,Community NGO 7626,Not Provided,Delhi NCR - North,14465,Mixed,28.6139,77.209
NGO707627,USER_NGO707627,Community NGO 7628,Not Provided,Chennai - Citywide,14500,Mixed,13.0827,80.2707
NGO707628,USER_NGO707628,Community NGO 7629,Not Provided,Remote - North,11205,Mixed,20.5937,78.9629
NGO700762,USER_NGO700762,Community NGO 763,Not Provided,Hyderabad - South,13445,Mixed,17.385,78.4867
NGO707629,USER_NGO707629,Community NGO 7630,Not Provided,Mumbai - East,8995,Mixed,19.076,72.8777
NGO707630,USER_NGO707630,Community NGO 7631,Not Provided,Ahmedabad - Citywide,3430,Mixed,23.0225,72.5714
NGO707631,USER_NGO707631,Community NGO 7632,Not Provided,Ahmedabad - Citywide,6565,Mixed,23.0225,72.5714
NGO707632,USER_NGO707632,Community NGO 7633,Not Provided,Mumbai - East,6195,Mixed,19.076,72.8777
NGO707634,USER_NGO707634,Community NGO 7635,Not Provided,Kolkata - West,4320,Mixed,22.5726,88.3639
NGO707636,USER_NGO707636,Community NGO 7637,Not Provided,Remote - North,6965,Mixed,20.5937,78.9629
NGO707637,USER_NGO707637,Community NGO 7638,Not Provided,Hyderabad - North,14375,Mixed,17.385,78.4867
NGO707638,USER_NGO707638,Community NGO 7639,Not Provided,Jaipur - South,12495,Mixed,26.9124,75.7873
NGO700763,USER_NGO700763,Community NGO 764,Not Provided,Remote - East,9315,Mixed,20.5937,78.9629
NGO707639,USER_NGO707639,Community NGO 7640,Not Provided,Jaipur - South,12335,Mixed,26.9124,75.7873
NGO707641,USER_NGO707641,Community NGO 7642,Not Provided,Hyderabad - South,10680,Mixed,17.385,78.4867
NGO707642,USER_NGO707642,Community NGO 7643,Not Provided,Jaipur - South,9235,Mixed,26.9124,75.7873
NGO707643,USER_NGO707643,Community NGO 7644,Not Provided,Mumbai - East,3520,Mixed,19.076,72.8777
NGO707644,USER_NGO707644,Community NGO 7645,Not Provided,Delhi NCR - North,13660,Mixed,28.6139,77.209
NGO707645,USER_NGO707645,Community NGO 7646,Not Provided,Remote - Central,4140,Mixed,20.5937,78.9629
NGO707648,USER_NGO707648,Community NGO 7649,Not Provided,Chennai - Central,11145,Mixed,13.0827,80.2707
NGO700764,USER_NGO700764,Community NGO 765,Not Provided,Jaipur - West,3875,Mixed,26.9124,75.7873
NGO707650,USER_NGO707650,Community NGO 7651,Not Provided,Bengaluru - Central,1690,Mixed,12.9716,77.5946
NGO707651,USER_NGO707651,Community NGO 7652,Not Provided,Chennai - North,14305,Mixed,13.0827,80.2707
NGO707652,USER_NGO707652,Community NGO 7653,Not Provided,Ahmedabad - Central,9205,Mixed,23.0225,72.5714
NGO707653,USER_NGO707653,Community NGO 7654,Not Provided,Hyderabad - Citywide,14015,Mixed,17.385,78.4867
NGO707656,USER_NGO707656,Community NGO 7657,Not Provided,Pune - Citywide,4210,Mixed,18.5204,73.8567
NGO707657,USER_NGO707657,Community NGO 7658,Not Provided,Kolkata - Citywide,2430,Mixed,22.5726,88.3639
NGO707658,USER_NGO707658,Community NGO 7659,Not Provided,Delhi NCR - West,4595,Mixed,28.6139,77.209
NGO707659,USER_NGO707659,Community NGO 7660,Not Provided,Remote - North,11705,Mixed,20.5937,78.9629
NGO707660,USER_NGO707660,Community NGO 7661,Not Provided,Ahmedabad - West,10245,Mixed,23.0225,72.5714
NGO707661,USER_NGO707661,Community NGO 7662,Not Provided,Mumbai - East,13575,Mixed,19.076,72.8777
NGO707662,USER_NGO707662,Community NGO 7663,Not Provided,Kolkata - West,5375,Mixed,22.5726,88.3639
NGO707664,USER_NGO707664,Community NGO 7665,Not Provided,Kolkata - Central,4920,Mixed,22.5726,88.3639
NGO707665,USER_NGO707665,Community NGO 7666,Not Provided,Hyderabad - Citywide,12280,Mixed,17.385,78.4867
NGO707667,USER_NGO707667,Community NGO 7668,Not Provided,Mumbai - East,12855,Mixed,19.076,72.8777
NGO700766,USER_NGO700766,Community NGO 767,Not Provided,Delhi NCR - Central,10405,Mixed,28.6139,77.209
NGO707670,USER_NGO707670,Community NGO 7671,Not Provided,Delhi NCR - South,710,Mixed,28.6139,77.209
NGO707671,USER_NGO707671,Community NGO 7672,Not Provided,Bengaluru - West,11755,Mixed,12.9716,77.5946
NGO707672,USER_NGO707672,Community NGO 7673,Not Provided,Mumbai - Citywide,2045,Mixed,19.076,72.8777
NGO707673,USER_NGO707673,Community NGO 7674,Not Provided,Chennai - West,6785,Mixed,13.0827,80.2707
NGO707675,USER_NGO707675,Community NGO 7676,Not Provided,Pune - South,12220,Mixed,18.5204,73.8567
NGO707678,USER_NGO707678,Community NGO 7679,Not Provided,Chennai - North,9880,Mixed,13.0827,80.2707
NGO700767,USER_NGO700767,Community NGO 768,Not Provided,Mumbai - Citywide,11285,Mixed,19.076,72.8777
NGO707680,USER_NGO707680,Community NGO 7681,Not Provided,Chennai - North,10600,Mixed,13.0827,80.2707
NGO707681,USER_NGO707681,Community NGO 7682,Not Provided,Jaipur - South,2050,Mixed,26.9124,75.7873
NGO707682,USER_NGO707682,Community NGO 7683,Not Provided,Ahmedabad - West,710,Mixed,23.0225,72.5714
NGO707683,USER_NGO707683,Community NGO 7684,Not Provided,Hyderabad - Central,9485,Mixed,17.385,78.4867
NGO707684,USER_NGO707684,Community NGO 7685,Not Provided,Chennai - Central,2730,Mixed,13.0827,80.2707
NGO707685,USER_NGO707685,Community NGO 7686,Not Provided,Ahmedabad - Central,12925,Mixed,23.0225,72.5714
NGO707687,USER_NGO707687,Community NGO 7688,Not Provided,Chennai - East,2025,Mixed,13.0827,80.2707
NGO707688,USER_NGO707688,Community NGO 7689,Not Provided,Ahmedabad - South,5940,Mixed,23.0225,72.5714
NGO700768,USER_NGO700768,Community NGO 769,Not Provided,Kolkata - West,505,Mixed,22.5726,88.3639
NGO707689,USER_NGO707689,Community NGO 7690,Not Provided,Hyderabad - Central,6170,Mixed,17.385,78.4867
NGO707691,USER_NGO707691,Community NGO 7692,Not Provided,Jaipur - East,915,Mixed,26.9124,75.7873
NGO707692,USER_NGO707692,Community NGO 7693,Not Provided,Pune - West,4855,Mixed,18.5204,73.8567
NGO707693,USER_NGO707693,Community NGO 7694,Not Provided,Pune - Citywide,11215,Mixed,18.5204,73.8567
NGO707695,USER_NGO707695,Community NGO 7696,Not Provided,Delhi NCR - West,3805,Mixed,28.6139,77.209
NGO707698,USER_NGO707698,Community NGO 7699,Not Provided,Chennai - East,7945,Mixed,13.0827,80.2707
NGO700076,USER_NGO700076,Community NGO 77,Not Provided,Chennai - Central,1690,Mixed,13.0827,80.2707
NGO700769,USER_NGO700769,Community NGO 770,Not Provided,Chennai - North,5290,Mixed,13.0827,80.2707
NGO707699,USER_NGO707699,Community NGO 7700,Not Provided,Ahmedabad - Citywide,5985,Mixed,23.0225,72.5714
NGO707701,USER_NGO707701,Community NGO 7702,Not Provided,Mumbai - Central,10355,Mixed,19.076,72.8777
NGO707702,USER_NGO707702,Community NGO 7703,Not Provided,Chennai - South,8345,Mixed,13.0827,80.2707
NGO707703,USER_NGO707703,Community NGO 7704,Not Provided,Hyderabad - East,3415,Mixed,17.385,78.4867
NGO707704,USER_NGO707704,Community NGO 7705,Not Provided,Delhi NCR - East,3960,Mixed,28.6139,77.209
NGO707705,USER_NGO707705,Community NGO 7706,Not Provided,Bengaluru - Central,9640,Mixed,12.9716,77.5946
NGO707706,USER_NGO707706,Community NGO 7707,Not Provided,Chennai - North,10980,Mixed,13.0827,80.2707
NGO707707,USER_NGO707707,Community NGO 7708,Not Provided,Chennai - North,10745,Mixed,13.0827,80.2707
NGO700770,USER_NGO700770,Community NGO 771,Not Provided,Kolkata - West,4600,Mixed,22.5726,88.3639
NGO707709,USER_NGO707709,Community NGO 7710,Not Provided,Mumbai - Central,11105,Mixed,19.076,72.8777
NGO707710,USER_NGO707710,Community NGO 7711,Not Provided,Chennai - Central,270,Mixed,13.0827,80.2707
NGO707713,USER_NGO707713,Community NGO 7714,Not Provided,Remote - Central,6830,Mixed,20.5937,78.9629
NGO707714,USER_NGO707714,Community NGO 7715,Not Provided,Chennai - East,7520,Mixed,13.0827,80.2707
NGO707715,USER_NGO707715,Community NGO 7716,Not Provided,Mumbai - East,13505,Mixed,19.076,72.8777
NGO707716,USER_NGO707716,Community NGO 7717,Not Provided,Jaipur - East,9545,Mixed,26.9124,75.7873
NGO707717,USER_NGO707717,Community NGO 7718,Not Provided,Hyderabad - East,11130,Mixed,17.385,78.4867
NGO707718,USER_NGO707718,Community NGO 7719,Not Provided,Jaipur - South,11320,Mixed,26.9124,75.7873
NGO700771,USER_NGO700771,Community NGO 772,Not Provided,Bengaluru - North,12550,Mixed,12.9716,77.5946
NGO707719,USER_NGO707719,Community NGO 7720,Not Provided,Bengaluru - West,11805,Mixed,12.9716,77.5946
NGO707720,USER_NGO707720,Community NGO 7721,Not Provided,Bengaluru - North,5380,Mixed,12.9716,77.5946
NGO707721,USER_NGO707721,Community NGO 7722,Not Provided,Kolkata - South,14235,Mixed,22.5726,88.3639
NGO707722,USER_NGO707722,Community NGO 7723,Not Provided,Chennai - Citywide,9145,Mixed,13.0827,80.2707
NGO707723,USER_NGO707723,Community NGO 7724,Not Provided,Chennai - West,11295,Mixed,13.0827,80.2707
NGO707724,USER_NGO707724,Community NGO 7725,Not Provided,Pune - East,4255,Mixed,18.5204,73.8567
NGO707726,USER_NGO707726,Community NGO 7727,Not Provided,Chennai - Citywide,11400,Mixed,13.0827,80.2707
NGO707727,USER_NGO707727,Community NGO 7728,Not Provided,Mumbai - Citywide,1380,Mixed,19.076,72.8777
NGO700772,USER_NGO700772,Community NGO 773,Not Provided,Bengaluru - East,1270,Mixed,12.9716,77.5946
NGO707729,USER_NGO707729,Community NGO 7730,Not Provided,Delhi NCR - North,13790,Mixed,28.6139,77.209
NGO707730,USER_NGO707730,Community NGO 7731,Not Provided,Hyderabad - East,10990,Mixed,17.385,78.4867
NGO707731,USER_NGO707731,Community NGO 7732,Not Provided,Bengaluru - Central,7275,Mixed,12.9716,77.5946
NGO707732,USER_NGO707732,Community NGO 7733,Not Provided,Hyderabad - East,765,Mixed,17.385,78.4867
NGO707733,USER_NGO707733,Community NGO 7734,Not Provided,Kolkata - East,10635,Mixed,22.5726,88.3639
NGO707734,USER_NGO707734,Community NGO 7735,Not Provided,Ahmedabad - Citywide,5850,Mixed,23.0225,72.5714
NGO707736,USER_NGO707736,Community NGO 7737,Not Provided,Kolkata - West,2660,Mixed,22.5726,88.3639
NGO707737,USER_NGO707737,Community NGO 7738,Not Provided,Bengaluru - Citywide,6880,Mixed,12.9716,77.5946
NGO707738,USER_NGO707738,Community NGO 7739,Not Provided,Kolkata - Citywide,825,Mixed,22.5726,88.3639
NGO700773,USER_NGO700773,Community NGO 774,Not Provided,Delhi NCR - Citywide,11690,Mixed,28.6139,77.209
NGO707739,USER_NGO707739,Community NGO 7740,Not Provided,Bengaluru - South,13340,Mixed,12.9716,77.5946
NGO707740,USER_NGO707740,Community NGO 7741,Not Provided,Pune - West,14825,Mixed,18.5204,73.8567
NGO707741,USER_NGO707741,Community NGO 7742,Not Provided,Chennai - South,14380,Mixed,13.0827,80.2707
NGO707742,USER_NGO707742,Community NGO 7743,Not Provided,Bengaluru - Citywide,4950,Mixed,12.9716,77.5946
NGO707743,USER_NGO707743,Community NGO 7744,Not Provided,Remote - East,5490,Mixed,20.5937,78.9629
NGO707744,USER_NGO707744,Community NGO 7745,Not Provided,Hyderabad - North,10945,Mixed,17.385,78.4867
NGO707745,USER_NGO707745,Community NGO 7746,Not Provided,Kolkata - Central,2135,Mixed,22.5726,88.3639
NGO707746,USER_NGO707746,Community NGO 7747,Not Provided,Mumbai - West,10825,Mixed,19.076,72.8777
NGO707747,USER_NGO707747,Community NGO 7748,Not Provided,Pune - West,5920,Mixed,18.5204,73.8567
NGO707748,USER_NGO707748,Community NGO 7749,Not Provided,Hyderabad - South,4955,Mixed,17.385,78.4867
NGO700774,USER_NGO700774,Community NGO 775,Not Provided,Hyderabad - North,8500,Mixed,17.385,78.4867
NGO707749,USER_NGO707749,Community NGO 7750,Not Provided,Kolkata - Central,3270,Mixed,22.5726,88.3639
NGO707750,USER_NGO707750,Community NGO 7751,Not Provided,Hyderabad - East,6080,Mixed,17.385,78.4867
NGO707751,USER_NGO707751,Community NGO 7752,Not Provided,Jaipur - North,12065,Mixed,26.9124,75.7873
NGO707752,USER_NGO707752,Community NGO 7753,Not Provided,Chennai - Citywide,4930,Mixed,13.0827,80.2707
NGO707753,USER_NGO707753,Community NGO 7754,Not Provided,Hyderabad - West,7040,Mixed,17.385,78.4867
NGO707754,USER_NGO707754,Community NGO 7755,Not Provided,Kolkata - South,3485,Mixed,22.5726,88.3639
NGO707755,USER_NGO707755,Community NGO 7756,Not Provided,Mumbai - North,4705,Mixed,19.076,72.8777
NGO707756,USER_NGO707756,Community NGO 7757,Not Provided,Ahmedabad - North,14320,Mixed,23.0225,72.5714
NGO707757,USER_NGO707757,Community NGO 7758,Not Provided,Pune - Citywide,8145,Mixed,18.5204,73.8567
NGO707758,USER_NGO707758,Community NGO 7759,Not Provided,Ahmedabad - Central,9055,Mixed,23.0225,72.5714
NGO700775,USER_NGO700775,Community NGO 776,Not Provided,Hyderabad - North,5585,Mixed,17.385,78.4867
NGO707760,USER_NGO707760,Community NGO 7761,Not Provided,Chennai - North,2405,Mixed,13.0827,80.2707
NGO707761,USER_NGO707761,Community NGO 7762,Not Provided,Mumbai - Citywide,2235,Mixed,19.076,72.8777
NGO707762,USER_NGO707762,Community NGO 7763,Not Provided,Delhi NCR - South,120,Mixed,28.6139,77.209
NGO707763,USER_NGO707763,Community NGO 7764,Not Provided,Pune - East,4865,Mixed,18.5204,73.8567
NGO707764,USER_NGO707764,Community NGO 7765,Not Provided,Kolkata - Central,7080,Mixed,22.5726,88.3639
NGO707765,USER_NGO707765,Community NGO 7766,Not Provided,Bengaluru - East,11905,Mixed,12.9716,77.5946
NGO707768,USER_NGO707768,Community NGO 7769,Not Provided,Jaipur - South,6145,Mixed,26.9124,75.7873
NGO700776,USER_NGO700776,Community NGO 777,Not Provided,Hyderabad - West,1085,Mixed,17.385,78.4867
NGO707769,USER_NGO707769,Community NGO 7770,Not Provided,Hyderabad - Citywide,12430,Mixed,17.385,78.4867
NGO707770,USER_NGO707770,Community NGO 7771,Not Provided,Pune - South,810,Mixed,18.5204,73.8567
NGO707771,USER_NGO707771,Community NGO 7772,Not Provided,Hyderabad - East,13885,Mixed,17.385,78.4867
NGO707773,USER_NGO707773,Community NGO 7774,Not Provided,Kolkata - East,7315,Mixed,22.5726,88.3639
NGO707774,USER_NGO707774,Community NGO 7775,Not Provided,Ahmedabad - North,820,Mixed,23.0225,72.5714
NGO707775,USER_NGO707775,Community NGO 7776,Not Provided,Ahmedabad - East,3560,Mixed,23.0225,72.5714
NGO707776,USER_NGO707776,Community NGO 7777,Not Provided,Kolkata - North,12295,Mixed,22.5726,88.3639
NGO707777,USER_NGO707777,Community NGO 7778,Not Provided,Jaipur - North,4485,Mixed,26.9124,75.7873
NGO707778,USER_NGO707778,Community NGO 7779,Not Provided,Jaipur - Central,1065,Mixed,26.9124,75.7873
NGO700777,USER_NGO700777,Community NGO 778,Not Provided,Pune - Citywide,325,Mixed,18.5204,73.8567
NGO707779,USER_NGO707779,Community NGO 7780,Not Provided,Pune - East,8615,Mixed,18.5204,73.8567
NGO707781,USER_NGO707781,Community NGO 7782,Not Provided,Kolkata - East,13925,Mixed,22.5726,88.3639
NGO707782,USER_NGO707782,Community NGO 7783,Not Provided,Remote - West,115,Mixed,20.5937,78.9629
NGO707783,USER_NGO707783,Community NGO 7784,Not Provided,Chennai - South,6295,Mixed,13.0827,80.2707
NGO707784,USER_NGO707784,Community NGO 7785,Not Provided,Kolkata - North,8145,Mixed,22.5726,88.3639
NGO707787,USER_NGO707787,Community NGO 7788,Not Provided,Ahmedabad - East,1950,Mixed,23.0225,72.5714
NGO707788,USER_NGO707788,Community NGO 7789,Not Provided,Pune - South,2510,Mixed,18.5204,73.8567
NGO700778,USER_NGO700778,Community NGO 779,Not Provided,Jaipur - Citywide,10985,Mixed,26.9124,75.7873
NGO707789,USER_NGO707789,Community NGO 7790,Not Provided,Bengaluru - South,2940,Mixed,12.9716,77.5946
NGO707790,USER_NGO707790,Community NGO 7791,Not Provided,Chennai - East,9340,Mixed,13.0827,80.2707
NGO707791,USER_NGO707791,Community NGO 7792,Not Provided,Remote - West,13750,Mixed,20.5937,78.9629
NGO707792,USER_NGO707792,Community NGO 7793,Not Provided,Delhi NCR - West,9495,Mixed,28.6139,77.209
NGO707793,USER_NGO707793,Community NGO 7794,Not Provided,Kolkata - Central,4820,Mixed,22.5726,88.3639
NGO707794,USER_NGO707794,Community NGO 7795,Not Provided,Jaipur - Central,6720,Mixed,26.9124,75.7873
NGO707795,USER_NGO707795,Community NGO 7796,Not Provided,Jaipur - Central,9875,Mixed,26.9124,75.7873
NGO707796,USER_NGO707796,Community NGO 7797,Not Provided,Hyderabad - West,13805,Mixed,17.385,78.4867
NGO707797,USER_NGO707797,Community NGO 7798,Not Provided,Bengaluru - Central,11840,Mixed,12.9716,77.5946
NGO700077,USER_NGO700077,Community NGO 78,Not Provided,Ahmedabad - Central,11420,Mixed,23.0225,72.5714
NGO700779,USER_NGO700779,Community NGO 780,Not Provided,Hyderabad - East,4865,Mixed,17.385,78.4867
NGO707799,USER_NGO707799,Community NGO 7800,Not Provided,Chennai - Central,1530,Mixed,13.0827,80.2707
NGO707800,USER_NGO707800,Community NGO 7801,Not Provided,Delhi NCR - East,8565,Mixed,28.6139,77.209
NGO707801,USER_NGO707801,Community NGO 7802,Not Provided,Remote - East,1565,Mixed,20.5937,78.9629
NGO707802,USER_NGO707802,Community NGO 7803,Not Provided,Pune - East,11075,Mixed,18.5204,73.8567
NGO707803,USER_NGO707803,Community NGO 7804,Not Provided,Ahmedabad - Citywide,10890,Mixed,23.0225,72.5714
NGO707804,USER_NGO707804,Community NGO 7805,Not Provided,Delhi NCR - Central,6010,Mixed,28.6139,77.209
NGO707805,USER_NGO707805,Community NGO 7806,Not Provided,Chennai - Central,7795,Mixed,13.0827,80.2707
NGO707807,USER_NGO707807,Community NGO 7808,Not Provided,Bengaluru - Central,3770,Mixed,12.9716,77.5946
NGO707808,USER_NGO707808,Community NGO 7809,Not Provided,Mumbai - Central,10985,Mixed,19.076,72.8777
NGO700780,USER_NGO700780,Community NGO 781,Not Provided,Ahmedabad - Citywide,6575,Mixed,23.0225,72.5714
NGO707809,USER_NGO707809,Community NGO 7810,Not Provided,Chennai - Central,3660,Mixed,13.0827,80.2707
NGO707810,USER_NGO707810,Community NGO 7811,Not Provided,Ahmedabad - West,11215,Mixed,23.0225,72.5714
NGO707811,USER_NGO707811,Community NGO 7812,Not Provided,Chennai - South,11195,Mixed,13.0827,80.2707
NGO707812,USER_NGO707812,Community NGO 7813,Not Provided,Jaipur - West,6080,Mixed,26.9124,75.7873
NGO707813,USER_NGO707813,Community NGO 7814,Not Provided,Mumbai - North,10905,Mixed,19.076,72.8777
NGO707814,USER_NGO707814,Community NGO 7815,Not Provided,Remote - South,3070,Mixed,20.5937,78.9629
NGO707816,USER_NGO707816,Community NGO 7817,Not Provided,Mumbai - Citywide,3355,Mixed,19.076,72.8777
NGO707817,USER_NGO707817,Community NGO 7818,Not Provided,Bengaluru - West,9635,Mixed,12.9716,77.5946
NGO707818,USER_NGO707818,Community NGO 7819,Not Provided,Jaipur - East,13940,Mixed,26.9124,75.7873
NGO700781,USER_NGO700781,Community NGO 782,Not Provided,Kolkata - Central,13065,Mixed,22.5726,88.3639
NGO707824,USER_NGO707824,Community NGO 7825,Not Provided,Jaipur - North,11355,Mixed,26.9124,75.7873
NGO707827,USER_NGO707827,Community NGO 7828,Not Provided,Ahmedabad - West,14855,Mixed,23.0225,72.5714
NGO707828,USER_NGO707828,Community NGO 7829,Not Provided,Hyderabad - South,1935,Mixed,17.385,78.4867
NGO700782,USER_NGO700782,Community NGO 783,Not Provided,Pune - East,11545,Mixed,18.5204,73.8567
NGO707829,USER_NGO707829,Community NGO 7830,Not Provided,Jaipur - East,1080,Mixed,26.9124,75.7873
NGO707830,USER_NGO707830,Community NGO 7831,Not Provided,Remote - North,5225,Mixed,20.5937,78.9629
NGO707831,USER_NGO707831,Community NGO 7832,Not Provided,Kolkata - Citywide,14605,Mixed,22.5726,88.3639
NGO707832,USER_NGO707832,Community NGO 7833,Not Provided,Ahmedabad - Citywide,4765,Mixed,23.0225,72.5714
NGO707834,USER_NGO707834,Community NGO 7835,Not Provided,Ahmedabad - North,8665,Mixed,23.0225,72.5714
NGO707836,USER_NGO707836,Community NGO 7837,Not Provided,Pune - West,8555,Mixed,18.5204,73.8567
NGO707837,USER_NGO707837,Community NGO 7838,Not Provided,Hyderabad - Central,10735,Mixed,17.385,78.4867
NGO707838,USER_NGO707838,Community NGO 7839,Not Provided,Hyderabad - West,3290,Mixed,17.385,78.4867
NGO700783,USER_NGO700783,Community NGO 784,Not Provided,Mumbai - Central,1620,Mixed,19.076,72.8777
NGO707839,USER_NGO707839,Community NGO 7840,Not Provided,Kolkata - Citywide,4825,Mixed,22.5726,88.3639
NGO707841,USER_NGO707841,Community NGO 7842,Not Provided,Pune - East,10605,Mixed,18.5204,73.8567
NGO707842,USER_NGO707842,Community NGO 7843,Not Provided,Mumbai - Central,1565,Mixed,19.076,72.8777
NGO707843,USER_NGO707843,Community NGO 7844,Not Provided,Bengaluru - North,4770,Mixed,12.9716,77.5946
NGO707844,USER_NGO707844,Community NGO 7845,Not Provided,Remote - Central,5785,Mixed,20.5937,78.9629
NGO707845,USER_NGO707845,Community NGO 7846,Not Provided,Kolkata - West,3840,Mixed,22.5726,88.3639
NGO707846,USER_NGO707846,Community NGO 7847,Not Provided,Hyderabad - Citywide,3980,Mixed,17.385,78.4867
NGO707848,USER_NGO707848,Community NGO 7849,Not Provided,Mumbai - West,14665,Mixed,19.076,72.8777
NGO707850,USER_NGO707850,Community NGO 7851,Not Provided,Pune - East,7690,Mixed,18.5204,73.8567
NGO707851,USER_NGO707851,Community NGO 7852,Not Provided,Jaipur - West,6715,Mixed,26.9124,75.7873
NGO707852,USER_NGO707852,Community NGO 7853,Not Provided,Mumbai - West,11560,Mixed,19.076,72.8777
NGO707853,USER_NGO707853,Community NGO 7854,Not Provided,Chennai - Citywide,4500,Mixed,13.0827,80.2707
NGO707854,USER_NGO707854,Community NGO 7855,Not Provided,Remote - North,3730,Mixed,20.5937,78.9629
NGO707856,USER_NGO707856,Community NGO 7857,Not Provided,Bengaluru - West,9145,Mixed,12.9716,77.5946
NGO707857,USER_NGO707857,Community NGO 7858,Not Provided,Mumbai - East,14835,Mixed,19.076,72.8777
NGO707860,USER_NGO707860,Community NGO 7861,Not Provided,Jaipur - West,13730,Mixed,26.9124,75.7873
NGO707861,USER_NGO707861,Community NGO 7862,Not Provided,Kolkata - East,10870,Mixed,22.5726,88.3639
NGO707862,USER_NGO707862,Community NGO 7863,Not Provided,Mumbai - East,3950,Mixed,19.076,72.8777
NGO707863,USER_NGO707863,Community NGO 7864,Not Provided,Jaipur - Central,5860,Mixed,26.9124,75.7873
NGO707864,USER_NGO707864,Community NGO 7865,Not Provided,Jaipur - North,14090,Mixed,26.9124,75.7873
NGO707865,USER_NGO707865,Community NGO 7866,Not Provided,Hyderabad - Citywide,6120,Mixed,17.385,78.4867
NGO707866,USER_NGO707866,Community NGO 7867,Not Provided,Remote - South,5455,Mixed,20.5937,78.9629
NGO707867,USER_NGO707867,Community NGO 7868,Not Provided,Delhi NCR - Central,3730,Mixed,28.6139,77.209
NGO707868,USER_NGO707868,Community NGO 7869,Not Provided,Ahmedabad - North,7530,Mixed,23.0225,72.5714
NGO707869,USER_NGO707869,Community NGO 7870,Not Provided,Jaipur - Citywide,1130,Mixed,26.9124,75.7873
NGO707871,USER_NGO707871,Community NGO 7872,Not Provided,Ahmedabad - Central,5045,Mixed,23.0225,72.5714
NGO707872,USER_NGO707872,Community NGO 7873,Not Provided,Mumbai - South,8625,Mixed,19.076,72.8777
NGO707873,USER_NGO707873,Community NGO 7874,Not Provided,Ahmedabad - South,5880,Mixed,23.0225,72.5714
NGO707875,USER_NGO707875,Community NGO 7876,Not Provided,Chennai - East,4860,Mixed,13.0827,80.2707
NGO707876,USER_NGO707876,Community NGO 7877,Not Provided,Kolkata - North,4050,Mixed,22.5726,88.3639
NGO707877,USER_NGO707877,Community NGO 7878,Not Provided,Chennai - Central,5395,Mixed,13.0827,80.2707
NGO707878,USER_NGO707878,Community NGO 7879,Not Provided,Delhi NCR - North,10645,Mixed,28.6139,77.209
NGO700787,USER_NGO700787,Community NGO 788,Not Provided,Delhi NCR - South,795,Mixed,28.6139,77.209
NGO707880,USER_NGO707880,Community NGO 7881,Not Provided,Mumbai - North,11045,Mixed,19.076,72.8777
NGO707881,USER_NGO707881,Community NGO 7882,Not Provided,Pune - West,2485,Mixed,18.5204,73.8567
NGO707882,USER_NGO707882,Community NGO 7883,Not Provided,Remote - Citywide,1290,Mixed,20.5937,78.9629
NGO707883,USER_NGO707883,Community NGO 7884,Not Provided,Pune - West,1725,Mixed,18.5204,73.8567
NGO707884,USER_NGO707884,Community NGO 7885,Not Provided,Bengaluru - South,5905,Mixed,12.9716,77.5946
NGO707887,USER_NGO707887,Community NGO 7888,Not Provided,Pune - South,14765,Mixed,18.5204,73.8567
NGO707888,USER_NGO707888,Community NGO 7889,Not Provided,Remote - South,12010,Mixed,20.5937,78.9629
NGO700788,USER_NGO700788,Community NGO 789,Not Provided,Chennai - South,13710,Mixed,13.0827,80.2707
NGO707889,USER_NGO707889,Community NGO 7890,Not Provided,Kolkata - East,14425,Mixed,22.5726,88.3639
NGO707890,USER_NGO707890,Community NGO 7891,Not Provided,Jaipur - South,5705,Mixed,26.9124,75.7873
NGO707891,USER_NGO707891,Community NGO 7892,Not Provided,Jaipur - North,555,Mixed,26.9124,75.7873
NGO707892,USER_NGO707892,Community NGO 7893,Not Provided,Ahmedabad - Central,12255,Mixed,23.0225,72.5714
NGO707893,USER_NGO707893,Community NGO 7894,Not Provided,Ahmedabad - Citywide,10295,Mixed,23.0225,72.5714
NGO707894,USER_NGO707894,Community NGO 7895,Not Provided,Kolkata - Citywide,13180,Mixed,22.5726,88.3639
NGO707897,USER_NGO707897,Community NGO 7898,Not Provided,Ahmedabad - East,7555,Mixed,23.0225,72.5714
NGO707898,USER_NGO707898,Community NGO 7899,Not Provided,Mumbai - North,1505,Mixed,19.076,72.8777
NGO700789,USER_NGO700789,Community NGO 790,Not Provided,Remote - South,5105,Mixed,20.5937,78.9629
NGO707899,USER_NGO707899,Community NGO 7900,Not Provided,Chennai - Central,6180,Mixed,13.0827,80.2707
NGO707900,USER_NGO707900,Community NGO 7901,Not Provided,Mumbai - North,4795,Mixed,19.076,72.8777
NGO707901,USER_NGO707901,Community NGO 7902,Not Provided,Jaipur - South,11785,Mixed,26.9124,75.7873
NGO707903,USER_NGO707903,Community NGO 7904,Not Provided,Mumbai - North,12415,Mixed,19.076,72.8777
NGO707904,USER_NGO707904,Community NGO 7905,Not Provided,Pune - East,5875,Mixed,18.5204,73.8567
NGO707905,USER_NGO707905,Community NGO 7906,Not Provided,Ahmedabad - Citywide,3010,Mixed,23.0225,72.5714
NGO707906,USER_NGO707906,Community NGO 7907,Not Provided,Chennai - North,3020,Mixed,13.0827,80.2707
NGO707908,USER_NGO707908,Community NGO 7909,Not Provided,Pune - South,3960,Mixed,18.5204,73.8567
NGO707909,USER_NGO707909,Community NGO 7910,Not Provided,Bengaluru - West,11760,Mixed,12.9716,77.5946
NGO707910,USER_NGO707910,Community NGO 7911,Not Provided,Pune - Citywide,3690,Mixed,18.5204,73.8567
NGO707912,USER_NGO707912,Community NGO 7913,Not Provided,Ahmedabad - West,9740,Mixed,23.0225,72.5714
NGO707913,USER_NGO707913,Community NGO 7914,Not Provided,Kolkata - Citywide,7795,Mixed,22.5726,88.3639
NGO707914,USER_NGO707914,Community NGO 7915,Not Provided,Bengaluru - North,1000,Mixed,12.9716,77.5946
NGO707915,USER_NGO707915,Community NGO 7916,Not Provided,Ahmedabad - Citywide,13250,Mixed,23.0225,72.5714
NGO707916,USER_NGO707916,Community NGO 7917,Not Provided,Kolkata - East,9855,Mixed,22.5726,88.3639
NGO707917,USER_NGO707917,Community NGO 7918,Not Provided,Pune - North,8055,Mixed,18.5204,73.8567
NGO707919,USER_NGO707919,Community NGO 7920,Not Provided,Pune - South,3665,Mixed,18.5204,73.8567
NGO707920,USER_NGO707920,Community NGO 7921,Not Provided,Mumbai - Citywide,905,Mixed,19.076,72.8777
NGO707921,USER_NGO707921,Community NGO 7922,Not Provided,Ahmedabad - Central,6955,Mixed,23.0225,72.5714
NGO707922,USER_NGO707922,Community NGO 7923,Not Provided,Pune - East,1590,Mixed,18.5204,73.8567
NGO707923,USER_NGO707923,Community NGO 7924,Not Provided,Remote - East,6875,Mixed,20.5937,78.9629
NGO707924,USER_NGO707924,Community NGO 7925,Not Provided,Jaipur - East,6850,Mixed,26.9124,75.7873
NGO707925,USER_NGO707925,Community NGO 7926,Not Provided,Ahmedabad - North,11955,Mixed,23.0225,72.5714
NGO707926,USER_NGO707926,Community NGO 7927,Not Provided,Mumbai - East,13735,Mixed,19.076,72.8777
NGO707927,USER_NGO707927,Community NGO 7928,Not Provided,Delhi NCR - West,7120,Mixed,28.6139,77.209
NGO707928,USER_NGO707928,Community NGO 7929,Not Provided,Bengaluru - Citywide,2180,Mixed,12.9716,77.5946
NGO700792,USER_NGO700792,Community NGO 793,Not Provided,Hyderabad - South,14785,Mixed,17.385,78.4867
NGO707929,USER_NGO707929,Community NGO 7930,Not Provided,Bengaluru - South,8040,Mixed,12.9716,77.5946
NGO707933,USER_NGO707933,Community NGO 7934,Not Provided,Chennai - North,1775,Mixed,13.0827,80.2707
NGO707934,USER_NGO707934,Community NGO 7935,Not Provided,Ahmedabad - West,11510,Mixed,23.0225,72.5714
NGO707935,USER_NGO707935,Community NGO 7936,Not Provided,Hyderabad - Central,1130,Mixed,17.385,78.4867
NGO707936,USER_NGO707936,Community NGO 7937,Not Provided,Pune - East,6975,Mixed,18.5204,73.8567
NGO707937,USER_NGO707937,Community NGO 7938,Not Provided,Pune - West,1595,Mixed,18.5204,73.8567
NGO707938,USER_NGO707938,Community NGO 7939,Not Provided,Chennai - East,9010,Mixed,13.0827,80.2707
NGO700793,USER_NGO700793,Community NGO 794,Not Provided,Jaipur - South,13845,Mixed,26.9124,75.7873
NGO707940,USER_NGO707940,Community NGO 7941,Not Provided,Chennai - Citywide,2090,Mixed,13.0827,80.2707
NGO707941,USER_NGO707941,Community NGO 7942,Not Provided,Pune - Citywide,570,Mixed,18.5204,73.8567
NGO707942,USER_NGO707942,Community NGO 7943,Not Provided,Chennai - East,5590,Mixed,13.0827,80.2707
NGO707943,USER_NGO707943,Community NGO 7944,Not Provided,Kolkata - East,5290,Mixed,22.5726,88.3639
NGO707946,USER_NGO707946,Community NGO 7947,Not Provided,Kolkata - North,3435,Mixed,22.5726,88.3639
NGO707947,USER_NGO707947,Community NGO 7948,Not Provided,Delhi NCR - South,6000,Mixed,28.6139,77.209
NGO707948,USER_NGO707948,Community NGO 7949,Not Provided,Remote - Central,10650,Mixed,20.5937,78.9629
NGO707949,USER_NGO707949,Community NGO 7950,Not Provided,Remote - South,11895,Mixed,20.5937,78.9629
NGO707950,USER_NGO707950,Community NGO 7951,Not Provided,Hyderabad - West,1765,Mixed,17.385,78.4867
NGO707951,USER_NGO707951,Community NGO 7952,Not Provided,Ahmedabad - South,5720,Mixed,23.0225,72.5714
NGO707954,USER_NGO707954,Community NGO 7955,Not Provided,Ahmedabad - North,13675,Mixed,23.0225,72.5714
NGO707956,USER_NGO707956,Community NGO 7957,Not Provided,Ahmedabad - South,4640,Mixed,23.0225,72.5714
NGO707958,USER_NGO707958,Community NGO 7959,Not Provided,Jaipur - Central,8000,Mixed,26.9124,75.7873
NGO700795,USER_NGO700795,Community NGO 796,Not Provided,Hyderabad - South,11525,Mixed,17.385,78.4867
NGO707959,USER_NGO707959,Community NGO 7960,Not Provided,Delhi NCR - East,4675,Mixed,28.6139,77.209
NGO707961,USER_NGO707961,Community NGO 7962,Not Provided,Ahmedabad - West,5120,Mixed,23.0225,72.5714
NGO707963,USER_NGO707963,Community NGO 7964,Not Provided,Ahmedabad - West,12255,Mixed,23.0225,72.5714
NGO707964,USER_NGO707964,Community NGO 7965,Not Provided,Chennai - North,6135,Mixed,13.0827,80.2707
NGO707965,USER_NGO707965,Community NGO 7966,Not Provided,Mumbai - West,10630,Mixed,19.076,72.8777
NGO707966,USER_NGO707966,Community NGO 7967,Not Provided,Mumbai - South,7595,Mixed,19.076,72.8777
NGO707969,USER_NGO707969,Community NGO 7970,Not Provided,Kolkata - North,765,Mixed,22.5726,88.3639
NGO707971,USER_NGO707971,Community NGO 7972,Not Provided,Pune - South,12125,Mixed,18.5204,73.8567
NGO707972,USER_NGO707972,Community NGO 7973,Not Provided,Mumbai - Central,6650,Mixed,19.076,72.8777
NGO707973,USER_NGO707973,Community NGO 7974,Not Provided,Remote - North,8920,Mixed,20.5937,78.9629
NGO707975,USER_NGO707975,Community NGO 7976,Not Provided,Delhi NCR - East,4925,Mixed,28.6139,77.209
NGO707977,USER_NGO707977,Community NGO 7978,Not Provided,Remote - West,4035,Mixed,20.5937,78.9629
NGO707978,USER_NGO707978,Community NGO 7979,Not Provided,Bengaluru - East,11235,Mixed,12.9716,77.5946
NGO700797,USER_NGO700797,Community NGO 798,Not Provided,Hyderabad - East,105,Mixed,17.385,78.4867
NGO707980,USER_NGO707980,Community NGO 7981,Not Provided,Delhi NCR - Central,1130,Mixed,28.6139,77.209
NGO707981,USER_NGO707981,Community NGO 7982,Not Provided,Bengaluru - North,1180,Mixed,12.9716,77.5946
NGO707982,USER_NGO707982,Community NGO 7983,Not Provided,Mumbai - South,3545,Mixed,19.076,72.8777
NGO707983,USER_NGO707983,Community NGO 7984,Not Provided,Remote - South,8990,Mixed,20.5937,78.9629
NGO707984,USER_NGO707984,Community NGO 7985,Not Provided,Bengaluru - Central,1130,Mixed,12.9716,77.5946
NGO707986,USER_NGO707986,Community NGO 7987,Not Provided,Kolkata - Citywide,6535,Mixed,22.5726,88.3639
NGO707987,USER_NGO707987,Community NGO 7988,Not Provided,Kolkata - North,2580,Mixed,22.5726,88.3639
NGO707988,USER_NGO707988,Community NGO 7989,Not Provided,Pune - East,4050,Mixed,18.5204,73.8567
NGO700798,USER_NGO700798,Community NGO 799,Not Provided,Mumbai - West,12065,Mixed,19.076,72.8777
NGO707989,USER_NGO707989,Community NGO 7990,Not Provided,Remote - North,3230,Mixed,20.5937,78.9629
NGO707991,USER_NGO707991,Community NGO 7992,Not Provided,Delhi NCR - North,3030,Mixed,28.6139,77.209
NGO707993,USER_NGO707993,Community NGO 7994,Not Provided,Mumbai - East,13995,Mixed,19.076,72.8777
NGO707994,USER_NGO707994,Community NGO 7995,Not Provided,Jaipur - Central,10915,Mixed,26.9124,75.7873
NGO707995,USER_NGO707995,Community NGO 7996,Not Provided,Remote - Central,12630,Mixed,20.5937,78.9629
NGO707996,USER_NGO707996,Community NGO 7997,Not Provided,Hyderabad - West,1265,Mixed,17.385,78.4867
NGO707997,USER_NGO707997,Community NGO 7998,Not Provided,Chennai - South,7065,Mixed,13.0827,80.2707
NGO707998,USER_NGO707998,Community NGO 7999,Not Provided,Mumbai - Citywide,4395,Mixed,19.076,72.8777
NGO700007,USER_NGO700007,Community NGO 8,Not Provided,Bengaluru - North,10515,Mixed,12.9716,77.5946
NGO700079,USER_NGO700079,Community NGO 80,Not Provided,Kolkata - Central,1850,Mixed,22.5726,88.3639
NGO707999,USER_NGO707999,Community NGO 8000,Not Provided,Remote - East,8155,Mixed,20.5937,78.9629
NGO708000,USER_NGO708000,Community NGO 8001,Not Provided,Jaipur - East,6450,Mixed,26.9124,75.7873
NGO708002,USER_NGO708002,Community NGO 8003,Not Provided,Kolkata - Citywide,2185,Mixed,22.5726,88.3639
NGO708003,USER_NGO708003,Community NGO 8004,Not Provided,Hyderabad - Citywide,10885,Mixed,17.385,78.4867
NGO708004,USER_NGO708004,Community NGO 8005,Not Provided,Jaipur - East,5975,Mixed,26.9124,75.7873
NGO708005,USER_NGO708005,Community NGO 8006,Not Provided,Delhi NCR - Central,7670,Mixed,28.6139,77.209
NGO708006,USER_NGO708006,Community NGO 8007,Not Provided,Chennai - West,11720,Mixed,13.0827,80.2707
NGO708007,USER_NGO708007,Community NGO 8008,Not Provided,Mumbai - South,7710,Mixed,19.076,72.8777
NGO700800,USER_NGO700800,Community NGO 801,Not Provided,Hyderabad - Central,1870,Mixed,17.385,78.4867
NGO708009,USER_NGO708009,Community NGO 8010,Not Provided,Ahmedabad - North,10910,Mixed,23.0225,72.5714
NGO708010,USER_NGO708010,Community NGO 8011,Not Provided,Mumbai - West,12220,Mixed,19.076,72.8777
NGO708011,USER_NGO708011,Community NGO 8012,Not Provided,Delhi NCR - South,4060,Mixed,28.6139,77.209
NGO708012,USER_NGO708012,Community NGO 8013,Not Provided,Delhi NCR - Central,10665,Mixed,28.6139,77.209
NGO708015,USER_NGO708015,Community NGO 8016,Not Provided,Remote - Citywide,9810,Mixed,20.5937,78.9629
NGO708017,USER_NGO708017,Community NGO 8018,Not Provided,Chennai - North,13075,Mixed,13.0827,80.2707
NGO700801,USER_NGO700801,Community NGO 802,Not Provided,Pune - North,11440,Mixed,18.5204,73.8567
NGO708019,USER_NGO708019,Community NGO 8020,Not Provided,Jaipur - Central,14035,Mixed,26.9124,75.7873
NGO708020,USER_NGO708020,Community NGO 8021,Not Provided,Chennai - Central,9050,Mixed,13.0827,80.2707
NGO708021,USER_NGO708021,Community NGO 8022,Not Provided,Hyderabad - South,3755,Mixed,17.385,78.4867
NGO708022,USER_NGO708022,Community NGO 8023,Not Provided,Pune - North,2080,Mixed,18.5204,73.8567
NGO708023,USER_NGO708023,Community NGO 8024,Not Provided,Pune - Central,3500,Mixed,18.5204,73.8567
NGO708024,USER_NGO708024,Community NGO 8025,Not Provided,Hyderabad - Central,10560,Mixed,17.385,78.4867
NGO708026,USER_NGO708026,Community NGO 8027,Not Provided,Mumbai - East,14510,Mixed,19.076,72.8777
NGO708027,USER_NGO708027,Community NGO 8028,Not Provided,Hyderabad - North,7940,Mixed,17.385,78.4867
NGO708030,USER_NGO708030,Community NGO 8031,Not Provided,Remote - Central,205,Mixed,20.5937,78.9629
NGO708031,USER_NGO708031,Community NGO 8032,Not Provided,Ahmedabad - West,11590,Mixed,23.0225,72.5714
NGO708032,USER_NGO708032,Community NGO 8033,Not Provided,Mumbai - Citywide,8630,Mixed,19.076,72.8777
NGO708033,USER_NGO708033,Community NGO 8034,Not Provided,Delhi NCR - East,5055,Mixed,28.6139,77.209
NGO708034,USER_NGO708034,Community NGO 8035,Not Provided,Remote - East,325,Mixed,20.5937,78.9629
NGO708035,USER_NGO708035,Community NGO 8036,Not Provided,Chennai - South,8885,Mixed,13.0827,80.2707
NGO708036,USER_NGO708036,Community NGO 8037,Not Provided,Delhi NCR - North,7690,Mixed,28.6139,77.209
NGO708037,USER_NGO708037,Community NGO 8038,Not Provided,Remote - South,12285,Mixed,20.5937,78.9629
NGO708038,USER_NGO708038,Community NGO 8039,Not Provided,Jaipur - West,1905,Mixed,26.9124,75.7873
NGO700803,USER_NGO700803,Community NGO 804,Not Provided,Pune - West,8015,Mixed,18.5204,73.8567
NGO708039,USER_NGO708039,Community NGO 8040,Not Provided,Remote - West,7565,Mixed,20.5937,78.9629
NGO708040,USER_NGO708040,Community NGO 8041,Not Provided,Bengaluru - Citywide,12055,Mixed,12.9716,77.5946
NGO708041,USER_NGO708041,Community NGO 8042,Not Provided,Delhi NCR - Citywide,6020,Mixed,28.6139,77.209
NGO708042,USER_NGO708042,Community NGO 8043,Not Provided,Kolkata - Citywide,1795,Mixed,22.5726,88.3639
NGO708043,USER_NGO708043,Community NGO 8044,Not Provided,Bengaluru - East,12015,Mixed,12.9716,77.5946
NGO708044,USER_NGO708044,Community NGO 8045,Not Provided,Jaipur - West,14565,Mixed,26.9124,75.7873
NGO708046,USER_NGO708046,Community NGO 8047,Not Provided,Delhi NCR - Central,10075,Mixed,28.6139,77.209
NGO708047,USER_NGO708047,Community NGO 8048,Not Provided,Chennai - East,5405,Mixed,13.0827,80.2707
NGO708048,USER_NGO708048,Community NGO 8049,Not Provided,Remote - North,12030,Mixed,20.5937,78.9629
NGO700804,USER_NGO700804,Community NGO 805,Not Provided,Hyderabad - West,1870,Mixed,17.385,78.4867
NGO708049,USER_NGO708049,Community NGO 8050,Not Provided,Hyderabad - East,12325,Mixed,17.385,78.4867
NGO708051,USER_NGO708051,Community NGO 8052,Not Provided,Kolkata - East,9870,Mixed,22.5726,88.3639
NGO708053,USER_NGO708053,Community NGO 8054,Not Provided,Jaipur - North,4680,Mixed,26.9124,75.7873
NGO708054,USER_NGO708054,Community NGO 8055,Not Provided,Remote - Central,9900,Mixed,20.5937,78.9629
NGO708055,USER_NGO708055,Community NGO 8056,Not Provided,Jaipur - South,4405,Mixed,26.9124,75.7873
NGO708056,USER_NGO708056,Community NGO 8057,Not Provided,Ahmedabad - North,9300,Mixed,23.0225,72.5714
NGO708057,USER_NGO708057,Community NGO 8058,Not Provided,Jaipur - East,160,Mixed,26.9124,75.7873
NGO708058,USER_NGO708058,Community NGO 8059,Not Provided,Pune - Citywide,8990,Mixed,18.5204,73.8567
NGO700805,USER_NGO700805,Community NGO 806,Not Provided,Chennai - Central,10045,Mixed,13.0827,80.2707
NGO708059,USER_NGO708059,Community NGO 8060,Not Provided,Hyderabad - South,5530,Mixed,17.385,78.4867
NGO708060,USER_NGO708060,Community NGO 8061,Not Provided,Chennai - Central,13875,Mixed,13.0827,80.2707
NGO708062,USER_NGO708062,Community NGO 8063,Not Provided,Jaipur - Citywide,11255,Mixed,26.9124,75.7873
NGO708063,USER_NGO708063,Community NGO 8064,Not Provided,Bengaluru - South,13755,Mixed,12.9716,77.5946
NGO708064,USER_NGO708064,Community NGO 8065,Not Provided,Bengaluru - South,9350,Mixed,12.9716,77.5946
NGO708067,USER_NGO708067,Community NGO 8068,Not Provided,Bengaluru - North,11105,Mixed,12.9716,77.5946
NGO700806,USER_NGO700806,Community NGO 807,Not Provided,Bengaluru - Central,11150,Mixed,12.9716,77.5946
NGO708069,USER_NGO708069,Community NGO 8070,Not Provided,Bengaluru - South,7720,Mixed,12.9716,77.5946
NGO708071,USER_NGO708071,Community NGO 8072,Not Provided,Ahmedabad - South,6615,Mixed,23.0225,72.5714
NGO708072,USER_NGO708072,Community NGO 8073,Not Provided,Jaipur - Central,3510,Mixed,26.9124,75.7873
NGO708073,USER_NGO708073,Community NGO 8074,Not Provided,Mumbai - West,6030,Mixed,19.076,72.8777
NGO708074,USER_NGO708074,Community NGO 8075,Not Provided,Chennai - Central,13175,Mixed,13.0827,80.2707
NGO708075,USER_NGO708075,Community NGO 8076,Not Provided,Delhi NCR - Central,1580,Mixed,28.6139,77.209
NGO708077,USER_NGO708077,Community NGO 8078,Not Provided,Chennai - South,7685,Mixed,13.0827,80.2707
NGO708078,USER_NGO708078,Community NGO 8079,Not Provided,Hyderabad - Central,6365,Mixed,17.385,78.4867
NGO708079,USER_NGO708079,Community NGO 8080,Not Provided,Ahmedabad - East,4465,Mixed,23.0225,72.5714
NGO708080,USER_NGO708080,Community NGO 8081,Not Provided,Jaipur - West,4425,Mixed,26.9124,75.7873
NGO708081,USER_NGO708081,Community NGO 8082,Not Provided,Ahmedabad - East,8440,Mixed,23.0225,72.5714
NGO708082,USER_NGO708082,Community NGO 8083,Not Provided,Hyderabad - South,7755,Mixed,17.385,78.4867
NGO708083,USER_NGO708083,Community NGO 8084,Not Provided,Chennai - North,7660,Mixed,13.0827,80.2707
NGO708085,USER_NGO708085,Community NGO 8086,Not Provided,Pune - East,5480,Mixed,18.5204,73.8567
NGO708086,USER_NGO708086,Community NGO 8087,Not Provided,Kolkata - Citywide,9025,Mixed,22.5726,88.3639
NGO708087,USER_NGO708087,Community NGO 8088,Not Provided,Delhi NCR - North,4415,Mixed,28.6139,77.209
NGO708088,USER_NGO708088,Community NGO 8089,Not Provided,Pune - Central,580,Mixed,18.5204,73.8567
NGO700808,USER_NGO700808,Community NGO 809,Not Provided,Pune - Citywide,1430,Mixed,18.5204,73.8567
NGO708089,USER_NGO708089,Community NGO 8090,Not Provided,Bengaluru - Citywide,1800,Mixed,12.9716,77.5946
NGO708090,USER_NGO708090,Community NGO 8091,Not Provided,Chennai - West,8715,Mixed,13.0827,80.2707
NGO708092,USER_NGO708092,Community NGO 8093,Not Provided,Bengaluru - West,5140,Mixed,12.9716,77.5946
NGO708093,USER_NGO708093,Community NGO 8094,Not Provided,Chennai - East,3715,Mixed,13.0827,80.2707
NGO708094,USER_NGO708094,Community NGO 8095,Not Provided,Jaipur - Central,12250,Mixed,26.9124,75.7873
NGO708095,USER_NGO708095,Community NGO 8096,Not Provided,Mumbai - North,6520,Mixed,19.076,72.8777
NGO708096,USER_NGO708096,Community NGO 8097,Not Provided,Chennai - North,400,Mixed,13.0827,80.2707
NGO708097,USER_NGO708097,Community NGO 8098,Not Provided,Jaipur - Central,1400,Mixed,26.9124,75.7873
NGO700080,USER_NGO700080,Community NGO 81,Not Provided,Delhi NCR - South,12260,Mixed,28.6139,77.209
NGO700809,USER_NGO700809,Community NGO 810,Not Provided,Kolkata - East,3385,Mixed,22.5726,88.3639
NGO708100,USER_NGO708100,Community NGO 8101,Not Provided,Chennai - South,14030,Mixed,13.0827,80.2707
NGO708101,USER_NGO708101,Community NGO 8102,Not Provided,Remote - West,7595,Mixed,20.5937,78.9629
NGO708102,USER_NGO708102,Community NGO 8103,Not Provided,Remote - Central,10370,Mixed,20.5937,78.9629
NGO708104,USER_NGO708104,Community NGO 8105,Not Provided,Chennai - Central,6060,Mixed,13.0827,80.2707
NGO708106,USER_NGO708106,Community NGO 8107,Not Provided,Jaipur - Central,10600,Mixed,26.9124,75.7873
NGO708107,USER_NGO708107,Community NGO 8108,Not Provided,Kolkata - Citywide,9175,Mixed,22.5726,88.3639
NGO708108,USER_NGO708108,Community NGO 8109,Not Provided,Pune - South,2880,Mixed,18.5204,73.8567
NGO700810,USER_NGO700810,Community NGO 811,Not Provided,Pune - North,12660,Mixed,18.5204,73.8567
NGO708109,USER_NGO708109,Community NGO 8110,Not Provided,Ahmedabad - Citywide,3270,Mixed,23.0225,72.5714
NGO708110,USER_NGO708110,Community NGO 8111,Not Provided,Bengaluru - East,12700,Mixed,12.9716,77.5946
NGO708111,USER_NGO708111,Community NGO 8112,Not Provided,Kolkata - Citywide,6695,Mixed,22.5726,88.3639
NGO708113,USER_NGO708113,Community NGO 8114,Not Provided,Pune - North,2035,Mixed,18.5204,73.8567
NGO708114,USER_NGO708114,Community NGO 8115,Not Provided,Kolkata - North,11440,Mixed,22.5726,88.3639
NGO708115,USER_NGO708115,Community NGO 8116,Not Provided,Mumbai - East,4040,Mixed,19.076,72.8777
NGO708116,USER_NGO708116,Community NGO 8117,Not Provided,Mumbai - South,5320,Mixed,19.076,72.8777
NGO708117,USER_NGO708117,Community NGO 8118,Not Provided,Delhi NCR - East,340,Mixed,28.6139,77.209
NGO708118,USER_NGO708118,Community NGO 8119,Not Provided,Chennai - South,13290,Mixed,13.0827,80.2707
NGO708119,USER_NGO708119,Community NGO 8120,Not Provided,Bengaluru - North,3885,Mixed,12.9716,77.5946
NGO708120,USER_NGO708120,Community NGO 8121,Not Provided,Bengaluru - West,14825,Mixed,12.9716,77.5946
NGO708121,USER_NGO708121,Community NGO 8122,Not Provided,Jaipur - Central,7740,Mixed,26.9124,75.7873
NGO708122,USER_NGO708122,Community NGO 8123,Not Provided,Mumbai - South,13510,Mixed,19.076,72.8777
NGO708123,USER_NGO708123,Community NGO 8124,Not Provided,Mumbai - Central,14140,Mixed,19.076,72.8777
NGO708126,USER_NGO708126,Community NGO 8127,Not Provided,Chennai - Central,2465,Mixed,13.0827,80.2707
NGO708127,USER_NGO708127,Community NGO 8128,Not Provided,Delhi NCR - South,755,Mixed,28.6139,77.209
NGO708128,USER_NGO708128,Community NGO 8129,Not Provided,Remote - Citywide,3205,Mixed,20.5937,78.9629
NGO700812,USER_NGO700812,Community NGO 813,Not Provided,Ahmedabad - North,2655,Mixed,23.0225,72.5714
NGO708130,USER_NGO708130,Community NGO 8131,Not Provided,Ahmedabad - North,5115,Mixed,23.0225,72.5714
NGO708131,USER_NGO708131,Community NGO 8132,Not Provided,Jaipur - Central,1960,Mixed,26.9124,75.7873
NGO708132,USER_NGO708132,Community NGO 8133,Not Provided,Kolkata - South,2545,Mixed,22.5726,88.3639
NGO708133,USER_NGO708133,Community NGO 8134,Not Provided,Delhi NCR - West,8415,Mixed,28.6139,77.209
NGO708135,USER_NGO708135,Community NGO 8136,Not Provided,Kolkata - Citywide,8610,Mixed,22.5726,88.3639
NGO708136,USER_NGO708136,Community NGO 8137,Not Provided,Remote - South,11335,Mixed,20.5937,78.9629
NGO708137,USER_NGO708137,Community NGO 8138,Not Provided,Ahmedabad - East,14630,Mixed,23.0225,72.5714
NGO708138,USER_NGO708138,Community NGO 8139,Not Provided,Ahmedabad - South,4640,Mixed,23.0225,72.5714
NGO708139,USER_NGO708139,Community NGO 8140,Not Provided,Mumbai - Central,5920,Mixed,19.076,72.8777
NGO708140,USER_NGO708140,Community NGO 8141,Not Provided,Kolkata - West,7780,Mixed,22.5726,88.3639
NGO708141,USER_NGO708141,Community NGO 8142,Not Provided,Chennai - South,2735,Mixed,13.0827,80.2707
NGO708142,USER_NGO708142,Community NGO 8143,Not Provided,Remote - North,660,Mixed,20.5937,78.9629
NGO708143,USER_NGO708143,Community NGO 8144,Not Provided,Kolkata - Central,5990,Mixed,22.5726,88.3639
NGO708144,USER_NGO708144,Community NGO 8145,Not Provided,Bengaluru - North,13585,Mixed,12.9716,77.5946
NGO708145,USER_NGO708145,Community NGO 8146,Not Provided,Delhi NCR - West,470,Mixed,28.6139,77.209
NGO708146,USER_NGO708146,Community NGO 8147,Not Provided,Remote - Central,9155,Mixed,20.5937,78.9629
NGO708147,USER_NGO708147,Community NGO 8148,Not Provided,Chennai - Citywide,1875,Mixed,13.0827,80.2707
NGO708148,USER_NGO708148,Community NGO 8149,Not Provided,Bengaluru - East,6800,Mixed,12.9716,77.5946
NGO700814,USER_NGO700814,Community NGO 815,Not Provided,Hyderabad - Central,12055,Mixed,17.385,78.4867
NGO708150,USER_NGO708150,Community NGO 8151,Not Provided,Hyderabad - South,5635,Mixed,17.385,78.4867
NGO708151,USER_NGO708151,Community NGO 8152,Not Provided,Hyderabad - Central,7510,Mixed,17.385,78.4867
NGO708152,USER_NGO708152,Community NGO 8153,Not Provided,Kolkata - South,7225,Mixed,22.5726,88.3639
NGO708154,USER_NGO708154,Community NGO 8155,Not Provided,Pune - West,5455,Mixed,18.5204,73.8567
NGO708155,USER_NGO708155,Community NGO 8156,Not Provided,Jaipur - West,4160,Mixed,26.9124,75.7873
NGO708157,USER_NGO708157,Community NGO 8158,Not Provided,Mumbai - Citywide,5590,Mixed,19.076,72.8777
NGO708159,USER_NGO708159,Community NGO 8160,Not Provided,Remote - East,325,Mixed,20.5937,78.9629
NGO708160,USER_NGO708160,Community NGO 8161,Not Provided,Mumbai - South,8405,Mixed,19.076,72.8777
NGO708162,USER_NGO708162,Community NGO 8163,Not Provided,Delhi NCR - North,1365,Mixed,28.6139,77.209
NGO708163,USER_NGO708163,Community NGO 8164,Not Provided,Pune - North,6610,Mixed,18.5204,73.8567
NGO708164,USER_NGO708164,Community NGO 8165,Not Provided,Kolkata - East,2010,Mixed,22.5726,88.3639
NGO708165,USER_NGO708165,Community NGO 8166,Not Provided,Ahmedabad - Citywide,165,Mixed,23.0225,72.5714
NGO708166,USER_NGO708166,Community NGO 8167,Not Provided,Mumbai - Central,13405,Mixed,19.076,72.8777
NGO708167,USER_NGO708167,Community NGO 8168,Not Provided,Pune - West,14185,Mixed,18.5204,73.8567
NGO708168,USER_NGO708168,Community NGO 8169,Not Provided,Pune - North,3645,Mixed,18.5204,73.8567
NGO700816,USER_NGO700816,Community NGO 817,Not Provided,Ahmedabad - East,1790,Mixed,23.0225,72.5714
NGO708169,USER_NGO708169,Community NGO 8170,Not Provided,Chennai - Central,6125,Mixed,13.0827,80.2707
NGO708170,USER_NGO708170,Community NGO 8171,Not Provided,Chennai - Citywide,13495,Mixed,13.0827,80.2707
NGO708171,USER_NGO708171,Community NGO 8172,Not Provided,Bengaluru - South,8075,Mixed,12.9716,77.5946
NGO708174,USER_NGO708174,Community NGO 8175,Not Provided,Chennai - South,11960,Mixed,13.0827,80.2707
NGO708178,USER_NGO708178,Community NGO 8179,Not Provided,Delhi NCR - Central,7290,Mixed,28.6139,77.209
NGO700817,USER_NGO700817,Community NGO 818,Not Provided,Ahmedabad - West,13710,Mixed,23.0225,72.5714
NGO708179,USER_NGO708179,Community NGO 8180,Not Provided,Pune - South,6405,Mixed,18.5204,73.8567
NGO708180,USER_NGO708180,Community NGO 8181,Not Provided,Delhi NCR - West,6265,Mixed,28.6139,77.209
NGO708183,USER_NGO708183,Community NGO 8184,Not Provided,Pune - East,7560,Mixed,18.5204,73.8567
NGO708184,USER_NGO708184,Community NGO 8185,Not Provided,Kolkata - Central,3235,Mixed,22.5726,88.3639
NGO708185,USER_NGO708185,Community NGO 8186,Not Provided,Ahmedabad - South,12770,Mixed,23.0225,72.5714
NGO708186,USER_NGO708186,Community NGO 8187,Not Provided,Jaipur - East,2805,Mixed,26.9124,75.7873
NGO708188,USER_NGO708188,Community NGO 8189,Not Provided,Jaipur - West,5255,Mixed,26.9124,75.7873
NGO700818,USER_NGO700818,Community NGO 819,Not Provided,Mumbai - South,8085,Mixed,19.076,72.8777
NGO708189,USER_NGO708189,Community NGO 8190,Not Provided,Chennai - North,12695,Mixed,13.0827,80.2707
NGO708190,USER_NGO708190,Community NGO 8191,Not Provided,Mumbai - Central,14165,Mixed,19.076,72.8777
NGO708191,USER_NGO708191,Community NGO 8192,Not Provided,Mumbai - East,11205,Mixed,19.076,72.8777
NGO708192,USER_NGO708192,Community NGO 8193,Not Provided,Delhi NCR - North,9490,Mixed,28.6139,77.209
NGO708194,USER_NGO708194,Community NGO 8195,Not Provided,Ahmedabad - South,7135,Mixed,23.0225,72.5714
NGO708195,USER_NGO708195,Community NGO 8196,Not Provided,Remote - North,8070,Mixed,20.5937,78.9629
NGO708196,USER_NGO708196,Community NGO 8197,Not Provided,Kolkata - East,5985,Mixed,22.5726,88.3639
NGO708197,USER_NGO708197,Community NGO 8198,Not Provided,Remote - Citywide,14050,Mixed,20.5937,78.9629
NGO708198,USER_NGO708198,Community NGO 8199,Not Provided,Pune - East,14875,Mixed,18.5204,73.8567
NGO700081,USER_NGO700081,Community NGO 82,Not Provided,Chennai - Central,8410,Mixed,13.0827,80.2707
NGO708199,USER_NGO708199,Community NGO 8200,Not Provided,Delhi NCR - Citywide,6015,Mixed,28.6139,77.209
NGO708200,USER_NGO708200,Community NGO 8201,Not Provided,Delhi NCR - West,6420,Mixed,28.6139,77.209
NGO708201,USER_NGO708201,Community NGO 8202,Not Provided,Delhi NCR - Central,640,Mixed,28.6139,77.209
NGO708203,USER_NGO708203,Community NGO 8204,Not Provided,Chennai - East,11930,Mixed,13.0827,80.2707
NGO708204,USER_NGO708204,Community NGO 8205,Not Provided,Remote - South,540,Mixed,20.5937,78.9629
NGO708206,USER_NGO708206,Community NGO 8207,Not Provided,Mumbai - North,11425,Mixed,19.076,72.8777
NGO708208,USER_NGO708208,Community NGO 8209,Not Provided,Mumbai - North,11520,Mixed,19.076,72.8777
NGO700820,USER_NGO700820,Community NGO 821,Not Provided,Mumbai - Central,14825,Mixed,19.076,72.8777
NGO708209,USER_NGO708209,Community NGO 8210,Not Provided,Kolkata - North,390,Mixed,22.5726,88.3639
NGO708210,USER_NGO708210,Community NGO 8211,Not Provided,Ahmedabad - Citywide,460,Mixed,23.0225,72.5714
NGO708211,USER_NGO708211,Community NGO 8212,Not Provided,Pune - Citywide,7470,Mixed,18.5204,73.8567
NGO708213,USER_NGO708213,Community NGO 8214,Not Provided,Remote - East,12630,Mixed,20.5937,78.9629
NGO708214,USER_NGO708214,Community NGO 8215,Not Provided,Chennai - North,13300,Mixed,13.0827,80.2707
NGO708215,USER_NGO708215,Community NGO 8216,Not Provided,Kolkata - North,12240,Mixed,22.5726,88.3639
NGO708217,USER_NGO708217,Community NGO 8218,Not Provided,Chennai - East,1935,Mixed,13.0827,80.2707
NGO708218,USER_NGO708218,Community NGO 8219,Not Provided,Remote - Central,12285,Mixed,20.5937,78.9629
NGO700821,USER_NGO700821,Community NGO 822,Not Provided,Delhi NCR - Central,4550,Mixed,28.6139,77.209
NGO708221,USER_NGO708221,Community NGO 8222,Not Provided,Kolkata - South,2220,Mixed,22.5726,88.3639
NGO708222,USER_NGO708222,Community NGO 8223,Not Provided,Bengaluru - West,6510,Mixed,12.9716,77.5946
NGO708224,USER_NGO708224,Community NGO 8225,Not Provided,Pune - South,14005,Mixed,18.5204,73.8567
NGO708225,USER_NGO708225,Community NGO 8226,Not Provided,Kolkata - West,10990,Mixed,22.5726,88.3639
NGO708227,USER_NGO708227,Community NGO 8228,Not Provided,Ahmedabad - Citywide,1410,Mixed,23.0225,72.5714
NGO700822,USER_NGO700822,Community NGO 823,Not Provided,Remote - East,7925,Mixed,20.5937,78.9629
NGO708230,USER_NGO708230,Community NGO 8231,Not Provided,Mumbai - Citywide,820,Mixed,19.076,72.8777
NGO708231,USER_NGO708231,Community NGO 8232,Not Provided,Remote - Central,1580,Mixed,20.5937,78.9629
NGO708232,USER_NGO708232,Community NGO 8233,Not Provided,Jaipur - South,2295,Mixed,26.9124,75.7873
NGO708233,USER_NGO708233,Community NGO 8234,Not Provided,Jaipur - West,8610,Mixed,26.9124,75.7873
NGO708234,USER_NGO708234,Community NGO 8235,Not Provided,Remote - South,10285,Mixed,20.5937,78.9629
NGO708235,USER_NGO708235,Community NGO 8236,Not Provided,Remote - Central,7080,Mixed,20.5937,78.9629
NGO708236,USER_NGO708236,Community NGO 8237,Not Provided,Jaipur - East,8845,Mixed,26.9124,75.7873
NGO708237,USER_NGO708237,Community NGO 8238,Not Provided,Kolkata - North,7380,Mixed,22.5726,88.3639
NGO708238,USER_NGO708238,Community NGO 8239,Not Provided,Remote - East,7305,Mixed,20.5937,78.9629
NGO700823,USER_NGO700823,Community NGO 824,Not Provided,Remote - East,8200,Mixed,20.5937,78.9629
NGO708239,USER_NGO708239,Community NGO 8240,Not Provided,Ahmedabad - Central,1030,Mixed,23.0225,72.5714
NGO708240,USER_NGO708240,Community NGO 8241,Not Provided,Delhi NCR - North,11690,Mixed,28.6139,77.209
NGO708241,USER_NGO708241,Community NGO 8242,Not Provided,Hyderabad - South,10785,Mixed,17.385,78.4867
NGO708242,USER_NGO708242,Community NGO 8243,Not Provided,Hyderabad - Citywide,2695,Mixed,17.385,78.4867
NGO708244,USER_NGO708244,Community NGO 8245,Not Provided,Kolkata - West,2515,Mixed,22.5726,88.3639
NGO708245,USER_NGO708245,Community NGO 8246,Not Provided,Hyderabad - Central,555,Mixed,17.385,78.4867
NGO708246,USER_NGO708246,Community NGO 8247,Not Provided,Ahmedabad - North,7545,Mixed,23.0225,72.5714
NGO708247,USER_NGO708247,Community NGO 8248,Not Provided,Remote - South,4800,Mixed,20.5937,78.9629
NGO708248,USER_NGO708248,Community NGO 8249,Not Provided,Chennai - North,10555,Mixed,13.0827,80.2707
NGO700824,USER_NGO700824,Community NGO 825,Not Provided,Delhi NCR - East,110,Mixed,28.6139,77.209
NGO708249,USER_NGO708249,Community NGO 8250,Not Provided,Ahmedabad - South,13465,Mixed,23.0225,72.5714
NGO708250,USER_NGO708250,Community NGO 8251,Not Provided,Pune - North,2160,Mixed,18.5204,73.8567
NGO708251,USER_NGO708251,Community NGO 8252,Not Provided,Mumbai - North,4175,Mixed,19.076,72.8777
NGO708252,USER_NGO708252,Community NGO 8253,Not Provided,Chennai - West,9410,Mixed,13.0827,80.2707
NGO708253,USER_NGO708253,Community NGO 8254,Not Provided,Jaipur - West,13600,Mixed,26.9124,75.7873
NGO708254,USER_NGO708254,Community NGO 8255,Not Provided,Chennai - Citywide,6035,Mixed,13.0827,80.2707
NGO708255,USER_NGO708255,Community NGO 8256,Not Provided,Jaipur - Citywide,5535,Mixed,26.9124,75.7873
NGO708256,USER_NGO708256,Community NGO 8257,Not Provided,Delhi NCR - Central,7765,Mixed,28.6139,77.209
NGO708257,USER_NGO708257,Community NGO 8258,Not Provided,Bengaluru - West,3010,Mixed,12.9716,77.5946
NGO708258,USER_NGO708258,Community NGO 8259,Not Provided,Kolkata - Citywide,8405,Mixed,22.5726,88.3639
NGO700825,USER_NGO700825,Community NGO 826,Not Provided,Delhi NCR - North,855,Mixed,28.6139,77.209
NGO708260,USER_NGO708260,Community NGO 8261,Not Provided,Remote - West,5695,Mixed,20.5937,78.9629
NGO708261,USER_NGO708261,Community NGO 8262,Not Provided,Delhi NCR - East,2950,Mixed,28.6139,77.209
NGO708263,USER_NGO708263,Community NGO 8264,Not Provided,Ahmedabad - East,12425,Mixed,23.0225,72.5714
NGO708264,USER_NGO708264,Community NGO 8265,Not Provided,Kolkata - West,12240,Mixed,22.5726,88.3639
NGO708265,USER_NGO708265,Community NGO 8266,Not Provided,Chennai - Citywide,12975,Mixed,13.0827,80.2707
NGO708266,USER_NGO708266,Community NGO 8267,Not Provided,Mumbai - Citywide,6575,Mixed,19.076,72.8777
NGO708267,USER_NGO708267,Community NGO 8268,Not Provided,Delhi NCR - Citywide,12685,Mixed,28.6139,77.209
NGO708268,USER_NGO708268,Community NGO 8269,Not Provided,Bengaluru - West,3950,Mixed,12.9716,77.5946
NGO700826,USER_NGO700826,Community NGO 827,Not Provided,Pune - Central,6955,Mixed,18.5204,73.8567
NGO708269,USER_NGO708269,Community NGO 8270,Not Provided,Delhi NCR - North,8725,Mixed,28.6139,77.209
NGO708270,USER_NGO708270,Community NGO 8271,Not Provided,Delhi NCR - South,9740,Mixed,28.6139,77.209
NGO708271,USER_NGO708271,Community NGO 8272,Not Provided,Chennai - North,6870,Mixed,13.0827,80.2707
NGO708272,USER_NGO708272,Community NGO 8273,Not Provided,Remote - North,1725,Mixed,20.5937,78.9629
NGO708274,USER_NGO708274,Community NGO 8275,Not Provided,Chennai - South,7390,Mixed,13.0827,80.2707
NGO708275,USER_NGO708275,Community NGO 8276,Not Provided,Chennai - East,2180,Mixed,13.0827,80.2707
NGO708276,USER_NGO708276,Community NGO 8277,Not Provided,Mumbai - Central,3590,Mixed,19.076,72.8777
NGO708277,USER_NGO708277,Community NGO 8278,Not Provided,Hyderabad - East,5675,Mixed,17.385,78.4867
NGO708278,USER_NGO708278,Community NGO 8279,Not Provided,Ahmedabad - Central,930,Mixed,23.0225,72.5714
NGO700827,USER_NGO700827,Community NGO 828,Not Provided,Hyderabad - East,10935,Mixed,17.385,78.4867
NGO708279,USER_NGO708279,Community NGO 8280,Not Provided,Delhi NCR - North,13345,Mixed,28.6139,77.209
NGO708280,USER_NGO708280,Community NGO 8281,Not Provided,Hyderabad - West,3350,Mixed,17.385,78.4867
NGO708281,USER_NGO708281,Community NGO 8282,Not Provided,Remote - Citywide,2435,Mixed,20.5937,78.9629
NGO708283,USER_NGO708283,Community NGO 8284,Not Provided,Ahmedabad - South,13800,Mixed,23.0225,72.5714
NGO708284,USER_NGO708284,Community NGO 8285,Not Provided,Hyderabad - South,11795,Mixed,17.385,78.4867
NGO708285,USER_NGO708285,Community NGO 8286,Not Provided,Bengaluru - Citywide,12470,Mixed,12.9716,77.5946
NGO708286,USER_NGO708286,Community NGO 8287,Not Provided,Jaipur - Central,2655,Mixed,26.9124,75.7873
NGO708287,USER_NGO708287,Community NGO 8288,Not Provided,Remote - Citywide,5595,Mixed,20.5937,78.9629
NGO708289,USER_NGO708289,Community NGO 8290,Not Provided,Kolkata - Citywide,14535,Mixed,22.5726,88.3639
NGO708290,USER_NGO708290,Community NGO 8291,Not Provided,Kolkata - West,13370,Mixed,22.5726,88.3639
NGO708291,USER_NGO708291,Community NGO 8292,Not Provided,Remote - Citywide,6360,Mixed,20.5937,78.9629
NGO708295,USER_NGO708295,Community NGO 8296,Not Provided,Kolkata - East,10395,Mixed,22.5726,88.3639
NGO708296,USER_NGO708296,Community NGO 8297,Not Provided,Delhi NCR - East,2970,Mixed,28.6139,77.209
NGO708297,USER_NGO708297,Community NGO 8298,Not Provided,Mumbai - East,5680,Mixed,19.076,72.8777
NGO708298,USER_NGO708298,Community NGO 8299,Not Provided,Bengaluru - West,9210,Mixed,12.9716,77.5946
NGO700082,USER_NGO700082,Community NGO 83,Not Provided,Remote - Central,12200,Mixed,20.5937,78.9629
NGO708300,USER_NGO708300,Community NGO 8301,Not Provided,Pune - East,8880,Mixed,18.5204,73.8567
NGO708303,USER_NGO708303,Community NGO 8304,Not Provided,Remote - Citywide,2660,Mixed,20.5937,78.9629
NGO708304,USER_NGO708304,Community NGO 8305,Not Provided,Mumbai - Central,6235,Mixed,19.076,72.8777
NGO708305,USER_NGO708305,Community NGO 8306,Not Provided,Chennai - South,1325,Mixed,13.0827,80.2707
NGO708306,USER_NGO708306,Community NGO 8307,Not Provided,Ahmedabad - Citywide,5240,Mixed,23.0225,72.5714
NGO708307,USER_NGO708307,Community NGO 8308,Not Provided,Bengaluru - South,965,Mixed,12.9716,77.5946
NGO708308,USER_NGO708308,Community NGO 8309,Not Provided,Kolkata - North,5065,Mixed,22.5726,88.3639
NGO700830,USER_NGO700830,Community NGO 831,Not Provided,Kolkata - Central,8465,Mixed,22.5726,88.3639
NGO708310,USER_NGO708310,Community NGO 8311,Not Provided,Pune - South,14405,Mixed,18.5204,73.8567
NGO708311,USER_NGO708311,Community NGO 8312,Not Provided,Remote - South,2695,Mixed,20.5937,78.9629
NGO708312,USER_NGO708312,Community NGO 8313,Not Provided,Hyderabad - South,12670,Mixed,17.385,78.4867
NGO708313,USER_NGO708313,Community NGO 8314,Not Provided,Remote - North,4495,Mixed,20.5937,78.9629
NGO708314,USER_NGO708314,Community NGO 8315,Not Provided,Kolkata - South,3320,Mixed,22.5726,88.3639
NGO708315,USER_NGO708315,Community NGO 8316,Not Provided,Bengaluru - West,2740,Mixed,12.9716,77.5946
NGO708316,USER_NGO708316,Community NGO 8317,Not Provided,Delhi NCR - Citywide,13410,Mixed,28.6139,77.209
NGO708317,USER_NGO708317,Community NGO 8318,Not Provided,Delhi NCR - West,14505,Mixed,28.6139,77.209
NGO700831,USER_NGO700831,Community NGO 832,Not Provided,Remote - Citywide,12460,Mixed,20.5937,78.9629
NGO708319,USER_NGO708319,Community NGO 8320,Not Provided,Pune - East,6360,Mixed,18.5204,73.8567
NGO708320,USER_NGO708320,Community NGO 8321,Not Provided,Pune - Citywide,2610,Mixed,18.5204,73.8567
NGO708321,USER_NGO708321,Community NGO 8322,Not Provided,Chennai - South,10150,Mixed,13.0827,80.2707
NGO708322,USER_NGO708322,Community NGO 8323,Not Provided,Pune - South,3095,Mixed,18.5204,73.8567
NGO708324,USER_NGO708324,Community NGO 8325,Not Provided,Kolkata - East,5360,Mixed,22.5726,88.3639
NGO708325,USER_NGO708325,Community NGO 8326,Not Provided,Bengaluru - North,6570,Mixed,12.9716,77.5946
NGO708326,USER_NGO708326,Community NGO 8327,Not Provided,Ahmedabad - East,9880,Mixed,23.0225,72.5714
NGO708327,USER_NGO708327,Community NGO 8328,Not Provided,Remote - Central,555,Mixed,20.5937,78.9629
NGO708328,USER_NGO708328,Community NGO 8329,Not Provided,Mumbai - West,12370,Mixed,19.076,72.8777
NGO700832,USER_NGO700832,Community NGO 833,Not Provided,Delhi NCR - Citywide,4105,Mixed,28.6139,77.209
NGO708329,USER_NGO708329,Community NGO 8330,Not Provided,Delhi NCR - North,14940,Mixed,28.6139,77.209
NGO708330,USER_NGO708330,Community NGO 8331,Not Provided,Hyderabad - North,11225,Mixed,17.385,78.4867
NGO708331,USER_NGO708331,Community NGO 8332,Not Provided,Hyderabad - East,8630,Mixed,17.385,78.4867
NGO708333,USER_NGO708333,Community NGO 8334,Not Provided,Delhi NCR - South,11740,Mixed,28.6139,77.209
NGO708334,USER_NGO708334,Community NGO 8335,Not Provided,Ahmedabad - East,14450,Mixed,23.0225,72.5714
NGO708337,USER_NGO708337,Community NGO 8338,Not Provided,Mumbai - West,13560,Mixed,19.076,72.8777
NGO708338,USER_NGO708338,Community NGO 8339,Not Provided,Mumbai - West,1530,Mixed,19.076,72.8777
NGO708340,USER_NGO708340,Community NGO 8341,Not Provided,Pune - North,13990,Mixed,18.5204,73.8567
NGO708342,USER_NGO708342,Community NGO 8343,Not Provided,Kolkata - East,5345,Mixed,22.5726,88.3639
NGO708343,USER_NGO708343,Community NGO 8344,Not Provided,Chennai - West,8335,Mixed,13.0827,80.2707
NGO708344,USER_NGO708344,Community NGO 8345,Not Provided,Bengaluru - North,4800,Mixed,12.9716,77.5946
NGO708346,USER_NGO708346,Community NGO 8347,Not Provided,Chennai - West,8285,Mixed,13.0827,80.2707
NGO708347,USER_NGO708347,Community NGO 8348,Not Provided,Pune - South,1725,Mixed,18.5204,73.8567
NGO708349,USER_NGO708349,Community NGO 8350,Not Provided,Jaipur - West,3315,Mixed,26.9124,75.7873
NGO708350,USER_NGO708350,Community NGO 8351,Not Provided,Bengaluru - Central,6310,Mixed,12.9716,77.5946
NGO708351,USER_NGO708351,Community NGO 8352,Not Provided,Remote - South,10425,Mixed,20.5937,78.9629
NGO708352,USER_NGO708352,Community NGO 8353,Not Provided,Pune - North,790,Mixed,18.5204,73.8567
NGO708353,USER_NGO708353,Community NGO 8354,Not Provided,Jaipur - East,13915,Mixed,26.9124,75.7873
NGO708354,USER_NGO708354,Community NGO 8355,Not Provided,Jaipur - Central,6160,Mixed,26.9124,75.7873
NGO708355,USER_NGO708355,Community NGO 8356,Not Provided,Remote - Central,7165,Mixed,20.5937,78.9629
NGO708356,USER_NGO708356,Community NGO 8357,Not Provided,Bengaluru - East,1775,Mixed,12.9716,77.5946
NGO708357,USER_NGO708357,Community NGO 8358,Not Provided,Remote - Citywide,9900,Mixed,20.5937,78.9629
NGO708358,USER_NGO708358,Community NGO 8359,Not Provided,Mumbai - East,4245,Mixed,19.076,72.8777
NGO700835,USER_NGO700835,Community NGO 836,Not Provided,Jaipur - East,9555,Mixed,26.9124,75.7873
NGO708359,USER_NGO708359,Community NGO 8360,Not Provided,Chennai - West,7535,Mixed,13.0827,80.2707
NGO708360,USER_NGO708360,Community NGO 8361,Not Provided,Chennai - North,11435,Mixed,13.0827,80.2707
NGO708361,USER_NGO708361,Community NGO 8362,Not Provided,Chennai - West,2870,Mixed,13.0827,80.2707
NGO708362,USER_NGO708362,Community NGO 8363,Not Provided,Delhi NCR - West,9750,Mixed,28.6139,77.209
NGO708363,USER_NGO708363,Community NGO 8364,Not Provided,Pune - East,4020,Mixed,18.5204,73.8567
NGO708364,USER_NGO708364,Community NGO 8365,Not Provided,Delhi NCR - North,2000,Mixed,28.6139,77.209
NGO708365,USER_NGO708365,Community NGO 8366,Not Provided,Jaipur - Citywide,6785,Mixed,26.9124,75.7873
NGO708366,USER_NGO708366,Community NGO 8367,Not Provided,Ahmedabad - Central,9380,Mixed,23.0225,72.5714
NGO708367,USER_NGO708367,Community NGO 8368,Not Provided,Hyderabad - South,9285,Mixed,17.385,78.4867
NGO708368,USER_NGO708368,Community NGO 8369,Not Provided,Bengaluru - Citywide,12015,Mixed,12.9716,77.5946
NGO700836,USER_NGO700836,Community NGO 837,Not Provided,Jaipur - East,13080,Mixed,26.9124,75.7873
NGO708369,USER_NGO708369,Community NGO 8370,Not Provided,Chennai - East,6785,Mixed,13.0827,80.2707
NGO708370,USER_NGO708370,Community NGO 8371,Not Provided,Jaipur - East,8465,Mixed,26.9124,75.7873
NGO708371,USER_NGO708371,Community NGO 8372,Not Provided,Remote - East,9440,Mixed,20.5937,78.9629
NGO708372,USER_NGO708372,Community NGO 8373,Not Provided,Mumbai - East,1910,Mixed,19.076,72.8777
NGO708373,USER_NGO708373,Community NGO 8374,Not Provided,Delhi NCR - North,10745,Mixed,28.6139,77.209
NGO708374,USER_NGO708374,Community NGO 8375,Not Provided,Remote - East,11170,Mixed,20.5937,78.9629
NGO708375,USER_NGO708375,Community NGO 8376,Not Provided,Remote - East,2750,Mixed,20.5937,78.9629
NGO708376,USER_NGO708376,Community NGO 8377,Not Provided,Mumbai - South,6770,Mixed,19.076,72.8777
NGO708377,USER_NGO708377,Community NGO 8378,Not Provided,Delhi NCR - East,1095,Mixed,28.6139,77.209
NGO708378,USER_NGO708378,Community NGO 8379,Not Provided,Kolkata - North,2315,Mixed,22.5726,88.3639
NGO700837,USER_NGO700837,Community NGO 838,Not Provided,Bengaluru - Central,12275,Mixed,12.9716,77.5946
NGO708379,USER_NGO708379,Community NGO 8380,Not Provided,Ahmedabad - North,5660,Mixed,23.0225,72.5714
NGO708380,USER_NGO708380,Community NGO 8381,Not Provided,Pune - West,13540,Mixed,18.5204,73.8567
NGO708381,USER_NGO708381,Community NGO 8382,Not Provided,Bengaluru - East,13910,Mixed,12.9716,77.5946
NGO708382,USER_NGO708382,Community NGO 8383,Not Provided,Jaipur - West,14175,Mixed,26.9124,75.7873
NGO708383,USER_NGO708383,Community NGO 8384,Not Provided,Bengaluru - West,805,Mixed,12.9716,77.5946
NGO708384,USER_NGO708384,Community NGO 8385,Not Provided,Ahmedabad - Citywide,3290,Mixed,23.0225,72.5714
NGO708385,USER_NGO708385,Community NGO 8386,Not Provided,Mumbai - East,10520,Mixed,19.076,72.8777
NGO708387,USER_NGO708387,Community NGO 8388,Not Provided,Remote - East,13565,Mixed,20.5937,78.9629
NGO700838,USER_NGO700838,Community NGO 839,Not Provided,Jaipur - East,3815,Mixed,26.9124,75.7873
NGO708390,USER_NGO708390,Community NGO 8391,Not Provided,Jaipur - East,11590,Mixed,26.9124,75.7873
NGO708391,USER_NGO708391,Community NGO 8392,Not Provided,Kolkata - Central,105,Mixed,22.5726,88.3639
NGO708392,USER_NGO708392,Community NGO 8393,Not Provided,Bengaluru - Central,5650,Mixed,12.9716,77.5946
NGO708393,USER_NGO708393,Community NGO 8394,Not Provided,Ahmedabad - South,8315,Mixed,23.0225,72.5714
NGO708394,USER_NGO708394,Community NGO 8395,Not Provided,Bengaluru - South,3635,Mixed,12.9716,77.5946
NGO708395,USER_NGO708395,Community NGO 8396,Not Provided,Chennai - South,13070,Mixed,13.0827,80.2707
NGO708396,USER_NGO708396,Community NGO 8397,Not Provided,Remote - East,12935,Mixed,20.5937,78.9629
NGO708397,USER_NGO708397,Community NGO 8398,Not Provided,Kolkata - Central,3325,Mixed,22.5726,88.3639
NGO708398,USER_NGO708398,Community NGO 8399,Not Provided,Hyderabad - Citywide,7605,Mixed,17.385,78.4867
NGO700083,USER_NGO700083,Community NGO 84,Not Provided,Delhi NCR - West,7715,Mixed,28.6139,77.209
NGO700839,USER_NGO700839,Community NGO 840,Not Provided,Delhi NCR - West,1890,Mixed,28.6139,77.209
NGO708399,USER_NGO708399,Community NGO 8400,Not Provided,Remote - West,1205,Mixed,20.5937,78.9629
NGO708400,USER_NGO708400,Community NGO 8401,Not Provided,Pune - East,2010,Mixed,18.5204,73.8567
NGO708402,USER_NGO708402,Community NGO 8403,Not Provided,Kolkata - South,1540,Mixed,22.5726,88.3639
NGO708403,USER_NGO708403,Community NGO 8404,Not Provided,Delhi NCR - East,9780,Mixed,28.6139,77.209
NGO708404,USER_NGO708404,Community NGO 8405,Not Provided,Pune - West,810,Mixed,18.5204,73.8567
NGO708405,USER_NGO708405,Community NGO 8406,Not Provided,Pune - West,11300,Mixed,18.5204,73.8567
NGO708406,USER_NGO708406,Community NGO 8407,Not Provided,Bengaluru - West,1560,Mixed,12.9716,77.5946
NGO708407,USER_NGO708407,Community NGO 8408,Not Provided,Hyderabad - South,14980,Mixed,17.385,78.4867
NGO708408,USER_NGO708408,Community NGO 8409,Not Provided,Chennai - Citywide,11205,Mixed,13.0827,80.2707
NGO708410,USER_NGO708410,Community NGO 8411,Not Provided,Chennai - East,11060,Mixed,13.0827,80.2707
NGO708412,USER_NGO708412,Community NGO 8413,Not Provided,Chennai - Central,1930,Mixed,13.0827,80.2707
NGO708413,USER_NGO708413,Community NGO 8414,Not Provided,Pune - South,13720,Mixed,18.5204,73.8567
NGO708414,USER_NGO708414,Community NGO 8415,Not Provided,Chennai - South,10150,Mixed,13.0827,80.2707
NGO708415,USER_NGO708415,Community NGO 8416,Not Provided,Pune - East,12535,Mixed,18.5204,73.8567
NGO708416,USER_NGO708416,Community NGO 8417,Not Provided,Chennai - East,4780,Mixed,13.0827,80.2707
NGO708417,USER_NGO708417,Community NGO 8418,Not Provided,Hyderabad - South,1525,Mixed,17.385,78.4867
NGO700841,USER_NGO700841,Community NGO 842,Not Provided,Bengaluru - North,2560,Mixed,12.9716,77.5946
NGO708419,USER_NGO708419,Community NGO 8420,Not Provided,Hyderabad - East,1320,Mixed,17.385,78.4867
NGO708420,USER_NGO708420,Community NGO 8421,Not Provided,Delhi NCR - Central,1925,Mixed,28.6139,77.209
NGO708421,USER_NGO708421,Community NGO 8422,Not Provided,Delhi NCR - Central,14960,Mixed,28.6139,77.209
NGO708422,USER_NGO708422,Community NGO 8423,Not Provided,Mumbai - Citywide,720,Mixed,19.076,72.8777
NGO708425,USER_NGO708425,Community NGO 8426,Not Provided,Bengaluru - West,13345,Mixed,12.9716,77.5946
NGO708427,USER_NGO708427,Community NGO 8428,Not Provided,Ahmedabad - Citywide,12815,Mixed,23.0225,72.5714
NGO700842,USER_NGO700842,Community NGO 843,Not Provided,Mumbai - North,11690,Mixed,19.076,72.8777
NGO708429,USER_NGO708429,Community NGO 8430,Not Provided,Kolkata - Central,14400,Mixed,22.5726,88.3639
NGO708430,USER_NGO708430,Community NGO 8431,Not Provided,Bengaluru - Central,14265,Mixed,12.9716,77.5946
NGO708431,USER_NGO708431,Community NGO 8432,Not Provided,Hyderabad - West,3080,Mixed,17.385,78.4867
NGO708432,USER_NGO708432,Community NGO 8433,Not Provided,Hyderabad - Citywide,4940,Mixed,17.385,78.4867
NGO708434,USER_NGO708434,Community NGO 8435,Not Provided,Delhi NCR - North,6270,Mixed,28.6139,77.209
NGO708437,USER_NGO708437,Community NGO 8438,Not Provided,Jaipur - East,12535,Mixed,26.9124,75.7873
NGO708438,USER_NGO708438,Community NGO 8439,Not Provided,Kolkata - Citywide,7120,Mixed,22.5726,88.3639
NGO700843,USER_NGO700843,Community NGO 844,Not Provided,Ahmedabad - North,7900,Mixed,23.0225,72.5714
NGO708440,USER_NGO708440,Community NGO 8441,Not Provided,Jaipur - West,1970,Mixed,26.9124,75.7873
NGO708441,USER_NGO708441,Community NGO 8442,Not Provided,Chennai - West,13480,Mixed,13.0827,80.2707
NGO708442,USER_NGO708442,Community NGO 8443,Not Provided,Hyderabad - North,4025,Mixed,17.385,78.4867
NGO708445,USER_NGO708445,Community NGO 8446,Not Provided,Kolkata - West,10815,Mixed,22.5726,88.3639
NGO708446,USER_NGO708446,Community NGO 8447,Not Provided,Delhi NCR - North,3900,Mixed,28.6139,77.209
NGO708448,USER_NGO708448,Community NGO 8449,Not Provided,Ahmedabad - Central,9435,Mixed,23.0225,72.5714
NGO700844,USER_NGO700844,Community NGO 845,Not Provided,Chennai - Citywide,9270,Mixed,13.0827,80.2707
NGO708449,USER_NGO708449,Community NGO 8450,Not Provided,Jaipur - Citywide,7605,Mixed,26.9124,75.7873
NGO708450,USER_NGO708450,Community NGO 8451,Not Provided,Jaipur - South,13440,Mixed,26.9124,75.7873
NGO708451,USER_NGO708451,Community NGO 8452,Not Provided,Remote - North,1170,Mixed,20.5937,78.9629
NGO708453,USER_NGO708453,Community NGO 8454,Not Provided,Ahmedabad - Citywide,9385,Mixed,23.0225,72.5714
NGO708454,USER_NGO708454,Community NGO 8455,Not Provided,Ahmedabad - South,5060,Mixed,23.0225,72.5714
NGO708455,USER_NGO708455,Community NGO 8456,Not Provided,Delhi NCR - East,4720,Mixed,28.6139,77.209
NGO708456,USER_NGO708456,Community NGO 8457,Not Provided,Jaipur - Citywide,12035,Mixed,26.9124,75.7873
NGO708457,USER_NGO708457,Community NGO 8458,Not Provided,Chennai - West,8975,Mixed,13.0827,80.2707
NGO708458,USER_NGO708458,Community NGO 8459,Not Provided,Hyderabad - West,3260,Mixed,17.385,78.4867
NGO700845,USER_NGO700845,Community NGO 846,Not Provided,Hyderabad - Citywide,905,Mixed,17.385,78.4867
NGO708460,USER_NGO708460,Community NGO 8461,Not Provided,Pune - East,13225,Mixed,18.5204,73.8567
NGO708461,USER_NGO708461,Community NGO 8462,Not Provided,Delhi NCR - North,8115,Mixed,28.6139,77.209
NGO708462,USER_NGO708462,Community NGO 8463,Not Provided,Chennai - West,11940,Mixed,13.0827,80.2707
NGO708463,USER_NGO708463,Community NGO 8464,Not Provided,Ahmedabad - Citywide,175,Mixed,23.0225,72.5714
NGO708464,USER_NGO708464,Community NGO 8465,Not Provided,Pune - South,1400,Mixed,18.5204,73.8567
NGO708465,USER_NGO708465,Community NGO 8466,Not Provided,Pune - Central,10565,Mixed,18.5204,73.8567
NGO708466,USER_NGO708466,Community NGO 8467,Not Provided,Chennai - Citywide,7700,Mixed,13.0827,80.2707
NGO708467,USER_NGO708467,Community NGO 8468,Not Provided,Delhi NCR - South,5510,Mixed,28.6139,77.209
NGO700846,USER_NGO700846,Community NGO 847,Not Provided,Kolkata - Citywide,10725,Mixed,22.5726,88.3639
NGO708469,USER_NGO708469,Community NGO 8470,Not Provided,Ahmedabad - South,2705,Mixed,23.0225,72.5714
NGO708470,USER_NGO708470,Community NGO 8471,Not Provided,Bengaluru - Central,7580,Mixed,12.9716,77.5946
NGO708471,USER_NGO708471,Community NGO 8472,Not Provided,Ahmedabad - Citywide,11230,Mixed,23.0225,72.5714
NGO708472,USER_NGO708472,Community NGO 8473,Not Provided,Mumbai - West,10525,Mixed,19.076,72.8777
NGO708473,USER_NGO708473,Community NGO 8474,Not Provided,Delhi NCR - South,2650,Mixed,28.6139,77.209
NGO708474,USER_NGO708474,Community NGO 8475,Not Provided,Delhi NCR - North,7705,Mixed,28.6139,77.209
NGO708475,USER_NGO708475,Community NGO 8476,Not Provided,Ahmedabad - South,8110,Mixed,23.0225,72.5714
NGO708476,USER_NGO708476,Community NGO 8477,Not Provided,Bengaluru - South,11765,Mixed,12.9716,77.5946
NGO700847,USER_NGO700847,Community NGO 848,Not Provided,Bengaluru - Citywide,6085,Mixed,12.9716,77.5946
NGO708479,USER_NGO708479,Community NGO 8480,Not Provided,Kolkata - Citywide,9330,Mixed,22.5726,88.3639
NGO708482,USER_NGO708482,Community NGO 8483,Not Provided,Jaipur - Central,11410,Mixed,26.9124,75.7873
NGO708483,USER_NGO708483,Community NGO 8484,Not Provided,Bengaluru - North,2615,Mixed,12.9716,77.5946
NGO708485,USER_NGO708485,Community NGO 8486,Not Provided,Bengaluru - Central,5725,Mixed,12.9716,77.5946
NGO708486,USER_NGO708486,Community NGO 8487,Not Provided,Jaipur - East,3640,Mixed,26.9124,75.7873
NGO708487,USER_NGO708487,Community NGO 8488,Not Provided,Remote - South,10565,Mixed,20.5937,78.9629
NGO700848,USER_NGO700848,Community NGO 849,Not Provided,Hyderabad - West,500,Mixed,17.385,78.4867
NGO708489,USER_NGO708489,Community NGO 8490,Not Provided,Mumbai - Citywide,8995,Mixed,19.076,72.8777
NGO708490,USER_NGO708490,Community NGO 8491,Not Provided,Remote - Central,12175,Mixed,20.5937,78.9629
NGO708491,USER_NGO708491,Community NGO 8492,Not Provided,Jaipur - West,1385,Mixed,26.9124,75.7873
NGO708492,USER_NGO708492,Community NGO 8493,Not Provided,Kolkata - Citywide,6290,Mixed,22.5726,88.3639
NGO708493,USER_NGO708493,Community NGO 8494,Not Provided,Ahmedabad - Central,7685,Mixed,23.0225,72.5714
NGO708495,USER_NGO708495,Community NGO 8496,Not Provided,Kolkata - West,9180,Mixed,22.5726,88.3639
NGO708496,USER_NGO708496,Community NGO 8497,Not Provided,Chennai - West,6125,Mixed,13.0827,80.2707
NGO708497,USER_NGO708497,Community NGO 8498,Not Provided,Pune - East,2980,Mixed,18.5204,73.8567
NGO708498,USER_NGO708498,Community NGO 8499,Not Provided,Delhi NCR - West,8740,Mixed,28.6139,77.209
NGO700084,USER_NGO700084,Community NGO 85,Not Provided,Bengaluru - West,8760,Mixed,12.9716,77.5946
NGO708499,USER_NGO708499,Community NGO 8500,Not Provided,Delhi NCR - North,8800,Mixed,28.6139,77.209
NGO708500,USER_NGO708500,Community NGO 8501,Not Provided,Mumbai - West,2185,Mixed,19.076,72.8777
NGO708501,USER_NGO708501,Community NGO 8502,Not Provided,Chennai - East,10145,Mixed,13.0827,80.2707
NGO708502,USER_NGO708502,Community NGO 8503,Not Provided,Kolkata - East,11655,Mixed,22.5726,88.3639
NGO708504,USER_NGO708504,Community NGO 8505,Not Provided,Kolkata - East,1605,Mixed,22.5726,88.3639
NGO708506,USER_NGO708506,Community NGO 8507,Not Provided,Delhi NCR - South,13065,Mixed,28.6139,77.209
NGO708507,USER_NGO708507,Community NGO 8508,Not Provided,Bengaluru - East,3840,Mixed,12.9716,77.5946
NGO700850,USER_NGO700850,Community NGO 851,Not Provided,Ahmedabad - East,11290,Mixed,23.0225,72.5714
NGO708509,USER_NGO708509,Community NGO 8510,Not Provided,Remote - East,6675,Mixed,20.5937,78.9629
NGO708510,USER_NGO708510,Community NGO 8511,Not Provided,Chennai - Central,865,Mixed,13.0827,80.2707
NGO708511,USER_NGO708511,Community NGO 8512,Not Provided,Remote - Citywide,14645,Mixed,20.5937,78.9629
NGO708512,USER_NGO708512,Community NGO 8513,Not Provided,Remote - South,10535,Mixed,20.5937,78.9629
NGO708515,USER_NGO708515,Community NGO 8516,Not Provided,Kolkata - West,9860,Mixed,22.5726,88.3639
NGO708516,USER_NGO708516,Community NGO 8517,Not Provided,Chennai - North,7885,Mixed,13.0827,80.2707
NGO708517,USER_NGO708517,Community NGO 8518,Not Provided,Mumbai - Citywide,7310,Mixed,19.076,72.8777
NGO700851,USER_NGO700851,Community NGO 852,Not Provided,Kolkata - North,13860,Mixed,22.5726,88.3639
NGO708519,USER_NGO708519,Community NGO 8520,Not Provided,Jaipur - North,2665,Mixed,26.9124,75.7873
NGO708520,USER_NGO708520,Community NGO 8521,Not Provided,Kolkata - South,8225,Mixed,22.5726,88.3639
NGO708521,USER_NGO708521,Community NGO 8522,Not Provided,Mumbai - South,11880,Mixed,19.076,72.8777
NGO708524,USER_NGO708524,Community NGO 8525,Not Provided,Ahmedabad - Citywide,5020,Mixed,23.0225,72.5714
NGO708525,USER_NGO708525,Community NGO 8526,Not Provided,Remote - Citywide,13650,Mixed,20.5937,78.9629
NGO708526,USER_NGO708526,Community NGO 8527,Not Provided,Ahmedabad - Central,10020,Mixed,23.0225,72.5714
NGO708527,USER_NGO708527,Community NGO 8528,Not Provided,Bengaluru - Central,6165,Mixed,12.9716,77.5946
NGO708528,USER_NGO708528,Community NGO 8529,Not Provided,Ahmedabad - Central,13890,Mixed,23.0225,72.5714
NGO700852,USER_NGO700852,Community NGO 853,Not Provided,Remote - North,13345,Mixed,20.5937,78.9629
NGO708529,USER_NGO708529,Community NGO 8530,Not Provided,Bengaluru - South,7325,Mixed,12.9716,77.5946
NGO708530,USER_NGO708530,Community NGO 8531,Not Provided,Pune - East,4270,Mixed,18.5204,73.8567
NGO708531,USER_NGO708531,Community NGO 8532,Not Provided,Ahmedabad - North,9215,Mixed,23.0225,72.5714
NGO708532,USER_NGO708532,Community NGO 8533,Not Provided,Hyderabad - Central,12445,Mixed,17.385,78.4867
NGO708533,USER_NGO708533,Community NGO 8534,Not Provided,Hyderabad - West,3995,Mixed,17.385,78.4867
NGO708534,USER_NGO708534,Community NGO 8535,Not Provided,Kolkata - East,11800,Mixed,22.5726,88.3639
NGO708535,USER_NGO708535,Community NGO 8536,Not Provided,Hyderabad - North,4945,Mixed,17.385,78.4867
NGO708536,USER_NGO708536,Community NGO 8537,Not Provided,Bengaluru - North,6460,Mixed,12.9716,77.5946
NGO708537,USER_NGO708537,Community NGO 8538,Not Provided,Chennai - Citywide,13555,Mixed,13.0827,80.2707
NGO708538,USER_NGO708538,Community NGO 8539,Not Provided,Hyderabad - Citywide,11430,Mixed,17.385,78.4867
NGO700853,USER_NGO700853,Community NGO 854,Not Provided,Hyderabad - South,12795,Mixed,17.385,78.4867
NGO708539,USER_NGO708539,Community NGO 8540,Not Provided,Chennai - West,8710,Mixed,13.0827,80.2707
NGO708540,USER_NGO708540,Community NGO 8541,Not Provided,Jaipur - Central,6875,Mixed,26.9124,75.7873
NGO708541,USER_NGO708541,Community NGO 8542,Not Provided,Ahmedabad - Central,3865,Mixed,23.0225,72.5714
NGO708542,USER_NGO708542,Community NGO 8543,Not Provided,Mumbai - South,1755,Mixed,19.076,72.8777
NGO708543,USER_NGO708543,Community NGO 8544,Not Provided,Mumbai - West,3550,Mixed,19.076,72.8777
NGO708544,USER_NGO708544,Community NGO 8545,Not Provided,Bengaluru - South,9760,Mixed,12.9716,77.5946
NGO708545,USER_NGO708545,Community NGO 8546,Not Provided,Ahmedabad - North,4475,Mixed,23.0225,72.5714
NGO708546,USER_NGO708546,Community NGO 8547,Not Provided,Remote - Central,7050,Mixed,20.5937,78.9629
NGO708548,USER_NGO708548,Community NGO 8549,Not Provided,Jaipur - Citywide,8145,Mixed,26.9124,75.7873
NGO700854,USER_NGO700854,Community NGO 855,Not Provided,Ahmedabad - Central,14355,Mixed,23.0225,72.5714
NGO708549,USER_NGO708549,Community NGO 8550,Not Provided,Chennai - East,10975,Mixed,13.0827,80.2707
NGO708550,USER_NGO708550,Community NGO 8551,Not Provided,Bengaluru - East,1355,Mixed,12.9716,77.5946
NGO708552,USER_NGO708552,Community NGO 8553,Not Provided,Ahmedabad - South,7900,Mixed,23.0225,72.5714
NGO708553,USER_NGO708553,Community NGO 8554,Not Provided,Remote - North,5570,Mixed,20.5937,78.9629
NGO708555,USER_NGO708555,Community NGO 8556,Not Provided,Bengaluru - South,3315,Mixed,12.9716,77.5946
NGO708556,USER_NGO708556,Community NGO 8557,Not Provided,Hyderabad - South,8325,Mixed,17.385,78.4867
NGO708557,USER_NGO708557,Community NGO 8558,Not Provided,Delhi NCR - North,11540,Mixed,28.6139,77.209
NGO708558,USER_NGO708558,Community NGO 8559,Not Provided,Hyderabad - North,13235,Mixed,17.385,78.4867
NGO700855,USER_NGO700855,Community NGO 856,Not Provided,Jaipur - Citywide,3870,Mixed,26.9124,75.7873
NGO708559,USER_NGO708559,Community NGO 8560,Not Provided,Ahmedabad - South,9120,Mixed,23.0225,72.5714
NGO708561,USER_NGO708561,Community NGO 8562,Not Provided,Jaipur - North,410,Mixed,26.9124,75.7873
NGO708562,USER_NGO708562,Community NGO 8563,Not Provided,Ahmedabad - West,6190,Mixed,23.0225,72.5714
NGO708563,USER_NGO708563,Community NGO 8564,Not Provided,Bengaluru - South,6345,Mixed,12.9716,77.5946
NGO708567,USER_NGO708567,Community NGO 8568,Not Provided,Bengaluru - Citywide,11490,Mixed,12.9716,77.5946
NGO708568,USER_NGO708568,Community NGO 8569,Not Provided,Kolkata - Citywide,8745,Mixed,22.5726,88.3639
NGO700856,USER_NGO700856,Community NGO 857,Not Provided,Remote - Central,7050,Mixed,20.5937,78.9629
NGO708570,USER_NGO708570,Community NGO 8571,Not Provided,Chennai - Citywide,325,Mixed,13.0827,80.2707
NGO708571,USER_NGO708571,Community NGO 8572,Not Provided,Delhi NCR - South,4525,Mixed,28.6139,77.209
NGO708572,USER_NGO708572,Community NGO 8573,Not Provided,Bengaluru - Citywide,2445,Mixed,12.9716,77.5946
NGO708573,USER_NGO708573,Community NGO 8574,Not Provided,Delhi NCR - North,5070,Mixed,28.6139,77.209
NGO708574,USER_NGO708574,Community NGO 8575,Not Provided,Mumbai - Citywide,3915,Mixed,19.076,72.8777
NGO708577,USER_NGO708577,Community NGO 8578,Not Provided,Pune - Citywide,2140,Mixed,18.5204,73.8567
NGO708578,USER_NGO708578,Community NGO 8579,Not Provided,Ahmedabad - North,6495,Mixed,23.0225,72.5714
NGO700857,USER_NGO700857,Community NGO 858,Not Provided,Kolkata - East,3235,Mixed,22.5726,88.3639
NGO708579,USER_NGO708579,Community NGO 8580,Not Provided,Jaipur - West,345,Mixed,26.9124,75.7873
NGO708581,USER_NGO708581,Community NGO 8582,Not Provided,Mumbai - North,11740,Mixed,19.076,72.8777
NGO708582,USER_NGO708582,Community NGO 8583,Not Provided,Kolkata - South,680,Mixed,22.5726,88.3639
NGO708583,USER_NGO708583,Community NGO 8584,Not Provided,Remote - Central,4810,Mixed,20.5937,78.9629
NGO708584,USER_NGO708584,Community NGO 8585,Not Provided,Bengaluru - North,3995,Mixed,12.9716,77.5946
NGO708585,USER_NGO708585,Community NGO 8586,Not Provided,Jaipur - South,7340,Mixed,26.9124,75.7873
NGO708586,USER_NGO708586,Community NGO 8587,Not Provided,Delhi NCR - Central,8450,Mixed,28.6139,77.209
NGO708587,USER_NGO708587,Community NGO 8588,Not Provided,Bengaluru - Central,9940,Mixed,12.9716,77.5946
NGO700858,USER_NGO700858,Community NGO 859,Not Provided,Mumbai - North,6120,Mixed,19.076,72.8777
NGO708589,USER_NGO708589,Community NGO 8590,Not Provided,Jaipur - West,9885,Mixed,26.9124,75.7873
NGO708591,USER_NGO708591,Community NGO 8592,Not Provided,Pune - Central,3875,Mixed,18.5204,73.8567
NGO708592,USER_NGO708592,Community NGO 8593,Not Provided,Mumbai - West,8900,Mixed,19.076,72.8777
NGO708593,USER_NGO708593,Community NGO 8594,Not Provided,Delhi NCR - West,12545,Mixed,28.6139,77.209
NGO708594,USER_NGO708594,Community NGO 8595,Not Provided,Mumbai - East,2265,Mixed,19.076,72.8777
NGO708595,USER_NGO708595,Community NGO 8596,Not Provided,Remote - Citywide,3735,Mixed,20.5937,78.9629
NGO708596,USER_NGO708596,Community NGO 8597,Not Provided,Mumbai - North,6445,Mixed,19.076,72.8777
NGO708598,USER_NGO708598,Community NGO 8599,Not Provided,Bengaluru - Central,7140,Mixed,12.9716,77.5946
NGO700859,USER_NGO700859,Community NGO 860,Not Provided,Chennai - South,14805,Mixed,13.0827,80.2707
NGO708599,USER_NGO708599,Community NGO 8600,Not Provided,Pune - South,2110,Mixed,18.5204,73.8567
NGO708600,USER_NGO708600,Community NGO 8601,Not Provided,Ahmedabad - South,13655,Mixed,23.0225,72.5714
NGO708601,USER_NGO708601,Community NGO 8602,Not Provided,Delhi NCR - North,2105,Mixed,28.6139,77.209
NGO708602,USER_NGO708602,Community NGO 8603,Not Provided,Jaipur - South,9710,Mixed,26.9124,75.7873
NGO708603,USER_NGO708603,Community NGO 8604,Not Provided,Hyderabad - Central,6420,Mixed,17.385,78.4867
NGO708606,USER_NGO708606,Community NGO 8607,Not Provided,Remote - West,4375,Mixed,20.5937,78.9629
NGO708607,USER_NGO708607,Community NGO 8608,Not Provided,Chennai - West,8400,Mixed,13.0827,80.2707
NGO708608,USER_NGO708608,Community NGO 8609,Not Provided,Remote - West,2845,Mixed,20.5937,78.9629
NGO700860,USER_NGO700860,Community NGO 861,Not Provided,Delhi NCR - South,11720,Mixed,28.6139,77.209
NGO708609,USER_NGO708609,Community NGO 8610,Not Provided,Kolkata - East,7895,Mixed,22.5726,88.3639
NGO708610,USER_NGO708610,Community NGO 8611,Not Provided,Kolkata - West,11320,Mixed,22.5726,88.3639
NGO708612,USER_NGO708612,Community NGO 8613,Not Provided,Mumbai - South,2920,Mixed,19.076,72.8777
NGO708615,USER_NGO708615,Community NGO 8616,Not Provided,Kolkata - Central,10170,Mixed,22.5726,88.3639
NGO708616,USER_NGO708616,Community NGO 8617,Not Provided,Pune - West,11795,Mixed,18.5204,73.8567
NGO708618,USER_NGO708618,Community NGO 8619,Not Provided,Jaipur - West,10630,Mixed,26.9124,75.7873
NGO700861,USER_NGO700861,Community NGO 862,Not Provided,Remote - Central,12690,Mixed,20.5937,78.9629
NGO708619,USER_NGO708619,Community NGO 8620,Not Provided,Hyderabad - North,11040,Mixed,17.385,78.4867
NGO708620,USER_NGO708620,Community NGO 8621,Not Provided,Mumbai - South,2355,Mixed,19.076,72.8777
NGO708622,USER_NGO708622,Community NGO 8623,Not Provided,Mumbai - South,1525,Mixed,19.076,72.8777
NGO708623,USER_NGO708623,Community NGO 8624,Not Provided,Ahmedabad - South,7385,Mixed,23.0225,72.5714
NGO708624,USER_NGO708624,Community NGO 8625,Not Provided,Remote - Citywide,1315,Mixed,20.5937,78.9629
NGO708625,USER_NGO708625,Community NGO 8626,Not Provided,Ahmedabad - South,7520,Mixed,23.0225,72.5714
NGO708628,USER_NGO708628,Community NGO 8629,Not Provided,Bengaluru - Citywide,780,Mixed,12.9716,77.5946
NGO700862,USER_NGO700862,Community NGO 863,Not Provided,Delhi NCR - North,2430,Mixed,28.6139,77.209
NGO708629,USER_NGO708629,Community NGO 8630,Not Provided,Remote - Citywide,6680,Mixed,20.5937,78.9629
NGO708630,USER_NGO708630,Community NGO 8631,Not Provided,Delhi NCR - Citywide,6975,Mixed,28.6139,77.209
NGO708632,USER_NGO708632,Community NGO 8633,Not Provided,Chennai - Central,14810,Mixed,13.0827,80.2707
NGO708634,USER_NGO708634,Community NGO 8635,Not Provided,Mumbai - Citywide,13280,Mixed,19.076,72.8777
NGO708637,USER_NGO708637,Community NGO 8638,Not Provided,Ahmedabad - Central,805,Mixed,23.0225,72.5714
NGO700863,USER_NGO700863,Community NGO 864,Not Provided,Jaipur - Citywide,14800,Mixed,26.9124,75.7873
NGO708639,USER_NGO708639,Community NGO 8640,Not Provided,Mumbai - West,3495,Mixed,19.076,72.8777
NGO708640,USER_NGO708640,Community NGO 8641,Not Provided,Kolkata - West,4880,Mixed,22.5726,88.3639
NGO708641,USER_NGO708641,Community NGO 8642,Not Provided,Hyderabad - East,4660,Mixed,17.385,78.4867
NGO708642,USER_NGO708642,Community NGO 8643,Not Provided,Jaipur - North,11510,Mixed,26.9124,75.7873
NGO708643,USER_NGO708643,Community NGO 8644,Not Provided,Jaipur - South,8710,Mixed,26.9124,75.7873
NGO708644,USER_NGO708644,Community NGO 8645,Not Provided,Ahmedabad - North,5325,Mixed,23.0225,72.5714
NGO708645,USER_NGO708645,Community NGO 8646,Not Provided,Kolkata - Citywide,11170,Mixed,22.5726,88.3639
NGO708646,USER_NGO708646,Community NGO 8647,Not Provided,Mumbai - East,6035,Mixed,19.076,72.8777
NGO708647,USER_NGO708647,Community NGO 8648,Not Provided,Hyderabad - East,12100,Mixed,17.385,78.4867
NGO708648,USER_NGO708648,Community NGO 8649,Not Provided,Delhi NCR - Citywide,11930,Mixed,28.6139,77.209
NGO708649,USER_NGO708649,Community NGO 8650,Not Provided,Pune - Citywide,14730,Mixed,18.5204,73.8567
NGO708651,USER_NGO708651,Community NGO 8652,Not Provided,Pune - Central,4960,Mixed,18.5204,73.8567
NGO708652,USER_NGO708652,Community NGO 8653,Not Provided,Delhi NCR - East,10790,Mixed,28.6139,77.209
NGO708653,USER_NGO708653,Community NGO 8654,Not Provided,Pune - South,10330,Mixed,18.5204,73.8567
NGO708654,USER_NGO708654,Community NGO 8655,Not Provided,Remote - North,11345,Mixed,20.5937,78.9629
NGO708655,USER_NGO708655,Community NGO 8656,Not Provided,Delhi NCR - East,10960,Mixed,28.6139,77.209
NGO708656,USER_NGO708656,Community NGO 8657,Not Provided,Bengaluru - Central,5450,Mixed,12.9716,77.5946
NGO708657,USER_NGO708657,Community NGO 8658,Not Provided,Kolkata - South,7915,Mixed,22.5726,88.3639
NGO700865,USER_NGO700865,Community NGO 866,Not Provided,Chennai - North,2495,Mixed,13.0827,80.2707
NGO708660,USER_NGO708660,Community NGO 8661,Not Provided,Mumbai - West,655,Mixed,19.076,72.8777
NGO708661,USER_NGO708661,Community NGO 8662,Not Provided,Jaipur - South,12650,Mixed,26.9124,75.7873
NGO708663,USER_NGO708663,Community NGO 8664,Not Provided,Kolkata - North,10250,Mixed,22.5726,88.3639
NGO708664,USER_NGO708664,Community NGO 8665,Not Provided,Bengaluru - Central,9395,Mixed,12.9716,77.5946
NGO708665,USER_NGO708665,Community NGO 8666,Not Provided,Delhi NCR - North,8005,Mixed,28.6139,77.209
NGO708666,USER_NGO708666,Community NGO 8667,Not Provided,Bengaluru - Citywide,9415,Mixed,12.9716,77.5946
NGO708667,USER_NGO708667,Community NGO 8668,Not Provided,Delhi NCR - West,1800,Mixed,28.6139,77.209
NGO708668,USER_NGO708668,Community NGO 8669,Not Provided,Mumbai - North,865,Mixed,19.076,72.8777
NGO700866,USER_NGO700866,Community NGO 867,Not Provided,Remote - West,10960,Mixed,20.5937,78.9629
NGO708669,USER_NGO708669,Community NGO 8670,Not Provided,Chennai - East,14975,Mixed,13.0827,80.2707
NGO708670,USER_NGO708670,Community NGO 8671,Not Provided,Mumbai - North,14860,Mixed,19.076,72.8777
NGO708671,USER_NGO708671,Community NGO 8672,Not Provided,Mumbai - East,6300,Mixed,19.076,72.8777
NGO708673,USER_NGO708673,Community NGO 8674,Not Provided,Bengaluru - South,1785,Mixed,12.9716,77.5946
NGO708675,USER_NGO708675,Community NGO 8676,Not Provided,Pune - North,3200,Mixed,18.5204,73.8567
NGO708676,USER_NGO708676,Community NGO 8677,Not Provided,Delhi NCR - South,7965,Mixed,28.6139,77.209
NGO708677,USER_NGO708677,Community NGO 8678,Not Provided,Delhi NCR - East,11620,Mixed,28.6139,77.209
NGO708678,USER_NGO708678,Community NGO 8679,Not Provided,Mumbai - East,14290,Mixed,19.076,72.8777
NGO700867,USER_NGO700867,Community NGO 868,Not Provided,Mumbai - North,3370,Mixed,19.076,72.8777
NGO708679,USER_NGO708679,Community NGO 8680,Not Provided,Delhi NCR - Citywide,2520,Mixed,28.6139,77.209
NGO708680,USER_NGO708680,Community NGO 8681,Not Provided,Hyderabad - East,1305,Mixed,17.385,78.4867
NGO708681,USER_NGO708681,Community NGO 8682,Not Provided,Bengaluru - South,9370,Mixed,12.9716,77.5946
NGO708682,USER_NGO708682,Community NGO 8683,Not Provided,Remote - Citywide,2965,Mixed,20.5937,78.9629
NGO708684,USER_NGO708684,Community NGO 8685,Not Provided,Hyderabad - North,2610,Mixed,17.385,78.4867
NGO708687,USER_NGO708687,Community NGO 8688,Not Provided,Ahmedabad - South,4885,Mixed,23.0225,72.5714
NGO708688,USER_NGO708688,Community NGO 8689,Not Provided,Kolkata - North,12900,Mixed,22.5726,88.3639
NGO700868,USER_NGO700868,Community NGO 869,Not Provided,Kolkata - Citywide,4400,Mixed,22.5726,88.3639
NGO708690,USER_NGO708690,Community NGO 8691,Not Provided,Chennai - North,11990,Mixed,13.0827,80.2707
NGO708691,USER_NGO708691,Community NGO 8692,Not Provided,Ahmedabad - South,12585,Mixed,23.0225,72.5714
NGO708692,USER_NGO708692,Community NGO 8693,Not Provided,Kolkata - North,6705,Mixed,22.5726,88.3639
NGO708693,USER_NGO708693,Community NGO 8694,Not Provided,Jaipur - Central,13930,Mixed,26.9124,75.7873
NGO708694,USER_NGO708694,Community NGO 8695,Not Provided,Remote - North,14770,Mixed,20.5937,78.9629
NGO708695,USER_NGO708695,Community NGO 8696,Not Provided,Remote - West,1635,Mixed,20.5937,78.9629
NGO708697,USER_NGO708697,Community NGO 8698,Not Provided,Bengaluru - Citywide,13690,Mixed,12.9716,77.5946
NGO708698,USER_NGO708698,Community NGO 8699,Not Provided,Chennai - North,11510,Mixed,13.0827,80.2707
NGO700086,USER_NGO700086,Community NGO 87,Not Provided,Kolkata - Citywide,6735,Mixed,22.5726,88.3639
NGO708700,USER_NGO708700,Community NGO 8701,Not Provided,Remote - East,10950,Mixed,20.5937,78.9629
NGO708701,USER_NGO708701,Community NGO 8702,Not Provided,Ahmedabad - West,2015,Mixed,23.0225,72.5714
NGO708703,USER_NGO708703,Community NGO 8704,Not Provided,Ahmedabad - South,9880,Mixed,23.0225,72.5714
NGO708704,USER_NGO708704,Community NGO 8705,Not Provided,Chennai - East,3415,Mixed,13.0827,80.2707
NGO708705,USER_NGO708705,Community NGO 8706,Not Provided,Bengaluru - South,1875,Mixed,12.9716,77.5946
NGO708706,USER_NGO708706,Community NGO 8707,Not Provided,Delhi NCR - North,14540,Mixed,28.6139,77.209
NGO708707,USER_NGO708707,Community NGO 8708,Not Provided,Kolkata - Central,11220,Mixed,22.5726,88.3639
NGO708708,USER_NGO708708,Community NGO 8709,Not Provided,Mumbai - North,2390,Mixed,19.076,72.8777
NGO700870,USER_NGO700870,Community NGO 871,Not Provided,Pune - East,10670,Mixed,18.5204,73.8567
NGO708709,USER_NGO708709,Community NGO 8710,Not Provided,Mumbai - Central,13705,Mixed,19.076,72.8777
NGO708711,USER_NGO708711,Community NGO 8712,Not Provided,Delhi NCR - South,9740,Mixed,28.6139,77.209
NGO708712,USER_NGO708712,Community NGO 8713,Not Provided,Mumbai - Central,12850,Mixed,19.076,72.8777
NGO708714,USER_NGO708714,Community NGO 8715,Not Provided,Bengaluru - North,9770,Mixed,12.9716,77.5946
NGO708715,USER_NGO708715,Community NGO 8716,Not Provided,Mumbai - North,5030,Mixed,19.076,72.8777
NGO708717,USER_NGO708717,Community NGO 8718,Not Provided,Bengaluru - South,5025,Mixed,12.9716,77.5946
NGO708718,USER_NGO708718,Community NGO 8719,Not Provided,Bengaluru - West,4635,Mixed,12.9716,77.5946
NGO700871,USER_NGO700871,Community NGO 872,Not Provided,Hyderabad - East,14305,Mixed,17.385,78.4867
NGO708719,USER_NGO708719,Community NGO 8720,Not Provided,Remote - East,2650,Mixed,20.5937,78.9629
NGO708720,USER_NGO708720,Community NGO 8721,Not Provided,Ahmedabad - South,5270,Mixed,23.0225,72.5714
NGO708721,USER_NGO708721,Community NGO 8722,Not Provided,Jaipur - Citywide,6765,Mixed,26.9124,75.7873
NGO708722,USER_NGO708722,Community NGO 8723,Not Provided,Jaipur - North,6380,Mixed,26.9124,75.7873
NGO708724,USER_NGO708724,Community NGO 8725,Not Provided,Bengaluru - East,10695,Mixed,12.9716,77.5946
NGO708725,USER_NGO708725,Community NGO 8726,Not Provided,Kolkata - West,6820,Mixed,22.5726,88.3639
NGO708726,USER_NGO708726,Community NGO 8727,Not Provided,Mumbai - North,13165,Mixed,19.076,72.8777
NGO708727,USER_NGO708727,Community NGO 8728,Not Provided,Remote - North,10440,Mixed,20.5937,78.9629
NGO708728,USER_NGO708728,Community NGO 8729,Not Provided,Bengaluru - West,3425,Mixed,12.9716,77.5946
NGO700872,USER_NGO700872,Community NGO 873,Not Provided,Pune - East,520,Mixed,18.5204,73.8567
NGO708729,USER_NGO708729,Community NGO 8730,Not Provided,Delhi NCR - North,12280,Mixed,28.6139,77.209
NGO708730,USER_NGO708730,Community NGO 8731,Not Provided,Delhi NCR - West,7340,Mixed,28.6139,77.209
NGO708731,USER_NGO708731,Community NGO 8732,Not Provided,Bengaluru - Citywide,11225,Mixed,12.9716,77.5946
NGO708732,USER_NGO708732,Community NGO 8733,Not Provided,Mumbai - West,7945,Mixed,19.076,72.8777
NGO708734,USER_NGO708734,Community NGO 8735,Not Provided,Chennai - East,9750,Mixed,13.0827,80.2707
NGO708735,USER_NGO708735,Community NGO 8736,Not Provided,Kolkata - South,12220,Mixed,22.5726,88.3639
NGO708736,USER_NGO708736,Community NGO 8737,Not Provided,Mumbai - South,5095,Mixed,19.076,72.8777
NGO708737,USER_NGO708737,Community NGO 8738,Not Provided,Pune - Central,11620,Mixed,18.5204,73.8567
NGO708738,USER_NGO708738,Community NGO 8739,Not Provided,Hyderabad - East,10805,Mixed,17.385,78.4867
NGO708739,USER_NGO708739,Community NGO 8740,Not Provided,Bengaluru - Central,10175,Mixed,12.9716,77.5946
NGO708740,USER_NGO708740,Community NGO 8741,Not Provided,Jaipur - Central,380,Mixed,26.9124,75.7873
NGO708741,USER_NGO708741,Community NGO 8742,Not Provided,Pune - East,2735,Mixed,18.5204,73.8567
NGO708742,USER_NGO708742,Community NGO 8743,Not Provided,Kolkata - South,10425,Mixed,22.5726,88.3639
NGO708745,USER_NGO708745,Community NGO 8746,Not Provided,Chennai - Citywide,6850,Mixed,13.0827,80.2707
NGO708747,USER_NGO708747,Community NGO 8748,Not Provided,Mumbai - West,5630,Mixed,19.076,72.8777
NGO708748,USER_NGO708748,Community NGO 8749,Not Provided,Kolkata - Central,1795,Mixed,22.5726,88.3639
NGO700874,USER_NGO700874,Community NGO 875,Not Provided,Kolkata - East,11675,Mixed,22.5726,88.3639
NGO708749,USER_NGO708749,Community NGO 8750,Not Provided,Chennai - East,9885,Mixed,13.0827,80.2707
NGO708750,USER_NGO708750,Community NGO 8751,Not Provided,Jaipur - Central,5910,Mixed,26.9124,75.7873
NGO708751,USER_NGO708751,Community NGO 8752,Not Provided,Mumbai - East,11970,Mixed,19.076,72.8777
NGO708752,USER_NGO708752,Community NGO 8753,Not Provided,Remote - South,14155,Mixed,20.5937,78.9629
NGO708753,USER_NGO708753,Community NGO 8754,Not Provided,Delhi NCR - South,9720,Mixed,28.6139,77.209
NGO708755,USER_NGO708755,Community NGO 8756,Not Provided,Mumbai - Citywide,8375,Mixed,19.076,72.8777
NGO708756,USER_NGO708756,Community NGO 8757,Not Provided,Bengaluru - South,12305,Mixed,12.9716,77.5946
NGO708758,USER_NGO708758,Community NGO 8759,Not Provided,Kolkata - South,12935,Mixed,22.5726,88.3639
NGO708759,USER_NGO708759,Community NGO 8760,Not Provided,Jaipur - West,6010,Mixed,26.9124,75.7873
NGO708760,USER_NGO708760,Community NGO 8761,Not Provided,Hyderabad - Central,8175,Mixed,17.385,78.4867
NGO708761,USER_NGO708761,Community NGO 8762,Not Provided,Jaipur - Central,5330,Mixed,26.9124,75.7873
NGO708762,USER_NGO708762,Community NGO 8763,Not Provided,Delhi NCR - South,13060,Mixed,28.6139,77.209
NGO708763,USER_NGO708763,Community NGO 8764,Not Provided,Hyderabad - East,12610,Mixed,17.385,78.4867
NGO708764,USER_NGO708764,Community NGO 8765,Not Provided,Chennai - East,6855,Mixed,13.0827,80.2707
NGO708765,USER_NGO708765,Community NGO 8766,Not Provided,Remote - East,13555,Mixed,20.5937,78.9629
NGO708766,USER_NGO708766,Community NGO 8767,Not Provided,Delhi NCR - East,4095,Mixed,28.6139,77.209
NGO708767,USER_NGO708767,Community NGO 8768,Not Provided,Pune - West,11320,Mixed,18.5204,73.8567
NGO708768,USER_NGO708768,Community NGO 8769,Not Provided,Remote - Central,4500,Mixed,20.5937,78.9629
NGO700876,USER_NGO700876,Community NGO 877,Not Provided,Jaipur - East,8315,Mixed,26.9124,75.7873
NGO708769,USER_NGO708769,Community NGO 8770,Not Provided,Delhi NCR - Central,13130,Mixed,28.6139,77.209
NGO708770,USER_NGO708770,Community NGO 8771,Not Provided,Kolkata - East,2920,Mixed,22.5726,88.3639
NGO708771,USER_NGO708771,Community NGO 8772,Not Provided,Kolkata - Central,6750,Mixed,22.5726,88.3639
NGO708773,USER_NGO708773,Community NGO 8774,Not Provided,Jaipur - West,14980,Mixed,26.9124,75.7873
NGO708774,USER_NGO708774,Community NGO 8775,Not Provided,Kolkata - Central,12020,Mixed,22.5726,88.3639
NGO708775,USER_NGO708775,Community NGO 8776,Not Provided,Bengaluru - Central,425,Mixed,12.9716,77.5946
NGO708776,USER_NGO708776,Community NGO 8777,Not Provided,Hyderabad - North,1890,Mixed,17.385,78.4867
NGO708777,USER_NGO708777,Community NGO 8778,Not Provided,Pune - South,4825,Mixed,18.5204,73.8567
NGO708778,USER_NGO708778,Community NGO 8779,Not Provided,Delhi NCR - East,1395,Mixed,28.6139,77.209
NGO708779,USER_NGO708779,Community NGO 8780,Not Provided,Bengaluru - South,10580,Mixed,12.9716,77.5946
NGO708780,USER_NGO708780,Community NGO 8781,Not Provided,Chennai - South,8260,Mixed,13.0827,80.2707
NGO708781,USER_NGO708781,Community NGO 8782,Not Provided,Mumbai - East,7590,Mixed,19.076,72.8777
NGO708782,USER_NGO708782,Community NGO 8783,Not Provided,Bengaluru - East,4965,Mixed,12.9716,77.5946
NGO708783,USER_NGO708783,Community NGO 8784,Not Provided,Jaipur - East,14795,Mixed,26.9124,75.7873
NGO708784,USER_NGO708784,Community NGO 8785,Not Provided,Kolkata - Citywide,635,Mixed,22.5726,88.3639
NGO708785,USER_NGO708785,Community NGO 8786,Not Provided,Pune - Central,725,Mixed,18.5204,73.8567
NGO708787,USER_NGO708787,Community NGO 8788,Not Provided,Jaipur - West,12020,Mixed,26.9124,75.7873
NGO708788,USER_NGO708788,Community NGO 8789,Not Provided,Kolkata - West,4725,Mixed,22.5726,88.3639
NGO700878,USER_NGO700878,Community NGO 879,Not Provided,Remote - Central,14855,Mixed,20.5937,78.9629
NGO708790,USER_NGO708790,Community NGO 8791,Not Provided,Bengaluru - West,1015,Mixed,12.9716,77.5946
NGO708794,USER_NGO708794,Community NGO 8795,Not Provided,Mumbai - South,2850,Mixed,19.076,72.8777
NGO708795,USER_NGO708795,Community NGO 8796,Not Provided,Ahmedabad - Citywide,12220,Mixed,23.0225,72.5714
NGO708796,USER_NGO708796,Community NGO 8797,Not Provided,Jaipur - Citywide,995,Mixed,26.9124,75.7873
NGO708797,USER_NGO708797,Community NGO 8798,Not Provided,Pune - Central,12510,Mixed,18.5204,73.8567
NGO708798,USER_NGO708798,Community NGO 8799,Not Provided,Bengaluru - South,11350,Mixed,12.9716,77.5946
NGO700087,USER_NGO700087,Community NGO 88,Not Provided,Hyderabad - East,13445,Mixed,17.385,78.4867
NGO700879,USER_NGO700879,Community NGO 880,Not Provided,Remote - West,9075,Mixed,20.5937,78.9629
NGO708799,USER_NGO708799,Community NGO 8800,Not Provided,Hyderabad - West,12595,Mixed,17.385,78.4867
NGO708800,USER_NGO708800,Community NGO 8801,Not Provided,Ahmedabad - North,13780,Mixed,23.0225,72.5714
NGO708801,USER_NGO708801,Community NGO 8802,Not Provided,Remote - West,8560,Mixed,20.5937,78.9629
NGO708802,USER_NGO708802,Community NGO 8803,Not Provided,Ahmedabad - Citywide,3475,Mixed,23.0225,72.5714
NGO708803,USER_NGO708803,Community NGO 8804,Not Provided,Ahmedabad - West,1240,Mixed,23.0225,72.5714
NGO708804,USER_NGO708804,Community NGO 8805,Not Provided,Jaipur - West,11745,Mixed,26.9124,75.7873
NGO708805,USER_NGO708805,Community NGO 8806,Not Provided,Bengaluru - Central,13105,Mixed,12.9716,77.5946
NGO708806,USER_NGO708806,Community NGO 8807,Not Provided,Kolkata - South,9100,Mixed,22.5726,88.3639
NGO708807,USER_NGO708807,Community NGO 8808,Not Provided,Chennai - Central,2620,Mixed,13.0827,80.2707
NGO708808,USER_NGO708808,Community NGO 8809,Not Provided,Chennai - Citywide,865,Mixed,13.0827,80.2707
NGO708812,USER_NGO708812,Community NGO 8813,Not Provided,Mumbai - East,810,Mixed,19.076,72.8777
NGO708813,USER_NGO708813,Community NGO 8814,Not Provided,Chennai - North,11410,Mixed,13.0827,80.2707
NGO708814,USER_NGO708814,Community NGO 8815,Not Provided,Hyderabad - Central,4705,Mixed,17.385,78.4867
NGO708815,USER_NGO708815,Community NGO 8816,Not Provided,Chennai - Central,13290,Mixed,13.0827,80.2707
NGO708816,USER_NGO708816,Community NGO 8817,Not Provided,Mumbai - North,11210,Mixed,19.076,72.8777
NGO708817,USER_NGO708817,Community NGO 8818,Not Provided,Mumbai - West,4610,Mixed,19.076,72.8777
NGO708818,USER_NGO708818,Community NGO 8819,Not Provided,Pune - West,1975,Mixed,18.5204,73.8567
NGO708820,USER_NGO708820,Community NGO 8821,Not Provided,Jaipur - Central,4140,Mixed,26.9124,75.7873
NGO708821,USER_NGO708821,Community NGO 8822,Not Provided,Jaipur - North,14860,Mixed,26.9124,75.7873
NGO708822,USER_NGO708822,Community NGO 8823,Not Provided,Ahmedabad - North,12710,Mixed,23.0225,72.5714
NGO708823,USER_NGO708823,Community NGO 8824,Not Provided,Kolkata - Central,5660,Mixed,22.5726,88.3639
NGO708824,USER_NGO708824,Community NGO 8825,Not Provided,Hyderabad - West,3770,Mixed,17.385,78.4867
NGO708825,USER_NGO708825,Community NGO 8826,Not Provided,Pune - Central,14405,Mixed,18.5204,73.8567
NGO708826,USER_NGO708826,Community NGO 8827,Not Provided,Kolkata - West,3645,Mixed,22.5726,88.3639
NGO708827,USER_NGO708827,Community NGO 8828,Not Provided,Jaipur - Central,8215,Mixed,26.9124,75.7873
NGO708828,USER_NGO708828,Community NGO 8829,Not Provided,Kolkata - South,3140,Mixed,22.5726,88.3639
NGO700882,USER_NGO700882,Community NGO 883,Not Provided,Remote - Citywide,9005,Mixed,20.5937,78.9629
NGO708829,USER_NGO708829,Community NGO 8830,Not Provided,Remote - Central,1175,Mixed,20.5937,78.9629
NGO708830,USER_NGO708830,Community NGO 8831,Not Provided,Jaipur - Central,10895,Mixed,26.9124,75.7873
NGO708831,USER_NGO708831,Community NGO 8832,Not Provided,Chennai - East,11185,Mixed,13.0827,80.2707
NGO708832,USER_NGO708832,Community NGO 8833,Not Provided,Chennai - East,11900,Mixed,13.0827,80.2707
NGO708833,USER_NGO708833,Community NGO 8834,Not Provided,Pune - East,12475,Mixed,18.5204,73.8567
NGO708834,USER_NGO708834,Community NGO 8835,Not Provided,Delhi NCR - West,4740,Mixed,28.6139,77.209
NGO708835,USER_NGO708835,Community NGO 8836,Not Provided,Bengaluru - West,11500,Mixed,12.9716,77.5946
NGO708837,USER_NGO708837,Community NGO 8838,Not Provided,Kolkata - South,10740,Mixed,22.5726,88.3639
NGO708838,USER_NGO708838,Community NGO 8839,Not Provided,Ahmedabad - South,2485,Mixed,23.0225,72.5714
NGO700883,USER_NGO700883,Community NGO 884,Not Provided,Pune - Citywide,14705,Mixed,18.5204,73.8567
NGO708839,USER_NGO708839,Community NGO 8840,Not Provided,Remote - South,1540,Mixed,20.5937,78.9629
NGO708842,USER_NGO708842,Community NGO 8843,Not Provided,Jaipur - West,11525,Mixed,26.9124,75.7873
NGO708843,USER_NGO708843,Community NGO 8844,Not Provided,Remote - South,4485,Mixed,20.5937,78.9629
NGO708844,USER_NGO708844,Community NGO 8845,Not Provided,Hyderabad - Citywide,14255,Mixed,17.385,78.4867
NGO708845,USER_NGO708845,Community NGO 8846,Not Provided,Pune - Citywide,6940,Mixed,18.5204,73.8567
NGO708846,USER_NGO708846,Community NGO 8847,Not Provided,Hyderabad - East,10860,Mixed,17.385,78.4867
NGO708847,USER_NGO708847,Community NGO 8848,Not Provided,Jaipur - South,8600,Mixed,26.9124,75.7873
NGO708848,USER_NGO708848,Community NGO 8849,Not Provided,Pune - South,12200,Mixed,18.5204,73.8567
NGO708849,USER_NGO708849,Community NGO 8850,Not Provided,Jaipur - Central,13665,Mixed,26.9124,75.7873
NGO708850,USER_NGO708850,Community NGO 8851,Not Provided,Ahmedabad - West,485,Mixed,23.0225,72.5714
NGO708854,USER_NGO708854,Community NGO 8855,Not Provided,Bengaluru - Citywide,5650,Mixed,12.9716,77.5946
NGO708856,USER_NGO708856,Community NGO 8857,Not Provided,Ahmedabad - South,3990,Mixed,23.0225,72.5714
NGO708857,USER_NGO708857,Community NGO 8858,Not Provided,Pune - Central,2110,Mixed,18.5204,73.8567
NGO708858,USER_NGO708858,Community NGO 8859,Not Provided,Delhi NCR - North,13960,Mixed,28.6139,77.209
NGO708860,USER_NGO708860,Community NGO 8861,Not Provided,Mumbai - South,2505,Mixed,19.076,72.8777
NGO708861,USER_NGO708861,Community NGO 8862,Not Provided,Remote - South,13215,Mixed,20.5937,78.9629
NGO708862,USER_NGO708862,Community NGO 8863,Not Provided,Hyderabad - South,10270,Mixed,17.385,78.4867
NGO708863,USER_NGO708863,Community NGO 8864,Not Provided,Chennai - South,9855,Mixed,13.0827,80.2707
NGO708864,USER_NGO708864,Community NGO 8865,Not Provided,Delhi NCR - North,3950,Mixed,28.6139,77.209
NGO708866,USER_NGO708866,Community NGO 8867,Not Provided,Ahmedabad - East,11940,Mixed,23.0225,72.5714
NGO708868,USER_NGO708868,Community NGO 8869,Not Provided,Delhi NCR - Central,9225,Mixed,28.6139,77.209
NGO700886,USER_NGO700886,Community NGO 887,Not Provided,Bengaluru - West,675,Mixed,12.9716,77.5946
NGO708869,USER_NGO708869,Community NGO 8870,Not Provided,Kolkata - West,3870,Mixed,22.5726,88.3639
NGO708870,USER_NGO708870,Community NGO 8871,Not Provided,Pune - Citywide,1040,Mixed,18.5204,73.8567
NGO708871,USER_NGO708871,Community NGO 8872,Not Provided,Bengaluru - East,11800,Mixed,12.9716,77.5946
NGO708872,USER_NGO708872,Community NGO 8873,Not Provided,Bengaluru - Citywide,1600,Mixed,12.9716,77.5946
NGO708873,USER_NGO708873,Community NGO 8874,Not Provided,Remote - North,3145,Mixed,20.5937,78.9629
NGO708874,USER_NGO708874,Community NGO 8875,Not Provided,Hyderabad - Citywide,6315,Mixed,17.385,78.4867
NGO708875,USER_NGO708875,Community NGO 8876,Not Provided,Bengaluru - Central,5390,Mixed,12.9716,77.5946
NGO708876,USER_NGO708876,Community NGO 8877,Not Provided,Remote - East,7625,Mixed,20.5937,78.9629
NGO708879,USER_NGO708879,Community NGO 8880,Not Provided,Ahmedabad - Central,14420,Mixed,23.0225,72.5714
NGO708880,USER_NGO708880,Community NGO 8881,Not Provided,Remote - East,2445,Mixed,20.5937,78.9629
NGO708881,USER_NGO708881,Community NGO 8882,Not Provided,Jaipur - South,9105,Mixed,26.9124,75.7873
NGO708882,USER_NGO708882,Community NGO 8883,Not Provided,Remote - Central,2050,Mixed,20.5937,78.9629
NGO708883,USER_NGO708883,Community NGO 8884,Not Provided,Pune - North,10610,Mixed,18.5204,73.8567
NGO708884,USER_NGO708884,Community NGO 8885,Not Provided,Pune - Central,200,Mixed,18.5204,73.8567
NGO708886,USER_NGO708886,Community NGO 8887,Not Provided,Jaipur - East,2820,Mixed,26.9124,75.7873
NGO708887,USER_NGO708887,Community NGO 8888,Not Provided,Pune - East,11190,Mixed,18.5204,73.8567
NGO700888,USER_NGO700888,Community NGO 889,Not Provided,Ahmedabad - West,4420,Mixed,23.0225,72.5714
NGO708889,USER_NGO708889,Community NGO 8890,Not Provided,Kolkata - Citywide,1945,Mixed,22.5726,88.3639
NGO708890,USER_NGO708890,Community NGO 8891,Not Provided,Hyderabad - West,1425,Mixed,17.385,78.4867
NGO708891,USER_NGO708891,Community NGO 8892,Not Provided,Mumbai - West,7315,Mixed,19.076,72.8777
NGO708892,USER_NGO708892,Community NGO 8893,Not Provided,Hyderabad - East,6235,Mixed,17.385,78.4867
NGO708894,USER_NGO708894,Community NGO 8895,Not Provided,Delhi NCR - West,5820,Mixed,28.6139,77.209
NGO708895,USER_NGO708895,Community NGO 8896,Not Provided,Chennai - Central,6445,Mixed,13.0827,80.2707
NGO708897,USER_NGO708897,Community NGO 8898,Not Provided,Jaipur - Citywide,6070,Mixed,26.9124,75.7873
NGO708898,USER_NGO708898,Community NGO 8899,Not Provided,Jaipur - East,3675,Mixed,26.9124,75.7873
NGO700088,USER_NGO700088,Community NGO 89,Not Provided,Pune - South,720,Mixed,18.5204,73.8567
NGO708899,USER_NGO708899,Community NGO 8900,Not Provided,Pune - Central,6175,Mixed,18.5204,73.8567
NGO708900,USER_NGO708900,Community NGO 8901,Not Provided,Mumbai - East,2490,Mixed,19.076,72.8777
NGO708901,USER_NGO708901,Community NGO 8902,Not Provided,Remote - North,1740,Mixed,20.5937,78.9629
NGO708902,USER_NGO708902,Community NGO 8903,Not Provided,Pune - Central,8180,Mixed,18.5204,73.8567
NGO708903,USER_NGO708903,Community NGO 8904,Not Provided,Pune - West,6535,Mixed,18.5204,73.8567
NGO708906,USER_NGO708906,Community NGO 8907,Not Provided,Ahmedabad - Central,4250,Mixed,23.0225,72.5714
NGO708908,USER_NGO708908,Community NGO 8909,Not Provided,Jaipur - North,2540,Mixed,26.9124,75.7873
NGO700890,USER_NGO700890,Community NGO 891,Not Provided,Hyderabad - North,7385,Mixed,17.385,78.4867
NGO708909,USER_NGO708909,Community NGO 8910,Not Provided,Jaipur - Central,1125,Mixed,26.9124,75.7873
NGO708910,USER_NGO708910,Community NGO 8911,Not Provided,Kolkata - Citywide,3865,Mixed,22.5726,88.3639
NGO708911,USER_NGO708911,Community NGO 8912,Not Provided,Jaipur - West,7950,Mixed,26.9124,75.7873
NGO708912,USER_NGO708912,Community NGO 8913,Not Provided,Kolkata - Citywide,4200,Mixed,22.5726,88.3639
NGO708914,USER_NGO708914,Community NGO 8915,Not Provided,Delhi NCR - North,6650,Mixed,28.6139,77.209
NGO708915,USER_NGO708915,Community NGO 8916,Not Provided,Ahmedabad - Central,11590,Mixed,23.0225,72.5714
NGO708916,USER_NGO708916,Community NGO 8917,Not Provided,Kolkata - West,8435,Mixed,22.5726,88.3639
NGO708917,USER_NGO708917,Community NGO 8918,Not Provided,Bengaluru - West,11130,Mixed,12.9716,77.5946
NGO708918,USER_NGO708918,Community NGO 8919,Not Provided,Ahmedabad - East,6495,Mixed,23.0225,72.5714
NGO700891,USER_NGO700891,Community NGO 892,Not Provided,Remote - North,2745,Mixed,20.5937,78.9629
NGO708919,USER_NGO708919,Community NGO 8920,Not Provided,Jaipur - South,10445,Mixed,26.9124,75.7873
NGO708921,USER_NGO708921,Community NGO 8922,Not Provided,Delhi NCR - Central,2415,Mixed,28.6139,77.209
NGO708922,USER_NGO708922,Community NGO 8923,Not Provided,Delhi NCR - North,6050,Mixed,28.6139,77.209
NGO708923,USER_NGO708923,Community NGO 8924,Not Provided,Chennai - East,7465,Mixed,13.0827,80.2707
NGO708924,USER_NGO708924,Community NGO 8925,Not Provided,Pune - West,9490,Mixed,18.5204,73.8567
NGO708925,USER_NGO708925,Community NGO 8926,Not Provided,Mumbai - West,4785,Mixed,19.076,72.8777
NGO708926,USER_NGO708926,Community NGO 8927,Not Provided,Kolkata - Central,5640,Mixed,22.5726,88.3639
NGO708927,USER_NGO708927,Community NGO 8928,Not Provided,Jaipur - West,8330,Mixed,26.9124,75.7873
NGO708928,USER_NGO708928,Community NGO 8929,Not Provided,Hyderabad - Citywide,565,Mixed,17.385,78.4867
NGO700892,USER_NGO700892,Community NGO 893,Not Provided,Ahmedabad - Citywide,1465,Mixed,23.0225,72.5714
NGO708930,USER_NGO708930,Community NGO 8931,Not Provided,Pune - North,140,Mixed,18.5204,73.8567
NGO708931,USER_NGO708931,Community NGO 8932,Not Provided,Bengaluru - Citywide,835,Mixed,12.9716,77.5946
NGO708933,USER_NGO708933,Community NGO 8934,Not Provided,Mumbai - Central,3350,Mixed,19.076,72.8777
NGO708935,USER_NGO708935,Community NGO 8936,Not Provided,Remote - South,13350,Mixed,20.5937,78.9629
NGO708936,USER_NGO708936,Community NGO 8937,Not Provided,Jaipur - North,3070,Mixed,26.9124,75.7873
NGO700893,USER_NGO700893,Community NGO 894,Not Provided,Bengaluru - Central,8905,Mixed,12.9716,77.5946
NGO708939,USER_NGO708939,Community NGO 8940,Not Provided,Delhi NCR - North,2650,Mixed,28.6139,77.209
NGO708940,USER_NGO708940,Community NGO 8941,Not Provided,Jaipur - Central,7795,Mixed,26.9124,75.7873
NGO708941,USER_NGO708941,Community NGO 8942,Not Provided,Pune - North,13170,Mixed,18.5204,73.8567
NGO708942,USER_NGO708942,Community NGO 8943,Not Provided,Bengaluru - South,570,Mixed,12.9716,77.5946
NGO708943,USER_NGO708943,Community NGO 8944,Not Provided,Hyderabad - North,11120,Mixed,17.385,78.4867
NGO708945,USER_NGO708945,Community NGO 8946,Not Provided,Hyderabad - North,13685,Mixed,17.385,78.4867
NGO708947,USER_NGO708947,Community NGO 8948,Not Provided,Pune - East,12090,Mixed,18.5204,73.8567
NGO708948,USER_NGO708948,Community NGO 8949,Not Provided,Ahmedabad - South,11210,Mixed,23.0225,72.5714
NGO700894,USER_NGO700894,Community NGO 895,Not Provided,Kolkata - Citywide,9630,Mixed,22.5726,88.3639
NGO708949,USER_NGO708949,Community NGO 8950,Not Provided,Pune - Central,5060,Mixed,18.5204,73.8567
NGO708950,USER_NGO708950,Community NGO 8951,Not Provided,Remote - Citywide,3700,Mixed,20.5937,78.9629
NGO708951,USER_NGO708951,Community NGO 8952,Not Provided,Kolkata - West,9985,Mixed,22.5726,88.3639
NGO708952,USER_NGO708952,Community NGO 8953,Not Provided,Kolkata - Citywide,325,Mixed,22.5726,88.3639
NGO708953,USER_NGO708953,Community NGO 8954,Not Provided,Mumbai - East,12200,Mixed,19.076,72.8777
NGO708954,USER_NGO708954,Community NGO 8955,Not Provided,Remote - Central,12245,Mixed,20.5937,78.9629
NGO708956,USER_NGO708956,Community NGO 8957,Not Provided,Delhi NCR - West,13240,Mixed,28.6139,77.209
NGO708957,USER_NGO708957,Community NGO 8958,Not Provided,Jaipur - Citywide,11795,Mixed,26.9124,75.7873
NGO708958,USER_NGO708958,Community NGO 8959,Not Provided,Kolkata - Central,8885,Mixed,22.5726,88.3639
NGO700895,USER_NGO700895,Community NGO 896,Not Provided,Hyderabad - North,3695,Mixed,17.385,78.4867
NGO708959,USER_NGO708959,Community NGO 8960,Not Provided,Hyderabad - West,8045,Mixed,17.385,78.4867
NGO708960,USER_NGO708960,Community NGO 8961,Not Provided,Bengaluru - East,3470,Mixed,12.9716,77.5946
NGO708961,USER_NGO708961,Community NGO 8962,Not Provided,Mumbai - Central,525,Mixed,19.076,72.8777
NGO708962,USER_NGO708962,Community NGO 8963,Not Provided,Delhi NCR - Citywide,10155,Mixed,28.6139,77.209
NGO708963,USER_NGO708963,Community NGO 8964,Not Provided,Pune - Central,13535,Mixed,18.5204,73.8567
NGO708964,USER_NGO708964,Community NGO 8965,Not Provided,Bengaluru - South,10885,Mixed,12.9716,77.5946
NGO708965,USER_NGO708965,Community NGO 8966,Not Provided,Remote - South,2135,Mixed,20.5937,78.9629
NGO708966,USER_NGO708966,Community NGO 8967,Not Provided,Mumbai - Central,4155,Mixed,19.076,72.8777
NGO708967,USER_NGO708967,Community NGO 8968,Not Provided,Pune - North,2050,Mixed,18.5204,73.8567
NGO708968,USER_NGO708968,Community NGO 8969,Not Provided,Pune - North,8170,Mixed,18.5204,73.8567
NGO700896,USER_NGO700896,Community NGO 897,Not Provided,Delhi NCR - Central,3995,Mixed,28.6139,77.209
NGO708969,USER_NGO708969,Community NGO 8970,Not Provided,Bengaluru - Citywide,10715,Mixed,12.9716,77.5946
NGO708971,USER_NGO708971,Community NGO 8972,Not Provided,Chennai - North,5135,Mixed,13.0827,80.2707
NGO708972,USER_NGO708972,Community NGO 8973,Not Provided,Chennai - West,12300,Mixed,13.0827,80.2707
NGO708973,USER_NGO708973,Community NGO 8974,Not Provided,Chennai - East,7970,Mixed,13.0827,80.2707
NGO708974,USER_NGO708974,Community NGO 8975,Not Provided,Remote - Citywide,10570,Mixed,20.5937,78.9629
NGO708975,USER_NGO708975,Community NGO 8976,Not Provided,Pune - West,13555,Mixed,18.5204,73.8567
NGO708976,USER_NGO708976,Community NGO 8977,Not Provided,Ahmedabad - Citywide,9855,Mixed,23.0225,72.5714
NGO708977,USER_NGO708977,Community NGO 8978,Not Provided,Jaipur - East,10745,Mixed,26.9124,75.7873
NGO708978,USER_NGO708978,Community NGO 8979,Not Provided,Ahmedabad - East,13570,Mixed,23.0225,72.5714
NGO700897,USER_NGO700897,Community NGO 898,Not Provided,Ahmedabad - North,2865,Mixed,23.0225,72.5714
NGO708979,USER_NGO708979,Community NGO 8980,Not Provided,Jaipur - Citywide,5695,Mixed,26.9124,75.7873
NGO708980,USER_NGO708980,Community NGO 8981,Not Provided,Delhi NCR - Citywide,11165,Mixed,28.6139,77.209
NGO708981,USER_NGO708981,Community NGO 8982,Not Provided,Bengaluru - South,8400,Mixed,12.9716,77.5946
NGO708982,USER_NGO708982,Community NGO 8983,Not Provided,Ahmedabad - West,3700,Mixed,23.0225,72.5714
NGO708983,USER_NGO708983,Community NGO 8984,Not Provided,Bengaluru - East,10130,Mixed,12.9716,77.5946
NGO708984,USER_NGO708984,Community NGO 8985,Not Provided,Bengaluru - Central,3330,Mixed,12.9716,77.5946
NGO708986,USER_NGO708986,Community NGO 8987,Not Provided,Chennai - Central,12900,Mixed,13.0827,80.2707
NGO708987,USER_NGO708987,Community NGO 8988,Not Provided,Chennai - West,2525,Mixed,13.0827,80.2707
NGO708988,USER_NGO708988,Community NGO 8989,Not Provided,Mumbai - South,5940,Mixed,19.076,72.8777
NGO700898,USER_NGO700898,Community NGO 899,Not Provided,Delhi NCR - Citywide,11830,Mixed,28.6139,77.209
NGO708989,USER_NGO708989,Community NGO 8990,Not Provided,Chennai - Citywide,3040,Mixed,13.0827,80.2707
NGO708990,USER_NGO708990,Community NGO 8991,Not Provided,Kolkata - Central,7375,Mixed,22.5726,88.3639
NGO708991,USER_NGO708991,Community NGO 8992,Not Provided,Mumbai - East,10045,Mixed,19.076,72.8777
NGO708992,USER_NGO708992,Community NGO 8993,Not Provided,Bengaluru - South,7185,Mixed,12.9716,77.5946
NGO708993,USER_NGO708993,Community NGO 8994,Not Provided,Ahmedabad - Central,12675,Mixed,23.0225,72.5714
NGO708994,USER_NGO708994,Community NGO 8995,Not Provided,Hyderabad - Central,7640,Mixed,17.385,78.4867
NGO708995,USER_NGO708995,Community NGO 8996,Not Provided,Kolkata - East,1535,Mixed,22.5726,88.3639
NGO708996,USER_NGO708996,Community NGO 8997,Not Provided,Pune - East,10565,Mixed,18.5204,73.8567
NGO708997,USER_NGO708997,Community NGO 8998,Not Provided,Remote - North,4705,Mixed,20.5937,78.9629
NGO708998,USER_NGO708998,Community NGO 8999,Not Provided,Chennai - East,13295,Mixed,13.0827,80.2707
NGO700008,USER_NGO700008,Community NGO 9,Not Provided,Delhi NCR - Citywide,7905,Mixed,28.6139,77.209
NGO700089,USER_NGO700089,Community NGO 90,Not Provided,Jaipur - West,3290,Mixed,26.9124,75.7873
NGO709001,USER_NGO709001,Community NGO 9002,Not Provided,Chennai - West,12440,Mixed,13.0827,80.2707
NGO709002,USER_NGO709002,Community NGO 9003,Not Provided,Remote - South,7850,Mixed,20.5937,78.9629
NGO709003,USER_NGO709003,Community NGO 9004,Not Provided,Delhi NCR - Central,5075,Mixed,28.6139,77.209
NGO709005,USER_NGO709005,Community NGO 9006,Not Provided,Chennai - West,6850,Mixed,13.0827,80.2707
NGO709006,USER_NGO709006,Community NGO 9007,Not Provided,Mumbai - Central,8265,Mixed,19.076,72.8777
NGO709007,USER_NGO709007,Community NGO 9008,Not Provided,Kolkata - West,13985,Mixed,22.5726,88.3639
NGO700900,USER_NGO700900,Community NGO 901,Not Provided,Kolkata - North,1815,Mixed,22.5726,88.3639
NGO709009,USER_NGO709009,Community NGO 9010,Not Provided,Delhi NCR - East,2140,Mixed,28.6139,77.209
NGO709010,USER_NGO709010,Community NGO 9011,Not Provided,Chennai - South,14630,Mixed,13.0827,80.2707
NGO709011,USER_NGO709011,Community NGO 9012,Not Provided,Remote - North,8605,Mixed,20.5937,78.9629
NGO709013,USER_NGO709013,Community NGO 9014,Not Provided,Jaipur - Central,6220,Mixed,26.9124,75.7873
NGO709014,USER_NGO709014,Community NGO 9015,Not Provided,Jaipur - Central,1485,Mixed,26.9124,75.7873
NGO709015,USER_NGO709015,Community NGO 9016,Not Provided,Mumbai - Citywide,4645,Mixed,19.076,72.8777
NGO709016,USER_NGO709016,Community NGO 9017,Not Provided,Ahmedabad - East,10390,Mixed,23.0225,72.5714
NGO709017,USER_NGO709017,Community NGO 9018,Not Provided,Remote - Citywide,9250,Mixed,20.5937,78.9629
NGO709018,USER_NGO709018,Community NGO 9019,Not Provided,Jaipur - North,12505,Mixed,26.9124,75.7873
NGO700901,USER_NGO700901,Community NGO 902,Not Provided,Remote - West,11495,Mixed,20.5937,78.9629
NGO709019,USER_NGO709019,Community NGO 9020,Not Provided,Delhi NCR - East,4895,Mixed,28.6139,77.209
NGO709021,USER_NGO709021,Community NGO 9022,Not Provided,Pune - Central,6440,Mixed,18.5204,73.8567
NGO709022,USER_NGO709022,Community NGO 9023,Not Provided,Jaipur - West,3015,Mixed,26.9124,75.7873
NGO709024,USER_NGO709024,Community NGO 9025,Not Provided,Delhi NCR - North,4480,Mixed,28.6139,77.209
NGO709025,USER_NGO709025,Community NGO 9026,Not Provided,Remote - Citywide,13220,Mixed,20.5937,78.9629
NGO709026,USER_NGO709026,Community NGO 9027,Not Provided,Kolkata - South,6040,Mixed,22.5726,88.3639
NGO709027,USER_NGO709027,Community NGO 9028,Not Provided,Ahmedabad - Central,7935,Mixed,23.0225,72.5714
NGO709028,USER_NGO709028,Community NGO 9029,Not Provided,Chennai - Central,4185,Mixed,13.0827,80.2707
NGO700902,USER_NGO700902,Community NGO 903,Not Provided,Delhi NCR - Central,12820,Mixed,28.6139,77.209
NGO709029,USER_NGO709029,Community NGO 9030,Not Provided,Pune - North,6715,Mixed,18.5204,73.8567
NGO709030,USER_NGO709030,Community NGO 9031,Not Provided,Hyderabad - Central,3345,Mixed,17.385,78.4867
NGO709031,USER_NGO709031,Community NGO 9032,Not Provided,Hyderabad - West,8090,Mixed,17.385,78.4867
NGO709032,USER_NGO709032,Community NGO 9033,Not Provided,Jaipur - South,12355,Mixed,26.9124,75.7873
NGO709033,USER_NGO709033,Community NGO 9034,Not Provided,Remote - North,2810,Mixed,20.5937,78.9629
NGO709034,USER_NGO709034,Community NGO 9035,Not Provided,Bengaluru - South,11490,Mixed,12.9716,77.5946
NGO709035,USER_NGO709035,Community NGO 9036,Not Provided,Ahmedabad - Central,6535,Mixed,23.0225,72.5714
NGO709036,USER_NGO709036,Community NGO 9037,Not Provided,Mumbai - Central,450,Mixed,19.076,72.8777
NGO709037,USER_NGO709037,Community NGO 9038,Not Provided,Jaipur - North,1380,Mixed,26.9124,75.7873
NGO700903,USER_NGO700903,Community NGO 904,Not Provided,Hyderabad - Citywide,12090,Mixed,17.385,78.4867
NGO709039,USER_NGO709039,Community NGO 9040,Not Provided,Kolkata - Central,2505,Mixed,22.5726,88.3639
NGO709040,USER_NGO709040,Community NGO 9041,Not Provided,Delhi NCR - Citywide,5480,Mixed,28.6139,77.209
NGO709041,USER_NGO709041,Community NGO 9042,Not Provided,Pune - South,8405,Mixed,18.5204,73.8567
NGO709042,USER_NGO709042,Community NGO 9043,Not Provided,Kolkata - East,480,Mixed,22.5726,88.3639
NGO709043,USER_NGO709043,Community NGO 9044,Not Provided,Bengaluru - West,165,Mixed,12.9716,77.5946
NGO709044,USER_NGO709044,Community NGO 9045,Not Provided,Ahmedabad - Citywide,835,Mixed,23.0225,72.5714
NGO709045,USER_NGO709045,Community NGO 9046,Not Provided,Delhi NCR - West,9125,Mixed,28.6139,77.209
NGO709046,USER_NGO709046,Community NGO 9047,Not Provided,Hyderabad - West,3690,Mixed,17.385,78.4867
NGO709047,USER_NGO709047,Community NGO 9048,Not Provided,Delhi NCR - North,12475,Mixed,28.6139,77.209
NGO709048,USER_NGO709048,Community NGO 9049,Not Provided,Delhi NCR - Citywide,2975,Mixed,28.6139,77.209
NGO709049,USER_NGO709049,Community NGO 9050,Not Provided,Kolkata - East,3890,Mixed,22.5726,88.3639
NGO709050,USER_NGO709050,Community NGO 9051,Not Provided,Mumbai - West,9930,Mixed,19.076,72.8777
NGO709051,USER_NGO709051,Community NGO 9052,Not Provided,Ahmedabad - North,9130,Mixed,23.0225,72.5714
NGO709052,USER_NGO709052,Community NGO 9053,Not Provided,Mumbai - Citywide,12255,Mixed,19.076,72.8777
NGO709055,USER_NGO709055,Community NGO 9056,Not Provided,Bengaluru - Central,4760,Mixed,12.9716,77.5946
NGO709056,USER_NGO709056,Community NGO 9057,Not Provided,Jaipur - Citywide,6605,Mixed,26.9124,75.7873
NGO709057,USER_NGO709057,Community NGO 9058,Not Provided,Mumbai - West,9330,Mixed,19.076,72.8777
NGO700905,USER_NGO700905,Community NGO 906,Not Provided,Chennai - South,3775,Mixed,13.0827,80.2707
NGO709059,USER_NGO709059,Community NGO 9060,Not Provided,Jaipur - South,5335,Mixed,26.9124,75.7873
NGO709060,USER_NGO709060,Community NGO 9061,Not Provided,Hyderabad - Central,6215,Mixed,17.385,78.4867
NGO709061,USER_NGO709061,Community NGO 9062,Not Provided,Remote - South,13890,Mixed,20.5937,78.9629
NGO709062,USER_NGO709062,Community NGO 9063,Not Provided,Remote - South,4475,Mixed,20.5937,78.9629
NGO709064,USER_NGO709064,Community NGO 9065,Not Provided,Hyderabad - West,7545,Mixed,17.385,78.4867
NGO709066,USER_NGO709066,Community NGO 9067,Not Provided,Chennai - Central,14330,Mixed,13.0827,80.2707
NGO709067,USER_NGO709067,Community NGO 9068,Not Provided,Kolkata - Citywide,12130,Mixed,22.5726,88.3639
NGO709068,USER_NGO709068,Community NGO 9069,Not Provided,Kolkata - East,12105,Mixed,22.5726,88.3639
NGO700906,USER_NGO700906,Community NGO 907,Not Provided,Chennai - South,6420,Mixed,13.0827,80.2707
NGO709069,USER_NGO709069,Community NGO 9070,Not Provided,Kolkata - South,12710,Mixed,22.5726,88.3639
NGO709071,USER_NGO709071,Community NGO 9072,Not Provided,Chennai - South,7485,Mixed,13.0827,80.2707
NGO709072,USER_NGO709072,Community NGO 9073,Not Provided,Chennai - East,10655,Mixed,13.0827,80.2707
NGO709073,USER_NGO709073,Community NGO 9074,Not Provided,Hyderabad - Central,11800,Mixed,17.385,78.4867
NGO709074,USER_NGO709074,Community NGO 9075,Not Provided,Jaipur - West,270,Mixed,26.9124,75.7873
NGO709077,USER_NGO709077,Community NGO 9078,Not Provided,Ahmedabad - South,195,Mixed,23.0225,72.5714
NGO700907,USER_NGO700907,Community NGO 908,Not Provided,Jaipur - West,9395,Mixed,26.9124,75.7873
NGO709079,USER_NGO709079,Community NGO 9080,Not Provided,Remote - Central,4625,Mixed,20.5937,78.9629
NGO709080,USER_NGO709080,Community NGO 9081,Not Provided,Remote - South,9910,Mixed,20.5937,78.9629
NGO709082,USER_NGO709082,Community NGO 9083,Not Provided,Ahmedabad - East,9095,Mixed,23.0225,72.5714
NGO709083,USER_NGO709083,Community NGO 9084,Not Provided,Kolkata - North,9165,Mixed,22.5726,88.3639
NGO709085,USER_NGO709085,Community NGO 9086,Not Provided,Chennai - Citywide,320,Mixed,13.0827,80.2707
NGO709086,USER_NGO709086,Community NGO 9087,Not Provided,Hyderabad - North,8325,Mixed,17.385,78.4867
NGO709087,USER_NGO709087,Community NGO 9088,Not Provided,Pune - West,7390,Mixed,18.5204,73.8567
NGO709088,USER_NGO709088,Community NGO 9089,Not Provided,Bengaluru - North,9615,Mixed,12.9716,77.5946
NGO700908,USER_NGO700908,Community NGO 909,Not Provided,Remote - Central,3380,Mixed,20.5937,78.9629
NGO709089,USER_NGO709089,Community NGO 9090,Not Provided,Pune - South,5160,Mixed,18.5204,73.8567
NGO709090,USER_NGO709090,Community NGO 9091,Not Provided,Hyderabad - Central,7155,Mixed,17.385,78.4867
NGO709092,USER_NGO709092,Community NGO 9093,Not Provided,Hyderabad - Central,2465,Mixed,17.385,78.4867
NGO709094,USER_NGO709094,Community NGO 9095,Not Provided,Pune - South,14115,Mixed,18.5204,73.8567
NGO709095,USER_NGO709095,Community NGO 9096,Not Provided,Chennai - Central,8575,Mixed,13.0827,80.2707
NGO709098,USER_NGO709098,Community NGO 9099,Not Provided,Jaipur - East,10020,Mixed,26.9124,75.7873
NGO700090,USER_NGO700090,Community NGO 91,Not Provided,Remote - East,11785,Mixed,20.5937,78.9629
NGO700909,USER_NGO700909,Community NGO 910,Not Provided,Mumbai - North,5635,Mixed,19.076,72.8777
NGO709099,USER_NGO709099,Community NGO 9100,Not Provided,Kolkata - Central,12250,Mixed,22.5726,88.3639
NGO709100,USER_NGO709100,Community NGO 9101,Not Provided,Pune - North,14260,Mixed,18.5204,73.8567
NGO709101,USER_NGO709101,Community NGO 9102,Not Provided,Remote - North,8150,Mixed,20.5937,78.9629
NGO709102,USER_NGO709102,Community NGO 9103,Not Provided,Remote - Citywide,7610,Mixed,20.5937,78.9629
NGO709103,USER_NGO709103,Community NGO 9104,Not Provided,Remote - East,14010,Mixed,20.5937,78.9629
NGO709104,USER_NGO709104,Community NGO 9105,Not Provided,Jaipur - South,5395,Mixed,26.9124,75.7873
NGO709106,USER_NGO709106,Community NGO 9107,Not Provided,Delhi NCR - South,6195,Mixed,28.6139,77.209
NGO709107,USER_NGO709107,Community NGO 9108,Not Provided,Remote - East,10680,Mixed,20.5937,78.9629
NGO709108,USER_NGO709108,Community NGO 9109,Not Provided,Remote - South,14755,Mixed,20.5937,78.9629
NGO709109,USER_NGO709109,Community NGO 9110,Not Provided,Jaipur - North,6955,Mixed,26.9124,75.7873
NGO709110,USER_NGO709110,Community NGO 9111,Not Provided,Hyderabad - Central,1790,Mixed,17.385,78.4867
NGO709111,USER_NGO709111,Community NGO 9112,Not Provided,Kolkata - East,7925,Mixed,22.5726,88.3639
NGO709114,USER_NGO709114,Community NGO 9115,Not Provided,Chennai - East,1140,Mixed,13.0827,80.2707
NGO709115,USER_NGO709115,Community NGO 9116,Not Provided,Chennai - North,840,Mixed,13.0827,80.2707
NGO709116,USER_NGO709116,Community NGO 9117,Not Provided,Delhi NCR - North,7345,Mixed,28.6139,77.209
NGO709117,USER_NGO709117,Community NGO 9118,Not Provided,Kolkata - Citywide,14400,Mixed,22.5726,88.3639
NGO709118,USER_NGO709118,Community NGO 9119,Not Provided,Delhi NCR - Central,8250,Mixed,28.6139,77.209
NGO700911,USER_NGO700911,Community NGO 912,Not Provided,Kolkata - East,9530,Mixed,22.5726,88.3639
NGO709119,USER_NGO709119,Community NGO 9120,Not Provided,Bengaluru - South,11935,Mixed,12.9716,77.5946
NGO709121,USER_NGO709121,Community NGO 9122,Not Provided,Hyderabad - Central,12380,Mixed,17.385,78.4867
NGO709122,USER_NGO709122,Community NGO 9123,Not Provided,Pune - North,10475,Mixed,18.5204,73.8567
NGO709124,USER_NGO709124,Community NGO 9125,Not Provided,Chennai - West,10445,Mixed,13.0827,80.2707
NGO709126,USER_NGO709126,Community NGO 9127,Not Provided,Bengaluru - Citywide,8690,Mixed,12.9716,77.5946
NGO709128,USER_NGO709128,Community NGO 9129,Not Provided,Chennai - Central,9180,Mixed,13.0827,80.2707
NGO709129,USER_NGO709129,Community NGO 9130,Not Provided,Remote - South,8740,Mixed,20.5937,78.9629
NGO709131,USER_NGO709131,Community NGO 9132,Not Provided,Remote - South,10665,Mixed,20.5937,78.9629
NGO709132,USER_NGO709132,Community NGO 9133,Not Provided,Remote - North,12695,Mixed,20.5937,78.9629
NGO709133,USER_NGO709133,Community NGO 9134,Not Provided,Delhi NCR - Citywide,3630,Mixed,28.6139,77.209
NGO709134,USER_NGO709134,Community NGO 9135,Not Provided,Mumbai - Citywide,290,Mixed,19.076,72.8777
NGO709135,USER_NGO709135,Community NGO 9136,Not Provided,Hyderabad - South,9850,Mixed,17.385,78.4867
NGO709136,USER_NGO709136,Community NGO 9137,Not Provided,Kolkata - West,12785,Mixed,22.5726,88.3639
NGO709137,USER_NGO709137,Community NGO 9138,Not Provided,Ahmedabad - Citywide,2535,Mixed,23.0225,72.5714
NGO709138,USER_NGO709138,Community NGO 9139,Not Provided,Kolkata - South,2220,Mixed,22.5726,88.3639
NGO709139,USER_NGO709139,Community NGO 9140,Not Provided,Chennai - South,13800,Mixed,13.0827,80.2707
NGO709140,USER_NGO709140,Community NGO 9141,Not Provided,Jaipur - East,3435,Mixed,26.9124,75.7873
NGO709141,USER_NGO709141,Community NGO 9142,Not Provided,Delhi NCR - Citywide,12610,Mixed,28.6139,77.209
NGO709142,USER_NGO709142,Community NGO 9143,Not Provided,Kolkata - West,7145,Mixed,22.5726,88.3639
NGO709143,USER_NGO709143,Community NGO 9144,Not Provided,Chennai - South,3290,Mixed,13.0827,80.2707
NGO709144,USER_NGO709144,Community NGO 9145,Not Provided,Bengaluru - Central,2960,Mixed,12.9716,77.5946
NGO709146,USER_NGO709146,Community NGO 9147,Not Provided,Ahmedabad - West,2215,Mixed,23.0225,72.5714
NGO709148,USER_NGO709148,Community NGO 9149,Not Provided,Pune - North,10680,Mixed,18.5204,73.8567
NGO700914,USER_NGO700914,Community NGO 915,Not Provided,Remote - South,9325,Mixed,20.5937,78.9629
NGO709149,USER_NGO709149,Community NGO 9150,Not Provided,Remote - Citywide,1360,Mixed,20.5937,78.9629
NGO709152,USER_NGO709152,Community NGO 9153,Not Provided,Delhi NCR - Citywide,2175,Mixed,28.6139,77.209
NGO709153,USER_NGO709153,Community NGO 9154,Not Provided,Delhi NCR - Citywide,13520,Mixed,28.6139,77.209
NGO709154,USER_NGO709154,Community NGO 9155,Not Provided,Kolkata - Citywide,12630,Mixed,22.5726,88.3639
NGO709155,USER_NGO709155,Community NGO 9156,Not Provided,Remote - Citywide,5575,Mixed,20.5937,78.9629
NGO709158,USER_NGO709158,Community NGO 9159,Not Provided,Chennai - East,8675,Mixed,13.0827,80.2707
NGO700915,USER_NGO700915,Community NGO 916,Not Provided,Chennai - North,9380,Mixed,13.0827,80.2707
NGO709161,USER_NGO709161,Community NGO 9162,Not Provided,Bengaluru - North,8645,Mixed,12.9716,77.5946
NGO709163,USER_NGO709163,Community NGO 9164,Not Provided,Bengaluru - Central,13700,Mixed,12.9716,77.5946
NGO709164,USER_NGO709164,Community NGO 9165,Not Provided,Kolkata - Citywide,790,Mixed,22.5726,88.3639
NGO709165,USER_NGO709165,Community NGO 9166,Not Provided,Remote - East,2415,Mixed,20.5937,78.9629
NGO709166,USER_NGO709166,Community NGO 9167,Not Provided,Chennai - West,7940,Mixed,13.0827,80.2707
NGO709167,USER_NGO709167,Community NGO 9168,Not Provided,Hyderabad - East,13015,Mixed,17.385,78.4867
NGO709168,USER_NGO709168,Community NGO 9169,Not Provided,Hyderabad - North,11250,Mixed,17.385,78.4867
NGO709169,USER_NGO709169,Community NGO 9170,Not Provided,Hyderabad - Citywide,13985,Mixed,17.385,78.4867
NGO709171,USER_NGO709171,Community NGO 9172,Not Provided,Kolkata - West,6605,Mixed,22.5726,88.3639
NGO709174,USER_NGO709174,Community NGO 9175,Not Provided,Ahmedabad - West,12320,Mixed,23.0225,72.5714
NGO709175,USER_NGO709175,Community NGO 9176,Not Provided,Hyderabad - Central,12785,Mixed,17.385,78.4867
NGO709178,USER_NGO709178,Community NGO 9179,Not Provided,Ahmedabad - North,10280,Mixed,23.0225,72.5714
NGO700917,USER_NGO700917,Community NGO 918,Not Provided,Chennai - Citywide,14885,Mixed,13.0827,80.2707
NGO709179,USER_NGO709179,Community NGO 9180,Not Provided,Hyderabad - North,3440,Mixed,17.385,78.4867
NGO709180,USER_NGO709180,Community NGO 9181,Not Provided,Ahmedabad - East,14080,Mixed,23.0225,72.5714
NGO709181,USER_NGO709181,Community NGO 9182,Not Provided,Bengaluru - Central,9250,Mixed,12.9716,77.5946
NGO709182,USER_NGO709182,Community NGO 9183,Not Provided,Chennai - North,8695,Mixed,13.0827,80.2707
NGO709183,USER_NGO709183,Community NGO 9184,Not Provided,Remote - South,13595,Mixed,20.5937,78.9629
NGO709186,USER_NGO709186,Community NGO 9187,Not Provided,Mumbai - East,5215,Mixed,19.076,72.8777
NGO709187,USER_NGO709187,Community NGO 9188,Not Provided,Pune - Central,12060,Mixed,18.5204,73.8567
NGO709189,USER_NGO709189,Community NGO 9190,Not Provided,Remote - North,6630,Mixed,20.5937,78.9629
NGO709190,USER_NGO709190,Community NGO 9191,Not Provided,Remote - West,8970,Mixed,20.5937,78.9629
NGO709191,USER_NGO709191,Community NGO 9192,Not Provided,Delhi NCR - South,1280,Mixed,28.6139,77.209
NGO709192,USER_NGO709192,Community NGO 9193,Not Provided,Chennai - East,9245,Mixed,13.0827,80.2707
NGO709193,USER_NGO709193,Community NGO 9194,Not Provided,Hyderabad - West,13880,Mixed,17.385,78.4867
NGO709195,USER_NGO709195,Community NGO 9196,Not Provided,Bengaluru - South,710,Mixed,12.9716,77.5946
NGO709196,USER_NGO709196,Community NGO 9197,Not Provided,Delhi NCR - East,5980,Mixed,28.6139,77.209
NGO709197,USER_NGO709197,Community NGO 9198,Not Provided,Kolkata - West,10470,Mixed,22.5726,88.3639
NGO709198,USER_NGO709198,Community NGO 9199,Not Provided,Bengaluru - South,9170,Mixed,12.9716,77.5946
NGO700091,USER_NGO700091,Community NGO 92,Not Provided,Delhi NCR - West,13795,Mixed,28.6139,77.209
NGO700919,USER_NGO700919,Community NGO 920,Not Provided,Ahmedabad - North,6820,Mixed,23.0225,72.5714
NGO709199,USER_NGO709199,Community NGO 9200,Not Provided,Pune - Citywide,14770,Mixed,18.5204,73.8567
NGO709200,USER_NGO709200,Community NGO 9201,Not Provided,Pune - North,7590,Mixed,18.5204,73.8567
NGO709202,USER_NGO709202,Community NGO 9203,Not Provided,Hyderabad - North,775,Mixed,17.385,78.4867
NGO709203,USER_NGO709203,Community NGO 9204,Not Provided,Kolkata - East,12455,Mixed,22.5726,88.3639
NGO709204,USER_NGO709204,Community NGO 9205,Not Provided,Mumbai - Central,8760,Mixed,19.076,72.8777
NGO709205,USER_NGO709205,Community NGO 9206,Not Provided,Ahmedabad - West,5080,Mixed,23.0225,72.5714
NGO709206,USER_NGO709206,Community NGO 9207,Not Provided,Mumbai - South,2735,Mixed,19.076,72.8777
NGO709207,USER_NGO709207,Community NGO 9208,Not Provided,Kolkata - South,8305,Mixed,22.5726,88.3639
NGO709208,USER_NGO709208,Community NGO 9209,Not Provided,Remote - Citywide,4815,Mixed,20.5937,78.9629
NGO700920,USER_NGO700920,Community NGO 921,Not Provided,Bengaluru - Central,13310,Mixed,12.9716,77.5946
NGO709209,USER_NGO709209,Community NGO 9210,Not Provided,Pune - South,1780,Mixed,18.5204,73.8567
NGO709210,USER_NGO709210,Community NGO 9211,Not Provided,Bengaluru - Central,8820,Mixed,12.9716,77.5946
NGO709211,USER_NGO709211,Community NGO 9212,Not Provided,Hyderabad - Citywide,12265,Mixed,17.385,78.4867
NGO709213,USER_NGO709213,Community NGO 9214,Not Provided,Hyderabad - West,12715,Mixed,17.385,78.4867
NGO709215,USER_NGO709215,Community NGO 9216,Not Provided,Bengaluru - North,10945,Mixed,12.9716,77.5946
NGO709216,USER_NGO709216,Community NGO 9217,Not Provided,Hyderabad - Citywide,11765,Mixed,17.385,78.4867
NGO709218,USER_NGO709218,Community NGO 9219,Not Provided,Mumbai - East,1830,Mixed,19.076,72.8777
NGO700921,USER_NGO700921,Community NGO 922,Not Provided,Chennai - East,6330,Mixed,13.0827,80.2707
NGO709219,USER_NGO709219,Community NGO 9220,Not Provided,Mumbai - East,13350,Mixed,19.076,72.8777
NGO709220,USER_NGO709220,Community NGO 9221,Not Provided,Kolkata - North,5900,Mixed,22.5726,88.3639
NGO709221,USER_NGO709221,Community NGO 9222,Not Provided,Bengaluru - South,2365,Mixed,12.9716,77.5946
NGO709222,USER_NGO709222,Community NGO 9223,Not Provided,Kolkata - East,550,Mixed,22.5726,88.3639
NGO709224,USER_NGO709224,Community NGO 9225,Not Provided,Hyderabad - North,5965,Mixed,17.385,78.4867
NGO709225,USER_NGO709225,Community NGO 9226,Not Provided,Delhi NCR - South,9800,Mixed,28.6139,77.209
NGO709226,USER_NGO709226,Community NGO 9227,Not Provided,Kolkata - Citywide,12700,Mixed,22.5726,88.3639
NGO709227,USER_NGO709227,Community NGO 9228,Not Provided,Chennai - East,540,Mixed,13.0827,80.2707
NGO709228,USER_NGO709228,Community NGO 9229,Not Provided,Pune - North,5405,Mixed,18.5204,73.8567
NGO700922,USER_NGO700922,Community NGO 923,Not Provided,Mumbai - East,7285,Mixed,19.076,72.8777
NGO709229,USER_NGO709229,Community NGO 9230,Not Provided,Pune - Citywide,13135,Mixed,18.5204,73.8567
NGO709230,USER_NGO709230,Community NGO 9231,Not Provided,Ahmedabad - West,12530,Mixed,23.0225,72.5714
NGO709233,USER_NGO709233,Community NGO 9234,Not Provided,Kolkata - Central,8685,Mixed,22.5726,88.3639
NGO709235,USER_NGO709235,Community NGO 9236,Not Provided,Ahmedabad - North,13000,Mixed,23.0225,72.5714
NGO709236,USER_NGO709236,Community NGO 9237,Not Provided,Delhi NCR - West,6330,Mixed,28.6139,77.209
NGO709237,USER_NGO709237,Community NGO 9238,Not Provided,Bengaluru - North,9620,Mixed,12.9716,77.5946
NGO709238,USER_NGO709238,Community NGO 9239,Not Provided,Bengaluru - West,14645,Mixed,12.9716,77.5946
NGO709239,USER_NGO709239,Community NGO 9240,Not Provided,Kolkata - North,9590,Mixed,22.5726,88.3639
NGO709240,USER_NGO709240,Community NGO 9241,Not Provided,Kolkata - West,5650,Mixed,22.5726,88.3639
NGO709241,USER_NGO709241,Community NGO 9242,Not Provided,Remote - Citywide,8545,Mixed,20.5937,78.9629
NGO709242,USER_NGO709242,Community NGO 9243,Not Provided,Ahmedabad - North,13690,Mixed,23.0225,72.5714
NGO709243,USER_NGO709243,Community NGO 9244,Not Provided,Jaipur - North,13745,Mixed,26.9124,75.7873
NGO709244,USER_NGO709244,Community NGO 9245,Not Provided,Bengaluru - East,12445,Mixed,12.9716,77.5946
NGO709245,USER_NGO709245,Community NGO 9246,Not Provided,Jaipur - East,4250,Mixed,26.9124,75.7873
NGO709246,USER_NGO709246,Community NGO 9247,Not Provided,Kolkata - North,4400,Mixed,22.5726,88.3639
NGO709247,USER_NGO709247,Community NGO 9248,Not Provided,Delhi NCR - Central,4495,Mixed,28.6139,77.209
NGO709248,USER_NGO709248,Community NGO 9249,Not Provided,Ahmedabad - Central,10215,Mixed,23.0225,72.5714
NGO700924,USER_NGO700924,Community NGO 925,Not Provided,Bengaluru - North,6100,Mixed,12.9716,77.5946
NGO709251,USER_NGO709251,Community NGO 9252,Not Provided,Delhi NCR - Central,14085,Mixed,28.6139,77.209
NGO709252,USER_NGO709252,Community NGO 9253,Not Provided,Delhi NCR - West,7600,Mixed,28.6139,77.209
NGO709253,USER_NGO709253,Community NGO 9254,Not Provided,Hyderabad - South,8355,Mixed,17.385,78.4867
NGO709255,USER_NGO709255,Community NGO 9256,Not Provided,Ahmedabad - South,9770,Mixed,23.0225,72.5714
NGO709256,USER_NGO709256,Community NGO 9257,Not Provided,Hyderabad - East,13065,Mixed,17.385,78.4867
NGO709257,USER_NGO709257,Community NGO 9258,Not Provided,Pune - South,8095,Mixed,18.5204,73.8567
NGO709258,USER_NGO709258,Community NGO 9259,Not Provided,Ahmedabad - South,935,Mixed,23.0225,72.5714
NGO700925,USER_NGO700925,Community NGO 926,Not Provided,Jaipur - West,7235,Mixed,26.9124,75.7873
NGO709259,USER_NGO709259,Community NGO 9260,Not Provided,Pune - West,13880,Mixed,18.5204,73.8567
NGO709260,USER_NGO709260,Community NGO 9261,Not Provided,Jaipur - Citywide,4905,Mixed,26.9124,75.7873
NGO709261,USER_NGO709261,Community NGO 9262,Not Provided,Hyderabad - West,13865,Mixed,17.385,78.4867
NGO709262,USER_NGO709262,Community NGO 9263,Not Provided,Jaipur - West,10740,Mixed,26.9124,75.7873
NGO709263,USER_NGO709263,Community NGO 9264,Not Provided,Delhi NCR - North,5465,Mixed,28.6139,77.209
NGO709264,USER_NGO709264,Community NGO 9265,Not Provided,Bengaluru - West,3070,Mixed,12.9716,77.5946
NGO709265,USER_NGO709265,Community NGO 9266,Not Provided,Jaipur - South,4755,Mixed,26.9124,75.7873
NGO709266,USER_NGO709266,Community NGO 9267,Not Provided,Pune - North,9010,Mixed,18.5204,73.8567
NGO709267,USER_NGO709267,Community NGO 9268,Not Provided,Ahmedabad - Citywide,14600,Mixed,23.0225,72.5714
NGO700926,USER_NGO700926,Community NGO 927,Not Provided,Pune - East,13610,Mixed,18.5204,73.8567
NGO709269,USER_NGO709269,Community NGO 9270,Not Provided,Hyderabad - West,6540,Mixed,17.385,78.4867
NGO709270,USER_NGO709270,Community NGO 9271,Not Provided,Kolkata - East,3250,Mixed,22.5726,88.3639
NGO709271,USER_NGO709271,Community NGO 9272,Not Provided,Delhi NCR - North,2685,Mixed,28.6139,77.209
NGO709272,USER_NGO709272,Community NGO 9273,Not Provided,Kolkata - East,13195,Mixed,22.5726,88.3639
NGO709273,USER_NGO709273,Community NGO 9274,Not Provided,Pune - West,1350,Mixed,18.5204,73.8567
NGO709274,USER_NGO709274,Community NGO 9275,Not Provided,Bengaluru - Citywide,11765,Mixed,12.9716,77.5946
NGO709275,USER_NGO709275,Community NGO 9276,Not Provided,Chennai - East,9445,Mixed,13.0827,80.2707
NGO709276,USER_NGO709276,Community NGO 9277,Not Provided,Remote - Citywide,3615,Mixed,20.5937,78.9629
NGO709278,USER_NGO709278,Community NGO 9279,Not Provided,Pune - East,7965,Mixed,18.5204,73.8567
NGO700927,USER_NGO700927,Community NGO 928,Not Provided,Pune - Citywide,5820,Mixed,18.5204,73.8567
NGO709280,USER_NGO709280,Community NGO 9281,Not Provided,Bengaluru - Citywide,165,Mixed,12.9716,77.5946
NGO709281,USER_NGO709281,Community NGO 9282,Not Provided,Delhi NCR - East,11045,Mixed,28.6139,77.209
NGO709283,USER_NGO709283,Community NGO 9284,Not Provided,Bengaluru - North,4420,Mixed,12.9716,77.5946
NGO709284,USER_NGO709284,Community NGO 9285,Not Provided,Hyderabad - South,4450,Mixed,17.385,78.4867
NGO709285,USER_NGO709285,Community NGO 9286,Not Provided,Kolkata - West,5790,Mixed,22.5726,88.3639
NGO709286,USER_NGO709286,Community NGO 9287,Not Provided,Delhi NCR - West,5970,Mixed,28.6139,77.209
NGO709287,USER_NGO709287,Community NGO 9288,Not Provided,Jaipur - Citywide,3535,Mixed,26.9124,75.7873
NGO709288,USER_NGO709288,Community NGO 9289,Not Provided,Kolkata - Central,6200,Mixed,22.5726,88.3639
NGO709289,USER_NGO709289,Community NGO 9290,Not Provided,Mumbai - Citywide,6730,Mixed,19.076,72.8777
NGO709290,USER_NGO709290,Community NGO 9291,Not Provided,Mumbai - North,380,Mixed,19.076,72.8777
NGO709291,USER_NGO709291,Community NGO 9292,Not Provided,Delhi NCR - North,3890,Mixed,28.6139,77.209
NGO709293,USER_NGO709293,Community NGO 9294,Not Provided,Jaipur - North,12720,Mixed,26.9124,75.7873
NGO709294,USER_NGO709294,Community NGO 9295,Not Provided,Bengaluru - North,555,Mixed,12.9716,77.5946
NGO709295,USER_NGO709295,Community NGO 9296,Not Provided,Kolkata - Central,9925,Mixed,22.5726,88.3639
NGO709298,USER_NGO709298,Community NGO 9299,Not Provided,Ahmedabad - North,7950,Mixed,23.0225,72.5714
NGO700929,USER_NGO700929,Community NGO 930,Not Provided,Kolkata - West,13750,Mixed,22.5726,88.3639
NGO709299,USER_NGO709299,Community NGO 9300,Not Provided,Remote - Citywide,8210,Mixed,20.5937,78.9629
NGO709300,USER_NGO709300,Community NGO 9301,Not Provided,Bengaluru - Citywide,13380,Mixed,12.9716,77.5946
NGO709301,USER_NGO709301,Community NGO 9302,Not Provided,Jaipur - Citywide,4480,Mixed,26.9124,75.7873
NGO709303,USER_NGO709303,Community NGO 9304,Not Provided,Mumbai - Citywide,13635,Mixed,19.076,72.8777
NGO709304,USER_NGO709304,Community NGO 9305,Not Provided,Mumbai - South,10160,Mixed,19.076,72.8777
NGO709305,USER_NGO709305,Community NGO 9306,Not Provided,Mumbai - Citywide,3945,Mixed,19.076,72.8777
NGO709306,USER_NGO709306,Community NGO 9307,Not Provided,Remote - North,6600,Mixed,20.5937,78.9629
NGO709307,USER_NGO709307,Community NGO 9308,Not Provided,Remote - North,9890,Mixed,20.5937,78.9629
NGO709308,USER_NGO709308,Community NGO 9309,Not Provided,Kolkata - Central,7485,Mixed,22.5726,88.3639
NGO700930,USER_NGO700930,Community NGO 931,Not Provided,Hyderabad - South,6210,Mixed,17.385,78.4867
NGO709309,USER_NGO709309,Community NGO 9310,Not Provided,Remote - West,6790,Mixed,20.5937,78.9629
NGO709310,USER_NGO709310,Community NGO 9311,Not Provided,Remote - South,3645,Mixed,20.5937,78.9629
NGO709311,USER_NGO709311,Community NGO 9312,Not Provided,Hyderabad - West,11085,Mixed,17.385,78.4867
NGO709312,USER_NGO709312,Community NGO 9313,Not Provided,Chennai - North,780,Mixed,13.0827,80.2707
NGO709314,USER_NGO709314,Community NGO 9315,Not Provided,Chennai - North,6615,Mixed,13.0827,80.2707
NGO709315,USER_NGO709315,Community NGO 9316,Not Provided,Hyderabad - Central,12875,Mixed,17.385,78.4867
NGO709317,USER_NGO709317,Community NGO 9318,Not Provided,Hyderabad - North,7080,Mixed,17.385,78.4867
NGO709318,USER_NGO709318,Community NGO 9319,Not Provided,Kolkata - South,1840,Mixed,22.5726,88.3639
NGO709319,USER_NGO709319,Community NGO 9320,Not Provided,Mumbai - North,7660,Mixed,19.076,72.8777
NGO709320,USER_NGO709320,Community NGO 9321,Not Provided,Hyderabad - East,7325,Mixed,17.385,78.4867
NGO709321,USER_NGO709321,Community NGO 9322,Not Provided,Ahmedabad - South,3760,Mixed,23.0225,72.5714
NGO709322,USER_NGO709322,Community NGO 9323,Not Provided,Hyderabad - West,4615,Mixed,17.385,78.4867
NGO709325,USER_NGO709325,Community NGO 9326,Not Provided,Chennai - East,1595,Mixed,13.0827,80.2707
NGO709326,USER_NGO709326,Community NGO 9327,Not Provided,Pune - Central,13620,Mixed,18.5204,73.8567
NGO709327,USER_NGO709327,Community NGO 9328,Not Provided,Chennai - East,14400,Mixed,13.0827,80.2707
NGO709328,USER_NGO709328,Community NGO 9329,Not Provided,Delhi NCR - Central,7490,Mixed,28.6139,77.209
NGO709331,USER_NGO709331,Community NGO 9332,Not Provided,Delhi NCR - Citywide,1835,Mixed,28.6139,77.209
NGO709333,USER_NGO709333,Community NGO 9334,Not Provided,Kolkata - Central,3345,Mixed,22.5726,88.3639
NGO709334,USER_NGO709334,Community NGO 9335,Not Provided,Remote - South,3125,Mixed,20.5937,78.9629
NGO709337,USER_NGO709337,Community NGO 9338,Not Provided,Remote - North,2350,Mixed,20.5937,78.9629
NGO700933,USER_NGO700933,Community NGO 934,Not Provided,Kolkata - West,13270,Mixed,22.5726,88.3639
NGO709340,USER_NGO709340,Community NGO 9341,Not Provided,Hyderabad - North,6685,Mixed,17.385,78.4867
NGO709341,USER_NGO709341,Community NGO 9342,Not Provided,Pune - Citywide,2465,Mixed,18.5204,73.8567
NGO709342,USER_NGO709342,Community NGO 9343,Not Provided,Remote - West,6250,Mixed,20.5937,78.9629
NGO709343,USER_NGO709343,Community NGO 9344,Not Provided,Remote - Citywide,13035,Mixed,20.5937,78.9629
NGO709344,USER_NGO709344,Community NGO 9345,Not Provided,Bengaluru - West,4275,Mixed,12.9716,77.5946
NGO709346,USER_NGO709346,Community NGO 9347,Not Provided,Kolkata - Citywide,9445,Mixed,22.5726,88.3639
NGO709347,USER_NGO709347,Community NGO 9348,Not Provided,Remote - East,10315,Mixed,20.5937,78.9629
NGO709348,USER_NGO709348,Community NGO 9349,Not Provided,Bengaluru - North,5105,Mixed,12.9716,77.5946
NGO700934,USER_NGO700934,Community NGO 935,Not Provided,Remote - South,3875,Mixed,20.5937,78.9629
NGO709349,USER_NGO709349,Community NGO 9350,Not Provided,Pune - East,3050,Mixed,18.5204,73.8567
NGO709350,USER_NGO709350,Community NGO 9351,Not Provided,Chennai - West,12600,Mixed,13.0827,80.2707
NGO709352,USER_NGO709352,Community NGO 9353,Not Provided,Mumbai - West,2150,Mixed,19.076,72.8777
NGO709353,USER_NGO709353,Community NGO 9354,Not Provided,Hyderabad - East,7435,Mixed,17.385,78.4867
NGO709354,USER_NGO709354,Community NGO 9355,Not Provided,Mumbai - North,5905,Mixed,19.076,72.8777
NGO709355,USER_NGO709355,Community NGO 9356,Not Provided,Chennai - South,11730,Mixed,13.0827,80.2707
NGO709356,USER_NGO709356,Community NGO 9357,Not Provided,Chennai - North,13255,Mixed,13.0827,80.2707
NGO709357,USER_NGO709357,Community NGO 9358,Not Provided,Kolkata - East,335,Mixed,22.5726,88.3639
NGO709358,USER_NGO709358,Community NGO 9359,Not Provided,Kolkata - East,9935,Mixed,22.5726,88.3639
NGO709359,USER_NGO709359,Community NGO 9360,Not Provided,Mumbai - North,8215,Mixed,19.076,72.8777
NGO709360,USER_NGO709360,Community NGO 9361,Not Provided,Mumbai - Central,3005,Mixed,19.076,72.8777
NGO709361,USER_NGO709361,Community NGO 9362,Not Provided,Delhi NCR - Citywide,11620,Mixed,28.6139,77.209
NGO709363,USER_NGO709363,Community NGO 9364,Not Provided,Mumbai - North,11655,Mixed,19.076,72.8777
NGO709365,USER_NGO709365,Community NGO 9366,Not Provided,Bengaluru - South,9380,Mixed,12.9716,77.5946
NGO709366,USER_NGO709366,Community NGO 9367,Not Provided,Ahmedabad - South,7345,Mixed,23.0225,72.5714
NGO709368,USER_NGO709368,Community NGO 9369,Not Provided,Jaipur - North,5495,Mixed,26.9124,75.7873
NGO700936,USER_NGO700936,Community NGO 937,Not Provided,Hyderabad - South,8420,Mixed,17.385,78.4867
NGO709369,USER_NGO709369,Community NGO 9370,Not Provided,Mumbai - South,10335,Mixed,19.076,72.8777
NGO709370,USER_NGO709370,Community NGO 9371,Not Provided,Hyderabad - Citywide,3955,Mixed,17.385,78.4867
NGO709372,USER_NGO709372,Community NGO 9373,Not Provided,Jaipur - Central,14235,Mixed,26.9124,75.7873
NGO709374,USER_NGO709374,Community NGO 9375,Not Provided,Remote - East,13625,Mixed,20.5937,78.9629
NGO709375,USER_NGO709375,Community NGO 9376,Not Provided,Mumbai - Citywide,12485,Mixed,19.076,72.8777
NGO709376,USER_NGO709376,Community NGO 9377,Not Provided,Ahmedabad - East,3750,Mixed,23.0225,72.5714
NGO709378,USER_NGO709378,Community NGO 9379,Not Provided,Mumbai - Central,3315,Mixed,19.076,72.8777
NGO700937,USER_NGO700937,Community NGO 938,Not Provided,Bengaluru - West,11420,Mixed,12.9716,77.5946
NGO709379,USER_NGO709379,Community NGO 9380,Not Provided,Hyderabad - Citywide,13045,Mixed,17.385,78.4867
NGO709381,USER_NGO709381,Community NGO 9382,Not Provided,Ahmedabad - West,14435,Mixed,23.0225,72.5714
NGO709382,USER_NGO709382,Community NGO 9383,Not Provided,Chennai - East,6660,Mixed,13.0827,80.2707
NGO709384,USER_NGO709384,Community NGO 9385,Not Provided,Delhi NCR - Central,10720,Mixed,28.6139,77.209
NGO709386,USER_NGO709386,Community NGO 9387,Not Provided,Delhi NCR - East,1770,Mixed,28.6139,77.209
NGO709388,USER_NGO709388,Community NGO 9389,Not Provided,Pune - West,7250,Mixed,18.5204,73.8567
NGO700938,USER_NGO700938,Community NGO 939,Not Provided,Mumbai - Central,11235,Mixed,19.076,72.8777
NGO709389,USER_NGO709389,Community NGO 9390,Not Provided,Pune - Central,13455,Mixed,18.5204,73.8567
NGO709390,USER_NGO709390,Community NGO 9391,Not Provided,Remote - West,10025,Mixed,20.5937,78.9629
NGO709391,USER_NGO709391,Community NGO 9392,Not Provided,Hyderabad - North,7160,Mixed,17.385,78.4867
NGO709392,USER_NGO709392,Community NGO 9393,Not Provided,Delhi NCR - West,11515,Mixed,28.6139,77.209
NGO709393,USER_NGO709393,Community NGO 9394,Not Provided,Kolkata - East,9435,Mixed,22.5726,88.3639
NGO709394,USER_NGO709394,Community NGO 9395,Not Provided,Remote - Citywide,10635,Mixed,20.5937,78.9629
NGO709395,USER_NGO709395,Community NGO 9396,Not Provided,Jaipur - North,2235,Mixed,26.9124,75.7873
NGO709396,USER_NGO709396,Community NGO 9397,Not Provided,Kolkata - East,5425,Mixed,22.5726,88.3639
NGO709397,USER_NGO709397,Community NGO 9398,Not Provided,Mumbai - South,10400,Mixed,19.076,72.8777
NGO709398,USER_NGO709398,Community NGO 9399,Not Provided,Bengaluru - West,3975,Mixed,12.9716,77.5946
NGO700093,USER_NGO700093,Community NGO 94,Not Provided,Chennai - Central,8640,Mixed,13.0827,80.2707
NGO700939,USER_NGO700939,Community NGO 940,Not Provided,Hyderabad - South,3470,Mixed,17.385,78.4867
NGO709399,USER_NGO709399,Community NGO 9400,Not Provided,Bengaluru - East,8430,Mixed,12.9716,77.5946
NGO709400,USER_NGO709400,Community NGO 9401,Not Provided,Jaipur - West,3765,Mixed,26.9124,75.7873
NGO709401,USER_NGO709401,Community NGO 9402,Not Provided,Kolkata - West,14655,Mixed,22.5726,88.3639
NGO709403,USER_NGO709403,Community NGO 9404,Not Provided,Delhi NCR - North,390,Mixed,28.6139,77.209
NGO709404,USER_NGO709404,Community NGO 9405,Not Provided,Ahmedabad - Central,14460,Mixed,23.0225,72.5714
NGO709405,USER_NGO709405,Community NGO 9406,Not Provided,Ahmedabad - North,1585,Mixed,23.0225,72.5714
NGO709406,USER_NGO709406,Community NGO 9407,Not Provided,Bengaluru - West,6460,Mixed,12.9716,77.5946
NGO709407,USER_NGO709407,Community NGO 9408,Not Provided,Chennai - South,3475,Mixed,13.0827,80.2707
NGO709408,USER_NGO709408,Community NGO 9409,Not Provided,Bengaluru - Central,11740,Mixed,12.9716,77.5946
NGO709409,USER_NGO709409,Community NGO 9410,Not Provided,Delhi NCR - North,330,Mixed,28.6139,77.209
NGO709411,USER_NGO709411,Community NGO 9412,Not Provided,Kolkata - Citywide,6580,Mixed,22.5726,88.3639
NGO709412,USER_NGO709412,Community NGO 9413,Not Provided,Kolkata - Central,1955,Mixed,22.5726,88.3639
NGO709415,USER_NGO709415,Community NGO 9416,Not Provided,Remote - Citywide,12580,Mixed,20.5937,78.9629
NGO709416,USER_NGO709416,Community NGO 9417,Not Provided,Chennai - North,3660,Mixed,13.0827,80.2707
NGO709417,USER_NGO709417,Community NGO 9418,Not Provided,Mumbai - Central,1025,Mixed,19.076,72.8777
NGO709418,USER_NGO709418,Community NGO 9419,Not Provided,Mumbai - South,12620,Mixed,19.076,72.8777
NGO700941,USER_NGO700941,Community NGO 942,Not Provided,Pune - South,8865,Mixed,18.5204,73.8567
NGO709419,USER_NGO709419,Community NGO 9420,Not Provided,Mumbai - Central,415,Mixed,19.076,72.8777
NGO709420,USER_NGO709420,Community NGO 9421,Not Provided,Delhi NCR - West,10670,Mixed,28.6139,77.209
NGO709421,USER_NGO709421,Community NGO 9422,Not Provided,Pune - Central,8710,Mixed,18.5204,73.8567
NGO709422,USER_NGO709422,Community NGO 9423,Not Provided,Bengaluru - South,12620,Mixed,12.9716,77.5946
NGO709423,USER_NGO709423,Community NGO 9424,Not Provided,Remote - Citywide,11570,Mixed,20.5937,78.9629
NGO709424,USER_NGO709424,Community NGO 9425,Not Provided,Pune - South,405,Mixed,18.5204,73.8567
NGO709425,USER_NGO709425,Community NGO 9426,Not Provided,Hyderabad - Citywide,10585,Mixed,17.385,78.4867
NGO709426,USER_NGO709426,Community NGO 9427,Not Provided,Ahmedabad - Central,10050,Mixed,23.0225,72.5714
NGO709428,USER_NGO709428,Community NGO 9429,Not Provided,Kolkata - South,3620,Mixed,22.5726,88.3639
NGO700942,USER_NGO700942,Community NGO 943,Not Provided,Jaipur - East,4570,Mixed,26.9124,75.7873
NGO709429,USER_NGO709429,Community NGO 9430,Not Provided,Pune - Central,8265,Mixed,18.5204,73.8567
NGO709430,USER_NGO709430,Community NGO 9431,Not Provided,Chennai - East,13740,Mixed,13.0827,80.2707
NGO709431,USER_NGO709431,Community NGO 9432,Not Provided,Remote - West,1945,Mixed,20.5937,78.9629
NGO709432,USER_NGO709432,Community NGO 9433,Not Provided,Ahmedabad - East,7435,Mixed,23.0225,72.5714
NGO709433,USER_NGO709433,Community NGO 9434,Not Provided,Delhi NCR - South,1370,Mixed,28.6139,77.209
NGO709434,USER_NGO709434,Community NGO 9435,Not Provided,Bengaluru - North,13700,Mixed,12.9716,77.5946
NGO709435,USER_NGO709435,Community NGO 9436,Not Provided,Jaipur - West,11950,Mixed,26.9124,75.7873
NGO709438,USER_NGO709438,Community NGO 9439,Not Provided,Pune - North,11365,Mixed,18.5204,73.8567
NGO709439,USER_NGO709439,Community NGO 9440,Not Provided,Hyderabad - West,12005,Mixed,17.385,78.4867
NGO709440,USER_NGO709440,Community NGO 9441,Not Provided,Bengaluru - East,1455,Mixed,12.9716,77.5946
NGO709441,USER_NGO709441,Community NGO 9442,Not Provided,Kolkata - Citywide,8245,Mixed,22.5726,88.3639
NGO709442,USER_NGO709442,Community NGO 9443,Not Provided,Bengaluru - Central,5180,Mixed,12.9716,77.5946
NGO709444,USER_NGO709444,Community NGO 9445,Not Provided,Pune - West,3385,Mixed,18.5204,73.8567
NGO709445,USER_NGO709445,Community NGO 9446,Not Provided,Remote - Central,14855,Mixed,20.5937,78.9629
NGO709446,USER_NGO709446,Community NGO 9447,Not Provided,Chennai - North,1085,Mixed,13.0827,80.2707
NGO709447,USER_NGO709447,Community NGO 9448,Not Provided,Remote - East,12170,Mixed,20.5937,78.9629
NGO709448,USER_NGO709448,Community NGO 9449,Not Provided,Ahmedabad - Central,6555,Mixed,23.0225,72.5714
NGO700944,USER_NGO700944,Community NGO 945,Not Provided,Mumbai - North,2110,Mixed,19.076,72.8777
NGO709449,USER_NGO709449,Community NGO 9450,Not Provided,Kolkata - Central,1415,Mixed,22.5726,88.3639
NGO709450,USER_NGO709450,Community NGO 9451,Not Provided,Chennai - Central,7310,Mixed,13.0827,80.2707
NGO709452,USER_NGO709452,Community NGO 9453,Not Provided,Mumbai - East,10560,Mixed,19.076,72.8777
NGO709453,USER_NGO709453,Community NGO 9454,Not Provided,Bengaluru - East,9450,Mixed,12.9716,77.5946
NGO709454,USER_NGO709454,Community NGO 9455,Not Provided,Chennai - Central,8985,Mixed,13.0827,80.2707
NGO709455,USER_NGO709455,Community NGO 9456,Not Provided,Jaipur - West,1990,Mixed,26.9124,75.7873
NGO709456,USER_NGO709456,Community NGO 9457,Not Provided,Hyderabad - Citywide,6805,Mixed,17.385,78.4867
NGO709458,USER_NGO709458,Community NGO 9459,Not Provided,Delhi NCR - Central,6285,Mixed,28.6139,77.209
NGO700945,USER_NGO700945,Community NGO 946,Not Provided,Delhi NCR - Citywide,11480,Mixed,28.6139,77.209
NGO709459,USER_NGO709459,Community NGO 9460,Not Provided,Hyderabad - Citywide,2340,Mixed,17.385,78.4867
NGO709461,USER_NGO709461,Community NGO 9462,Not Provided,Chennai - Central,7870,Mixed,13.0827,80.2707
NGO709462,USER_NGO709462,Community NGO 9463,Not Provided,Bengaluru - Central,8275,Mixed,12.9716,77.5946
NGO709464,USER_NGO709464,Community NGO 9465,Not Provided,Pune - Citywide,10845,Mixed,18.5204,73.8567
NGO709465,USER_NGO709465,Community NGO 9466,Not Provided,Chennai - South,6030,Mixed,13.0827,80.2707
NGO700946,USER_NGO700946,Community NGO 947,Not Provided,Kolkata - West,7570,Mixed,22.5726,88.3639
NGO709469,USER_NGO709469,Community NGO 9470,Not Provided,Jaipur - West,3780,Mixed,26.9124,75.7873
NGO709470,USER_NGO709470,Community NGO 9471,Not Provided,Mumbai - West,11170,Mixed,19.076,72.8777
NGO709471,USER_NGO709471,Community NGO 9472,Not Provided,Bengaluru - South,8190,Mixed,12.9716,77.5946
NGO709472,USER_NGO709472,Community NGO 9473,Not Provided,Ahmedabad - Citywide,1190,Mixed,23.0225,72.5714
NGO709473,USER_NGO709473,Community NGO 9474,Not Provided,Bengaluru - South,4495,Mixed,12.9716,77.5946
NGO709474,USER_NGO709474,Community NGO 9475,Not Provided,Kolkata - West,8620,Mixed,22.5726,88.3639
NGO709475,USER_NGO709475,Community NGO 9476,Not Provided,Bengaluru - South,5010,Mixed,12.9716,77.5946
NGO709476,USER_NGO709476,Community NGO 9477,Not Provided,Bengaluru - South,3575,Mixed,12.9716,77.5946
NGO709477,USER_NGO709477,Community NGO 9478,Not Provided,Remote - East,7640,Mixed,20.5937,78.9629
NGO700947,USER_NGO700947,Community NGO 948,Not Provided,Jaipur - East,13805,Mixed,26.9124,75.7873
NGO709480,USER_NGO709480,Community NGO 9481,Not Provided,Pune - Citywide,580,Mixed,18.5204,73.8567
NGO709481,USER_NGO709481,Community NGO 9482,Not Provided,Pune - West,8175,Mixed,18.5204,73.8567
NGO709482,USER_NGO709482,Community NGO 9483,Not Provided,Kolkata - West,9695,Mixed,22.5726,88.3639
NGO709483,USER_NGO709483,Community NGO 9484,Not Provided,Remote - East,1175,Mixed,20.5937,78.9629
NGO709484,USER_NGO709484,Community NGO 9485,Not Provided,Remote - Citywide,3050,Mixed,20.5937,78.9629
NGO709485,USER_NGO709485,Community NGO 9486,Not Provided,Delhi NCR - South,4500,Mixed,28.6139,77.209
NGO709486,USER_NGO709486,Community NGO 9487,Not Provided,Pune - Central,2285,Mixed,18.5204,73.8567
NGO709488,USER_NGO709488,Community NGO 9489,Not Provided,Bengaluru - Central,815,Mixed,12.9716,77.5946
NGO700948,USER_NGO700948,Community NGO 949,Not Provided,Kolkata - West,2035,Mixed,22.5726,88.3639
NGO709489,USER_NGO709489,Community NGO 9490,Not Provided,Jaipur - East,14130,Mixed,26.9124,75.7873
NGO709490,USER_NGO709490,Community NGO 9491,Not Provided,Ahmedabad - West,13715,Mixed,23.0225,72.5714
NGO709491,USER_NGO709491,Community NGO 9492,Not Provided,Kolkata - North,4325,Mixed,22.5726,88.3639
NGO709492,USER_NGO709492,Community NGO 9493,Not Provided,Jaipur - East,5250,Mixed,26.9124,75.7873
NGO709493,USER_NGO709493,Community NGO 9494,Not Provided,Hyderabad - Citywide,7545,Mixed,17.385,78.4867
NGO709494,USER_NGO709494,Community NGO 9495,Not Provided,Bengaluru - West,6560,Mixed,12.9716,77.5946
NGO709495,USER_NGO709495,Community NGO 9496,Not Provided,Pune - Citywide,13445,Mixed,18.5204,73.8567
NGO709496,USER_NGO709496,Community NGO 9497,Not Provided,Pune - North,13675,Mixed,18.5204,73.8567
NGO709497,USER_NGO709497,Community NGO 9498,Not Provided,Chennai - West,14710,Mixed,13.0827,80.2707
NGO700094,USER_NGO700094,Community NGO 95,Not Provided,Bengaluru - East,13040,Mixed,12.9716,77.5946
NGO700949,USER_NGO700949,Community NGO 950,Not Provided,Jaipur - South,12040,Mixed,26.9124,75.7873
NGO709499,USER_NGO709499,Community NGO 9500,Not Provided,Chennai - North,6970,Mixed,13.0827,80.2707
NGO709501,USER_NGO709501,Community NGO 9502,Not Provided,Jaipur - East,1360,Mixed,26.9124,75.7873
NGO709503,USER_NGO709503,Community NGO 9504,Not Provided,Pune - Citywide,835,Mixed,18.5204,73.8567
NGO709504,USER_NGO709504,Community NGO 9505,Not Provided,Jaipur - North,3650,Mixed,26.9124,75.7873
NGO709505,USER_NGO709505,Community NGO 9506,Not Provided,Hyderabad - Citywide,3945,Mixed,17.385,78.4867
NGO709507,USER_NGO709507,Community NGO 9508,Not Provided,Pune - Citywide,3495,Mixed,18.5204,73.8567
NGO709510,USER_NGO709510,Community NGO 9511,Not Provided,Bengaluru - East,14965,Mixed,12.9716,77.5946
NGO709511,USER_NGO709511,Community NGO 9512,Not Provided,Bengaluru - West,4335,Mixed,12.9716,77.5946
NGO709512,USER_NGO709512,Community NGO 9513,Not Provided,Pune - East,3810,Mixed,18.5204,73.8567
NGO709513,USER_NGO709513,Community NGO 9514,Not Provided,Jaipur - South,6260,Mixed,26.9124,75.7873
NGO709514,USER_NGO709514,Community NGO 9515,Not Provided,Hyderabad - North,1260,Mixed,17.385,78.4867
NGO709515,USER_NGO709515,Community NGO 9516,Not Provided,Bengaluru - West,9685,Mixed,12.9716,77.5946
NGO709516,USER_NGO709516,Community NGO 9517,Not Provided,Jaipur - West,2205,Mixed,26.9124,75.7873
NGO709517,USER_NGO709517,Community NGO 9518,Not Provided,Hyderabad - South,12700,Mixed,17.385,78.4867
NGO709518,USER_NGO709518,Community NGO 9519,Not Provided,Jaipur - Central,12305,Mixed,26.9124,75.7873
NGO709519,USER_NGO709519,Community NGO 9520,Not Provided,Mumbai - Citywide,5660,Mixed,19.076,72.8777
NGO709520,USER_NGO709520,Community NGO 9521,Not Provided,Pune - East,6360,Mixed,18.5204,73.8567
NGO709521,USER_NGO709521,Community NGO 9522,Not Provided,Ahmedabad - North,9865,Mixed,23.0225,72.5714
NGO709522,USER_NGO709522,Community NGO 9523,Not Provided,Jaipur - South,11640,Mixed,26.9124,75.7873
NGO709523,USER_NGO709523,Community NGO 9524,Not Provided,Chennai - North,5630,Mixed,13.0827,80.2707
NGO709524,USER_NGO709524,Community NGO 9525,Not Provided,Kolkata - East,11125,Mixed,22.5726,88.3639
NGO709525,USER_NGO709525,Community NGO 9526,Not Provided,Jaipur - Central,6200,Mixed,26.9124,75.7873
NGO709526,USER_NGO709526,Community NGO 9527,Not Provided,Remote - North,11645,Mixed,20.5937,78.9629
NGO709527,USER_NGO709527,Community NGO 9528,Not Provided,Delhi NCR - West,4940,Mixed,28.6139,77.209
NGO700952,USER_NGO700952,Community NGO 953,Not Provided,Pune - West,14025,Mixed,18.5204,73.8567
NGO709529,USER_NGO709529,Community NGO 9530,Not Provided,Ahmedabad - Citywide,12345,Mixed,23.0225,72.5714
NGO709530,USER_NGO709530,Community NGO 9531,Not Provided,Mumbai - North,11580,Mixed,19.076,72.8777
NGO709531,USER_NGO709531,Community NGO 9532,Not Provided,Kolkata - Central,9900,Mixed,22.5726,88.3639
NGO709532,USER_NGO709532,Community NGO 9533,Not Provided,Delhi NCR - South,615,Mixed,28.6139,77.209
NGO709533,USER_NGO709533,Community NGO 9534,Not Provided,Delhi NCR - South,6390,Mixed,28.6139,77.209
NGO709534,USER_NGO709534,Community NGO 9535,Not Provided,Chennai - Citywide,11455,Mixed,13.0827,80.2707
NGO709537,USER_NGO709537,Community NGO 9538,Not Provided,Chennai - South,9080,Mixed,13.0827,80.2707
NGO709538,USER_NGO709538,Community NGO 9539,Not Provided,Ahmedabad - Citywide,8135,Mixed,23.0225,72.5714
NGO709539,USER_NGO709539,Community NGO 9540,Not Provided,Chennai - West,12575,Mixed,13.0827,80.2707
NGO709541,USER_NGO709541,Community NGO 9542,Not Provided,Remote - North,10885,Mixed,20.5937,78.9629
NGO709542,USER_NGO709542,Community NGO 9543,Not Provided,Bengaluru - East,12720,Mixed,12.9716,77.5946
NGO709544,USER_NGO709544,Community NGO 9545,Not Provided,Jaipur - Central,14280,Mixed,26.9124,75.7873
NGO709545,USER_NGO709545,Community NGO 9546,Not Provided,Bengaluru - East,3765,Mixed,12.9716,77.5946
NGO709546,USER_NGO709546,Community NGO 9547,Not Provided,Delhi NCR - Citywide,14635,Mixed,28.6139,77.209
NGO709547,USER_NGO709547,Community NGO 9548,Not Provided,Remote - West,13590,Mixed,20.5937,78.9629
NGO700954,USER_NGO700954,Community NGO 955,Not Provided,Kolkata - West,7430,Mixed,22.5726,88.3639
NGO709549,USER_NGO709549,Community NGO 9550,Not Provided,Hyderabad - South,11185,Mixed,17.385,78.4867
NGO709551,USER_NGO709551,Community NGO 9552,Not Provided,Ahmedabad - East,605,Mixed,23.0225,72.5714
NGO709552,USER_NGO709552,Community NGO 9553,Not Provided,Mumbai - West,3685,Mixed,19.076,72.8777
NGO709553,USER_NGO709553,Community NGO 9554,Not Provided,Jaipur - Central,8680,Mixed,26.9124,75.7873
NGO709554,USER_NGO709554,Community NGO 9555,Not Provided,Pune - Citywide,320,Mixed,18.5204,73.8567
NGO709555,USER_NGO709555,Community NGO 9556,Not Provided,Hyderabad - West,9360,Mixed,17.385,78.4867
NGO709556,USER_NGO709556,Community NGO 9557,Not Provided,Chennai - South,1520,Mixed,13.0827,80.2707
NGO709557,USER_NGO709557,Community NGO 9558,Not Provided,Bengaluru - Central,5340,Mixed,12.9716,77.5946
NGO709558,USER_NGO709558,Community NGO 9559,Not Provided,Kolkata - West,5700,Mixed,22.5726,88.3639
NGO700955,USER_NGO700955,Community NGO 956,Not Provided,Pune - Citywide,13260,Mixed,18.5204,73.8567
NGO709559,USER_NGO709559,Community NGO 9560,Not Provided,Kolkata - Citywide,9550,Mixed,22.5726,88.3639
NGO709560,USER_NGO709560,Community NGO 9561,Not Provided,Pune - East,125,Mixed,18.5204,73.8567
NGO709561,USER_NGO709561,Community NGO 9562,Not Provided,Delhi NCR - South,3030,Mixed,28.6139,77.209
NGO709562,USER_NGO709562,Community NGO 9563,Not Provided,Ahmedabad - Central,14715,Mixed,23.0225,72.5714
NGO709563,USER_NGO709563,Community NGO 9564,Not Provided,Ahmedabad - Central,6665,Mixed,23.0225,72.5714
NGO709564,USER_NGO709564,Community NGO 9565,Not Provided,Kolkata - Citywide,10750,Mixed,22.5726,88.3639
NGO709565,USER_NGO709565,Community NGO 9566,Not Provided,Pune - South,5120,Mixed,18.5204,73.8567
NGO709567,USER_NGO709567,Community NGO 9568,Not Provided,Delhi NCR - Citywide,285,Mixed,28.6139,77.209
NGO709568,USER_NGO709568,Community NGO 9569,Not Provided,Ahmedabad - North,4920,Mixed,23.0225,72.5714
NGO709569,USER_NGO709569,Community NGO 9570,Not Provided,Ahmedabad - North,410,Mixed,23.0225,72.5714
NGO709570,USER_NGO709570,Community NGO 9571,Not Provided,Chennai - North,4100,Mixed,13.0827,80.2707
NGO709573,USER_NGO709573,Community NGO 9574,Not Provided,Remote - West,14220,Mixed,20.5937,78.9629
NGO709574,USER_NGO709574,Community NGO 9575,Not Provided,Jaipur - North,8990,Mixed,26.9124,75.7873
NGO709576,USER_NGO709576,Community NGO 9577,Not Provided,Chennai - South,665,Mixed,13.0827,80.2707
NGO709577,USER_NGO709577,Community NGO 9578,Not Provided,Chennai - West,10860,Mixed,13.0827,80.2707
NGO709578,USER_NGO709578,Community NGO 9579,Not Provided,Jaipur - South,4905,Mixed,26.9124,75.7873
NGO700957,USER_NGO700957,Community NGO 958,Not Provided,Delhi NCR - Central,7525,Mixed,28.6139,77.209
NGO709579,USER_NGO709579,Community NGO 9580,Not Provided,Jaipur - South,7960,Mixed,26.9124,75.7873
NGO709580,USER_NGO709580,Community NGO 9581,Not Provided,Jaipur - Central,2765,Mixed,26.9124,75.7873
NGO709581,USER_NGO709581,Community NGO 9582,Not Provided,Chennai - Central,5770,Mixed,13.0827,80.2707
NGO709582,USER_NGO709582,Community NGO 9583,Not Provided,Kolkata - North,3025,Mixed,22.5726,88.3639
NGO709583,USER_NGO709583,Community NGO 9584,Not Provided,Remote - East,8905,Mixed,20.5937,78.9629
NGO709584,USER_NGO709584,Community NGO 9585,Not Provided,Jaipur - North,7380,Mixed,26.9124,75.7873
NGO709585,USER_NGO709585,Community NGO 9586,Not Provided,Mumbai - West,8535,Mixed,19.076,72.8777
NGO709586,USER_NGO709586,Community NGO 9587,Not Provided,Mumbai - East,7460,Mixed,19.076,72.8777
NGO709587,USER_NGO709587,Community NGO 9588,Not Provided,Jaipur - East,8265,Mixed,26.9124,75.7873
NGO709588,USER_NGO709588,Community NGO 9589,Not Provided,Pune - Citywide,14285,Mixed,18.5204,73.8567
NGO709590,USER_NGO709590,Community NGO 9591,Not Provided,Hyderabad - Citywide,570,Mixed,17.385,78.4867
NGO709591,USER_NGO709591,Community NGO 9592,Not Provided,Hyderabad - North,6700,Mixed,17.385,78.4867
NGO709593,USER_NGO709593,Community NGO 9594,Not Provided,Mumbai - North,2710,Mixed,19.076,72.8777
NGO709595,USER_NGO709595,Community NGO 9596,Not Provided,Jaipur - North,12900,Mixed,26.9124,75.7873
NGO709597,USER_NGO709597,Community NGO 9598,Not Provided,Bengaluru - West,5455,Mixed,12.9716,77.5946
NGO700095,USER_NGO700095,Community NGO 96,Not Provided,Ahmedabad - East,6950,Mixed,23.0225,72.5714
NGO700959,USER_NGO700959,Community NGO 960,Not Provided,Pune - Central,13225,Mixed,18.5204,73.8567
NGO709599,USER_NGO709599,Community NGO 9600,Not Provided,Delhi NCR - Central,1850,Mixed,28.6139,77.209
NGO709600,USER_NGO709600,Community NGO 9601,Not Provided,Jaipur - Central,10060,Mixed,26.9124,75.7873
NGO709601,USER_NGO709601,Community NGO 9602,Not Provided,Chennai - West,12875,Mixed,13.0827,80.2707
NGO709602,USER_NGO709602,Community NGO 9603,Not Provided,Delhi NCR - East,14335,Mixed,28.6139,77.209
NGO709603,USER_NGO709603,Community NGO 9604,Not Provided,Jaipur - Central,10815,Mixed,26.9124,75.7873
NGO709604,USER_NGO709604,Community NGO 9605,Not Provided,Kolkata - East,2695,Mixed,22.5726,88.3639
NGO709605,USER_NGO709605,Community NGO 9606,Not Provided,Mumbai - South,7670,Mixed,19.076,72.8777
NGO709607,USER_NGO709607,Community NGO 9608,Not Provided,Chennai - West,5625,Mixed,13.0827,80.2707
NGO709608,USER_NGO709608,Community NGO 9609,Not Provided,Chennai - Citywide,14920,Mixed,13.0827,80.2707
NGO709609,USER_NGO709609,Community NGO 9610,Not Provided,Ahmedabad - East,5545,Mixed,23.0225,72.5714
NGO709610,USER_NGO709610,Community NGO 9611,Not Provided,Pune - Citywide,3220,Mixed,18.5204,73.8567
NGO709611,USER_NGO709611,Community NGO 9612,Not Provided,Jaipur - North,6785,Mixed,26.9124,75.7873
NGO709612,USER_NGO709612,Community NGO 9613,Not Provided,Mumbai - Citywide,4060,Mixed,19.076,72.8777
NGO709613,USER_NGO709613,Community NGO 9614,Not Provided,Chennai - Citywide,160,Mixed,13.0827,80.2707
NGO709614,USER_NGO709614,Community NGO 9615,Not Provided,Ahmedabad - South,11850,Mixed,23.0225,72.5714
NGO709615,USER_NGO709615,Community NGO 9616,Not Provided,Delhi NCR - West,6375,Mixed,28.6139,77.209
NGO709618,USER_NGO709618,Community NGO 9619,Not Provided,Pune - Citywide,4525,Mixed,18.5204,73.8567
NGO709619,USER_NGO709619,Community NGO 9620,Not Provided,Mumbai - North,13355,Mixed,19.076,72.8777
NGO709621,USER_NGO709621,Community NGO 9622,Not Provided,Remote - East,12010,Mixed,20.5937,78.9629
NGO709622,USER_NGO709622,Community NGO 9623,Not Provided,Hyderabad - Citywide,10615,Mixed,17.385,78.4867
NGO709623,USER_NGO709623,Community NGO 9624,Not Provided,Jaipur - South,14470,Mixed,26.9124,75.7873
NGO709624,USER_NGO709624,Community NGO 9625,Not Provided,Hyderabad - Central,10835,Mixed,17.385,78.4867
NGO709625,USER_NGO709625,Community NGO 9626,Not Provided,Bengaluru - Central,12550,Mixed,12.9716,77.5946
NGO709626,USER_NGO709626,Community NGO 9627,Not Provided,Mumbai - Citywide,9745,Mixed,19.076,72.8777
NGO709627,USER_NGO709627,Community NGO 9628,Not Provided,Ahmedabad - Central,3870,Mixed,23.0225,72.5714
NGO709628,USER_NGO709628,Community NGO 9629,Not Provided,Mumbai - East,3555,Mixed,19.076,72.8777
NGO700962,USER_NGO700962,Community NGO 963,Not Provided,Jaipur - East,14540,Mixed,26.9124,75.7873
NGO709629,USER_NGO709629,Community NGO 9630,Not Provided,Remote - East,14170,Mixed,20.5937,78.9629
NGO709630,USER_NGO709630,Community NGO 9631,Not Provided,Pune - South,7505,Mixed,18.5204,73.8567
NGO709631,USER_NGO709631,Community NGO 9632,Not Provided,Delhi NCR - North,14535,Mixed,28.6139,77.209
NGO709633,USER_NGO709633,Community NGO 9634,Not Provided,Bengaluru - Citywide,1885,Mixed,12.9716,77.5946
NGO709635,USER_NGO709635,Community NGO 9636,Not Provided,Remote - North,5185,Mixed,20.5937,78.9629
NGO709637,USER_NGO709637,Community NGO 9638,Not Provided,Remote - West,3335,Mixed,20.5937,78.9629
NGO709638,USER_NGO709638,Community NGO 9639,Not Provided,Pune - West,6025,Mixed,18.5204,73.8567
NGO700963,USER_NGO700963,Community NGO 964,Not Provided,Chennai - North,3705,Mixed,13.0827,80.2707
NGO709639,USER_NGO709639,Community NGO 9640,Not Provided,Ahmedabad - Citywide,13205,Mixed,23.0225,72.5714
NGO709640,USER_NGO709640,Community NGO 9641,Not Provided,Chennai - South,12345,Mixed,13.0827,80.2707
NGO709642,USER_NGO709642,Community NGO 9643,Not Provided,Mumbai - North,1955,Mixed,19.076,72.8777
NGO709644,USER_NGO709644,Community NGO 9645,Not Provided,Ahmedabad - South,3520,Mixed,23.0225,72.5714
NGO709645,USER_NGO709645,Community NGO 9646,Not Provided,Ahmedabad - North,12440,Mixed,23.0225,72.5714
NGO709647,USER_NGO709647,Community NGO 9648,Not Provided,Jaipur - Central,7370,Mixed,26.9124,75.7873
NGO709648,USER_NGO709648,Community NGO 9649,Not Provided,Hyderabad - Citywide,8265,Mixed,17.385,78.4867
NGO700964,USER_NGO700964,Community NGO 965,Not Provided,Remote - North,805,Mixed,20.5937,78.9629
NGO709649,USER_NGO709649,Community NGO 9650,Not Provided,Jaipur - North,110,Mixed,26.9124,75.7873
NGO709650,USER_NGO709650,Community NGO 9651,Not Provided,Pune - East,5310,Mixed,18.5204,73.8567
NGO709651,USER_NGO709651,Community NGO 9652,Not Provided,Jaipur - Central,14810,Mixed,26.9124,75.7873
NGO709652,USER_NGO709652,Community NGO 9653,Not Provided,Remote - South,10650,Mixed,20.5937,78.9629
NGO709653,USER_NGO709653,Community NGO 9654,Not Provided,Kolkata - Citywide,12825,Mixed,22.5726,88.3639
NGO709655,USER_NGO709655,Community NGO 9656,Not Provided,Ahmedabad - Citywide,10650,Mixed,23.0225,72.5714
NGO709656,USER_NGO709656,Community NGO 9657,Not Provided,Bengaluru - Citywide,580,Mixed,12.9716,77.5946
NGO709657,USER_NGO709657,Community NGO 9658,Not Provided,Delhi NCR - Central,14280,Mixed,28.6139,77.209
NGO709658,USER_NGO709658,Community NGO 9659,Not Provided,Remote - Central,12815,Mixed,20.5937,78.9629
NGO709659,USER_NGO709659,Community NGO 9660,Not Provided,Delhi NCR - Central,6835,Mixed,28.6139,77.209
NGO709662,USER_NGO709662,Community NGO 9663,Not Provided,Hyderabad - Central,10735,Mixed,17.385,78.4867
NGO709663,USER_NGO709663,Community NGO 9664,Not Provided,Ahmedabad - Citywide,14445,Mixed,23.0225,72.5714
NGO709664,USER_NGO709664,Community NGO 9665,Not Provided,Delhi NCR - South,12610,Mixed,28.6139,77.209
NGO709666,USER_NGO709666,Community NGO 9667,Not Provided,Hyderabad - North,7070,Mixed,17.385,78.4867
NGO709667,USER_NGO709667,Community NGO 9668,Not Provided,Ahmedabad - Citywide,1460,Mixed,23.0225,72.5714
NGO709668,USER_NGO709668,Community NGO 9669,Not Provided,Remote - South,2560,Mixed,20.5937,78.9629
NGO700966,USER_NGO700966,Community NGO 967,Not Provided,Remote - North,5130,Mixed,20.5937,78.9629
NGO709669,USER_NGO709669,Community NGO 9670,Not Provided,Ahmedabad - West,5870,Mixed,23.0225,72.5714
NGO709670,USER_NGO709670,Community NGO 9671,Not Provided,Bengaluru - West,6995,Mixed,12.9716,77.5946
NGO709671,USER_NGO709671,Community NGO 9672,Not Provided,Pune - Citywide,3715,Mixed,18.5204,73.8567
NGO709672,USER_NGO709672,Community NGO 9673,Not Provided,Hyderabad - Citywide,12525,Mixed,17.385,78.4867
NGO709674,USER_NGO709674,Community NGO 9675,Not Provided,Jaipur - East,13100,Mixed,26.9124,75.7873
NGO709675,USER_NGO709675,Community NGO 9676,Not Provided,Mumbai - North,11830,Mixed,19.076,72.8777
NGO709677,USER_NGO709677,Community NGO 9678,Not Provided,Remote - West,1270,Mixed,20.5937,78.9629
NGO709678,USER_NGO709678,Community NGO 9679,Not Provided,Kolkata - Citywide,5035,Mixed,22.5726,88.3639
NGO700967,USER_NGO700967,Community NGO 968,Not Provided,Hyderabad - Citywide,13950,Mixed,17.385,78.4867
NGO709680,USER_NGO709680,Community NGO 9681,Not Provided,Remote - East,3530,Mixed,20.5937,78.9629
NGO709681,USER_NGO709681,Community NGO 9682,Not Provided,Bengaluru - Citywide,1495,Mixed,12.9716,77.5946
NGO709682,USER_NGO709682,Community NGO 9683,Not Provided,Bengaluru - West,9180,Mixed,12.9716,77.5946
NGO709684,USER_NGO709684,Community NGO 9685,Not Provided,Kolkata - South,9695,Mixed,22.5726,88.3639
NGO709685,USER_NGO709685,Community NGO 9686,Not Provided,Mumbai - North,3480,Mixed,19.076,72.8777
NGO709686,USER_NGO709686,Community NGO 9687,Not Provided,Remote - North,9010,Mixed,20.5937,78.9629
NGO709687,USER_NGO709687,Community NGO 9688,Not Provided,Hyderabad - Citywide,1500,Mixed,17.385,78.4867
NGO700968,USER_NGO700968,Community NGO 969,Not Provided,Hyderabad - North,10885,Mixed,17.385,78.4867
NGO709689,USER_NGO709689,Community NGO 9690,Not Provided,Chennai - East,10680,Mixed,13.0827,80.2707
NGO709690,USER_NGO709690,Community NGO 9691,Not Provided,Hyderabad - Central,14635,Mixed,17.385,78.4867
NGO709692,USER_NGO709692,Community NGO 9693,Not Provided,Pune - East,9095,Mixed,18.5204,73.8567
NGO709693,USER_NGO709693,Community NGO 9694,Not Provided,Remote - Central,13910,Mixed,20.5937,78.9629
NGO709694,USER_NGO709694,Community NGO 9695,Not Provided,Ahmedabad - South,990,Mixed,23.0225,72.5714
NGO709695,USER_NGO709695,Community NGO 9696,Not Provided,Bengaluru - Citywide,4510,Mixed,12.9716,77.5946
NGO709696,USER_NGO709696,Community NGO 9697,Not Provided,Bengaluru - South,450,Mixed,12.9716,77.5946
NGO709697,USER_NGO709697,Community NGO 9698,Not Provided,Hyderabad - Citywide,8535,Mixed,17.385,78.4867
NGO709698,USER_NGO709698,Community NGO 9699,Not Provided,Ahmedabad - West,14345,Mixed,23.0225,72.5714
NGO709700,USER_NGO709700,Community NGO 9701,Not Provided,Delhi NCR - Central,12565,Mixed,28.6139,77.209
NGO709701,USER_NGO709701,Community NGO 9702,Not Provided,Pune - West,12455,Mixed,18.5204,73.8567
NGO709702,USER_NGO709702,Community NGO 9703,Not Provided,Mumbai - Central,6640,Mixed,19.076,72.8777
NGO709703,USER_NGO709703,Community NGO 9704,Not Provided,Kolkata - Citywide,14360,Mixed,22.5726,88.3639
NGO709705,USER_NGO709705,Community NGO 9706,Not Provided,Mumbai - South,1850,Mixed,19.076,72.8777
NGO709706,USER_NGO709706,Community NGO 9707,Not Provided,Hyderabad - Central,3885,Mixed,17.385,78.4867
NGO709707,USER_NGO709707,Community NGO 9708,Not Provided,Pune - North,14065,Mixed,18.5204,73.8567
NGO709708,USER_NGO709708,Community NGO 9709,Not Provided,Remote - Citywide,8970,Mixed,20.5937,78.9629
NGO709709,USER_NGO709709,Community NGO 9710,Not Provided,Kolkata - West,5120,Mixed,22.5726,88.3639
NGO709710,USER_NGO709710,Community NGO 9711,Not Provided,Delhi NCR - West,13335,Mixed,28.6139,77.209
NGO709711,USER_NGO709711,Community NGO 9712,Not Provided,Delhi NCR - North,1665,Mixed,28.6139,77.209
NGO709712,USER_NGO709712,Community NGO 9713,Not Provided,Jaipur - East,3730,Mixed,26.9124,75.7873
NGO709713,USER_NGO709713,Community NGO 9714,Not Provided,Pune - East,14395,Mixed,18.5204,73.8567
NGO709714,USER_NGO709714,Community NGO 9715,Not Provided,Jaipur - West,13555,Mixed,26.9124,75.7873
NGO709715,USER_NGO709715,Community NGO 9716,Not Provided,Delhi NCR - Central,7555,Mixed,28.6139,77.209
NGO709716,USER_NGO709716,Community NGO 9717,Not Provided,Delhi NCR - West,13890,Mixed,28.6139,77.209
NGO709717,USER_NGO709717,Community NGO 9718,Not Provided,Kolkata - Central,9230,Mixed,22.5726,88.3639
NGO709719,USER_NGO709719,Community NGO 9720,Not Provided,Delhi NCR - Citywide,3600,Mixed,28.6139,77.209
NGO709720,USER_NGO709720,Community NGO 9721,Not Provided,Hyderabad - East,2530,Mixed,17.385,78.4867
NGO709721,USER_NGO709721,Community NGO 9722,Not Provided,Hyderabad - South,9855,Mixed,17.385,78.4867
NGO709722,USER_NGO709722,Community NGO 9723,Not Provided,Ahmedabad - Central,10215,Mixed,23.0225,72.5714
NGO709723,USER_NGO709723,Community NGO 9724,Not Provided,Pune - East,7415,Mixed,18.5204,73.8567
NGO709724,USER_NGO709724,Community NGO 9725,Not Provided,Bengaluru - Central,14360,Mixed,12.9716,77.5946
NGO709726,USER_NGO709726,Community NGO 9727,Not Provided,Hyderabad - East,9120,Mixed,17.385,78.4867
NGO709727,USER_NGO709727,Community NGO 9728,Not Provided,Chennai - East,1970,Mixed,13.0827,80.2707
NGO709728,USER_NGO709728,Community NGO 9729,Not Provided,Chennai - South,3135,Mixed,13.0827,80.2707
NGO709729,USER_NGO709729,Community NGO 9730,Not Provided,Hyderabad - Citywide,12690,Mixed,17.385,78.4867
NGO709731,USER_NGO709731,Community NGO 9732,Not Provided,Hyderabad - Central,14935,Mixed,17.385,78.4867
NGO709732,USER_NGO709732,Community NGO 9733,Not Provided,Mumbai - West,390,Mixed,19.076,72.8777
NGO709733,USER_NGO709733,Community NGO 9734,Not Provided,Pune - North,11200,Mixed,18.5204,73.8567
NGO709734,USER_NGO709734,Community NGO 9735,Not Provided,Pune - Citywide,6085,Mixed,18.5204,73.8567
NGO709736,USER_NGO709736,Community NGO 9737,Not Provided,Remote - North,14255,Mixed,20.5937,78.9629
NGO709737,USER_NGO709737,Community NGO 9738,Not Provided,Remote - Central,8350,Mixed,20.5937,78.9629
NGO709738,USER_NGO709738,Community NGO 9739,Not Provided,Delhi NCR - North,6735,Mixed,28.6139,77.209
NGO709739,USER_NGO709739,Community NGO 9740,Not Provided,Hyderabad - Citywide,5915,Mixed,17.385,78.4867
NGO709740,USER_NGO709740,Community NGO 9741,Not Provided,Kolkata - East,8745,Mixed,22.5726,88.3639
NGO709741,USER_NGO709741,Community NGO 9742,Not Provided,Delhi NCR - East,10335,Mixed,28.6139,77.209
NGO709742,USER_NGO709742,Community NGO 9743,Not Provided,Kolkata - South,4695,Mixed,22.5726,88.3639
NGO709743,USER_NGO709743,Community NGO 9744,Not Provided,Chennai - West,2470,Mixed,13.0827,80.2707
NGO709744,USER_NGO709744,Community NGO 9745,Not Provided,Ahmedabad - North,12305,Mixed,23.0225,72.5714
NGO709745,USER_NGO709745,Community NGO 9746,Not Provided,Jaipur - Citywide,10440,Mixed,26.9124,75.7873
NGO709746,USER_NGO709746,Community NGO 9747,Not Provided,Chennai - Citywide,12450,Mixed,13.0827,80.2707
NGO709748,USER_NGO709748,Community NGO 9749,Not Provided,Hyderabad - South,5830,Mixed,17.385,78.4867
NGO700974,USER_NGO700974,Community NGO 975,Not Provided,Mumbai - Central,12330,Mixed,19.076,72.8777
NGO709749,USER_NGO709749,Community NGO 9750,Not Provided,Chennai - West,4655,Mixed,13.0827,80.2707
NGO709750,USER_NGO709750,Community NGO 9751,Not Provided,Remote - North,14225,Mixed,20.5937,78.9629
NGO709751,USER_NGO709751,Community NGO 9752,Not Provided,Mumbai - South,9395,Mixed,19.076,72.8777
NGO709752,USER_NGO709752,Community NGO 9753,Not Provided,Ahmedabad - Central,1815,Mixed,23.0225,72.5714
NGO709754,USER_NGO709754,Community NGO 9755,Not Provided,Chennai - North,7660,Mixed,13.0827,80.2707
NGO709756,USER_NGO709756,Community NGO 9757,Not Provided,Pune - South,1880,Mixed,18.5204,73.8567
NGO709757,USER_NGO709757,Community NGO 9758,Not Provided,Jaipur - Citywide,3330,Mixed,26.9124,75.7873
NGO709758,USER_NGO709758,Community NGO 9759,Not Provided,Mumbai - North,8755,Mixed,19.076,72.8777
NGO700975,USER_NGO700975,Community NGO 976,Not Provided,Ahmedabad - South,10500,Mixed,23.0225,72.5714
NGO709759,USER_NGO709759,Community NGO 9760,Not Provided,Kolkata - South,790,Mixed,22.5726,88.3639
NGO709760,USER_NGO709760,Community NGO 9761,Not Provided,Chennai - Citywide,11310,Mixed,13.0827,80.2707
NGO709761,USER_NGO709761,Community NGO 9762,Not Provided,Hyderabad - North,4785,Mixed,17.385,78.4867
NGO709762,USER_NGO709762,Community NGO 9763,Not Provided,Mumbai - South,7880,Mixed,19.076,72.8777
NGO709764,USER_NGO709764,Community NGO 9765,Not Provided,Bengaluru - South,12900,Mixed,12.9716,77.5946
NGO709766,USER_NGO709766,Community NGO 9767,Not Provided,Bengaluru - East,5085,Mixed,12.9716,77.5946
NGO709767,USER_NGO709767,Community NGO 9768,Not Provided,Bengaluru - South,7540,Mixed,12.9716,77.5946
NGO709768,USER_NGO709768,Community NGO 9769,Not Provided,Chennai - North,8925,Mixed,13.0827,80.2707
NGO709769,USER_NGO709769,Community NGO 9770,Not Provided,Chennai - South,5470,Mixed,13.0827,80.2707
NGO709770,USER_NGO709770,Community NGO 9771,Not Provided,Chennai - South,6255,Mixed,13.0827,80.2707
NGO709774,USER_NGO709774,Community NGO 9775,Not Provided,Hyderabad - South,2595,Mixed,17.385,78.4867
NGO709775,USER_NGO709775,Community NGO 9776,Not Provided,Kolkata - West,3630,Mixed,22.5726,88.3639
NGO709778,USER_NGO709778,Community NGO 9779,Not Provided,Kolkata - West,4720,Mixed,22.5726,88.3639
NGO700977,USER_NGO700977,Community NGO 978,Not Provided,Chennai - East,8040,Mixed,13.0827,80.2707
NGO709779,USER_NGO709779,Community NGO 9780,Not Provided,Mumbai - West,280,Mixed,19.076,72.8777
NGO709780,USER_NGO709780,Community NGO 9781,Not Provided,Jaipur - West,8230,Mixed,26.9124,75.7873
NGO709781,USER_NGO709781,Community NGO 9782,Not Provided,Bengaluru - North,11885,Mixed,12.9716,77.5946
NGO709782,USER_NGO709782,Community NGO 9783,Not Provided,Hyderabad - West,115,Mixed,17.385,78.4867
NGO709783,USER_NGO709783,Community NGO 9784,Not Provided,Ahmedabad - South,11665,Mixed,23.0225,72.5714
NGO709784,USER_NGO709784,Community NGO 9785,Not Provided,Kolkata - West,1905,Mixed,22.5726,88.3639
NGO709785,USER_NGO709785,Community NGO 9786,Not Provided,Delhi NCR - Citywide,14150,Mixed,28.6139,77.209
NGO709786,USER_NGO709786,Community NGO 9787,Not Provided,Pune - Citywide,250,Mixed,18.5204,73.8567
NGO709788,USER_NGO709788,Community NGO 9789,Not Provided,Remote - West,14365,Mixed,20.5937,78.9629
NGO709789,USER_NGO709789,Community NGO 9790,Not Provided,Hyderabad - South,11225,Mixed,17.385,78.4867
NGO709792,USER_NGO709792,Community NGO 9793,Not Provided,Mumbai - Citywide,5720,Mixed,19.076,72.8777
NGO709793,USER_NGO709793,Community NGO 9794,Not Provided,Remote - North,14300,Mixed,20.5937,78.9629
NGO709794,USER_NGO709794,Community NGO 9795,Not Provided,Jaipur - South,3020,Mixed,26.9124,75.7873
NGO709795,USER_NGO709795,Community NGO 9796,Not Provided,Remote - West,11845,Mixed,20.5937,78.9629
NGO709796,USER_NGO709796,Community NGO 9797,Not Provided,Hyderabad - East,1760,Mixed,17.385,78.4867
NGO709797,USER_NGO709797,Community NGO 9798,Not Provided,Remote - West,1605,Mixed,20.5937,78.9629
NGO709798,USER_NGO709798,Community NGO 9799,Not Provided,Pune - East,5740,Mixed,18.5204,73.8567
NGO700097,USER_NGO700097,Community NGO 98,Not Provided,Bengaluru - Citywide,13490,Mixed,12.9716,77.5946
NGO700979,USER_NGO700979,Community NGO 980,Not Provided,Chennai - South,3860,Mixed,13.0827,80.2707
NGO709799,USER_NGO709799,Community NGO 9800,Not Provided,Pune - Central,9440,Mixed,18.5204,73.8567
NGO709800,USER_NGO709800,Community NGO 9801,Not Provided,Ahmedabad - South,14610,Mixed,23.0225,72.5714
NGO709802,USER_NGO709802,Community NGO 9803,Not Provided,Remote - Central,14835,Mixed,20.5937,78.9629
NGO709803,USER_NGO709803,Community NGO 9804,Not Provided,Kolkata - Citywide,10260,Mixed,22.5726,88.3639
NGO709806,USER_NGO709806,Community NGO 9807,Not Provided,Ahmedabad - South,9250,Mixed,23.0225,72.5714
NGO709807,USER_NGO709807,Community NGO 9808,Not Provided,Ahmedabad - South,9460,Mixed,23.0225,72.5714
NGO709808,USER_NGO709808,Community NGO 9809,Not Provided,Chennai - North,1835,Mixed,13.0827,80.2707
NGO700980,USER_NGO700980,Community NGO 981,Not Provided,Ahmedabad - South,4040,Mixed,23.0225,72.5714
NGO709809,USER_NGO709809,Community NGO 9810,Not Provided,Kolkata - East,11330,Mixed,22.5726,88.3639
NGO709811,USER_NGO709811,Community NGO 9812,Not Provided,Ahmedabad - North,6145,Mixed,23.0225,72.5714
NGO709812,USER_NGO709812,Community NGO 9813,Not Provided,Bengaluru - Citywide,3485,Mixed,12.9716,77.5946
NGO709813,USER_NGO709813,Community NGO 9814,Not Provided,Kolkata - Citywide,885,Mixed,22.5726,88.3639
NGO709814,USER_NGO709814,Community NGO 9815,Not Provided,Mumbai - Citywide,3770,Mixed,19.076,72.8777
NGO709815,USER_NGO709815,Community NGO 9816,Not Provided,Kolkata - South,14845,Mixed,22.5726,88.3639
NGO709816,USER_NGO709816,Community NGO 9817,Not Provided,Mumbai - Central,12220,Mixed,19.076,72.8777
NGO709817,USER_NGO709817,Community NGO 9818,Not Provided,Remote - Citywide,4725,Mixed,20.5937,78.9629
NGO709818,USER_NGO709818,Community NGO 9819,Not Provided,Chennai - West,9755,Mixed,13.0827,80.2707
NGO709820,USER_NGO709820,Community NGO 9821,Not Provided,Hyderabad - North,3385,Mixed,17.385,78.4867
NGO709821,USER_NGO709821,Community NGO 9822,Not Provided,Bengaluru - South,4940,Mixed,12.9716,77.5946
NGO709822,USER_NGO709822,Community NGO 9823,Not Provided,Hyderabad - South,6205,Mixed,17.385,78.4867
NGO709823,USER_NGO709823,Community NGO 9824,Not Provided,Hyderabad - South,1930,Mixed,17.385,78.4867
NGO709824,USER_NGO709824,Community NGO 9825,Not Provided,Pune - East,10335,Mixed,18.5204,73.8567
NGO709826,USER_NGO709826,Community NGO 9827,Not Provided,Kolkata - Citywide,10605,Mixed,22.5726,88.3639
NGO700982,USER_NGO700982,Community NGO 983,Not Provided,Hyderabad - South,9720,Mixed,17.385,78.4867
NGO709829,USER_NGO709829,Community NGO 9830,Not Provided,Delhi NCR - West,11585,Mixed,28.6139,77.209
NGO709830,USER_NGO709830,Community NGO 9831,Not Provided,Jaipur - East,8280,Mixed,26.9124,75.7873
NGO709831,USER_NGO709831,Community NGO 9832,Not Provided,Ahmedabad - West,11845,Mixed,23.0225,72.5714
NGO709832,USER_NGO709832,Community NGO 9833,Not Provided,Pune - Central,410,Mixed,18.5204,73.8567
NGO709833,USER_NGO709833,Community NGO 9834,Not Provided,Mumbai - Central,9270,Mixed,19.076,72.8777
NGO709834,USER_NGO709834,Community NGO 9835,Not Provided,Mumbai - East,8360,Mixed,19.076,72.8777
NGO709836,USER_NGO709836,Community NGO 9837,Not Provided,Mumbai - West,13575,Mixed,19.076,72.8777
NGO709838,USER_NGO709838,Community NGO 9839,Not Provided,Remote - Central,8310,Mixed,20.5937,78.9629
NGO700983,USER_NGO700983,Community NGO 984,Not Provided,Mumbai - South,9800,Mixed,19.076,72.8777
NGO709839,USER_NGO709839,Community NGO 9840,Not Provided,Pune - North,1625,Mixed,18.5204,73.8567
NGO709840,USER_NGO709840,Community NGO 9841,Not Provided,Hyderabad - East,230,Mixed,17.385,78.4867
NGO709841,USER_NGO709841,Community NGO 9842,Not Provided,Jaipur - West,6330,Mixed,26.9124,75.7873
NGO709844,USER_NGO709844,Community NGO 9845,Not Provided,Bengaluru - South,8685,Mixed,12.9716,77.5946
NGO709846,USER_NGO709846,Community NGO 9847,Not Provided,Hyderabad - West,13000,Mixed,17.385,78.4867
NGO709847,USER_NGO709847,Community NGO 9848,Not Provided,Delhi NCR - East,7955,Mixed,28.6139,77.209
NGO709848,USER_NGO709848,Community NGO 9849,Not Provided,Hyderabad - West,7180,Mixed,17.385,78.4867
NGO700984,USER_NGO700984,Community NGO 985,Not Provided,Kolkata - North,6925,Mixed,22.5726,88.3639
NGO709849,USER_NGO709849,Community NGO 9850,Not Provided,Remote - East,12235,Mixed,20.5937,78.9629
NGO709850,USER_NGO709850,Community NGO 9851,Not Provided,Mumbai - South,835,Mixed,19.076,72.8777
NGO709851,USER_NGO709851,Community NGO 9852,Not Provided,Ahmedabad - West,10025,Mixed,23.0225,72.5714
NGO709852,USER_NGO709852,Community NGO 9853,Not Provided,Bengaluru - Central,6360,Mixed,12.9716,77.5946
NGO709853,USER_NGO709853,Community NGO 9854,Not Provided,Hyderabad - Citywide,5625,Mixed,17.385,78.4867
NGO709854,USER_NGO709854,Community NGO 9855,Not Provided,Delhi NCR - East,11160,Mixed,28.6139,77.209
NGO709858,USER_NGO709858,Community NGO 9859,Not Provided,Pune - North,7015,Mixed,18.5204,73.8567
NGO700985,USER_NGO700985,Community NGO 986,Not Provided,Delhi NCR - West,11570,Mixed,28.6139,77.209
NGO709859,USER_NGO709859,Community NGO 9860,Not Provided,Ahmedabad - Citywide,14795,Mixed,23.0225,72.5714
NGO709860,USER_NGO709860,Community NGO 9861,Not Provided,Hyderabad - South,4865,Mixed,17.385,78.4867
NGO709861,USER_NGO709861,Community NGO 9862,Not Provided,Pune - North,13600,Mixed,18.5204,73.8567
NGO709863,USER_NGO709863,Community NGO 9864,Not Provided,Remote - East,11455,Mixed,20.5937,78.9629
NGO709865,USER_NGO709865,Community NGO 9866,Not Provided,Chennai - Citywide,1885,Mixed,13.0827,80.2707
NGO709866,USER_NGO709866,Community NGO 9867,Not Provided,Kolkata - North,2445,Mixed,22.5726,88.3639
NGO709869,USER_NGO709869,Community NGO 9870,Not Provided,Kolkata - South,9300,Mixed,22.5726,88.3639
NGO709870,USER_NGO709870,Community NGO 9871,Not Provided,Hyderabad - North,11680,Mixed,17.385,78.4867
NGO709873,USER_NGO709873,Community NGO 9874,Not Provided,Chennai - Central,120,Mixed,13.0827,80.2707
NGO709874,USER_NGO709874,Community NGO 9875,Not Provided,Bengaluru - North,4730,Mixed,12.9716,77.5946
NGO709875,USER_NGO709875,Community NGO 9876,Not Provided,Jaipur - North,6900,Mixed,26.9124,75.7873
NGO709876,USER_NGO709876,Community NGO 9877,Not Provided,Kolkata - East,10910,Mixed,22.5726,88.3639
NGO709877,USER_NGO709877,Community NGO 9878,Not Provided,Mumbai - Citywide,14855,Mixed,19.076,72.8777
NGO700987,USER_NGO700987,Community NGO 988,Not Provided,Remote - Central,10820,Mixed,20.5937,78.9629
NGO709880,USER_NGO709880,Community NGO 9881,Not Provided,Remote - South,2530,Mixed,20.5937,78.9629
NGO709883,USER_NGO709883,Community NGO 9884,Not Provided,Jaipur - Citywide,7710,Mixed,26.9124,75.7873
NGO709884,USER_NGO709884,Community NGO 9885,Not Provided,Remote - East,10510,Mixed,20.5937,78.9629
NGO709885,USER_NGO709885,Community NGO 9886,Not Provided,Bengaluru - Citywide,10505,Mixed,12.9716,77.5946
NGO709886,USER_NGO709886,Community NGO 9887,Not Provided,Pune - North,7845,Mixed,18.5204,73.8567
NGO709887,USER_NGO709887,Community NGO 9888,Not Provided,Remote - East,1065,Mixed,20.5937,78.9629
NGO709890,USER_NGO709890,Community NGO 9891,Not Provided,Remote - West,10185,Mixed,20.5937,78.9629
NGO709891,USER_NGO709891,Community NGO 9892,Not Provided,Bengaluru - East,11530,Mixed,12.9716,77.5946
NGO709892,USER_NGO709892,Community NGO 9893,Not Provided,Ahmedabad - Citywide,11265,Mixed,23.0225,72.5714
NGO709893,USER_NGO709893,Community NGO 9894,Not Provided,Bengaluru - East,665,Mixed,12.9716,77.5946
NGO709895,USER_NGO709895,Community NGO 9896,Not Provided,Pune - Citywide,6175,Mixed,18.5204,73.8567
NGO709897,USER_NGO709897,Community NGO 9898,Not Provided,Chennai - East,10935,Mixed,13.0827,80.2707
NGO700098,USER_NGO700098,Community NGO 99,Not Provided,Mumbai - West,10100,Mixed,19.076,72.8777
NGO700989,USER_NGO700989,Community NGO 990,Not Provided,Pune - Central,4620,Mixed,18.5204,73.8567
NGO709899,USER_NGO709899,Community NGO 9900,Not Provided,Chennai - Central,1520,Mixed,13.0827,80.2707
NGO709902,USER_NGO709902,Community NGO 9903,Not Provided,Mumbai - East,1895,Mixed,19.076,72.8777
NGO709903,USER_NGO709903,Community NGO 9904,Not Provided,Mumbai - South,6075,Mixed,19.076,72.8777
NGO709904,USER_NGO709904,Community NGO 9905,Not Provided,Mumbai - West,4510,Mixed,19.076,72.8777
NGO709905,USER_NGO709905,Community NGO 9906,Not Provided,Ahmedabad - West,3345,Mixed,23.0225,72.5714
NGO709906,USER_NGO709906,Community NGO 9907,Not Provided,Chennai - North,12480,Mixed,13.0827,80.2707
NGO709907,USER_NGO709907,Community NGO 9908,Not Provided,Bengaluru - West,13430,Mixed,12.9716,77.5946
NGO709908,USER_NGO709908,Community NGO 9909,Not Provided,Ahmedabad - South,13460,Mixed,23.0225,72.5714
NGO700990,USER_NGO700990,Community NGO 991,Not Provided,Delhi NCR - South,6470,Mixed,28.6139,77.209
NGO709910,USER_NGO709910,Community NGO 9911,Not Provided,Jaipur - South,8435,Mixed,26.9124,75.7873
NGO709911,USER_NGO709911,Community NGO 9912,Not Provided,Hyderabad - Citywide,3155,Mixed,17.385,78.4867
NGO709912,USER_NGO709912,Community NGO 9913,Not Provided,Mumbai - West,5555,Mixed,19.076,72.8777
NGO709915,USER_NGO709915,Community NGO 9916,Not Provided,Mumbai - Central,5100,Mixed,19.076,72.8777
NGO709917,USER_NGO709917,Community NGO 9918,Not Provided,Delhi NCR - East,10105,Mixed,28.6139,77.209
NGO709918,USER_NGO709918,Community NGO 9919,Not Provided,Bengaluru - North,5155,Mixed,12.9716,77.5946
NGO700991,USER_NGO700991,Community NGO 992,Not Provided,Kolkata - Citywide,8375,Mixed,22.5726,88.3639
NGO709919,USER_NGO709919,Community NGO 9920,Not Provided,Delhi NCR - Central,8605,Mixed,28.6139,77.209
NGO709921,USER_NGO709921,Community NGO 9922,Not Provided,Pune - West,7145,Mixed,18.5204,73.8567
NGO709922,USER_NGO709922,Community NGO 9923,Not Provided,Chennai - South,290,Mixed,13.0827,80.2707
NGO709923,USER_NGO709923,Community NGO 9924,Not Provided,Hyderabad - South,7330,Mixed,17.385,78.4867
NGO709924,USER_NGO709924,Community NGO 9925,Not Provided,Pune - East,8450,Mixed,18.5204,73.8567
NGO709925,USER_NGO709925,Community NGO 9926,Not Provided,Chennai - South,12295,Mixed,13.0827,80.2707
NGO709926,USER_NGO709926,Community NGO 9927,Not Provided,Mumbai - Central,1920,Mixed,19.076,72.8777
NGO709927,USER_NGO709927,Community NGO 9928,Not Provided,Hyderabad - North,555,Mixed,17.385,78.4867
NGO709928,USER_NGO709928,Community NGO 9929,Not Provided,Pune - East,7875,Mixed,18.5204,73.8567
NGO700992,USER_NGO700992,Community NGO 993,Not Provided,Delhi NCR - Citywide,10785,Mixed,28.6139,77.209
NGO709929,USER_NGO709929,Community NGO 9930,Not Provided,Jaipur - Citywide,8375,Mixed,26.9124,75.7873
NGO709932,USER_NGO709932,Community NGO 9933,Not Provided,Kolkata - North,440,Mixed,22.5726,88.3639
NGO709933,USER_NGO709933,Community NGO 9934,Not Provided,Delhi NCR - East,1690,Mixed,28.6139,77.209
NGO709934,USER_NGO709934,Community NGO 9935,Not Provided,Chennai - Citywide,14930,Mixed,13.0827,80.2707
NGO709935,USER_NGO709935,Community NGO 9936,Not Provided,Remote - South,7315,Mixed,20.5937,78.9629
NGO709936,USER_NGO709936,Community NGO 9937,Not Provided,Pune - South,4045,Mixed,18.5204,73.8567
NGO709938,USER_NGO709938,Community NGO 9939,Not Provided,Delhi NCR - Central,6070,Mixed,28.6139,77.209
NGO700993,USER_NGO700993,Community NGO 994,Not Provided,Kolkata - East,8025,Mixed,22.5726,88.3639
NGO709939,USER_NGO709939,Community NGO 9940,Not Provided,Hyderabad - South,3745,Mixed,17.385,78.4867
NGO709940,USER_NGO709940,Community NGO 9941,Not Provided,Remote - North,13530,Mixed,20.5937,78.9629
NGO709941,USER_NGO709941,Community NGO 9942,Not Provided,Mumbai - West,1480,Mixed,19.076,72.8777
NGO709943,USER_NGO709943,Community NGO 9944,Not Provided,Kolkata - South,2935,Mixed,22.5726,88.3639
NGO709944,USER_NGO709944,Community NGO 9945,Not Provided,Bengaluru - North,3040,Mixed,12.9716,77.5946
NGO709945,USER_NGO709945,Community NGO 9946,Not Provided,Pune - North,6885,Mixed,18.5204,73.8567
NGO709946,USER_NGO709946,Community NGO 9947,Not Provided,Chennai - Citywide,6205,Mixed,13.0827,80.2707
NGO709947,USER_NGO709947,Community NGO 9948,Not Provided,Chennai - West,5375,Mixed,13.0827,80.2707
NGO709948,USER_NGO709948,Community NGO 9949,Not Provided,Jaipur - Central,12365,Mixed,26.9124,75.7873
NGO700994,USER_NGO700994,Community NGO 995,Not Provided,Kolkata - East,495,Mixed,22.5726,88.3639
NGO709949,USER_NGO709949,Community NGO 9950,Not Provided,Bengaluru - Citywide,5390,Mixed,12.9716,77.5946
NGO709950,USER_NGO709950,Community NGO 9951,Not Provided,Remote - Central,12995,Mixed,20.5937,78.9629
NGO709951,USER_NGO709951,Community NGO 9952,Not Provided,Mumbai - East,670,Mixed,19.076,72.8777
NGO709954,USER_NGO709954,Community NGO 9955,Not Provided,Ahmedabad - East,8145,Mixed,23.0225,72.5714
NGO709955,USER_NGO709955,Community NGO 9956,Not Provided,Ahmedabad - Central,10585,Mixed,23.0225,72.5714
NGO709956,USER_NGO709956,Community NGO 9957,Not Provided,Remote - West,6030,Mixed,20.5937,78.9629
NGO709957,USER_NGO709957,Community NGO 9958,Not Provided,Kolkata - East,11565,Mixed,22.5726,88.3639
NGO709958,USER_NGO709958,Community NGO 9959,Not Provided,Kolkata - Central,7975,Mixed,22.5726,88.3639
NGO700995,USER_NGO700995,Community NGO 996,Not Provided,Jaipur - West,2955,Mixed,26.9124,75.7873
NGO709959,USER_NGO709959,Community NGO 9960,Not Provided,Hyderabad - East,10715,Mixed,17.385,78.4867
NGO709960,USER_NGO709960,Community NGO 9961,Not Provided,Chennai - South,10530,Mixed,13.0827,80.2707
NGO709961,USER_NGO709961,Community NGO 9962,Not Provided,Bengaluru - Citywide,13355,Mixed,12.9716,77.5946
NGO709962,USER_NGO709962,Community NGO 9963,Not Provided,Hyderabad - Citywide,650,Mixed,17.385,78.4867
NGO709963,USER_NGO709963,Community NGO 9964,Not Provided,Remote - Central,1695,Mixed,20.5937,78.9629
NGO709964,USER_NGO709964,Community NGO 9965,Not Provided,Ahmedabad - East,845,Mixed,23.0225,72.5714
NGO709965,USER_NGO709965,Community NGO 9966,Not Provided,Jaipur - Citywide,5235,Mixed,26.9124,75.7873
NGO709966,USER_NGO709966,Community NGO 9967,Not Provided,Chennai - North,1170,Mixed,13.0827,80.2707
NGO700996,USER_NGO700996,Community NGO 997,Not Provided,Jaipur - West,14440,Mixed,26.9124,75.7873
NGO709969,USER_NGO709969,Community NGO 9970,Not Provided,Hyderabad - Citywide,6715,Mixed,17.385,78.4867
NGO709971,USER_NGO709971,Community NGO 9972,Not Provided,Jaipur - South,8760,Mixed,26.9124,75.7873
NGO709972,USER_NGO709972,Community NGO 9973,Not Provided,Delhi NCR - Citywide,4345,Mixed,28.6139,77.209
NGO709973,USER_NGO709973,Community NGO 9974,Not Provided,Kolkata - West,12840,Mixed,22.5726,88.3639
NGO709974,USER_NGO709974,Community NGO 9975,Not Provided,Pune - Citywide,7580,Mixed,18.5204,73.8567
NGO709976,USER_NGO709976,Community NGO 9977,Not Provided,Hyderabad - South,2665,Mixed,17.385,78.4867
NGO709978,USER_NGO709978,Community NGO 9979,Not Provided,Chennai - Citywide,2940,Mixed,13.0827,80.2707
NGO700997,USER_NGO700997,Community NGO 998,Not Provided,Hyderabad - East,3860,Mixed,17.385,78.4867
NGO709982,USER_NGO709982,Community NGO 9983,Not Provided,Pune - North,9355,Mixed,18.5204,73.8567
NGO709983,USER_NGO709983,Community NGO 9984,Not Provided,Pune - Central,5320,Mixed,18.5204,73.8567
NGO709984,USER_NGO709984,Community NGO 9985,Not Provided,Jaipur - South,8300,Mixed,26.9124,75.7873
NGO709985,USER_NGO709985,Community NGO 9986,Not Provided,Pune - South,6690,Mixed,18.5204,73.8567
NGO709988,USER_NGO709988,Community NGO 9989,Not Provided,Remote - North,5045,Mixed,20.5937,78.9629
NGO700998,USER_NGO700998,Community NGO 999,Not Provided,Bengaluru - West,14735,Mixed,12.9716,77.5946
NGO709989,USER_NGO709989,Community NGO 9990,Not Provided,Delhi NCR - South,1450,Mixed,28.6139,77.209
NGO709990,USER_NGO709990,Community NGO 9991,Not Provided,Bengaluru - West,3245,Mixed,12.9716,77.5946
NGO709995,USER_NGO709995,Community NGO 9996,Not Provided,Jaipur - Citywide,6820,Mixed,26.9124,75.7873
NGO709996,USER_NGO709996,Community NGO 9997,Not Provided,Delhi NCR - South,7180,Mixed,28.6139,77.209
NGO709997,USER_NGO709997,Community NGO 9998,Not Provided,Delhi NCR - Central,3750,Mixed,28.6139,77.209
NGO709998,USER_NGO709998,Community NGO 9999,Not Provided,Hyderabad - South,11230,Mixed,17.385,78.4867
